engine_id,cylinder,label,severity,uncalibrated_model_score,suspicious_frequency_range,suspicious_columns,peak_anomaly_score,direction,template_similarity,explanation,band_scores_json
test_0000,1,ok,nie_dotyczy,0.8177535691269681,brak,,1.5052250977385975,brak istotnego odchylenia,0.0,Werdykt OK: brak pasma przekraczającego próg anomalii.,"{""mV_0"": 1.1369, ""mV_1"": 1.1877, ""mV_2"": 1.1426, ""mV_3"": 1.4303, ""mV_4"": 1.5052, ""mV_5"": 1.4138, ""mV_6"": 1.3391, ""mV_7"": 1.2729, ""mV_8"": 1.2466, ""mV_9"": 1.3154, ""mV_10"": 1.4354, ""mV_11"": 1.4787, ""mV_12"": 1.3851, ""mV_13"": 1.2444, ""mV_14"": 1.2671, ""mV_15"": 1.3322, ""mV_16"": 1.1931, ""mV_17"": 0.9318, ""mV_18"": 0.6848, ""mV_19"": 0.5577, ""mV_20"": 0.3941}"
test_0000,2,ok,nie_dotyczy,0.7859415072298458,brak,,1.6498484665634958,brak istotnego odchylenia,0.0,Werdykt OK: brak pasma przekraczającego próg anomalii.,"{""mV_0"": 0.3945, ""mV_1"": 0.6708, ""mV_2"": 1.1444, ""mV_3"": 1.6498, ""mV_4"": 1.6151, ""mV_5"": 1.1835, ""mV_6"": 0.8345, ""mV_7"": 0.6155, ""mV_8"": 0.4638, ""mV_9"": 0.3053, ""mV_10"": 0.1647, ""mV_11"": 0.2474, ""mV_12"": 0.4401, ""mV_13"": 0.4121, ""mV_14"": 0.2455, ""mV_15"": 0.4057, ""mV_16"": 0.8374, ""mV_17"": 0.8145, ""mV_18"": 0.4784, ""mV_19"": 0.5693, ""mV_20"": 0.6034}"
test_0000,3,ok,nie_dotyczy,0.8587911604951551,brak,,0.7761966064148821,brak istotnego odchylenia,0.0,Werdykt OK: brak pasma przekraczającego próg anomalii.,"{""mV_0"": 0.5983, ""mV_1"": 0.7451, ""mV_2"": 0.6531, ""mV_3"": 0.4425, ""mV_4"": 0.2102, ""mV_5"": 0.1521, ""mV_6"": 0.2235, ""mV_7"": 0.3029, ""mV_8"": 0.3257, ""mV_9"": 0.3015, ""mV_10"": 0.247, ""mV_11"": 0.1545, ""mV_12"": 0.0649, ""mV_13"": 0.0746, ""mV_14"": 0.3034, ""mV_15"": 0.605, ""mV_16"": 0.7762, ""mV_17"": 0.7203, ""mV_18"": 0.4154, ""mV_19"": 0.2468, ""mV_20"": 0.2294}"
test_0000,4,ok,nie_dotyczy,0.7806337910402461,brak,,1.0536670774376735,brak istotnego odchylenia,0.0,Werdykt OK: brak pasma przekraczającego próg anomalii.,"{""mV_0"": 0.3099, ""mV_1"": 0.8955, ""mV_2"": 1.0537, ""mV_3"": 0.7404, ""mV_4"": 0.656, ""mV_5"": 0.6561, ""mV_6"": 0.566, ""mV_7"": 0.5975, ""mV_8"": 0.6928, ""mV_9"": 0.6323, ""mV_10"": 0.3452, ""mV_11"": 0.1144, ""mV_12"": 0.0954, ""mV_13"": 0.1834, ""mV_14"": 0.2757, ""mV_15"": 0.3947, ""mV_16"": 0.5157, ""mV_17"": 0.4397, ""mV_18"": 0.283, ""mV_19"": 0.2485, ""mV_20"": 0.211}"
test_0000,5,ok,nie_dotyczy,0.8049919727468597,brak,,1.7975159453433553,brak istotnego odchylenia,0.0,Werdykt OK: brak pasma przekraczającego próg anomalii.,"{""mV_0"": 0.6323, ""mV_1"": 1.2045, ""mV_2"": 1.3123, ""mV_3"": 0.9429, ""mV_4"": 0.5883, ""mV_5"": 0.5262, ""mV_6"": 0.7482, ""mV_7"": 0.9284, ""mV_8"": 0.9538, ""mV_9"": 0.9505, ""mV_10"": 0.9044, ""mV_11"": 0.8163, ""mV_12"": 0.78, ""mV_13"": 1.0715, ""mV_14"": 1.4749, ""mV_15"": 1.6459, ""mV_16"": 1.7975, ""mV_17"": 1.7814, ""mV_18"": 1.4851, ""mV_19"": 1.2138, ""mV_20"": 0.8276}"
test_0000,6,ok,nie_dotyczy,0.8323941080650159,brak,,0.5123161564652634,brak istotnego odchylenia,0.0,Werdykt OK: brak pasma przekraczającego próg anomalii.,"{""mV_0"": 0.0172, ""mV_1"": 0.0806, ""mV_2"": 0.2496, ""mV_3"": 0.4305, ""mV_4"": 0.4731, ""mV_5"": 0.3314, ""mV_6"": 0.1534, ""mV_7"": 0.0791, ""mV_8"": 0.0367, ""mV_9"": 0.0518, ""mV_10"": 0.1342, ""mV_11"": 0.1367, ""mV_12"": 0.0934, ""mV_13"": 0.084, ""mV_14"": 0.1613, ""mV_15"": 0.3411, ""mV_16"": 0.5123, ""mV_17"": 0.5015, ""mV_18"": 0.2555, ""mV_19"": 0.0799, ""mV_20"": 0.0557}"
test_0000,7,ok,nie_dotyczy,0.8139770084219431,brak,,1.2834399162263845,brak istotnego odchylenia,0.0,Werdykt OK: brak pasma przekraczającego próg anomalii.,"{""mV_0"": 0.4769, ""mV_1"": 0.4745, ""mV_2"": 0.279, ""mV_3"": 0.1102, ""mV_4"": 0.0302, ""mV_5"": 0.0429, ""mV_6"": 0.0951, ""mV_7"": 0.1761, ""mV_8"": 0.2131, ""mV_9"": 0.2526, ""mV_10"": 0.3301, ""mV_11"": 0.3204, ""mV_12"": 0.2563, ""mV_13"": 0.2914, ""mV_14"": 0.3443, ""mV_15"": 0.3264, ""mV_16"": 0.3544, ""mV_17"": 0.5757, ""mV_18"": 1.0215, ""mV_19"": 1.2834, ""mV_20"": 0.9164}"
test_0000,8,ok,nie_dotyczy,0.754494093081672,brak,,1.649759582131015,brak istotnego odchylenia,0.0,Werdykt OK: brak pasma przekraczającego próg anomalii.,"{""mV_0"": 0.6077, ""mV_1"": 0.7817, ""mV_2"": 0.5049, ""mV_3"": 0.1892, ""mV_4"": 0.2937, ""mV_5"": 0.5882, ""mV_6"": 0.6597, ""mV_7"": 0.7318, ""mV_8"": 0.8905, ""mV_9"": 0.9838, ""mV_10"": 1.0561, ""mV_11"": 1.2554, ""mV_12"": 1.5691, ""mV_13"": 1.6498, ""mV_14"": 1.2, ""mV_15"": 0.5764, ""mV_16"": 0.3474, ""mV_17"": 0.357, ""mV_18"": 0.4, ""mV_19"": 0.4483, ""mV_20"": 0.2957}"
test_0000,9,ok,nie_dotyczy,0.784861399095109,6–9 kHz,"mV_6,mV_7,mV_8,mV_9",2.1866081563232993,obniżona,0.0,"Werdykt OK, ale najsilniejsze lokalne odstępstwo występuje w paśmie 6–9 kHz; amplituda jest obniżona.","{""mV_0"": 0.9742, ""mV_1"": 0.9285, ""mV_2"": 0.7886, ""mV_3"": 1.1093, ""mV_4"": 1.4882, ""mV_5"": 1.802, ""mV_6"": 2.0272, ""mV_7"": 2.147, ""mV_8"": 2.1866, ""mV_9"": 2.0861, ""mV_10"": 1.8353, ""mV_11"": 1.6355, ""mV_12"": 1.6694, ""mV_13"": 1.8126, ""mV_14"": 1.936, ""mV_15"": 1.9613, ""mV_16"": 1.8608, ""mV_17"": 1.7419, ""mV_18"": 1.7232, ""mV_19"": 1.8591, ""mV_20"": 1.4778}"
test_0000,10,ok,nie_dotyczy,0.739107129386878,2–7 kHz,"mV_2,mV_3,mV_4,mV_5,mV_6,mV_7",2.9810301623152986,podwyższona,0.0,"Werdykt OK, ale najsilniejsze lokalne odstępstwo występuje w paśmie 2–7 kHz; amplituda jest podwyższona.","{""mV_0"": 0.9686, ""mV_1"": 1.4043, ""mV_2"": 2.1369, ""mV_3"": 2.981, ""mV_4"": 2.9783, ""mV_5"": 2.565, ""mV_6"": 2.4118, ""mV_7"": 2.2154, ""mV_8"": 1.8351, ""mV_9"": 1.3755, ""mV_10"": 0.8968, ""mV_11"": 0.6069, ""mV_12"": 0.5204, ""mV_13"": 0.6808, ""mV_14"": 1.1944, ""mV_15"": 1.9118, ""mV_16"": 2.4424, ""mV_17"": 2.2739, ""mV_18"": 1.8538, ""mV_19"": 2.0146, ""mV_20"": 1.7504}"
test_0000,11,ok,nie_dotyczy,0.8019819207778625,brak,,1.8167667614860123,brak istotnego odchylenia,0.0,Werdykt OK: brak pasma przekraczającego próg anomalii.,"{""mV_0"": 0.596, ""mV_1"": 0.377, ""mV_2"": 0.6734, ""mV_3"": 1.5817, ""mV_4"": 1.8168, ""mV_5"": 1.5432, ""mV_6"": 1.3871, ""mV_7"": 1.3453, ""mV_8"": 1.3254, ""mV_9"": 1.2291, ""mV_10"": 0.9828, ""mV_11"": 0.748, ""mV_12"": 0.6831, ""mV_13"": 0.6983, ""mV_14"": 0.7995, ""mV_15"": 0.9657, ""mV_16"": 1.0152, ""mV_17"": 0.8683, ""mV_18"": 0.5869, ""mV_19"": 0.3541, ""mV_20"": 0.1857}"
test_0000,12,ok,nie_dotyczy,0.8368182887818986,brak,,1.030940993731587,brak istotnego odchylenia,0.0,Werdykt OK: brak pasma przekraczającego próg anomalii.,"{""mV_0"": 0.291, ""mV_1"": 0.375, ""mV_2"": 0.3877, ""mV_3"": 0.4363, ""mV_4"": 0.5825, ""mV_5"": 0.7692, ""mV_6"": 0.7365, ""mV_7"": 0.5669, ""mV_8"": 0.5063, ""mV_9"": 0.4532, ""mV_10"": 0.3023, ""mV_11"": 0.1673, ""mV_12"": 0.2072, ""mV_13"": 0.4578, ""mV_14"": 0.5542, ""mV_15"": 0.3504, ""mV_16"": 0.2554, ""mV_17"": 0.469, ""mV_18"": 0.8152, ""mV_19"": 1.0309, ""mV_20"": 0.8254}"
test_0001,1,ok,nie_dotyczy,0.7854317516062673,brak,,1.1461464961085543,brak istotnego odchylenia,0.0,Werdykt OK: brak pasma przekraczającego próg anomalii.,"{""mV_0"": 0.4628, ""mV_1"": 0.4314, ""mV_2"": 0.68, ""mV_3"": 1.1461, ""mV_4"": 1.0957, ""mV_5"": 0.6376, ""mV_6"": 0.2465, ""mV_7"": 0.1863, ""mV_8"": 0.2956, ""mV_9"": 0.3486, ""mV_10"": 0.3697, ""mV_11"": 0.3128, ""mV_12"": 0.1601, ""mV_13"": 0.1173, ""mV_14"": 0.2047, ""mV_15"": 0.4165, ""mV_16"": 0.6117, ""mV_17"": 0.4671, ""mV_18"": 0.3504, ""mV_19"": 0.5426, ""mV_20"": 0.5119}"
test_0001,2,ok,nie_dotyczy,0.7830713197380672,brak,,1.2825837015002926,brak istotnego odchylenia,0.0,Werdykt OK: brak pasma przekraczającego próg anomalii.,"{""mV_0"": 0.7939, ""mV_1"": 0.9755, ""mV_2"": 0.8444, ""mV_3"": 0.6939, ""mV_4"": 0.7519, ""mV_5"": 0.9646, ""mV_6"": 1.0939, ""mV_7"": 1.0755, ""mV_8"": 1.0119, ""mV_9"": 1.0516, ""mV_10"": 1.1641, ""mV_11"": 1.2322, ""mV_12"": 1.2826, ""mV_13"": 1.2595, ""mV_14"": 1.1086, ""mV_15"": 0.7602, ""mV_16"": 0.277, ""mV_17"": 0.4534, ""mV_18"": 0.9277, ""mV_19"": 0.7785, ""mV_20"": 0.4566}"
test_0001,3,ok,nie_dotyczy,0.8285406216563167,brak,,1.060546404464777,brak istotnego odchylenia,0.0,Werdykt OK: brak pasma przekraczającego próg anomalii.,"{""mV_0"": 0.4553, ""mV_1"": 0.5643, ""mV_2"": 0.5533, ""mV_3"": 0.5134, ""mV_4"": 0.37, ""mV_5"": 0.2659, ""mV_6"": 0.2911, ""mV_7"": 0.3654, ""mV_8"": 0.3088, ""mV_9"": 0.1407, ""mV_10"": 0.0586, ""mV_11"": 0.0804, ""mV_12"": 0.1478, ""mV_13"": 0.3177, ""mV_14"": 0.5678, ""mV_15"": 0.8409, ""mV_16"": 1.0605, ""mV_17"": 0.8837, ""mV_18"": 0.4053, ""mV_19"": 0.1178, ""mV_20"": 0.0343}"
test_0001,4,ok,nie_dotyczy,0.7687704893560086,3–4 kHz,"mV_3,mV_4",2.1337110478601096,podwyższona,0.0,"Werdykt OK, ale najsilniejsze lokalne odstępstwo występuje w paśmie 3–4 kHz; amplituda jest podwyższona.","{""mV_0"": 1.2189, ""mV_1"": 1.638, ""mV_2"": 1.8178, ""mV_3"": 2.1337, ""mV_4"": 2.1087, ""mV_5"": 1.8221, ""mV_6"": 1.5484, ""mV_7"": 1.3273, ""mV_8"": 1.2266, ""mV_9"": 1.3263, ""mV_10"": 1.5071, ""mV_11"": 1.3816, ""mV_12"": 0.9936, ""mV_13"": 0.7111, ""mV_14"": 0.5693, ""mV_15"": 0.4019, ""mV_16"": 0.4169, ""mV_17"": 0.9986, ""mV_18"": 1.5989, ""mV_19"": 1.6847, ""mV_20"": 1.2391}"
test_0001,5,ok,nie_dotyczy,0.8124461437125072,brak,,0.8791426909408089,brak istotnego odchylenia,0.0,Werdykt OK: brak pasma przekraczającego próg anomalii.,"{""mV_0"": 0.1116, ""mV_1"": 0.3039, ""mV_2"": 0.351, ""mV_3"": 0.2291, ""mV_4"": 0.2591, ""mV_5"": 0.4482, ""mV_6"": 0.634, ""mV_7"": 0.7161, ""mV_8"": 0.7115, ""mV_9"": 0.6352, ""mV_10"": 0.4485, ""mV_11"": 0.2894, ""mV_12"": 0.276, ""mV_13"": 0.3197, ""mV_14"": 0.3565, ""mV_15"": 0.4433, ""mV_16"": 0.7123, ""mV_17"": 0.8791, ""mV_18"": 0.6576, ""mV_19"": 0.3836, ""mV_20"": 0.1688}"
test_0001,6,ok,nie_dotyczy,0.7768906776466215,brak,,1.6763426687753056,brak istotnego odchylenia,0.0,Werdykt OK: brak pasma przekraczającego próg anomalii.,"{""mV_0"": 1.0483, ""mV_1"": 1.6763, ""mV_2"": 1.2804, ""mV_3"": 0.4442, ""mV_4"": 0.2223, ""mV_5"": 0.4189, ""mV_6"": 0.5874, ""mV_7"": 0.6835, ""mV_8"": 0.7431, ""mV_9"": 0.869, ""mV_10"": 1.1081, ""mV_11"": 1.4193, ""mV_12"": 1.5386, ""mV_13"": 1.4135, ""mV_14"": 1.2748, ""mV_15"": 1.2268, ""mV_16"": 1.0454, ""mV_17"": 0.9149, ""mV_18"": 1.1478, ""mV_19"": 1.3443, ""mV_20"": 1.0818}"
test_0001,7,ok,nie_dotyczy,0.7426215686214221,brak,,1.4905827195185064,brak istotnego odchylenia,0.0,Werdykt OK: brak pasma przekraczającego próg anomalii.,"{""mV_0"": 0.1576, ""mV_1"": 0.2343, ""mV_2"": 0.3976, ""mV_3"": 0.7367, ""mV_4"": 1.1805, ""mV_5"": 1.4625, ""mV_6"": 1.4578, ""mV_7"": 1.2989, ""mV_8"": 1.1885, ""mV_9"": 1.1813, ""mV_10"": 1.1983, ""mV_11"": 1.2691, ""mV_12"": 1.4052, ""mV_13"": 1.4906, ""mV_14"": 1.4117, ""mV_15"": 1.286, ""mV_16"": 1.3276, ""mV_17"": 1.1141, ""mV_18"": 0.5482, ""mV_19"": 0.3651, ""mV_20"": 0.3696}"
test_0001,8,ok,nie_dotyczy,0.7668795873969121,brak,,1.404953267738632,brak istotnego odchylenia,0.0,Werdykt OK: brak pasma przekraczającego próg anomalii.,"{""mV_0"": 0.2802, ""mV_1"": 0.56, ""mV_2"": 0.8946, ""mV_3"": 1.405, ""mV_4"": 1.3714, ""mV_5"": 0.8226, ""mV_6"": 0.3475, ""mV_7"": 0.0837, ""mV_8"": 0.0856, ""mV_9"": 0.1685, ""mV_10"": 0.2265, ""mV_11"": 0.3537, ""mV_12"": 0.392, ""mV_13"": 0.4298, ""mV_14"": 0.6396, ""mV_15"": 0.7973, ""mV_16"": 0.6979, ""mV_17"": 0.3894, ""mV_18"": 0.184, ""mV_19"": 0.1332, ""mV_20"": 0.1117}"
test_0002,1,ok,nie_dotyczy,0.809728101197579,brak,,0.8915499109216458,brak istotnego odchylenia,0.0,Werdykt OK: brak pasma przekraczającego próg anomalii.,"{""mV_0"": 0.3112, ""mV_1"": 0.7454, ""mV_2"": 0.8616, ""mV_3"": 0.8915, ""mV_4"": 0.7376, ""mV_5"": 0.4016, ""mV_6"": 0.1917, ""mV_7"": 0.1186, ""mV_8"": 0.186, ""mV_9"": 0.3345, ""mV_10"": 0.4882, ""mV_11"": 0.5821, ""mV_12"": 0.6046, ""mV_13"": 0.5994, ""mV_14"": 0.5002, ""mV_15"": 0.3039, ""mV_16"": 0.2385, ""mV_17"": 0.2447, ""mV_18"": 0.1343, ""mV_19"": 0.0756, ""mV_20"": 0.0823}"
test_0002,2,ok,nie_dotyczy,0.7790065261407982,3–5 kHz,"mV_3,mV_4,mV_5",2.3548375672306787,obniżona,0.0,"Werdykt OK, ale najsilniejsze lokalne odstępstwo występuje w paśmie 3–5 kHz; amplituda jest obniżona.","{""mV_0"": 1.6279, ""mV_1"": 1.7319, ""mV_2"": 1.6021, ""mV_3"": 2.0043, ""mV_4"": 2.3548, ""mV_5"": 2.3373, ""mV_6"": 1.9952, ""mV_7"": 1.7344, ""mV_8"": 1.7092, ""mV_9"": 1.6076, ""mV_10"": 1.3716, ""mV_11"": 1.2022, ""mV_12"": 1.168, ""mV_13"": 1.308, ""mV_14"": 1.4757, ""mV_15"": 1.3918, ""mV_16"": 1.0252, ""mV_17"": 0.7607, ""mV_18"": 0.8445, ""mV_19"": 1.0554, ""mV_20"": 0.951}"
test_0002,3,ok,nie_dotyczy,0.7644177454293692,3–6 kHz,"mV_3,mV_4,mV_5,mV_6",2.73781856871474,obniżona,0.0,"Werdykt OK, ale najsilniejsze lokalne odstępstwo występuje w paśmie 3–6 kHz; amplituda jest obniżona.","{""mV_0"": 0.6762, ""mV_1"": 0.438, ""mV_2"": 0.7877, ""mV_3"": 2.0744, ""mV_4"": 2.7378, ""mV_5"": 2.5015, ""mV_6"": 2.0522, ""mV_7"": 1.638, ""mV_8"": 1.3573, ""mV_9"": 1.1278, ""mV_10"": 0.8068, ""mV_11"": 0.5144, ""mV_12"": 0.3611, ""mV_13"": 0.3149, ""mV_14"": 0.2967, ""mV_15"": 0.3687, ""mV_16"": 0.5533, ""mV_17"": 0.6666, ""mV_18"": 0.6596, ""mV_19"": 0.5719, ""mV_20"": 0.3744}"
test_0002,4,ok,nie_dotyczy,0.7965330263939656,brak,,0.8258947139909871,brak istotnego odchylenia,0.0,Werdykt OK: brak pasma przekraczającego próg anomalii.,"{""mV_0"": 0.1391, ""mV_1"": 0.2067, ""mV_2"": 0.2732, ""mV_3"": 0.3968, ""mV_4"": 0.4715, ""mV_5"": 0.4085, ""mV_6"": 0.3037, ""mV_7"": 0.3204, ""mV_8"": 0.3957, ""mV_9"": 0.4911, ""mV_10"": 0.6955, ""mV_11"": 0.7265, ""mV_12"": 0.463, ""mV_13"": 0.2393, ""mV_14"": 0.1597, ""mV_15"": 0.1155, ""mV_16"": 0.1881, ""mV_17"": 0.5243, ""mV_18"": 0.8259, ""mV_19"": 0.7308, ""mV_20"": 0.3908}"
test_0002,5,ok,nie_dotyczy,0.8321816612167099,brak,,1.3662769433520991,brak istotnego odchylenia,0.0,Werdykt OK: brak pasma przekraczającego próg anomalii.,"{""mV_0"": 0.0716, ""mV_1"": 0.1564, ""mV_2"": 0.5062, ""mV_3"": 1.1161, ""mV_4"": 1.3663, ""mV_5"": 1.03, ""mV_6"": 0.5436, ""mV_7"": 0.2411, ""mV_8"": 0.1159, ""mV_9"": 0.2405, ""mV_10"": 0.6332, ""mV_11"": 0.843, ""mV_12"": 0.787, ""mV_13"": 0.5788, ""mV_14"": 0.3636, ""mV_15"": 0.658, ""mV_16"": 1.1224, ""mV_17"": 0.9303, ""mV_18"": 0.3446, ""mV_19"": 0.0641, ""mV_20"": 0.0334}"
test_0002,6,ok,nie_dotyczy,0.7455249420022143,18–19 kHz,"mV_18,mV_19",2.2461303985643832,podwyższona,0.0,"Werdykt OK, ale najsilniejsze lokalne odstępstwo występuje w paśmie 18–19 kHz; amplituda jest podwyższona.","{""mV_0"": 0.6656, ""mV_1"": 1.1297, ""mV_2"": 1.0809, ""mV_3"": 0.6429, ""mV_4"": 0.5763, ""mV_5"": 0.8748, ""mV_6"": 1.1227, ""mV_7"": 1.3945, ""mV_8"": 1.6214, ""mV_9"": 1.8938, ""mV_10"": 2.2266, ""mV_11"": 2.2264, ""mV_12"": 1.8499, ""mV_13"": 1.3922, ""mV_14"": 1.383, ""mV_15"": 1.6463, ""mV_16"": 1.6938, ""mV_17"": 1.9518, ""mV_18"": 2.2461, ""mV_19"": 2.134, ""mV_20"": 1.456}"
test_0002,7,ok,nie_dotyczy,0.814086850336583,brak,,1.3345312718965532,brak istotnego odchylenia,0.0,Werdykt OK: brak pasma przekraczającego próg anomalii.,"{""mV_0"": 0.271, ""mV_1"": 0.2083, ""mV_2"": 0.4036, ""mV_3"": 0.7443, ""mV_4"": 0.6227, ""mV_5"": 0.348, ""mV_6"": 0.1943, ""mV_7"": 0.083, ""mV_8"": 0.0396, ""mV_9"": 0.077, ""mV_10"": 0.2089, ""mV_11"": 0.2976, ""mV_12"": 0.2231, ""mV_13"": 0.1251, ""mV_14"": 0.1759, ""mV_15"": 0.3016, ""mV_16"": 0.5015, ""mV_17"": 0.8819, ""mV_18"": 1.224, ""mV_19"": 1.3345, ""mV_20"": 0.9882}"
test_0002,8,unknown,nie_dotyczy,0.6856112629393678,1–4 kHz,"mV_1,mV_2,mV_3,mV_4",8.996269242833977,podwyższona,0.39037733558349996,Podejrzenie unknown: najbardziej nietypowe jest pasmo 1–4 kHz; amplituda jest podwyższona względem zdrowej referencji.,"{""mV_0"": 2.4975, ""mV_1"": 5.6573, ""mV_2"": 8.7842, ""mV_3"": 8.9963, ""mV_4"": 5.967, ""mV_5"": 2.5668, ""mV_6"": 0.9424, ""mV_7"": 1.2819, ""mV_8"": 2.0667, ""mV_9"": 3.2517, ""mV_10"": 6.0322, ""mV_11"": 8.4198, ""mV_12"": 7.5882, ""mV_13"": 5.5824, ""mV_14"": 5.0708, ""mV_15"": 4.1524, ""mV_16"": 2.1659, ""mV_17"": 1.3145, ""mV_18"": 1.646, ""mV_19"": 1.7176, ""mV_20"": 1.124}"
test_0003,1,ok,nie_dotyczy,0.8274059504697693,brak,,0.8779638949660307,brak istotnego odchylenia,0.0,Werdykt OK: brak pasma przekraczającego próg anomalii.,"{""mV_0"": 0.3384, ""mV_1"": 0.527, ""mV_2"": 0.7538, ""mV_3"": 0.878, ""mV_4"": 0.7808, ""mV_5"": 0.4925, ""mV_6"": 0.2162, ""mV_7"": 0.1258, ""mV_8"": 0.1503, ""mV_9"": 0.1384, ""mV_10"": 0.0906, ""mV_11"": 0.1717, ""mV_12"": 0.3661, ""mV_13"": 0.4966, ""mV_14"": 0.4443, ""mV_15"": 0.2847, ""mV_16"": 0.1897, ""mV_17"": 0.1967, ""mV_18"": 0.2951, ""mV_19"": 0.5255, ""mV_20"": 0.5528}"
test_0003,2,ok,nie_dotyczy,0.8103979171084239,brak,,1.427848635844687,brak istotnego odchylenia,0.0,Werdykt OK: brak pasma przekraczającego próg anomalii.,"{""mV_0"": 0.6393, ""mV_1"": 0.7622, ""mV_2"": 0.7182, ""mV_3"": 0.9745, ""mV_4"": 1.237, ""mV_5"": 1.3508, ""mV_6"": 1.4278, ""mV_7"": 1.3893, ""mV_8"": 1.2173, ""mV_9"": 0.9913, ""mV_10"": 0.6444, ""mV_11"": 0.2577, ""mV_12"": 0.0817, ""mV_13"": 0.1118, ""mV_14"": 0.2006, ""mV_15"": 0.4201, ""mV_16"": 0.8637, ""mV_17"": 1.3013, ""mV_18"": 1.365, ""mV_19"": 1.2072, ""mV_20"": 0.9298}"
test_0003,3,ok,nie_dotyczy,0.8130775030369962,brak,,1.2916016686196095,brak istotnego odchylenia,0.0,Werdykt OK: brak pasma przekraczającego próg anomalii.,"{""mV_0"": 0.5648, ""mV_1"": 0.6545, ""mV_2"": 0.6726, ""mV_3"": 1.0795, ""mV_4"": 1.2916, ""mV_5"": 1.1833, ""mV_6"": 1.125, ""mV_7"": 1.0455, ""mV_8"": 0.8826, ""mV_9"": 0.6698, ""mV_10"": 0.393, ""mV_11"": 0.1727, ""mV_12"": 0.0901, ""mV_13"": 0.1135, ""mV_14"": 0.2954, ""mV_15"": 0.4369, ""mV_16"": 0.3945, ""mV_17"": 0.5055, ""mV_18"": 0.7638, ""mV_19"": 0.9028, ""mV_20"": 0.703}"
test_0003,4,ok,nie_dotyczy,0.8204297314146527,3–5 kHz,"mV_3,mV_4,mV_5",2.2657772297100944,obniżona,0.0,"Werdykt OK, ale najsilniejsze lokalne odstępstwo występuje w paśmie 3–5 kHz; amplituda jest obniżona.","{""mV_0"": 0.5704, ""mV_1"": 0.7802, ""mV_2"": 1.4, ""mV_3"": 2.0986, ""mV_4"": 2.2658, ""mV_5"": 2.1185, ""mV_6"": 1.7755, ""mV_7"": 1.4192, ""mV_8"": 1.2289, ""mV_9"": 1.0833, ""mV_10"": 0.9826, ""mV_11"": 1.069, ""mV_12"": 1.2361, ""mV_13"": 1.3251, ""mV_14"": 1.4022, ""mV_15"": 1.5525, ""mV_16"": 1.6188, ""mV_17"": 1.4487, ""mV_18"": 1.5956, ""mV_19"": 2.0918, ""mV_20"": 1.6547}"
test_0003,5,ok,nie_dotyczy,0.7898013629022665,brak,,1.8372216730724666,brak istotnego odchylenia,0.0,Werdykt OK: brak pasma przekraczającego próg anomalii.,"{""mV_0"": 0.5592, ""mV_1"": 0.7864, ""mV_2"": 1.1017, ""mV_3"": 1.1926, ""mV_4"": 1.0415, ""mV_5"": 0.9871, ""mV_6"": 1.0458, ""mV_7"": 1.1671, ""mV_8"": 1.289, ""mV_9"": 1.2919, ""mV_10"": 1.2273, ""mV_11"": 1.2849, ""mV_12"": 1.4134, ""mV_13"": 1.5649, ""mV_14"": 1.7457, ""mV_15"": 1.8372, ""mV_16"": 1.6939, ""mV_17"": 1.2939, ""mV_18"": 0.9204, ""mV_19"": 0.7922, ""mV_20"": 0.5781}"
test_0003,6,ok,nie_dotyczy,0.7370504682141914,4 kHz,mV_4,2.165924778317713,obniżona,0.0,"Werdykt OK, ale najsilniejsze lokalne odstępstwo występuje w paśmie 4 kHz; amplituda jest obniżona.","{""mV_0"": 0.3353, ""mV_1"": 0.469, ""mV_2"": 0.9448, ""mV_3"": 1.8385, ""mV_4"": 2.1659, ""mV_5"": 1.8243, ""mV_6"": 1.448, ""mV_7"": 1.2928, ""mV_8"": 1.4196, ""mV_9"": 1.522, ""mV_10"": 1.3853, ""mV_11"": 1.2691, ""mV_12"": 1.2893, ""mV_13"": 1.3324, ""mV_14"": 1.3841, ""mV_15"": 1.5354, ""mV_16"": 1.6939, ""mV_17"": 1.5678, ""mV_18"": 1.3402, ""mV_19"": 1.4488, ""mV_20"": 1.259}"
test_0003,7,ok,nie_dotyczy,0.789841709016667,19 kHz,mV_19,2.3099980939810196,podwyższona,0.0,"Werdykt OK, ale najsilniejsze lokalne odstępstwo występuje w paśmie 19 kHz; amplituda jest podwyższona.","{""mV_0"": 1.3684, ""mV_1"": 1.6097, ""mV_2"": 0.9443, ""mV_3"": 0.3271, ""mV_4"": 0.4119, ""mV_5"": 0.9801, ""mV_6"": 1.3699, ""mV_7"": 1.4429, ""mV_8"": 1.4328, ""mV_9"": 1.6219, ""mV_10"": 1.926, ""mV_11"": 2.0819, ""mV_12"": 2.1758, ""mV_13"": 2.1328, ""mV_14"": 1.8264, ""mV_15"": 1.3635, ""mV_16"": 1.1227, ""mV_17"": 1.343, ""mV_18"": 1.8331, ""mV_19"": 2.31, ""mV_20"": 1.8884}"
test_0003,8,ok,nie_dotyczy,0.8365604690240795,brak,,1.0017603223474278,brak istotnego odchylenia,0.0,Werdykt OK: brak pasma przekraczającego próg anomalii.,"{""mV_0"": 0.3467, ""mV_1"": 0.3142, ""mV_2"": 0.1195, ""mV_3"": 0.0942, ""mV_4"": 0.1413, ""mV_5"": 0.1284, ""mV_6"": 0.1122, ""mV_7"": 0.1424, ""mV_8"": 0.245, ""mV_9"": 0.261, ""mV_10"": 0.1692, ""mV_11"": 0.2183, ""mV_12"": 0.3435, ""mV_13"": 0.3701, ""mV_14"": 0.3103, ""mV_15"": 0.3135, ""mV_16"": 0.5761, ""mV_17"": 0.9537, ""mV_18"": 1.0018, ""mV_19"": 0.6071, ""mV_20"": 0.1898}"
test_0003,9,ok,nie_dotyczy,0.8075346195442924,brak,,1.074172573311544,brak istotnego odchylenia,0.0,Werdykt OK: brak pasma przekraczającego próg anomalii.,"{""mV_0"": 0.0117, ""mV_1"": 0.0244, ""mV_2"": 0.3137, ""mV_3"": 0.61, ""mV_4"": 0.4109, ""mV_5"": 0.388, ""mV_6"": 0.6959, ""mV_7"": 0.9077, ""mV_8"": 1.0742, ""mV_9"": 1.0115, ""mV_10"": 0.6419, ""mV_11"": 0.2764, ""mV_12"": 0.0936, ""mV_13"": 0.047, ""mV_14"": 0.0606, ""mV_15"": 0.0647, ""mV_16"": 0.0443, ""mV_17"": 0.0666, ""mV_18"": 0.1341, ""mV_19"": 0.2269, ""mV_20"": 0.2431}"
test_0003,10,ok,nie_dotyczy,0.8106132623799776,brak,,0.5891269954619373,brak istotnego odchylenia,0.0,Werdykt OK: brak pasma przekraczającego próg anomalii.,"{""mV_0"": 0.4123, ""mV_1"": 0.5242, ""mV_2"": 0.3197, ""mV_3"": 0.2571, ""mV_4"": 0.2703, ""mV_5"": 0.1636, ""mV_6"": 0.1194, ""mV_7"": 0.2456, ""mV_8"": 0.4762, ""mV_9"": 0.5383, ""mV_10"": 0.3388, ""mV_11"": 0.1718, ""mV_12"": 0.2115, ""mV_13"": 0.277, ""mV_14"": 0.2107, ""mV_15"": 0.0849, ""mV_16"": 0.1077, ""mV_17"": 0.3987, ""mV_18"": 0.5891, ""mV_19"": 0.3603, ""mV_20"": 0.0761}"
test_0003,11,ok,nie_dotyczy,0.8616926036751342,brak,,1.4533192135523674,brak istotnego odchylenia,0.0,Werdykt OK: brak pasma przekraczającego próg anomalii.,"{""mV_0"": 0.4857, ""mV_1"": 0.9203, ""mV_2"": 1.0626, ""mV_3"": 0.7824, ""mV_4"": 0.5377, ""mV_5"": 0.5007, ""mV_6"": 0.4083, ""mV_7"": 0.2321, ""mV_8"": 0.1416, ""mV_9"": 0.1721, ""mV_10"": 0.2354, ""mV_11"": 0.2422, ""mV_12"": 0.1755, ""mV_13"": 0.1, ""mV_14"": 0.067, ""mV_15"": 0.2169, ""mV_16"": 0.5777, ""mV_17"": 0.9075, ""mV_18"": 1.2888, ""mV_19"": 1.4533, ""mV_20"": 0.8657}"
test_0003,12,ok,nie_dotyczy,0.8379367995494518,brak,,1.3520014509197367,brak istotnego odchylenia,0.0,Werdykt OK: brak pasma przekraczającego próg anomalii.,"{""mV_0"": 0.1392, ""mV_1"": 0.3003, ""mV_2"": 0.6886, ""mV_3"": 1.2957, ""mV_4"": 1.352, ""mV_5"": 0.9156, ""mV_6"": 0.5336, ""mV_7"": 0.2883, ""mV_8"": 0.1391, ""mV_9"": 0.0544, ""mV_10"": 0.0508, ""mV_11"": 0.0784, ""mV_12"": 0.1373, ""mV_13"": 0.2127, ""mV_14"": 0.1929, ""mV_15"": 0.1322, ""mV_16"": 0.1587, ""mV_17"": 0.1696, ""mV_18"": 0.0892, ""mV_19"": 0.0579, ""mV_20"": 0.0764}"
test_0003,13,ok,nie_dotyczy,0.8018251686546312,brak,,1.197752022849982,brak istotnego odchylenia,0.0,Werdykt OK: brak pasma przekraczającego próg anomalii.,"{""mV_0"": 0.6652, ""mV_1"": 0.8342, ""mV_2"": 0.6303, ""mV_3"": 0.3189, ""mV_4"": 0.1268, ""mV_5"": 0.2446, ""mV_6"": 0.5638, ""mV_7"": 0.7806, ""mV_8"": 0.9667, ""mV_9"": 1.1478, ""mV_10"": 1.1978, ""mV_11"": 1.0643, ""mV_12"": 0.7631, ""mV_13"": 0.559, ""mV_14"": 0.6261, ""mV_15"": 0.8075, ""mV_16"": 0.8028, ""mV_17"": 0.5109, ""mV_18"": 0.2069, ""mV_19"": 0.1778, ""mV_20"": 0.2188}"
test_0003,14,ok,nie_dotyczy,0.8283604537081672,brak,,1.624640780348997,brak istotnego odchylenia,0.0,Werdykt OK: brak pasma przekraczającego próg anomalii.,"{""mV_0"": 0.0873, ""mV_1"": 0.1343, ""mV_2"": 0.588, ""mV_3"": 1.344, ""mV_4"": 1.6246, ""mV_5"": 1.4799, ""mV_6"": 1.3297, ""mV_7"": 1.1439, ""mV_8"": 0.9068, ""mV_9"": 0.8451, ""mV_10"": 0.9093, ""mV_11"": 0.8279, ""mV_12"": 0.6402, ""mV_13"": 0.5139, ""mV_14"": 0.5436, ""mV_15"": 0.5943, ""mV_16"": 0.65, ""mV_17"": 0.7092, ""mV_18"": 0.7704, ""mV_19"": 1.1282, ""mV_20"": 1.1116}"
test_0003,15,ok,nie_dotyczy,0.8201487625559224,brak,,1.677003446260972,brak istotnego odchylenia,0.0,Werdykt OK: brak pasma przekraczającego próg anomalii.,"{""mV_0"": 0.8865, ""mV_1"": 1.1385, ""mV_2"": 0.7024, ""mV_3"": 0.2517, ""mV_4"": 0.1748, ""mV_5"": 0.3003, ""mV_6"": 0.4749, ""mV_7"": 0.5569, ""mV_8"": 0.4862, ""mV_9"": 0.5856, ""mV_10"": 0.9574, ""mV_11"": 1.2759, ""mV_12"": 1.4638, ""mV_13"": 1.613, ""mV_14"": 1.677, ""mV_15"": 1.4988, ""mV_16"": 1.1386, ""mV_17"": 0.9127, ""mV_18"": 1.0849, ""mV_19"": 1.5282, ""mV_20"": 1.335}"
test_0003,16,ok,nie_dotyczy,0.7908019527700659,brak,,0.7432551178834592,brak istotnego odchylenia,0.0,Werdykt OK: brak pasma przekraczającego próg anomalii.,"{""mV_0"": 0.0826, ""mV_1"": 0.2372, ""mV_2"": 0.4007, ""mV_3"": 0.3732, ""mV_4"": 0.4131, ""mV_5"": 0.4848, ""mV_6"": 0.4991, ""mV_7"": 0.5616, ""mV_8"": 0.4365, ""mV_9"": 0.2537, ""mV_10"": 0.3207, ""mV_11"": 0.5772, ""mV_12"": 0.7433, ""mV_13"": 0.6699, ""mV_14"": 0.5077, ""mV_15"": 0.3343, ""mV_16"": 0.1392, ""mV_17"": 0.0482, ""mV_18"": 0.1859, ""mV_19"": 0.3709, ""mV_20"": 0.2892}"
test_0004,1,ok,nie_dotyczy,0.7990457964854999,brak,,1.3252404799029085,brak istotnego odchylenia,0.0,Werdykt OK: brak pasma przekraczającego próg anomalii.,"{""mV_0"": 1.1511, ""mV_1"": 1.2478, ""mV_2"": 1.2094, ""mV_3"": 1.3252, ""mV_4"": 0.9684, ""mV_5"": 0.3932, ""mV_6"": 0.1177, ""mV_7"": 0.0742, ""mV_8"": 0.2226, ""mV_9"": 0.4285, ""mV_10"": 0.5077, ""mV_11"": 0.5982, ""mV_12"": 0.5653, ""mV_13"": 0.4183, ""mV_14"": 0.3472, ""mV_15"": 0.3482, ""mV_16"": 0.3548, ""mV_17"": 0.214, ""mV_18"": 0.1087, ""mV_19"": 0.213, ""mV_20"": 0.2402}"
test_0004,2,ok,nie_dotyczy,0.8309359807229653,brak,,1.0003504862258252,brak istotnego odchylenia,0.0,Werdykt OK: brak pasma przekraczającego próg anomalii.,"{""mV_0"": 0.083, ""mV_1"": 0.1267, ""mV_2"": 0.3086, ""mV_3"": 0.6695, ""mV_4"": 0.9295, ""mV_5"": 1.0004, ""mV_6"": 0.8996, ""mV_7"": 0.6006, ""mV_8"": 0.2701, ""mV_9"": 0.0897, ""mV_10"": 0.1397, ""mV_11"": 0.255, ""mV_12"": 0.2124, ""mV_13"": 0.2377, ""mV_14"": 0.4562, ""mV_15"": 0.4625, ""mV_16"": 0.2094, ""mV_17"": 0.0682, ""mV_18"": 0.1146, ""mV_19"": 0.2033, ""mV_20"": 0.1603}"
test_0004,3,ok,nie_dotyczy,0.80894207356935,brak,,1.338353756692903,brak istotnego odchylenia,0.0,Werdykt OK: brak pasma przekraczającego próg anomalii.,"{""mV_0"": 0.1024, ""mV_1"": 0.2078, ""mV_2"": 0.6279, ""mV_3"": 1.1583, ""mV_4"": 1.3384, ""mV_5"": 1.2523, ""mV_6"": 1.0011, ""mV_7"": 0.5947, ""mV_8"": 0.3192, ""mV_9"": 0.2544, ""mV_10"": 0.3306, ""mV_11"": 0.4852, ""mV_12"": 0.4432, ""mV_13"": 0.2087, ""mV_14"": 0.0876, ""mV_15"": 0.2678, ""mV_16"": 0.4935, ""mV_17"": 0.4449, ""mV_18"": 0.3216, ""mV_19"": 0.2222, ""mV_20"": 0.0923}"
test_0004,4,ok,nie_dotyczy,0.8319846516981141,brak,,1.7689280505002287,brak istotnego odchylenia,0.0,Werdykt OK: brak pasma przekraczającego próg anomalii.,"{""mV_0"": 0.353, ""mV_1"": 0.4434, ""mV_2"": 0.6065, ""mV_3"": 0.8575, ""mV_4"": 1.0388, ""mV_5"": 1.1964, ""mV_6"": 1.239, ""mV_7"": 1.2559, ""mV_8"": 1.4182, ""mV_9"": 1.5448, ""mV_10"": 1.5446, ""mV_11"": 1.5011, ""mV_12"": 1.5232, ""mV_13"": 1.5071, ""mV_14"": 1.3554, ""mV_15"": 1.1124, ""mV_16"": 1.0431, ""mV_17"": 1.2737, ""mV_18"": 1.4944, ""mV_19"": 1.7689, ""mV_20"": 1.5065}"
test_0004,5,zakoksowany,male,0.7049491271609746,12–18 kHz,"mV_12,mV_13,mV_14,mV_15,mV_16,mV_17,mV_18",5.541984340848142,podwyższona,0.9867987883649844,Podejrzenie zakoksowany: najbardziej nietypowe jest pasmo 12–18 kHz; amplituda jest podwyższona względem zdrowej referencji.,"{""mV_0"": 1.1094, ""mV_1"": 1.4971, ""mV_2"": 0.822, ""mV_3"": 0.3208, ""mV_4"": 0.376, ""mV_5"": 0.3335, ""mV_6"": 0.1979, ""mV_7"": 0.5612, ""mV_8"": 2.0617, ""mV_9"": 2.9071, ""mV_10"": 1.9604, ""mV_11"": 1.9129, ""mV_12"": 3.1293, ""mV_13"": 3.9871, ""mV_14"": 4.6867, ""mV_15"": 5.3591, ""mV_16"": 5.542, ""mV_17"": 5.07, ""mV_18"": 4.041, ""mV_19"": 2.9012, ""mV_20"": 1.7385}"
test_0004,6,ok,nie_dotyczy,0.8103074114215129,brak,,1.3971089856445031,brak istotnego odchylenia,0.0,Werdykt OK: brak pasma przekraczającego próg anomalii.,"{""mV_0"": 0.5592, ""mV_1"": 0.6402, ""mV_2"": 0.3989, ""mV_3"": 0.1519, ""mV_4"": 0.0578, ""mV_5"": 0.0396, ""mV_6"": 0.0961, ""mV_7"": 0.2042, ""mV_8"": 0.2647, ""mV_9"": 0.6131, ""mV_10"": 1.1756, ""mV_11"": 1.3971, ""mV_12"": 1.3644, ""mV_13"": 1.1465, ""mV_14"": 0.7082, ""mV_15"": 0.4351, ""mV_16"": 0.3367, ""mV_17"": 0.1595, ""mV_18"": 0.063, ""mV_19"": 0.0775, ""mV_20"": 0.0465}"
test_0004,7,lejacy,srednie,0.7294760576582454,5–20 kHz,"mV_5,mV_6,mV_7,mV_8,mV_9,mV_10,mV_11,mV_12,mV_13,mV_14,mV_15,mV_16,mV_17,mV_18,mV_19,mV_20",11.110654195295165,obniżona,0.989761896472526,Podejrzenie lejacy: najbardziej nietypowe jest pasmo 5–20 kHz; amplituda jest obniżona względem zdrowej referencji.,"{""mV_0"": 0.3583, ""mV_1"": 0.2522, ""mV_2"": 0.4763, ""mV_3"": 2.4063, ""mV_4"": 5.6254, ""mV_5"": 7.8133, ""mV_6"": 8.2077, ""mV_7"": 8.0858, ""mV_8"": 8.4355, ""mV_9"": 8.9449, ""mV_10"": 9.3364, ""mV_11"": 9.9449, ""mV_12"": 10.4796, ""mV_13"": 10.8319, ""mV_14"": 11.1107, ""mV_15"": 11.032, ""mV_16"": 10.5716, ""mV_17"": 9.6088, ""mV_18"": 8.9087, ""mV_19"": 9.5371, ""mV_20"": 7.841}"
test_0004,8,ok,nie_dotyczy,0.7634925189116114,brak,,1.419912626565,brak istotnego odchylenia,0.0,Werdykt OK: brak pasma przekraczającego próg anomalii.,"{""mV_0"": 1.4199, ""mV_1"": 0.797, ""mV_2"": 0.0643, ""mV_3"": 0.0079, ""mV_4"": 0.0262, ""mV_5"": 0.1006, ""mV_6"": 0.155, ""mV_7"": 0.1988, ""mV_8"": 0.3675, ""mV_9"": 0.5744, ""mV_10"": 0.5697, ""mV_11"": 0.3283, ""mV_12"": 0.1128, ""mV_13"": 0.0702, ""mV_14"": 0.0954, ""mV_15"": 0.0764, ""mV_16"": 0.227, ""mV_17"": 0.691, ""mV_18"": 1.0246, ""mV_19"": 1.1121, ""mV_20"": 0.9133}"
test_0005,1,lejacy,male,0.719537733367846,5–20 kHz,"mV_5,mV_6,mV_7,mV_8,mV_9,mV_10,mV_11,mV_12,mV_13,mV_14,mV_15,mV_16,mV_17,mV_18,mV_19,mV_20",7.502678901795353,obniżona,0.9900624788411347,Podejrzenie lejacy: najbardziej nietypowe jest pasmo 5–20 kHz; amplituda jest obniżona względem zdrowej referencji.,"{""mV_0"": 0.0363, ""mV_1"": 0.0626, ""mV_2"": 0.3596, ""mV_3"": 1.6789, ""mV_4"": 3.7788, ""mV_5"": 4.9894, ""mV_6"": 5.0176, ""mV_7"": 4.9856, ""mV_8"": 5.3848, ""mV_9"": 5.8026, ""mV_10"": 6.0798, ""mV_11"": 6.5244, ""mV_12"": 6.9593, ""mV_13"": 7.2898, ""mV_14"": 7.5027, ""mV_15"": 7.4193, ""mV_16"": 7.0176, ""mV_17"": 5.9519, ""mV_18"": 5.2571, ""mV_19"": 6.2454, ""mV_20"": 5.5176}"
test_0005,2,ok,nie_dotyczy,0.6952737313254501,2–4 kHz,"mV_2,mV_3,mV_4",3.5372444381914177,podwyższona,0.0,"Werdykt OK, ale najsilniejsze lokalne odstępstwo występuje w paśmie 2–4 kHz; amplituda jest podwyższona.","{""mV_0"": 0.3886, ""mV_1"": 1.8449, ""mV_2"": 3.5372, ""mV_3"": 3.1206, ""mV_4"": 2.0494, ""mV_5"": 1.7483, ""mV_6"": 1.5824, ""mV_7"": 1.517, ""mV_8"": 1.6002, ""mV_9"": 1.8079, ""mV_10"": 2.066, ""mV_11"": 2.231, ""mV_12"": 2.2674, ""mV_13"": 2.3673, ""mV_14"": 2.5583, ""mV_15"": 2.5629, ""mV_16"": 2.3648, ""mV_17"": 2.2941, ""mV_18"": 2.0509, ""mV_19"": 1.5573, ""mV_20"": 1.103}"
test_0005,3,pompa,srednie,0.8097921082003771,2–14 kHz,"mV_2,mV_3,mV_4,mV_5,mV_6,mV_7,mV_8,mV_9,mV_10,mV_11,mV_12,mV_13,mV_14",5.690077172911595,obniżona,0.9726422157264728,Podejrzenie pompa: najbardziej nietypowe jest pasmo 2–14 kHz; amplituda jest obniżona względem zdrowej referencji.,"{""mV_0"": 1.204, ""mV_1"": 2.1112, ""mV_2"": 3.9548, ""mV_3"": 5.6901, ""mV_4"": 5.1118, ""mV_5"": 3.792, ""mV_6"": 3.5381, ""mV_7"": 4.0299, ""mV_8"": 4.7209, ""mV_9"": 5.0932, ""mV_10"": 5.1218, ""mV_11"": 5.2053, ""mV_12"": 5.47, ""mV_13"": 5.3831, ""mV_14"": 4.3292, ""mV_15"": 2.8421, ""mV_16"": 1.6076, ""mV_17"": 0.6346, ""mV_18"": 0.6584, ""mV_19"": 2.2239, ""mV_20"": 2.8367}"
test_0005,4,ok,nie_dotyczy,0.7977543448248472,14–16 kHz,"mV_14,mV_15,mV_16",2.539855892001868,podwyższona,0.0,"Werdykt OK, ale najsilniejsze lokalne odstępstwo występuje w paśmie 14–16 kHz; amplituda jest podwyższona.","{""mV_0"": 0.2775, ""mV_1"": 0.9619, ""mV_2"": 1.3379, ""mV_3"": 0.7067, ""mV_4"": 0.3926, ""mV_5"": 0.6148, ""mV_6"": 0.7218, ""mV_7"": 0.8994, ""mV_8"": 1.1933, ""mV_9"": 1.4776, ""mV_10"": 1.6597, ""mV_11"": 1.741, ""mV_12"": 1.7473, ""mV_13"": 1.8314, ""mV_14"": 2.1483, ""mV_15"": 2.5082, ""mV_16"": 2.5399, ""mV_17"": 1.832, ""mV_18"": 1.0821, ""mV_19"": 1.0019, ""mV_20"": 0.6896}"
test_0005,5,ok,nie_dotyczy,0.8155973896096304,brak,,1.0431827093857684,brak istotnego odchylenia,0.0,Werdykt OK: brak pasma przekraczającego próg anomalii.,"{""mV_0"": 0.0355, ""mV_1"": 0.0752, ""mV_2"": 0.4156, ""mV_3"": 0.8629, ""mV_4"": 0.8572, ""mV_5"": 0.7257, ""mV_6"": 0.7189, ""mV_7"": 0.6414, ""mV_8"": 0.4793, ""mV_9"": 0.3303, ""mV_10"": 0.2998, ""mV_11"": 0.3533, ""mV_12"": 0.3816, ""mV_13"": 0.4072, ""mV_14"": 0.4548, ""mV_15"": 0.3999, ""mV_16"": 0.3713, ""mV_17"": 0.3864, ""mV_18"": 0.6557, ""mV_19"": 1.0432, ""mV_20"": 0.6857}"
test_0005,6,ok,nie_dotyczy,0.8333853495649881,brak,,1.1454542038505529,brak istotnego odchylenia,0.0,Werdykt OK: brak pasma przekraczającego próg anomalii.,"{""mV_0"": 0.9956, ""mV_1"": 1.1455, ""mV_2"": 0.7292, ""mV_3"": 0.3678, ""mV_4"": 0.4711, ""mV_5"": 0.7547, ""mV_6"": 0.8957, ""mV_7"": 0.8941, ""mV_8"": 0.774, ""mV_9"": 0.6365, ""mV_10"": 0.5509, ""mV_11"": 0.5486, ""mV_12"": 0.6275, ""mV_13"": 0.6895, ""mV_14"": 0.647, ""mV_15"": 0.5178, ""mV_16"": 0.4302, ""mV_17"": 0.6223, ""mV_18"": 0.7423, ""mV_19"": 0.5266, ""mV_20"": 0.3393}"
test_0005,7,ok,nie_dotyczy,0.7978471515470607,14–15 kHz,"mV_14,mV_15",2.236038679991896,podwyższona,0.0,"Werdykt OK, ale najsilniejsze lokalne odstępstwo występuje w paśmie 14–15 kHz; amplituda jest podwyższona.","{""mV_0"": 0.1185, ""mV_1"": 0.4851, ""mV_2"": 0.9406, ""mV_3"": 1.164, ""mV_4"": 1.1881, ""mV_5"": 1.2255, ""mV_6"": 1.248, ""mV_7"": 1.321, ""mV_8"": 1.5573, ""mV_9"": 1.8271, ""mV_10"": 1.9291, ""mV_11"": 1.8518, ""mV_12"": 1.8178, ""mV_13"": 1.985, ""mV_14"": 2.2045, ""mV_15"": 2.236, ""mV_16"": 1.6844, ""mV_17"": 1.247, ""mV_18"": 1.272, ""mV_19"": 0.8731, ""mV_20"": 0.4944}"
test_0005,8,ok,nie_dotyczy,0.8130798023091411,0–1 kHz,"mV_0,mV_1",2.9408248475513203,obniżona,0.0,"Werdykt OK, ale najsilniejsze lokalne odstępstwo występuje w paśmie 0–1 kHz; amplituda jest obniżona.","{""mV_0"": 2.4864, ""mV_1"": 2.9408, ""mV_2"": 1.777, ""mV_3"": 1.2051, ""mV_4"": 1.4251, ""mV_5"": 1.6037, ""mV_6"": 1.6889, ""mV_7"": 1.6763, ""mV_8"": 1.5137, ""mV_9"": 1.2225, ""mV_10"": 0.9087, ""mV_11"": 0.6627, ""mV_12"": 0.5258, ""mV_13"": 0.5377, ""mV_14"": 0.6463, ""mV_15"": 0.7815, ""mV_16"": 0.8891, ""mV_17"": 1.011, ""mV_18"": 1.1475, ""mV_19"": 1.2688, ""mV_20"": 1.0701}"
test_0006,1,ok,nie_dotyczy,0.8196141547993804,brak,,1.342947410885276,brak istotnego odchylenia,0.0,Werdykt OK: brak pasma przekraczającego próg anomalii.,"{""mV_0"": 0.4693, ""mV_1"": 1.1081, ""mV_2"": 0.9893, ""mV_3"": 0.3317, ""mV_4"": 0.0711, ""mV_5"": 0.089, ""mV_6"": 0.1685, ""mV_7"": 0.3997, ""mV_8"": 0.6015, ""mV_9"": 0.5552, ""mV_10"": 0.4071, ""mV_11"": 0.4983, ""mV_12"": 0.7195, ""mV_13"": 0.9653, ""mV_14"": 1.2598, ""mV_15"": 1.3429, ""mV_16"": 1.1823, ""mV_17"": 0.791, ""mV_18"": 0.3551, ""mV_19"": 0.2072, ""mV_20"": 0.1581}"
test_0006,2,ok,nie_dotyczy,0.7750917264716417,17 kHz,mV_17,2.3466037141758918,podwyższona,0.0,"Werdykt OK, ale najsilniejsze lokalne odstępstwo występuje w paśmie 17 kHz; amplituda jest podwyższona.","{""mV_0"": 0.3933, ""mV_1"": 0.4505, ""mV_2"": 0.5515, ""mV_3"": 0.6, ""mV_4"": 0.3457, ""mV_5"": 0.1683, ""mV_6"": 0.1841, ""mV_7"": 0.1533, ""mV_8"": 0.1365, ""mV_9"": 0.1637, ""mV_10"": 0.1212, ""mV_11"": 0.1074, ""mV_12"": 0.1578, ""mV_13"": 0.2935, ""mV_14"": 0.576, ""mV_15"": 1.011, ""mV_16"": 1.9276, ""mV_17"": 2.3466, ""mV_18"": 1.4717, ""mV_19"": 0.8169, ""mV_20"": 0.6197}"
test_0006,3,ok,nie_dotyczy,0.8305969387407532,brak,,0.9225943436666102,brak istotnego odchylenia,0.0,Werdykt OK: brak pasma przekraczającego próg anomalii.,"{""mV_0"": 0.1814, ""mV_1"": 0.2047, ""mV_2"": 0.4311, ""mV_3"": 0.786, ""mV_4"": 0.9226, ""mV_5"": 0.8501, ""mV_6"": 0.6645, ""mV_7"": 0.5127, ""mV_8"": 0.4015, ""mV_9"": 0.2214, ""mV_10"": 0.1219, ""mV_11"": 0.2417, ""mV_12"": 0.3906, ""mV_13"": 0.3591, ""mV_14"": 0.2479, ""mV_15"": 0.2519, ""mV_16"": 0.2542, ""mV_17"": 0.347, ""mV_18"": 0.5145, ""mV_19"": 0.3411, ""mV_20"": 0.0919}"
test_0006,4,unknown,nie_dotyczy,0.6951334520424024,3–6 kHz,"mV_3,mV_4,mV_5,mV_6",8.549022989524403,obniżona,0.47763107671590305,Podejrzenie unknown: najbardziej nietypowe jest pasmo 3–6 kHz; amplituda jest obniżona względem zdrowej referencji.,"{""mV_0"": 4.8586, ""mV_1"": 5.2299, ""mV_2"": 4.5302, ""mV_3"": 5.7037, ""mV_4"": 7.3784, ""mV_5"": 8.549, ""mV_6"": 6.8166, ""mV_7"": 2.4674, ""mV_8"": 0.3648, ""mV_9"": 0.3131, ""mV_10"": 0.225, ""mV_11"": 2.1924, ""mV_12"": 6.0208, ""mV_13"": 7.8882, ""mV_14"": 7.0437, ""mV_15"": 4.8098, ""mV_16"": 3.0504, ""mV_17"": 2.6951, ""mV_18"": 1.9716, ""mV_19"": 1.105, ""mV_20"": 0.8603}"
test_0006,5,ok,nie_dotyczy,0.8259156879803569,brak,,1.1386730951429391,brak istotnego odchylenia,0.0,Werdykt OK: brak pasma przekraczającego próg anomalii.,"{""mV_0"": 0.3313, ""mV_1"": 0.4588, ""mV_2"": 0.3714, ""mV_3"": 0.357, ""mV_4"": 0.3366, ""mV_5"": 0.2091, ""mV_6"": 0.1509, ""mV_7"": 0.208, ""mV_8"": 0.2497, ""mV_9"": 0.2386, ""mV_10"": 0.2259, ""mV_11"": 0.1676, ""mV_12"": 0.0835, ""mV_13"": 0.0784, ""mV_14"": 0.1936, ""mV_15"": 0.3983, ""mV_16"": 0.558, ""mV_17"": 0.7682, ""mV_18"": 1.0443, ""mV_19"": 1.1387, ""mV_20"": 0.8828}"
test_0006,6,ok,nie_dotyczy,0.7118820433649187,6–14 kHz,"mV_6,mV_7,mV_8,mV_9,mV_10,mV_11,mV_12,mV_13,mV_14",2.8025943470530756,obniżona,0.0,"Werdykt OK, ale najsilniejsze lokalne odstępstwo występuje w paśmie 6–14 kHz; amplituda jest obniżona.","{""mV_0"": 1.9344, ""mV_1"": 2.3704, ""mV_2"": 1.3752, ""mV_3"": 0.7869, ""mV_4"": 1.0031, ""mV_5"": 1.4904, ""mV_6"": 2.025, ""mV_7"": 2.3526, ""mV_8"": 2.5876, ""mV_9"": 2.7838, ""mV_10"": 2.8026, ""mV_11"": 2.7069, ""mV_12"": 2.5466, ""mV_13"": 2.2807, ""mV_14"": 2.0227, ""mV_15"": 1.8407, ""mV_16"": 1.545, ""mV_17"": 1.2928, ""mV_18"": 1.2802, ""mV_19"": 1.1417, ""mV_20"": 0.7055}"
test_0006,7,ok,nie_dotyczy,0.855265284256441,brak,,0.4850185267675292,brak istotnego odchylenia,0.0,Werdykt OK: brak pasma przekraczającego próg anomalii.,"{""mV_0"": 0.3013, ""mV_1"": 0.2856, ""mV_2"": 0.2086, ""mV_3"": 0.1931, ""mV_4"": 0.1252, ""mV_5"": 0.1171, ""mV_6"": 0.2177, ""mV_7"": 0.2039, ""mV_8"": 0.0815, ""mV_9"": 0.0327, ""mV_10"": 0.0395, ""mV_11"": 0.0286, ""mV_12"": 0.0406, ""mV_13"": 0.0656, ""mV_14"": 0.146, ""mV_15"": 0.2723, ""mV_16"": 0.2134, ""mV_17"": 0.2489, ""mV_18"": 0.4731, ""mV_19"": 0.485, ""mV_20"": 0.3293}"
test_0006,8,ok,nie_dotyczy,0.7684104033490066,2–3 kHz,"mV_2,mV_3",2.6272916525959604,podwyższona,0.0,"Werdykt OK, ale najsilniejsze lokalne odstępstwo występuje w paśmie 2–3 kHz; amplituda jest podwyższona.","{""mV_0"": 0.8349, ""mV_1"": 1.8408, ""mV_2"": 2.6273, ""mV_3"": 2.2705, ""mV_4"": 1.5463, ""mV_5"": 1.024, ""mV_6"": 0.5443, ""mV_7"": 0.3194, ""mV_8"": 0.2311, ""mV_9"": 0.1229, ""mV_10"": 0.0614, ""mV_11"": 0.0773, ""mV_12"": 0.0768, ""mV_13"": 0.1366, ""mV_14"": 0.3593, ""mV_15"": 0.493, ""mV_16"": 0.3777, ""mV_17"": 0.2081, ""mV_18"": 0.1098, ""mV_19"": 0.0587, ""mV_20"": 0.0347}"
test_0006,9,ok,nie_dotyczy,0.7958328084309636,brak,,1.6380488485554205,brak istotnego odchylenia,0.0,Werdykt OK: brak pasma przekraczającego próg anomalii.,"{""mV_0"": 1.4013, ""mV_1"": 1.5573, ""mV_2"": 1.033, ""mV_3"": 0.7876, ""mV_4"": 0.7749, ""mV_5"": 0.8665, ""mV_6"": 1.1301, ""mV_7"": 1.4578, ""mV_8"": 1.638, ""mV_9"": 1.5102, ""mV_10"": 1.2209, ""mV_11"": 1.0801, ""mV_12"": 1.1299, ""mV_13"": 1.3062, ""mV_14"": 1.5481, ""mV_15"": 1.5858, ""mV_16"": 1.1548, ""mV_17"": 0.9191, ""mV_18"": 1.2862, ""mV_19"": 1.4828, ""mV_20"": 1.1025}"
test_0006,10,ok,nie_dotyczy,0.8400669972624691,brak,,1.3592783119723528,brak istotnego odchylenia,0.0,Werdykt OK: brak pasma przekraczającego próg anomalii.,"{""mV_0"": 0.2365, ""mV_1"": 0.3217, ""mV_2"": 0.153, ""mV_3"": 0.069, ""mV_4"": 0.0952, ""mV_5"": 0.0631, ""mV_6"": 0.1105, ""mV_7"": 0.2784, ""mV_8"": 0.4202, ""mV_9"": 0.3893, ""mV_10"": 0.3037, ""mV_11"": 0.4145, ""mV_12"": 0.5424, ""mV_13"": 0.5891, ""mV_14"": 0.6831, ""mV_15"": 0.8358, ""mV_16"": 1.1993, ""mV_17"": 1.3593, ""mV_18"": 0.8459, ""mV_19"": 0.2586, ""mV_20"": 0.0636}"
test_0006,11,ok,nie_dotyczy,0.8206951756448704,brak,,0.5631110160118232,brak istotnego odchylenia,0.0,Werdykt OK: brak pasma przekraczającego próg anomalii.,"{""mV_0"": 0.1475, ""mV_1"": 0.1431, ""mV_2"": 0.1457, ""mV_3"": 0.2903, ""mV_4"": 0.3825, ""mV_5"": 0.3142, ""mV_6"": 0.2665, ""mV_7"": 0.3693, ""mV_8"": 0.4209, ""mV_9"": 0.3073, ""mV_10"": 0.1773, ""mV_11"": 0.1574, ""mV_12"": 0.2255, ""mV_13"": 0.2452, ""mV_14"": 0.212, ""mV_15"": 0.2204, ""mV_16"": 0.2674, ""mV_17"": 0.4463, ""mV_18"": 0.5631, ""mV_19"": 0.3032, ""mV_20"": 0.043}"
test_0006,12,ok,nie_dotyczy,0.775062566811699,brak,,1.0447839279254527,brak istotnego odchylenia,0.0,Werdykt OK: brak pasma przekraczającego próg anomalii.,"{""mV_0"": 0.5049, ""mV_1"": 0.5335, ""mV_2"": 0.2765, ""mV_3"": 0.104, ""mV_4"": 0.0738, ""mV_5"": 0.0912, ""mV_6"": 0.0687, ""mV_7"": 0.1, ""mV_8"": 0.2754, ""mV_9"": 0.448, ""mV_10"": 0.4766, ""mV_11"": 0.4043, ""mV_12"": 0.3239, ""mV_13"": 0.2446, ""mV_14"": 0.1655, ""mV_15"": 0.1141, ""mV_16"": 0.1182, ""mV_17"": 0.5277, ""mV_18"": 1.0448, ""mV_19"": 0.9422, ""mV_20"": 0.5433}"
test_0006,13,ok,nie_dotyczy,0.7202856233334233,5–16 kHz,"mV_5,mV_6,mV_7,mV_8,mV_9,mV_10,mV_11,mV_12,mV_13,mV_14,mV_15,mV_16",2.4926200007050103,obniżona,0.0,"Werdykt OK, ale najsilniejsze lokalne odstępstwo występuje w paśmie 5–16 kHz; amplituda jest obniżona.","{""mV_0"": 1.9457, ""mV_1"": 1.7626, ""mV_2"": 1.5091, ""mV_3"": 1.7242, ""mV_4"": 1.9541, ""mV_5"": 2.3211, ""mV_6"": 2.4926, ""mV_7"": 2.4763, ""mV_8"": 2.4077, ""mV_9"": 2.3738, ""mV_10"": 2.4298, ""mV_11"": 2.4452, ""mV_12"": 2.3301, ""mV_13"": 2.1579, ""mV_14"": 2.077, ""mV_15"": 2.0973, ""mV_16"": 2.0908, ""mV_17"": 1.6949, ""mV_18"": 1.1688, ""mV_19"": 1.1259, ""mV_20"": 0.9006}"
test_0006,14,ok,nie_dotyczy,0.8228854073210694,brak,,1.5427935537856616,brak istotnego odchylenia,0.0,Werdykt OK: brak pasma przekraczającego próg anomalii.,"{""mV_0"": 0.6553, ""mV_1"": 0.7473, ""mV_2"": 0.4079, ""mV_3"": 0.1258, ""mV_4"": 0.0684, ""mV_5"": 0.1958, ""mV_6"": 0.5301, ""mV_7"": 0.8311, ""mV_8"": 0.8659, ""mV_9"": 0.7883, ""mV_10"": 0.6801, ""mV_11"": 0.429, ""mV_12"": 0.1838, ""mV_13"": 0.2253, ""mV_14"": 0.3872, ""mV_15"": 0.501, ""mV_16"": 0.943, ""mV_17"": 1.5428, ""mV_18"": 1.4208, ""mV_19"": 0.7552, ""mV_20"": 0.3326}"
test_0006,15,ok,nie_dotyczy,0.7634757673909877,16 kHz,mV_16,2.0711037397756,obniżona,0.0,"Werdykt OK, ale najsilniejsze lokalne odstępstwo występuje w paśmie 16 kHz; amplituda jest obniżona.","{""mV_0"": 0.1498, ""mV_1"": 0.3548, ""mV_2"": 0.6931, ""mV_3"": 0.7495, ""mV_4"": 0.4863, ""mV_5"": 0.2318, ""mV_6"": 0.1053, ""mV_7"": 0.051, ""mV_8"": 0.0462, ""mV_9"": 0.1654, ""mV_10"": 0.3916, ""mV_11"": 0.6018, ""mV_12"": 0.7185, ""mV_13"": 0.8399, ""mV_14"": 1.0724, ""mV_15"": 1.6627, ""mV_16"": 2.0711, ""mV_17"": 1.5326, ""mV_18"": 0.8117, ""mV_19"": 0.5891, ""mV_20"": 0.505}"
test_0006,16,pompa,duze,0.7170300544172371,2–15 kHz,"mV_2,mV_3,mV_4,mV_5,mV_6,mV_7,mV_8,mV_9,mV_10,mV_11,mV_12,mV_13,mV_14,mV_15",10.117054663549435,obniżona,0.9739565048298015,Podejrzenie pompa: najbardziej nietypowe jest pasmo 2–15 kHz; amplituda jest obniżona względem zdrowej referencji.,"{""mV_0"": 1.1001, ""mV_1"": 3.386, ""mV_2"": 7.7833, ""mV_3"": 10.1171, ""mV_4"": 8.1936, ""mV_5"": 6.1378, ""mV_6"": 5.96, ""mV_7"": 6.5394, ""mV_8"": 7.1991, ""mV_9"": 7.6351, ""mV_10"": 7.9533, ""mV_11"": 8.4117, ""mV_12"": 8.8946, ""mV_13"": 8.8686, ""mV_14"": 7.8659, ""mV_15"": 6.3858, ""mV_16"": 4.8351, ""mV_17"": 3.0996, ""mV_18"": 2.423, ""mV_19"": 4.1106, ""mV_20"": 4.6727}"
test_0007,1,ok,nie_dotyczy,0.794047925952841,brak,,1.546566485049082,brak istotnego odchylenia,0.0,Werdykt OK: brak pasma przekraczającego próg anomalii.,"{""mV_0"": 0.626, ""mV_1"": 0.6609, ""mV_2"": 0.3653, ""mV_3"": 0.4348, ""mV_4"": 0.824, ""mV_5"": 1.1483, ""mV_6"": 1.4323, ""mV_7"": 1.5466, ""mV_8"": 1.4145, ""mV_9"": 1.1671, ""mV_10"": 0.7511, ""mV_11"": 0.3021, ""mV_12"": 0.1562, ""mV_13"": 0.3501, ""mV_14"": 0.7526, ""mV_15"": 1.1477, ""mV_16"": 1.306, ""mV_17"": 1.3999, ""mV_18"": 1.5294, ""mV_19"": 1.3974, ""mV_20"": 0.8702}"
test_0007,2,ok,nie_dotyczy,0.7902871365792752,3 kHz,mV_3,2.1888709960134953,obniżona,0.0,"Werdykt OK, ale najsilniejsze lokalne odstępstwo występuje w paśmie 3 kHz; amplituda jest obniżona.","{""mV_0"": 0.1163, ""mV_1"": 0.6044, ""mV_2"": 1.5809, ""mV_3"": 2.1889, ""mV_4"": 1.7442, ""mV_5"": 1.0189, ""mV_6"": 0.5606, ""mV_7"": 0.3342, ""mV_8"": 0.2754, ""mV_9"": 0.252, ""mV_10"": 0.279, ""mV_11"": 0.3179, ""mV_12"": 0.2407, ""mV_13"": 0.1353, ""mV_14"": 0.226, ""mV_15"": 0.631, ""mV_16"": 1.2397, ""mV_17"": 1.5321, ""mV_18"": 1.3127, ""mV_19"": 1.2138, ""mV_20"": 1.0601}"
test_0007,3,ok,nie_dotyczy,0.8174283265079776,brak,,0.9081653308456985,brak istotnego odchylenia,0.0,Werdykt OK: brak pasma przekraczającego próg anomalii.,"{""mV_0"": 0.621, ""mV_1"": 0.6574, ""mV_2"": 0.4356, ""mV_3"": 0.3935, ""mV_4"": 0.4571, ""mV_5"": 0.4814, ""mV_6"": 0.5525, ""mV_7"": 0.5364, ""mV_8"": 0.3932, ""mV_9"": 0.3375, ""mV_10"": 0.3024, ""mV_11"": 0.1621, ""mV_12"": 0.0717, ""mV_13"": 0.0628, ""mV_14"": 0.0918, ""mV_15"": 0.2405, ""mV_16"": 0.4601, ""mV_17"": 0.7131, ""mV_18"": 0.9082, ""mV_19"": 0.7685, ""mV_20"": 0.3592}"
test_0007,4,ok,nie_dotyczy,0.8306487197762484,brak,,1.0456968482978528,brak istotnego odchylenia,0.0,Werdykt OK: brak pasma przekraczającego próg anomalii.,"{""mV_0"": 0.6195, ""mV_1"": 0.7696, ""mV_2"": 0.5457, ""mV_3"": 0.366, ""mV_4"": 0.2926, ""mV_5"": 0.2415, ""mV_6"": 0.1631, ""mV_7"": 0.2166, ""mV_8"": 0.4339, ""mV_9"": 0.5986, ""mV_10"": 0.7102, ""mV_11"": 0.781, ""mV_12"": 0.7408, ""mV_13"": 0.6992, ""mV_14"": 0.7151, ""mV_15"": 0.7763, ""mV_16"": 0.9042, ""mV_17"": 0.9091, ""mV_18"": 0.7514, ""mV_19"": 0.9398, ""mV_20"": 1.0457}"
test_0007,5,ok,nie_dotyczy,0.7834077239042894,17–20 kHz,"mV_17,mV_18,mV_19,mV_20",2.4186688222349586,obniżona,0.0,"Werdykt OK, ale najsilniejsze lokalne odstępstwo występuje w paśmie 17–20 kHz; amplituda jest obniżona.","{""mV_0"": 0.9598, ""mV_1"": 1.3019, ""mV_2"": 1.7033, ""mV_3"": 1.9984, ""mV_4"": 1.7642, ""mV_5"": 1.4248, ""mV_6"": 1.1801, ""mV_7"": 1.0618, ""mV_8"": 1.052, ""mV_9"": 0.9484, ""mV_10"": 0.8191, ""mV_11"": 0.8732, ""mV_12"": 1.0409, ""mV_13"": 1.2381, ""mV_14"": 1.3703, ""mV_15"": 1.3666, ""mV_16"": 1.6537, ""mV_17"": 2.2334, ""mV_18"": 2.3769, ""mV_19"": 2.4187, ""mV_20"": 2.0619}"
test_0007,6,ok,nie_dotyczy,0.7446986523685921,brak,,1.8103946611681876,brak istotnego odchylenia,0.0,Werdykt OK: brak pasma przekraczającego próg anomalii.,"{""mV_0"": 0.1329, ""mV_1"": 0.4083, ""mV_2"": 0.7348, ""mV_3"": 0.8965, ""mV_4"": 0.6024, ""mV_5"": 0.423, ""mV_6"": 0.782, ""mV_7"": 1.1278, ""mV_8"": 1.1709, ""mV_9"": 1.331, ""mV_10"": 1.714, ""mV_11"": 1.8104, ""mV_12"": 1.5025, ""mV_13"": 1.3915, ""mV_14"": 1.8017, ""mV_15"": 1.6033, ""mV_16"": 0.6339, ""mV_17"": 0.1647, ""mV_18"": 0.1276, ""mV_19"": 0.0988, ""mV_20"": 0.0695}"
test_0007,7,ok,nie_dotyczy,0.8092397633768557,brak,,1.9283350310231566,brak istotnego odchylenia,0.0,Werdykt OK: brak pasma przekraczającego próg anomalii.,"{""mV_0"": 0.6177, ""mV_1"": 1.1565, ""mV_2"": 1.7657, ""mV_3"": 1.9283, ""mV_4"": 1.5039, ""mV_5"": 0.9751, ""mV_6"": 0.4405, ""mV_7"": 0.1018, ""mV_8"": 0.0497, ""mV_9"": 0.1966, ""mV_10"": 0.3808, ""mV_11"": 0.2835, ""mV_12"": 0.1811, ""mV_13"": 0.288, ""mV_14"": 0.2953, ""mV_15"": 0.4159, ""mV_16"": 0.9569, ""mV_17"": 1.3496, ""mV_18"": 1.0611, ""mV_19"": 0.7687, ""mV_20"": 0.714}"
test_0007,8,ok,nie_dotyczy,0.8426033669685187,brak,,0.9017002798597582,brak istotnego odchylenia,0.0,Werdykt OK: brak pasma przekraczającego próg anomalii.,"{""mV_0"": 0.0697, ""mV_1"": 0.1853, ""mV_2"": 0.2906, ""mV_3"": 0.2449, ""mV_4"": 0.1393, ""mV_5"": 0.3096, ""mV_6"": 0.684, ""mV_7"": 0.8263, ""mV_8"": 0.7257, ""mV_9"": 0.5628, ""mV_10"": 0.373, ""mV_11"": 0.1998, ""mV_12"": 0.1181, ""mV_13"": 0.2024, ""mV_14"": 0.2607, ""mV_15"": 0.1456, ""mV_16"": 0.1421, ""mV_17"": 0.5028, ""mV_18"": 0.9017, ""mV_19"": 0.8023, ""mV_20"": 0.37}"
test_0007,9,iglica,duze,0.7418171059498467,6–20 kHz,"mV_6,mV_7,mV_8,mV_9,mV_10,mV_11,mV_12,mV_13,mV_14,mV_15,mV_16,mV_17,mV_18,mV_19,mV_20",8.708580034531751,obniżona,0.9843584612942021,Podejrzenie iglica: najbardziej nietypowe jest pasmo 6–20 kHz; amplituda jest obniżona względem zdrowej referencji.,"{""mV_0"": 0.2862, ""mV_1"": 0.5652, ""mV_2"": 0.7578, ""mV_3"": 0.8452, ""mV_4"": 1.2698, ""mV_5"": 2.684, ""mV_6"": 4.9426, ""mV_7"": 6.7673, ""mV_8"": 7.9883, ""mV_9"": 8.7086, ""mV_10"": 8.5006, ""mV_11"": 8.0238, ""mV_12"": 8.0555, ""mV_13"": 8.2867, ""mV_14"": 7.7607, ""mV_15"": 6.3891, ""mV_16"": 5.4879, ""mV_17"": 5.3678, ""mV_18"": 5.4573, ""mV_19"": 6.7893, ""mV_20"": 6.3433}"
test_0007,10,unknown,nie_dotyczy,0.6858165043063637,7–11 kHz,"mV_7,mV_8,mV_9,mV_10,mV_11",10.753808049696765,obniżona,0.5692026041733074,Podejrzenie unknown: najbardziej nietypowe jest pasmo 7–11 kHz; amplituda jest obniżona względem zdrowej referencji.,"{""mV_0"": 3.7261, ""mV_1"": 6.4122, ""mV_2"": 7.4859, ""mV_3"": 6.0618, ""mV_4"": 3.1053, ""mV_5"": 2.0869, ""mV_6"": 4.9506, ""mV_7"": 8.6653, ""mV_8"": 10.4894, ""mV_9"": 10.7538, ""mV_10"": 9.8389, ""mV_11"": 7.5333, ""mV_12"": 4.0694, ""mV_13"": 3.1508, ""mV_14"": 6.4267, ""mV_15"": 9.4757, ""mV_16"": 10.0794, ""mV_17"": 8.9806, ""mV_18"": 7.2994, ""mV_19"": 6.3099, ""mV_20"": 4.4553}"
test_0007,11,ok,nie_dotyczy,0.8031726063168722,brak,,0.6817166833376798,brak istotnego odchylenia,0.0,Werdykt OK: brak pasma przekraczającego próg anomalii.,"{""mV_0"": 0.1301, ""mV_1"": 0.1343, ""mV_2"": 0.1942, ""mV_3"": 0.2835, ""mV_4"": 0.2587, ""mV_5"": 0.1856, ""mV_6"": 0.1733, ""mV_7"": 0.1264, ""mV_8"": 0.0476, ""mV_9"": 0.0249, ""mV_10"": 0.1892, ""mV_11"": 0.5403, ""mV_12"": 0.6817, ""mV_13"": 0.4836, ""mV_14"": 0.2978, ""mV_15"": 0.2362, ""mV_16"": 0.2624, ""mV_17"": 0.3195, ""mV_18"": 0.1853, ""mV_19"": 0.0801, ""mV_20"": 0.1058}"
test_0007,12,ok,nie_dotyczy,0.6832175669245515,16–19 kHz,"mV_16,mV_17,mV_18,mV_19",2.603346079473274,obniżona,0.0,"Werdykt OK, ale najsilniejsze lokalne odstępstwo występuje w paśmie 16–19 kHz; amplituda jest obniżona.","{""mV_0"": 1.2167, ""mV_1"": 1.4431, ""mV_2"": 1.2172, ""mV_3"": 1.0927, ""mV_4"": 1.0216, ""mV_5"": 0.9904, ""mV_6"": 0.9502, ""mV_7"": 1.0426, ""mV_8"": 1.6499, ""mV_9"": 2.4829, ""mV_10"": 2.5394, ""mV_11"": 1.8833, ""mV_12"": 1.4355, ""mV_13"": 1.4412, ""mV_14"": 1.6183, ""mV_15"": 1.938, ""mV_16"": 2.4271, ""mV_17"": 2.6033, ""mV_18"": 2.3086, ""mV_19"": 2.2612, ""mV_20"": 1.921}"
test_0007,13,ok,nie_dotyczy,0.8438466622237835,brak,,1.3796021940615593,brak istotnego odchylenia,0.0,Werdykt OK: brak pasma przekraczającego próg anomalii.,"{""mV_0"": 0.2253, ""mV_1"": 0.3969, ""mV_2"": 0.7229, ""mV_3"": 1.021, ""mV_4"": 1.0625, ""mV_5"": 1.1139, ""mV_6"": 1.3434, ""mV_7"": 1.3796, ""mV_8"": 1.1747, ""mV_9"": 0.9914, ""mV_10"": 0.7742, ""mV_11"": 0.5296, ""mV_12"": 0.4186, ""mV_13"": 0.4695, ""mV_14"": 0.6548, ""mV_15"": 0.7542, ""mV_16"": 0.5721, ""mV_17"": 0.4696, ""mV_18"": 0.7878, ""mV_19"": 1.1176, ""mV_20"": 0.8569}"
test_0007,14,iglica,srednie,0.6854335846046528,0–3 kHz,"mV_0,mV_1,mV_2,mV_3",7.401556062889238,podwyższona,0.0722165399304351,Podejrzenie iglica: najbardziej nietypowe jest pasmo 0–3 kHz; amplituda jest podwyższona względem zdrowej referencji.,"{""mV_0"": 4.0717, ""mV_1"": 6.6235, ""mV_2"": 7.4016, ""mV_3"": 5.8712, ""mV_4"": 2.9599, ""mV_5"": 0.9709, ""mV_6"": 0.9043, ""mV_7"": 1.6052, ""mV_8"": 1.9904, ""mV_9"": 1.8437, ""mV_10"": 1.1023, ""mV_11"": 0.9301, ""mV_12"": 1.1823, ""mV_13"": 2.2096, ""mV_14"": 3.6249, ""mV_15"": 3.7418, ""mV_16"": 4.3244, ""mV_17"": 4.3484, ""mV_18"": 3.0764, ""mV_19"": 2.6223, ""mV_20"": 2.0464}"
test_0007,15,ok,nie_dotyczy,0.8300285970947849,brak,,1.949664744133166,brak istotnego odchylenia,0.0,Werdykt OK: brak pasma przekraczającego próg anomalii.,"{""mV_0"": 0.0253, ""mV_1"": 0.3052, ""mV_2"": 0.9106, ""mV_3"": 1.4138, ""mV_4"": 1.5806, ""mV_5"": 1.7209, ""mV_6"": 1.9497, ""mV_7"": 1.8551, ""mV_8"": 1.5428, ""mV_9"": 1.4772, ""mV_10"": 1.496, ""mV_11"": 1.3308, ""mV_12"": 1.0994, ""mV_13"": 0.9514, ""mV_14"": 0.8862, ""mV_15"": 0.7913, ""mV_16"": 0.6726, ""mV_17"": 0.7466, ""mV_18"": 0.9529, ""mV_19"": 0.7759, ""mV_20"": 0.2636}"
test_0007,16,unknown,nie_dotyczy,0.6992226870055046,5–13 kHz,"mV_5,mV_6,mV_7,mV_8,mV_9,mV_10,mV_11,mV_12,mV_13",15.547599137840944,obniżona,0.821501082251512,Podejrzenie unknown: najbardziej nietypowe jest pasmo 5–13 kHz; amplituda jest obniżona względem zdrowej referencji.,"{""mV_0"": 2.1112, ""mV_1"": 1.4306, ""mV_2"": 1.5653, ""mV_3"": 4.3237, ""mV_4"": 8.2555, ""mV_5"": 11.7157, ""mV_6"": 13.9057, ""mV_7"": 15.0362, ""mV_8"": 15.5416, ""mV_9"": 15.5476, ""mV_10"": 14.8, ""mV_11"": 13.4854, ""mV_12"": 12.0072, ""mV_13"": 9.6998, ""mV_14"": 5.6046, ""mV_15"": 3.8359, ""mV_16"": 5.7399, ""mV_17"": 6.192, ""mV_18"": 7.3514, ""mV_19"": 11.151, ""mV_20"": 10.0624}"
test_0008,1,ok,nie_dotyczy,0.783849596330316,brak,,1.9492922998021989,brak istotnego odchylenia,0.0,Werdykt OK: brak pasma przekraczającego próg anomalii.,"{""mV_0"": 0.9074, ""mV_1"": 0.5681, ""mV_2"": 0.7111, ""mV_3"": 1.7013, ""mV_4"": 1.9493, ""mV_5"": 1.6095, ""mV_6"": 1.3565, ""mV_7"": 1.0255, ""mV_8"": 0.8468, ""mV_9"": 0.7764, ""mV_10"": 0.5625, ""mV_11"": 0.3522, ""mV_12"": 0.2318, ""mV_13"": 0.2154, ""mV_14"": 0.2014, ""mV_15"": 0.2707, ""mV_16"": 0.6994, ""mV_17"": 1.3025, ""mV_18"": 1.4445, ""mV_19"": 0.9872, ""mV_20"": 0.433}"
test_0008,2,iglica,male,0.6848049269327832,7–14 kHz,"mV_7,mV_8,mV_9,mV_10,mV_11,mV_12,mV_13,mV_14",3.066313155210339,obniżona,0.9777127303289267,Podejrzenie iglica: najbardziej nietypowe jest pasmo 7–14 kHz; amplituda jest obniżona względem zdrowej referencji.,"{""mV_0"": 0.0781, ""mV_1"": 0.3585, ""mV_2"": 0.8221, ""mV_3"": 0.8255, ""mV_4"": 0.4291, ""mV_5"": 0.7249, ""mV_6"": 1.5376, ""mV_7"": 2.0528, ""mV_8"": 2.5784, ""mV_9"": 2.8788, ""mV_10"": 2.5323, ""mV_11"": 2.1396, ""mV_12"": 2.2945, ""mV_13"": 2.9717, ""mV_14"": 3.0663, ""mV_15"": 1.9984, ""mV_16"": 1.1722, ""mV_17"": 1.2988, ""mV_18"": 1.6217, ""mV_19"": 2.0049, ""mV_20"": 1.7692}"
test_0008,3,ok,nie_dotyczy,0.8129593033311717,brak,,1.8581747108395228,brak istotnego odchylenia,0.0,Werdykt OK: brak pasma przekraczającego próg anomalii.,"{""mV_0"": 1.3055, ""mV_1"": 1.3311, ""mV_2"": 1.3538, ""mV_3"": 1.8401, ""mV_4"": 1.8582, ""mV_5"": 1.6292, ""mV_6"": 1.6213, ""mV_7"": 1.5718, ""mV_8"": 1.4127, ""mV_9"": 1.1256, ""mV_10"": 0.7526, ""mV_11"": 0.5959, ""mV_12"": 0.6991, ""mV_13"": 0.872, ""mV_14"": 0.9436, ""mV_15"": 1.0273, ""mV_16"": 1.3431, ""mV_17"": 1.6078, ""mV_18"": 1.431, ""mV_19"": 0.9569, ""mV_20"": 0.4573}"
test_0008,4,ok,nie_dotyczy,0.8378067687128052,brak,,1.165982604719405,brak istotnego odchylenia,0.0,Werdykt OK: brak pasma przekraczającego próg anomalii.,"{""mV_0"": 0.4684, ""mV_1"": 1.1143, ""mV_2"": 1.166, ""mV_3"": 0.8443, ""mV_4"": 0.7527, ""mV_5"": 0.5443, ""mV_6"": 0.1691, ""mV_7"": 0.0321, ""mV_8"": 0.0695, ""mV_9"": 0.1313, ""mV_10"": 0.2717, ""mV_11"": 0.3221, ""mV_12"": 0.1999, ""mV_13"": 0.1069, ""mV_14"": 0.0669, ""mV_15"": 0.1241, ""mV_16"": 0.3852, ""mV_17"": 0.6761, ""mV_18"": 0.7132, ""mV_19"": 0.4716, ""mV_20"": 0.1914}"
test_0008,5,ok,nie_dotyczy,0.750661417700364,8–16 kHz,"mV_8,mV_9,mV_10,mV_11,mV_12,mV_13,mV_14,mV_15,mV_16",2.774169734238479,podwyższona,0.0,"Werdykt OK, ale najsilniejsze lokalne odstępstwo występuje w paśmie 8–16 kHz; amplituda jest podwyższona.","{""mV_0"": 1.0136, ""mV_1"": 1.9306, ""mV_2"": 1.7056, ""mV_3"": 0.5755, ""mV_4"": 0.2311, ""mV_5"": 0.7944, ""mV_6"": 1.4295, ""mV_7"": 1.9183, ""mV_8"": 2.1745, ""mV_9"": 2.4003, ""mV_10"": 2.7008, ""mV_11"": 2.7742, ""mV_12"": 2.5742, ""mV_13"": 2.3451, ""mV_14"": 2.2964, ""mV_15"": 2.4204, ""mV_16"": 2.3274, ""mV_17"": 1.7659, ""mV_18"": 1.3329, ""mV_19"": 1.4215, ""mV_20"": 1.2108}"
test_0008,6,ok,nie_dotyczy,0.7916139850592755,11–12 kHz,"mV_11,mV_12",2.140066540260915,podwyższona,0.0,"Werdykt OK, ale najsilniejsze lokalne odstępstwo występuje w paśmie 11–12 kHz; amplituda jest podwyższona.","{""mV_0"": 0.3898, ""mV_1"": 0.9805, ""mV_2"": 1.0633, ""mV_3"": 0.5459, ""mV_4"": 0.3724, ""mV_5"": 0.5159, ""mV_6"": 0.4813, ""mV_7"": 0.481, ""mV_8"": 0.6525, ""mV_9"": 1.0844, ""mV_10"": 1.7213, ""mV_11"": 2.1401, ""mV_12"": 2.0811, ""mV_13"": 1.6072, ""mV_14"": 1.1485, ""mV_15"": 1.0093, ""mV_16"": 1.0016, ""mV_17"": 1.0377, ""mV_18"": 1.2002, ""mV_19"": 1.3816, ""mV_20"": 1.1187}"
test_0008,7,ok,nie_dotyczy,0.8164287253221129,brak,,1.2555563407107864,brak istotnego odchylenia,0.0,Werdykt OK: brak pasma przekraczającego próg anomalii.,"{""mV_0"": 1.1373, ""mV_1"": 1.2556, ""mV_2"": 0.9437, ""mV_3"": 0.679, ""mV_4"": 0.4069, ""mV_5"": 0.2452, ""mV_6"": 0.2316, ""mV_7"": 0.306, ""mV_8"": 0.4725, ""mV_9"": 0.7008, ""mV_10"": 0.8485, ""mV_11"": 0.7714, ""mV_12"": 0.6853, ""mV_13"": 0.7271, ""mV_14"": 0.6127, ""mV_15"": 0.3057, ""mV_16"": 0.1631, ""mV_17"": 0.4275, ""mV_18"": 0.7332, ""mV_19"": 0.6461, ""mV_20"": 0.346}"
test_0008,8,ok,nie_dotyczy,0.7868969236668182,11–12 kHz,"mV_11,mV_12",2.118579587559193,podwyższona,0.0,"Werdykt OK, ale najsilniejsze lokalne odstępstwo występuje w paśmie 11–12 kHz; amplituda jest podwyższona.","{""mV_0"": 0.7559, ""mV_1"": 1.4703, ""mV_2"": 1.4898, ""mV_3"": 1.0847, ""mV_4"": 0.686, ""mV_5"": 0.3498, ""mV_6"": 0.4633, ""mV_7"": 0.8876, ""mV_8"": 1.1285, ""mV_9"": 1.3224, ""mV_10"": 1.6918, ""mV_11"": 2.0348, ""mV_12"": 2.1186, ""mV_13"": 1.9592, ""mV_14"": 1.8007, ""mV_15"": 1.7106, ""mV_16"": 1.5432, ""mV_17"": 1.2725, ""mV_18"": 1.1012, ""mV_19"": 1.1478, ""mV_20"": 0.9174}"
test_0008,9,ok,nie_dotyczy,0.8227776338875842,brak,,1.0969026419992547,brak istotnego odchylenia,0.0,Werdykt OK: brak pasma przekraczającego próg anomalii.,"{""mV_0"": 0.2606, ""mV_1"": 0.2104, ""mV_2"": 0.4841, ""mV_3"": 1.0842, ""mV_4"": 1.0969, ""mV_5"": 0.6924, ""mV_6"": 0.4632, ""mV_7"": 0.3844, ""mV_8"": 0.3848, ""mV_9"": 0.2949, ""mV_10"": 0.1127, ""mV_11"": 0.0591, ""mV_12"": 0.1851, ""mV_13"": 0.4048, ""mV_14"": 0.5107, ""mV_15"": 0.5111, ""mV_16"": 0.5535, ""mV_17"": 0.6189, ""mV_18"": 0.5471, ""mV_19"": 0.2753, ""mV_20"": 0.0675}"
test_0008,10,ok,nie_dotyczy,0.8060678785719531,brak,,1.2976164371545928,brak istotnego odchylenia,0.0,Werdykt OK: brak pasma przekraczającego próg anomalii.,"{""mV_0"": 0.6171, ""mV_1"": 0.491, ""mV_2"": 0.1313, ""mV_3"": 0.1803, ""mV_4"": 0.6345, ""mV_5"": 1.0804, ""mV_6"": 1.2707, ""mV_7"": 1.2435, ""mV_8"": 1.1003, ""mV_9"": 0.9198, ""mV_10"": 0.7894, ""mV_11"": 0.8526, ""mV_12"": 0.8416, ""mV_13"": 0.5585, ""mV_14"": 0.4607, ""mV_15"": 0.8331, ""mV_16"": 1.2976, ""mV_17"": 1.2928, ""mV_18"": 1.0118, ""mV_19"": 1.0954, ""mV_20"": 1.0105}"
test_0008,11,ok,nie_dotyczy,0.7632886433860682,15–17 kHz,"mV_15,mV_16,mV_17",2.5271534881896818,podwyższona,0.0,"Werdykt OK, ale najsilniejsze lokalne odstępstwo występuje w paśmie 15–17 kHz; amplituda jest podwyższona.","{""mV_0"": 0.742, ""mV_1"": 0.9313, ""mV_2"": 0.7925, ""mV_3"": 0.8076, ""mV_4"": 1.1909, ""mV_5"": 1.6234, ""mV_6"": 1.7396, ""mV_7"": 1.5597, ""mV_8"": 1.2752, ""mV_9"": 1.043, ""mV_10"": 0.792, ""mV_11"": 0.5821, ""mV_12"": 0.5486, ""mV_13"": 0.6863, ""mV_14"": 1.2161, ""mV_15"": 2.0581, ""mV_16"": 2.5272, ""mV_17"": 2.0249, ""mV_18"": 1.129, ""mV_19"": 0.929, ""mV_20"": 0.8528}"
test_0008,12,ok,nie_dotyczy,0.7854933015564363,brak,,1.0209013742053261,brak istotnego odchylenia,0.0,Werdykt OK: brak pasma przekraczającego próg anomalii.,"{""mV_0"": 0.9023, ""mV_1"": 1.0209, ""mV_2"": 0.9594, ""mV_3"": 0.965, ""mV_4"": 0.5732, ""mV_5"": 0.255, ""mV_6"": 0.2712, ""mV_7"": 0.3554, ""mV_8"": 0.5245, ""mV_9"": 0.6224, ""mV_10"": 0.5896, ""mV_11"": 0.5771, ""mV_12"": 0.652, ""mV_13"": 0.7686, ""mV_14"": 0.6924, ""mV_15"": 0.3871, ""mV_16"": 0.3806, ""mV_17"": 0.7021, ""mV_18"": 0.7697, ""mV_19"": 0.7249, ""mV_20"": 0.5849}"
test_0008,13,ok,nie_dotyczy,0.5894548689844528,1–3 kHz,"mV_1,mV_2,mV_3",4.523918919265872,podwyższona,0.0,"Werdykt OK, ale najsilniejsze lokalne odstępstwo występuje w paśmie 1–3 kHz; amplituda jest podwyższona.","{""mV_0"": 1.2457, ""mV_1"": 2.7903, ""mV_2"": 4.5239, ""mV_3"": 4.1229, ""mV_4"": 2.1079, ""mV_5"": 1.3084, ""mV_6"": 1.4058, ""mV_7"": 1.4976, ""mV_8"": 1.7088, ""mV_9"": 2.1154, ""mV_10"": 2.5869, ""mV_11"": 2.7046, ""mV_12"": 2.5473, ""mV_13"": 2.3444, ""mV_14"": 2.2868, ""mV_15"": 2.5965, ""mV_16"": 2.7772, ""mV_17"": 2.4759, ""mV_18"": 2.2155, ""mV_19"": 2.2481, ""mV_20"": 1.7464}"
test_0008,14,ok,nie_dotyczy,0.8219305755701274,brak,,1.9570214483219663,brak istotnego odchylenia,0.0,Werdykt OK: brak pasma przekraczającego próg anomalii.,"{""mV_0"": 1.2912, ""mV_1"": 1.4568, ""mV_2"": 1.3005, ""mV_3"": 1.4189, ""mV_4"": 1.4813, ""mV_5"": 1.4059, ""mV_6"": 1.2237, ""mV_7"": 0.9597, ""mV_8"": 0.8652, ""mV_9"": 0.7849, ""mV_10"": 0.4393, ""mV_11"": 0.117, ""mV_12"": 0.1396, ""mV_13"": 0.3694, ""mV_14"": 0.5092, ""mV_15"": 0.7539, ""mV_16"": 1.4001, ""mV_17"": 1.957, ""mV_18"": 1.9495, ""mV_19"": 1.775, ""mV_20"": 1.3064}"
test_0008,15,pompa,male,0.6175909533314023,8–14 kHz,"mV_8,mV_9,mV_10,mV_11,mV_12,mV_13,mV_14",2.9320193349584804,obniżona,0.9610470043652458,Podejrzenie pompa: najbardziej nietypowe jest pasmo 8–14 kHz; amplituda jest obniżona względem zdrowej referencji.,"{""mV_0"": 0.0673, ""mV_1"": 0.2792, ""mV_2"": 1.3152, ""mV_3"": 2.6837, ""mV_4"": 2.5986, ""mV_5"": 1.7406, ""mV_6"": 1.6067, ""mV_7"": 1.9306, ""mV_8"": 2.214, ""mV_9"": 2.34, ""mV_10"": 2.4775, ""mV_11"": 2.7106, ""mV_12"": 2.9046, ""mV_13"": 2.932, ""mV_14"": 2.4285, ""mV_15"": 1.4489, ""mV_16"": 0.6648, ""mV_17"": 0.4567, ""mV_18"": 0.4461, ""mV_19"": 0.3836, ""mV_20"": 0.3726}"
test_0008,16,ok,nie_dotyczy,0.8273292339463704,brak,,1.5152111934682126,brak istotnego odchylenia,0.0,Werdykt OK: brak pasma przekraczającego próg anomalii.,"{""mV_0"": 0.1692, ""mV_1"": 0.3248, ""mV_2"": 0.5077, ""mV_3"": 1.044, ""mV_4"": 1.4571, ""mV_5"": 1.5152, ""mV_6"": 1.4612, ""mV_7"": 1.2757, ""mV_8"": 0.989, ""mV_9"": 0.7525, ""mV_10"": 0.6164, ""mV_11"": 0.6069, ""mV_12"": 0.6965, ""mV_13"": 0.7695, ""mV_14"": 0.9029, ""mV_15"": 1.0545, ""mV_16"": 0.9882, ""mV_17"": 0.7578, ""mV_18"": 0.7725, ""mV_19"": 1.2005, ""mV_20"": 1.2027}"
test_0009,1,ok,nie_dotyczy,0.8355297244142809,brak,,1.5913888951011115,brak istotnego odchylenia,0.0,Werdykt OK: brak pasma przekraczającego próg anomalii.,"{""mV_0"": 1.1658, ""mV_1"": 0.7845, ""mV_2"": 0.1697, ""mV_3"": 0.0934, ""mV_4"": 0.1563, ""mV_5"": 0.3315, ""mV_6"": 0.6365, ""mV_7"": 0.7629, ""mV_8"": 0.6388, ""mV_9"": 0.4803, ""mV_10"": 0.4196, ""mV_11"": 0.483, ""mV_12"": 0.5083, ""mV_13"": 0.5422, ""mV_14"": 0.8091, ""mV_15"": 1.2536, ""mV_16"": 1.5914, ""mV_17"": 1.5844, ""mV_18"": 1.3914, ""mV_19"": 1.2404, ""mV_20"": 0.8467}"
test_0009,2,ok,nie_dotyczy,0.7685004369309064,15–19 kHz,"mV_15,mV_16,mV_17,mV_18,mV_19",2.9894658229314586,podwyższona,0.0,"Werdykt OK, ale najsilniejsze lokalne odstępstwo występuje w paśmie 15–19 kHz; amplituda jest podwyższona.","{""mV_0"": 1.3883, ""mV_1"": 2.0867, ""mV_2"": 2.1378, ""mV_3"": 1.5325, ""mV_4"": 1.4458, ""mV_5"": 1.8348, ""mV_6"": 1.9706, ""mV_7"": 2.1929, ""mV_8"": 2.4753, ""mV_9"": 2.5152, ""mV_10"": 2.2533, ""mV_11"": 1.9468, ""mV_12"": 1.8907, ""mV_13"": 1.9443, ""mV_14"": 1.9717, ""mV_15"": 2.2909, ""mV_16"": 2.8543, ""mV_17"": 2.9895, ""mV_18"": 2.5984, ""mV_19"": 2.1981, ""mV_20"": 1.526}"
test_0009,3,ok,nie_dotyczy,0.7775858630598169,brak,,1.6822710692173746,brak istotnego odchylenia,0.0,Werdykt OK: brak pasma przekraczającego próg anomalii.,"{""mV_0"": 0.0659, ""mV_1"": 0.3808, ""mV_2"": 0.9619, ""mV_3"": 1.2708, ""mV_4"": 1.2472, ""mV_5"": 1.3466, ""mV_6"": 1.5211, ""mV_7"": 1.4018, ""mV_8"": 1.1469, ""mV_9"": 1.0107, ""mV_10"": 0.9511, ""mV_11"": 0.9884, ""mV_12"": 1.1212, ""mV_13"": 1.3856, ""mV_14"": 1.6152, ""mV_15"": 1.5295, ""mV_16"": 1.2505, ""mV_17"": 1.1045, ""mV_18"": 1.3153, ""mV_19"": 1.6823, ""mV_20"": 1.3844}"
test_0009,4,ok,nie_dotyczy,0.8008735807814347,brak,,1.1147408053385714,brak istotnego odchylenia,0.0,Werdykt OK: brak pasma przekraczającego próg anomalii.,"{""mV_0"": 0.3683, ""mV_1"": 0.6637, ""mV_2"": 0.569, ""mV_3"": 0.2782, ""mV_4"": 0.296, ""mV_5"": 0.6454, ""mV_6"": 1.0289, ""mV_7"": 1.0138, ""mV_8"": 0.6488, ""mV_9"": 0.4429, ""mV_10"": 0.444, ""mV_11"": 0.4624, ""mV_12"": 0.5542, ""mV_13"": 0.8795, ""mV_14"": 1.1147, ""mV_15"": 0.8555, ""mV_16"": 0.4048, ""mV_17"": 0.2793, ""mV_18"": 0.4482, ""mV_19"": 0.5377, ""mV_20"": 0.3732}"
test_0009,5,zakoksowany,male,0.6952274653735308,13–19 kHz,"mV_13,mV_14,mV_15,mV_16,mV_17,mV_18,mV_19",4.962345502388167,podwyższona,0.9702886790939598,Podejrzenie zakoksowany: najbardziej nietypowe jest pasmo 13–19 kHz; amplituda jest podwyższona względem zdrowej referencji.,"{""mV_0"": 0.586, ""mV_1"": 0.9252, ""mV_2"": 1.3761, ""mV_3"": 1.7487, ""mV_4"": 1.6419, ""mV_5"": 1.2143, ""mV_6"": 0.6586, ""mV_7"": 0.4489, ""mV_8"": 1.6122, ""mV_9"": 2.8572, ""mV_10"": 2.093, ""mV_11"": 1.2522, ""mV_12"": 1.8988, ""mV_13"": 2.8173, ""mV_14"": 3.6403, ""mV_15"": 4.4795, ""mV_16"": 4.9623, ""mV_17"": 4.7283, ""mV_18"": 3.901, ""mV_19"": 3.2175, ""mV_20"": 2.2963}"
test_0009,6,lejacy,male,0.7261252518501211,6–20 kHz,"mV_6,mV_7,mV_8,mV_9,mV_10,mV_11,mV_12,mV_13,mV_14,mV_15,mV_16,mV_17,mV_18,mV_19,mV_20",9.086287066768364,obniżona,0.9881714090348223,Podejrzenie lejacy: najbardziej nietypowe jest pasmo 6–20 kHz; amplituda jest obniżona względem zdrowej referencji.,"{""mV_0"": 0.6864, ""mV_1"": 0.7689, ""mV_2"": 0.732, ""mV_3"": 1.7254, ""mV_4"": 3.5516, ""mV_5"": 4.8178, ""mV_6"": 5.1965, ""mV_7"": 5.2932, ""mV_8"": 5.5342, ""mV_9"": 5.8846, ""mV_10"": 6.4209, ""mV_11"": 7.3672, ""mV_12"": 8.2198, ""mV_13"": 8.7866, ""mV_14"": 9.0863, ""mV_15"": 8.7089, ""mV_16"": 7.781, ""mV_17"": 6.6585, ""mV_18"": 6.0551, ""mV_19"": 6.5927, ""mV_20"": 5.5149}"
test_0009,7,zakoksowany,srednie,0.756894135221051,13–18 kHz,"mV_13,mV_14,mV_15,mV_16,mV_17,mV_18",6.7041735308359875,podwyższona,0.983475440815995,Podejrzenie zakoksowany: najbardziej nietypowe jest pasmo 13–18 kHz; amplituda jest podwyższona względem zdrowej referencji.,"{""mV_0"": 2.4652, ""mV_1"": 2.3351, ""mV_2"": 1.2109, ""mV_3"": 1.1373, ""mV_4"": 1.2823, ""mV_5"": 0.9049, ""mV_6"": 0.463, ""mV_7"": 0.7237, ""mV_8"": 2.8413, ""mV_9"": 4.8004, ""mV_10"": 3.5086, ""mV_11"": 1.9646, ""mV_12"": 2.7735, ""mV_13"": 4.0051, ""mV_14"": 5.0655, ""mV_15"": 6.2671, ""mV_16"": 6.7042, ""mV_17"": 5.7941, ""mV_18"": 4.2258, ""mV_19"": 3.0291, ""mV_20"": 1.9927}"
test_0009,8,ok,nie_dotyczy,0.7499901513574474,9–11 kHz,"mV_9,mV_10,mV_11",2.337620624593179,obniżona,0.0,"Werdykt OK, ale najsilniejsze lokalne odstępstwo występuje w paśmie 9–11 kHz; amplituda jest obniżona.","{""mV_0"": 1.0005, ""mV_1"": 1.1541, ""mV_2"": 0.7795, ""mV_3"": 0.6067, ""mV_4"": 0.7142, ""mV_5"": 0.9563, ""mV_6"": 1.281, ""mV_7"": 1.4955, ""mV_8"": 1.7147, ""mV_9"": 2.0909, ""mV_10"": 2.3376, ""mV_11"": 2.2776, ""mV_12"": 1.9841, ""mV_13"": 1.7854, ""mV_14"": 1.7683, ""mV_15"": 1.6583, ""mV_16"": 1.3938, ""mV_17"": 1.3363, ""mV_18"": 1.7436, ""mV_19"": 2.0912, ""mV_20"": 1.5972}"
test_0009,9,lejacy,male,0.7257384344402604,5–20 kHz,"mV_5,mV_6,mV_7,mV_8,mV_9,mV_10,mV_11,mV_12,mV_13,mV_14,mV_15,mV_16,mV_17,mV_18,mV_19,mV_20",8.329621439994707,obniżona,0.9908837044654196,Podejrzenie lejacy: najbardziej nietypowe jest pasmo 5–20 kHz; amplituda jest obniżona względem zdrowej referencji.,"{""mV_0"": 0.5348, ""mV_1"": 0.8231, ""mV_2"": 1.1031, ""mV_3"": 2.1266, ""mV_4"": 3.795, ""mV_5"": 4.9562, ""mV_6"": 5.1218, ""mV_7"": 5.0006, ""mV_8"": 5.3084, ""mV_9"": 5.8766, ""mV_10"": 6.5083, ""mV_11"": 7.3245, ""mV_12"": 7.8988, ""mV_13"": 8.173, ""mV_14"": 8.3296, ""mV_15"": 8.0658, ""mV_16"": 7.385, ""mV_17"": 6.47, ""mV_18"": 6.0063, ""mV_19"": 6.606, ""mV_20"": 5.5232}"
test_0009,10,ok,nie_dotyczy,0.7806104614764762,7–10 kHz,"mV_7,mV_8,mV_9,mV_10",2.2945746638591737,podwyższona,0.0,"Werdykt OK, ale najsilniejsze lokalne odstępstwo występuje w paśmie 7–10 kHz; amplituda jest podwyższona.","{""mV_0"": 1.5606, ""mV_1"": 1.5861, ""mV_2"": 1.1431, ""mV_3"": 1.2476, ""mV_4"": 1.5785, ""mV_5"": 1.7884, ""mV_6"": 1.8854, ""mV_7"": 2.0773, ""mV_8"": 2.2946, ""mV_9"": 2.2852, ""mV_10"": 2.0076, ""mV_11"": 1.5755, ""mV_12"": 1.2321, ""mV_13"": 1.0772, ""mV_14"": 1.1582, ""mV_15"": 1.5306, ""mV_16"": 1.9386, ""mV_17"": 2.1156, ""mV_18"": 2.1403, ""mV_19"": 2.2204, ""mV_20"": 1.7628}"
test_0009,11,ok,nie_dotyczy,0.7927693955239556,brak,,0.9240986203408914,brak istotnego odchylenia,0.0,Werdykt OK: brak pasma przekraczającego próg anomalii.,"{""mV_0"": 0.9119, ""mV_1"": 0.867, ""mV_2"": 0.324, ""mV_3"": 0.1444, ""mV_4"": 0.2035, ""mV_5"": 0.1546, ""mV_6"": 0.1787, ""mV_7"": 0.4783, ""mV_8"": 0.7949, ""mV_9"": 0.8563, ""mV_10"": 0.6784, ""mV_11"": 0.4509, ""mV_12"": 0.391, ""mV_13"": 0.349, ""mV_14"": 0.4859, ""mV_15"": 0.8071, ""mV_16"": 0.9059, ""mV_17"": 0.9241, ""mV_18"": 0.7938, ""mV_19"": 0.512, ""mV_20"": 0.2782}"
test_0009,12,ok,nie_dotyczy,0.842952959830023,brak,,0.8655615751178817,brak istotnego odchylenia,0.0,Werdykt OK: brak pasma przekraczającego próg anomalii.,"{""mV_0"": 0.6286, ""mV_1"": 0.6319, ""mV_2"": 0.7593, ""mV_3"": 0.7364, ""mV_4"": 0.2947, ""mV_5"": 0.1018, ""mV_6"": 0.1705, ""mV_7"": 0.3267, ""mV_8"": 0.6083, ""mV_9"": 0.8228, ""mV_10"": 0.8656, ""mV_11"": 0.8238, ""mV_12"": 0.819, ""mV_13"": 0.7703, ""mV_14"": 0.604, ""mV_15"": 0.3907, ""mV_16"": 0.2039, ""mV_17"": 0.2433, ""mV_18"": 0.4708, ""mV_19"": 0.5151, ""mV_20"": 0.2966}"
test_0009,13,ok,nie_dotyczy,0.7990825000181163,brak,,1.3641154189133522,brak istotnego odchylenia,0.0,Werdykt OK: brak pasma przekraczającego próg anomalii.,"{""mV_0"": 0.4566, ""mV_1"": 0.5247, ""mV_2"": 0.9397, ""mV_3"": 1.3641, ""mV_4"": 1.2847, ""mV_5"": 0.9748, ""mV_6"": 0.6455, ""mV_7"": 0.5211, ""mV_8"": 0.5008, ""mV_9"": 0.3007, ""mV_10"": 0.1832, ""mV_11"": 0.2662, ""mV_12"": 0.2495, ""mV_13"": 0.2592, ""mV_14"": 0.4482, ""mV_15"": 0.6777, ""mV_16"": 1.0362, ""mV_17"": 1.2835, ""mV_18"": 1.1356, ""mV_19"": 0.9791, ""mV_20"": 0.7443}"
test_0009,14,ok,nie_dotyczy,0.8332503344814892,brak,,1.0459530714118384,brak istotnego odchylenia,0.0,Werdykt OK: brak pasma przekraczającego próg anomalii.,"{""mV_0"": 0.171, ""mV_1"": 0.3533, ""mV_2"": 0.3167, ""mV_3"": 0.3255, ""mV_4"": 0.339, ""mV_5"": 0.2134, ""mV_6"": 0.0933, ""mV_7"": 0.0909, ""mV_8"": 0.1598, ""mV_9"": 0.1516, ""mV_10"": 0.2206, ""mV_11"": 0.5261, ""mV_12"": 0.793, ""mV_13"": 0.9575, ""mV_14"": 1.046, ""mV_15"": 0.9044, ""mV_16"": 0.5913, ""mV_17"": 0.4602, ""mV_18"": 0.7489, ""mV_19"": 1.0172, ""mV_20"": 0.7624}"
test_0009,15,ok,nie_dotyczy,0.8267424601253162,brak,,1.5528865203486488,brak istotnego odchylenia,0.0,Werdykt OK: brak pasma przekraczającego próg anomalii.,"{""mV_0"": 0.8541, ""mV_1"": 0.7809, ""mV_2"": 0.3789, ""mV_3"": 0.2412, ""mV_4"": 0.4103, ""mV_5"": 0.6976, ""mV_6"": 0.8765, ""mV_7"": 1.0951, ""mV_8"": 1.383, ""mV_9"": 1.5529, ""mV_10"": 1.5089, ""mV_11"": 1.2683, ""mV_12"": 0.9814, ""mV_13"": 0.6393, ""mV_14"": 0.3389, ""mV_15"": 0.3048, ""mV_16"": 0.4751, ""mV_17"": 0.5911, ""mV_18"": 0.5431, ""mV_19"": 0.5744, ""mV_20"": 0.5309}"
test_0009,16,ok,nie_dotyczy,0.8483372315039458,brak,,1.121228715005022,brak istotnego odchylenia,0.0,Werdykt OK: brak pasma przekraczającego próg anomalii.,"{""mV_0"": 0.2151, ""mV_1"": 0.6625, ""mV_2"": 1.1212, ""mV_3"": 1.0842, ""mV_4"": 0.6731, ""mV_5"": 0.4079, ""mV_6"": 0.3697, ""mV_7"": 0.2806, ""mV_8"": 0.1657, ""mV_9"": 0.2431, ""mV_10"": 0.3557, ""mV_11"": 0.2884, ""mV_12"": 0.1548, ""mV_13"": 0.1354, ""mV_14"": 0.2592, ""mV_15"": 0.412, ""mV_16"": 0.5218, ""mV_17"": 0.5731, ""mV_18"": 0.6092, ""mV_19"": 0.598, ""mV_20"": 0.378}"
test_0010,1,ok,nie_dotyczy,0.8052544720483833,brak,,0.8304513455113207,brak istotnego odchylenia,0.0,Werdykt OK: brak pasma przekraczającego próg anomalii.,"{""mV_0"": 0.5083, ""mV_1"": 0.4447, ""mV_2"": 0.1823, ""mV_3"": 0.131, ""mV_4"": 0.2005, ""mV_5"": 0.2001, ""mV_6"": 0.1431, ""mV_7"": 0.1289, ""mV_8"": 0.1794, ""mV_9"": 0.4348, ""mV_10"": 0.7886, ""mV_11"": 0.8305, ""mV_12"": 0.64, ""mV_13"": 0.5013, ""mV_14"": 0.3192, ""mV_15"": 0.2001, ""mV_16"": 0.3034, ""mV_17"": 0.452, ""mV_18"": 0.4952, ""mV_19"": 0.4429, ""mV_20"": 0.3064}"
test_0010,2,unknown,nie_dotyczy,0.7137295326614808,0–6 kHz,"mV_0,mV_1,mV_2,mV_3,mV_4,mV_5,mV_6",8.945500491326133,obniżona,0.23535871819224913,Podejrzenie unknown: najbardziej nietypowe jest pasmo 0–6 kHz; amplituda jest obniżona względem zdrowej referencji.,"{""mV_0"": 5.2152, ""mV_1"": 5.6035, ""mV_2"": 4.9872, ""mV_3"": 6.3223, ""mV_4"": 8.0641, ""mV_5"": 8.9455, ""mV_6"": 6.792, ""mV_7"": 2.3062, ""mV_8"": 0.1581, ""mV_9"": 0.4249, ""mV_10"": 1.4964, ""mV_11"": 3.2443, ""mV_12"": 4.624, ""mV_13"": 4.7724, ""mV_14"": 3.7138, ""mV_15"": 2.7861, ""mV_16"": 3.2251, ""mV_17"": 4.6001, ""mV_18"": 5.9216, ""mV_19"": 6.8402, ""mV_20"": 5.5036}"
test_0010,3,ok,nie_dotyczy,0.8212439264054682,brak,,1.7937399205353646,brak istotnego odchylenia,0.0,Werdykt OK: brak pasma przekraczającego próg anomalii.,"{""mV_0"": 0.8295, ""mV_1"": 1.0885, ""mV_2"": 1.0493, ""mV_3"": 1.0661, ""mV_4"": 1.1653, ""mV_5"": 1.2344, ""mV_6"": 1.1181, ""mV_7"": 0.9515, ""mV_8"": 0.9676, ""mV_9"": 0.9935, ""mV_10"": 0.871, ""mV_11"": 0.8242, ""mV_12"": 0.8484, ""mV_13"": 0.7947, ""mV_14"": 0.872, ""mV_15"": 1.2068, ""mV_16"": 1.6412, ""mV_17"": 1.7937, ""mV_18"": 1.5192, ""mV_19"": 1.3958, ""mV_20"": 1.2022}"
test_0010,4,ok,nie_dotyczy,0.8188539780327782,brak,,1.5755405463114707,brak istotnego odchylenia,0.0,Werdykt OK: brak pasma przekraczającego próg anomalii.,"{""mV_0"": 0.1657, ""mV_1"": 0.3328, ""mV_2"": 0.9689, ""mV_3"": 1.5755, ""mV_4"": 1.3135, ""mV_5"": 0.6407, ""mV_6"": 0.3188, ""mV_7"": 0.3392, ""mV_8"": 0.4631, ""mV_9"": 0.521, ""mV_10"": 0.3688, ""mV_11"": 0.2468, ""mV_12"": 0.291, ""mV_13"": 0.2767, ""mV_14"": 0.1898, ""mV_15"": 0.1293, ""mV_16"": 0.1201, ""mV_17"": 0.1089, ""mV_18"": 0.1821, ""mV_19"": 0.4416, ""mV_20"": 0.4978}"
test_0010,5,ok,nie_dotyczy,0.7971514747926038,brak,,0.6772485573767035,brak istotnego odchylenia,0.0,Werdykt OK: brak pasma przekraczającego próg anomalii.,"{""mV_0"": 0.2126, ""mV_1"": 0.2404, ""mV_2"": 0.2866, ""mV_3"": 0.3408, ""mV_4"": 0.2575, ""mV_5"": 0.2248, ""mV_6"": 0.1915, ""mV_7"": 0.0807, ""mV_8"": 0.0894, ""mV_9"": 0.2641, ""mV_10"": 0.4944, ""mV_11"": 0.5258, ""mV_12"": 0.3338, ""mV_13"": 0.1903, ""mV_14"": 0.1525, ""mV_15"": 0.2998, ""mV_16"": 0.5447, ""mV_17"": 0.6772, ""mV_18"": 0.6283, ""mV_19"": 0.3944, ""mV_20"": 0.1965}"
test_0010,6,unknown,nie_dotyczy,0.685611261932205,9–12 kHz,"mV_9,mV_10,mV_11,mV_12",12.217941354919738,obniżona,0.6735081916630203,Podejrzenie unknown: najbardziej nietypowe jest pasmo 9–12 kHz; amplituda jest obniżona względem zdrowej referencji.,"{""mV_0"": 0.9017, ""mV_1"": 3.3438, ""mV_2"": 5.3047, ""mV_3"": 4.4699, ""mV_4"": 2.3195, ""mV_5"": 1.9054, ""mV_6"": 3.6116, ""mV_7"": 5.4563, ""mV_8"": 6.2067, ""mV_9"": 7.0659, ""mV_10"": 9.7081, ""mV_11"": 12.2179, ""mV_12"": 9.4959, ""mV_13"": 3.4308, ""mV_14"": 0.8816, ""mV_15"": 1.1138, ""mV_16"": 2.2444, ""mV_17"": 4.6025, ""mV_18"": 6.4769, ""mV_19"": 6.9673, ""mV_20"": 5.067}"
test_0010,7,lejacy,duze,0.7054061335346528,3–20 kHz,"mV_3,mV_4,mV_5,mV_6,mV_7,mV_8,mV_9,mV_10,mV_11,mV_12,mV_13,mV_14,mV_15,mV_16,mV_17,mV_18,mV_19,mV_20",16.030016169812846,obniżona,0.9812839640747708,Podejrzenie lejacy: najbardziej nietypowe jest pasmo 3–20 kHz; amplituda jest obniżona względem zdrowej referencji.,"{""mV_0"": 0.9046, ""mV_1"": 3.8006, ""mV_2"": 8.1799, ""mV_3"": 10.4067, ""mV_4"": 10.3198, ""mV_5"": 10.599, ""mV_6"": 10.9377, ""mV_7"": 11.0583, ""mV_8"": 11.7307, ""mV_9"": 12.5366, ""mV_10"": 13.3001, ""mV_11"": 14.2975, ""mV_12"": 15.0596, ""mV_13"": 15.4238, ""mV_14"": 15.716, ""mV_15"": 16.03, ""mV_16"": 15.91, ""mV_17"": 14.4662, ""mV_18"": 13.1185, ""mV_19"": 14.125, ""mV_20"": 11.8717}"
test_0010,8,iglica,srednie,0.8000713064353349,7–16 kHz,"mV_7,mV_8,mV_9,mV_10,mV_11,mV_12,mV_13,mV_14,mV_15,mV_16",5.088825337153249,obniżona,0.9800171416491312,Podejrzenie iglica: najbardziej nietypowe jest pasmo 7–16 kHz; amplituda jest obniżona względem zdrowej referencji.,"{""mV_0"": 0.1018, ""mV_1"": 0.5975, ""mV_2"": 1.2956, ""mV_3"": 1.1425, ""mV_4"": 0.7436, ""mV_5"": 1.4323, ""mV_6"": 2.7285, ""mV_7"": 3.447, ""mV_8"": 4.1198, ""mV_9"": 4.9297, ""mV_10"": 4.9544, ""mV_11"": 4.3791, ""mV_12"": 4.1038, ""mV_13"": 4.6982, ""mV_14"": 5.0888, ""mV_15"": 4.0938, ""mV_16"": 2.9977, ""mV_17"": 2.6942, ""mV_18"": 2.6882, ""mV_19"": 3.3652, ""mV_20"": 3.174}"
test_0010,9,ok,nie_dotyczy,0.7442673737956725,16–18 kHz,"mV_16,mV_17,mV_18",2.4944361674813837,podwyższona,0.0,"Werdykt OK, ale najsilniejsze lokalne odstępstwo występuje w paśmie 16–18 kHz; amplituda jest podwyższona.","{""mV_0"": 0.5378, ""mV_1"": 1.4717, ""mV_2"": 2.2198, ""mV_3"": 1.7831, ""mV_4"": 1.6445, ""mV_5"": 1.9403, ""mV_6"": 1.7546, ""mV_7"": 1.506, ""mV_8"": 1.3087, ""mV_9"": 1.1022, ""mV_10"": 0.9692, ""mV_11"": 1.0226, ""mV_12"": 1.1072, ""mV_13"": 1.0559, ""mV_14"": 1.1692, ""mV_15"": 1.6317, ""mV_16"": 2.2374, ""mV_17"": 2.4944, ""mV_18"": 2.1677, ""mV_19"": 1.7752, ""mV_20"": 1.261}"
test_0010,10,ok,nie_dotyczy,0.7878653554401982,16–18 kHz,"mV_16,mV_17,mV_18",2.738900528177501,podwyższona,0.0,"Werdykt OK, ale najsilniejsze lokalne odstępstwo występuje w paśmie 16–18 kHz; amplituda jest podwyższona.","{""mV_0"": 0.1967, ""mV_1"": 0.4047, ""mV_2"": 1.1118, ""mV_3"": 1.8648, ""mV_4"": 2.2638, ""mV_5"": 2.356, ""mV_6"": 2.0752, ""mV_7"": 1.722, ""mV_8"": 1.5139, ""mV_9"": 1.3315, ""mV_10"": 1.0482, ""mV_11"": 0.8696, ""mV_12"": 0.9312, ""mV_13"": 1.0209, ""mV_14"": 1.1552, ""mV_15"": 1.5678, ""mV_16"": 2.2909, ""mV_17"": 2.7389, ""mV_18"": 2.3964, ""mV_19"": 1.769, ""mV_20"": 1.1314}"
test_0010,11,ok,nie_dotyczy,0.8521124250651355,brak,,1.473350993846522,brak istotnego odchylenia,0.0,Werdykt OK: brak pasma przekraczającego próg anomalii.,"{""mV_0"": 0.1726, ""mV_1"": 0.4305, ""mV_2"": 1.0496, ""mV_3"": 1.4734, ""mV_4"": 1.1066, ""mV_5"": 0.5219, ""mV_6"": 0.2937, ""mV_7"": 0.2782, ""mV_8"": 0.2148, ""mV_9"": 0.1825, ""mV_10"": 0.312, ""mV_11"": 0.4659, ""mV_12"": 0.6026, ""mV_13"": 0.5791, ""mV_14"": 0.3693, ""mV_15"": 0.2186, ""mV_16"": 0.1372, ""mV_17"": 0.115, ""mV_18"": 0.1559, ""mV_19"": 0.1755, ""mV_20"": 0.116}"
test_0010,12,ok,nie_dotyczy,0.8386573138915246,brak,,1.6935574006518412,brak istotnego odchylenia,0.0,Werdykt OK: brak pasma przekraczającego próg anomalii.,"{""mV_0"": 0.3143, ""mV_1"": 0.6291, ""mV_2"": 0.5803, ""mV_3"": 0.2555, ""mV_4"": 0.2268, ""mV_5"": 0.5025, ""mV_6"": 0.6597, ""mV_7"": 0.6266, ""mV_8"": 0.6346, ""mV_9"": 0.7988, ""mV_10"": 0.9824, ""mV_11"": 1.1381, ""mV_12"": 1.2322, ""mV_13"": 1.1285, ""mV_14"": 0.8863, ""mV_15"": 0.6806, ""mV_16"": 0.8392, ""mV_17"": 1.3649, ""mV_18"": 1.6936, ""mV_19"": 1.5551, ""mV_20"": 0.9859}"
test_0010,13,ok,nie_dotyczy,0.8142457743173269,brak,,1.336146032917116,brak istotnego odchylenia,0.0,Werdykt OK: brak pasma przekraczającego próg anomalii.,"{""mV_0"": 0.5779, ""mV_1"": 0.5078, ""mV_2"": 0.2027, ""mV_3"": 0.1224, ""mV_4"": 0.2202, ""mV_5"": 0.4498, ""mV_6"": 0.8068, ""mV_7"": 1.1257, ""mV_8"": 1.25, ""mV_9"": 1.2806, ""mV_10"": 1.3361, ""mV_11"": 1.2104, ""mV_12"": 0.915, ""mV_13"": 0.7061, ""mV_14"": 0.5795, ""mV_15"": 0.576, ""mV_16"": 0.5476, ""mV_17"": 0.3387, ""mV_18"": 0.2091, ""mV_19"": 0.2222, ""mV_20"": 0.1835}"
test_0010,14,ok,nie_dotyczy,0.8239968212800198,brak,,0.867698922734689,brak istotnego odchylenia,0.0,Werdykt OK: brak pasma przekraczającego próg anomalii.,"{""mV_0"": 0.2794, ""mV_1"": 0.4477, ""mV_2"": 0.4012, ""mV_3"": 0.2325, ""mV_4"": 0.1788, ""mV_5"": 0.2258, ""mV_6"": 0.1328, ""mV_7"": 0.0307, ""mV_8"": 0.0291, ""mV_9"": 0.0338, ""mV_10"": 0.039, ""mV_11"": 0.0534, ""mV_12"": 0.191, ""mV_13"": 0.4683, ""mV_14"": 0.7009, ""mV_15"": 0.8515, ""mV_16"": 0.8677, ""mV_17"": 0.7082, ""mV_18"": 0.4763, ""mV_19"": 0.2022, ""mV_20"": 0.0326}"
test_0010,15,ok,nie_dotyczy,0.7841655730021575,14–16 kHz,"mV_14,mV_15,mV_16",2.3723783199680355,obniżona,0.0,"Werdykt OK, ale najsilniejsze lokalne odstępstwo występuje w paśmie 14–16 kHz; amplituda jest obniżona.","{""mV_0"": 1.3205, ""mV_1"": 1.5311, ""mV_2"": 1.7079, ""mV_3"": 2.0533, ""mV_4"": 2.0078, ""mV_5"": 1.8453, ""mV_6"": 1.8232, ""mV_7"": 1.7796, ""mV_8"": 1.684, ""mV_9"": 1.727, ""mV_10"": 1.8658, ""mV_11"": 1.8501, ""mV_12"": 1.7521, ""mV_13"": 1.8674, ""mV_14"": 2.1666, ""mV_15"": 2.3724, ""mV_16"": 2.1375, ""mV_17"": 1.551, ""mV_18"": 1.2825, ""mV_19"": 1.5103, ""mV_20"": 1.3144}"
test_0010,16,ok,nie_dotyczy,0.8047528486144477,brak,,1.6255077019660762,brak istotnego odchylenia,0.0,Werdykt OK: brak pasma przekraczającego próg anomalii.,"{""mV_0"": 0.3339, ""mV_1"": 0.3802, ""mV_2"": 0.3878, ""mV_3"": 0.7307, ""mV_4"": 1.2896, ""mV_5"": 1.6255, ""mV_6"": 1.4473, ""mV_7"": 1.0063, ""mV_8"": 0.7594, ""mV_9"": 0.663, ""mV_10"": 0.5216, ""mV_11"": 0.4615, ""mV_12"": 0.4153, ""mV_13"": 0.2114, ""mV_14"": 0.0689, ""mV_15"": 0.1992, ""mV_16"": 0.6853, ""mV_17"": 1.2171, ""mV_18"": 1.2444, ""mV_19"": 1.0357, ""mV_20"": 0.7786}"
test_0011,1,ok,nie_dotyczy,0.7890204640266791,4–7 kHz,"mV_4,mV_5,mV_6,mV_7",2.1443104561644892,obniżona,0.0,"Werdykt OK, ale najsilniejsze lokalne odstępstwo występuje w paśmie 4–7 kHz; amplituda jest obniżona.","{""mV_0"": 0.4097, ""mV_1"": 0.517, ""mV_2"": 0.9848, ""mV_3"": 1.6963, ""mV_4"": 2.0282, ""mV_5"": 2.1276, ""mV_6"": 2.1443, ""mV_7"": 2.0159, ""mV_8"": 1.8553, ""mV_9"": 1.5418, ""mV_10"": 1.1132, ""mV_11"": 0.9954, ""mV_12"": 1.0677, ""mV_13"": 1.0374, ""mV_14"": 1.0016, ""mV_15"": 1.1029, ""mV_16"": 1.1992, ""mV_17"": 0.9116, ""mV_18"": 0.6478, ""mV_19"": 1.0143, ""mV_20"": 1.0908}"
test_0011,2,ok,nie_dotyczy,0.8207772534815094,brak,,1.6904829401524466,brak istotnego odchylenia,0.0,Werdykt OK: brak pasma przekraczającego próg anomalii.,"{""mV_0"": 1.0143, ""mV_1"": 1.1829, ""mV_2"": 0.8921, ""mV_3"": 0.5535, ""mV_4"": 0.506, ""mV_5"": 0.9303, ""mV_6"": 1.3911, ""mV_7"": 1.5923, ""mV_8"": 1.6905, ""mV_9"": 1.5963, ""mV_10"": 1.2793, ""mV_11"": 1.0747, ""mV_12"": 0.9294, ""mV_13"": 0.7829, ""mV_14"": 0.7994, ""mV_15"": 0.9426, ""mV_16"": 0.9535, ""mV_17"": 0.6624, ""mV_18"": 0.4528, ""mV_19"": 0.4228, ""mV_20"": 0.2402}"
test_0011,3,ok,nie_dotyczy,0.7866039804753097,3–5 kHz,"mV_3,mV_4,mV_5",2.4274460975375103,podwyższona,0.0,"Werdykt OK, ale najsilniejsze lokalne odstępstwo występuje w paśmie 3–5 kHz; amplituda jest podwyższona.","{""mV_0"": 0.4531, ""mV_1"": 0.8112, ""mV_2"": 1.4597, ""mV_3"": 2.2385, ""mV_4"": 2.4274, ""mV_5"": 2.0628, ""mV_6"": 1.6854, ""mV_7"": 1.3639, ""mV_8"": 1.0653, ""mV_9"": 1.1747, ""mV_10"": 1.6208, ""mV_11"": 1.6509, ""mV_12"": 1.4631, ""mV_13"": 1.6, ""mV_14"": 1.8107, ""mV_15"": 1.6652, ""mV_16"": 1.2129, ""mV_17"": 0.9834, ""mV_18"": 1.1463, ""mV_19"": 1.4672, ""mV_20"": 1.2749}"
test_0011,4,ok,nie_dotyczy,0.8199291085981824,brak,,0.6582091677436059,brak istotnego odchylenia,0.0,Werdykt OK: brak pasma przekraczającego próg anomalii.,"{""mV_0"": 0.3645, ""mV_1"": 0.4209, ""mV_2"": 0.6481, ""mV_3"": 0.6582, ""mV_4"": 0.2865, ""mV_5"": 0.136, ""mV_6"": 0.1783, ""mV_7"": 0.1373, ""mV_8"": 0.1116, ""mV_9"": 0.2058, ""mV_10"": 0.2643, ""mV_11"": 0.2298, ""mV_12"": 0.2127, ""mV_13"": 0.1757, ""mV_14"": 0.1926, ""mV_15"": 0.3424, ""mV_16"": 0.3629, ""mV_17"": 0.3275, ""mV_18"": 0.4399, ""mV_19"": 0.3838, ""mV_20"": 0.1723}"
test_0011,5,ok,nie_dotyczy,0.8518293620761437,brak,,1.220573430195635,brak istotnego odchylenia,0.0,Werdykt OK: brak pasma przekraczającego próg anomalii.,"{""mV_0"": 0.4599, ""mV_1"": 0.5095, ""mV_2"": 0.5023, ""mV_3"": 0.57, ""mV_4"": 0.6821, ""mV_5"": 0.9743, ""mV_6"": 1.2073, ""mV_7"": 1.2206, ""mV_8"": 1.1221, ""mV_9"": 0.7529, ""mV_10"": 0.2537, ""mV_11"": 0.0429, ""mV_12"": 0.0377, ""mV_13"": 0.0286, ""mV_14"": 0.0541, ""mV_15"": 0.2362, ""mV_16"": 0.4941, ""mV_17"": 0.5478, ""mV_18"": 0.4218, ""mV_19"": 0.2653, ""mV_20"": 0.1077}"
test_0011,6,ok,nie_dotyczy,0.8147020244373265,brak,,1.4005039269331228,brak istotnego odchylenia,0.0,Werdykt OK: brak pasma przekraczającego próg anomalii.,"{""mV_0"": 0.5064, ""mV_1"": 0.4707, ""mV_2"": 0.4445, ""mV_3"": 0.9741, ""mV_4"": 1.4005, ""mV_5"": 1.1996, ""mV_6"": 0.7115, ""mV_7"": 0.3004, ""mV_8"": 0.1062, ""mV_9"": 0.2875, ""mV_10"": 0.6077, ""mV_11"": 0.5313, ""mV_12"": 0.2126, ""mV_13"": 0.0689, ""mV_14"": 0.061, ""mV_15"": 0.0876, ""mV_16"": 0.2472, ""mV_17"": 0.5034, ""mV_18"": 0.5062, ""mV_19"": 0.2817, ""mV_20"": 0.1576}"
test_0011,7,ok,nie_dotyczy,0.8143375268781683,brak,,1.8175418635665717,brak istotnego odchylenia,0.0,Werdykt OK: brak pasma przekraczającego próg anomalii.,"{""mV_0"": 0.859, ""mV_1"": 1.2149, ""mV_2"": 1.1622, ""mV_3"": 1.051, ""mV_4"": 1.0247, ""mV_5"": 0.8835, ""mV_6"": 0.6156, ""mV_7"": 0.4899, ""mV_8"": 0.6134, ""mV_9"": 1.1036, ""mV_10"": 1.7038, ""mV_11"": 1.786, ""mV_12"": 1.5654, ""mV_13"": 1.6088, ""mV_14"": 1.8175, ""mV_15"": 1.6399, ""mV_16"": 1.0308, ""mV_17"": 0.7022, ""mV_18"": 0.8726, ""mV_19"": 1.1015, ""mV_20"": 0.8788}"
test_0011,8,ok,nie_dotyczy,0.7726600253633698,brak,,1.425930567855776,brak istotnego odchylenia,0.0,Werdykt OK: brak pasma przekraczającego próg anomalii.,"{""mV_0"": 0.0624, ""mV_1"": 0.1273, ""mV_2"": 0.3345, ""mV_3"": 0.7433, ""mV_4"": 0.9391, ""mV_5"": 0.6837, ""mV_6"": 0.3127, ""mV_7"": 0.168, ""mV_8"": 0.1619, ""mV_9"": 0.2185, ""mV_10"": 0.3212, ""mV_11"": 0.2271, ""mV_12"": 0.0995, ""mV_13"": 0.4449, ""mV_14"": 1.1865, ""mV_15"": 1.4259, ""mV_16"": 1.0439, ""mV_17"": 0.8833, ""mV_18"": 0.7616, ""mV_19"": 0.3917, ""mV_20"": 0.1746}"
test_0011,9,ok,nie_dotyczy,0.844210948112045,brak,,1.7544785819924276,brak istotnego odchylenia,0.0,Werdykt OK: brak pasma przekraczającego próg anomalii.,"{""mV_0"": 0.201, ""mV_1"": 0.2184, ""mV_2"": 0.1747, ""mV_3"": 0.1318, ""mV_4"": 0.0818, ""mV_5"": 0.0934, ""mV_6"": 0.1497, ""mV_7"": 0.2126, ""mV_8"": 0.1992, ""mV_9"": 0.351, ""mV_10"": 0.8706, ""mV_11"": 1.3743, ""mV_12"": 1.6826, ""mV_13"": 1.7545, ""mV_14"": 1.4912, ""mV_15"": 0.9334, ""mV_16"": 0.3516, ""mV_17"": 0.1311, ""mV_18"": 0.1653, ""mV_19"": 0.4335, ""mV_20"": 0.6373}"
test_0011,10,ok,nie_dotyczy,0.8317774025225387,brak,,1.952320997950787,brak istotnego odchylenia,0.0,Werdykt OK: brak pasma przekraczającego próg anomalii.,"{""mV_0"": 0.3899, ""mV_1"": 0.5657, ""mV_2"": 0.777, ""mV_3"": 1.0767, ""mV_4"": 1.1158, ""mV_5"": 0.7561, ""mV_6"": 0.354, ""mV_7"": 0.2654, ""mV_8"": 0.4416, ""mV_9"": 0.9483, ""mV_10"": 1.6481, ""mV_11"": 1.9523, ""mV_12"": 1.8863, ""mV_13"": 1.778, ""mV_14"": 1.6614, ""mV_15"": 1.3278, ""mV_16"": 0.7439, ""mV_17"": 0.3169, ""mV_18"": 0.226, ""mV_19"": 0.4573, ""mV_20"": 0.5742}"
test_0011,11,lejacy,srednie,0.7285285452878146,5–20 kHz,"mV_5,mV_6,mV_7,mV_8,mV_9,mV_10,mV_11,mV_12,mV_13,mV_14,mV_15,mV_16,mV_17,mV_18,mV_19,mV_20",8.517190273764568,obniżona,0.9827379580764313,Podejrzenie lejacy: najbardziej nietypowe jest pasmo 5–20 kHz; amplituda jest obniżona względem zdrowej referencji.,"{""mV_0"": 0.5142, ""mV_1"": 1.0567, ""mV_2"": 1.2953, ""mV_3"": 1.9135, ""mV_4"": 3.6527, ""mV_5"": 5.1174, ""mV_6"": 5.642, ""mV_7"": 6.0514, ""mV_8"": 6.6319, ""mV_9"": 6.9742, ""mV_10"": 7.2117, ""mV_11"": 7.9558, ""mV_12"": 8.4973, ""mV_13"": 8.5172, ""mV_14"": 8.4065, ""mV_15"": 7.965, ""mV_16"": 7.6637, ""mV_17"": 7.399, ""mV_18"": 7.0894, ""mV_19"": 7.6255, ""mV_20"": 6.2676}"
test_0011,12,ok,nie_dotyczy,0.7891749531831966,brak,,1.9314534899548785,brak istotnego odchylenia,0.0,Werdykt OK: brak pasma przekraczającego próg anomalii.,"{""mV_0"": 1.3312, ""mV_1"": 1.3222, ""mV_2"": 1.0389, ""mV_3"": 1.1584, ""mV_4"": 1.4449, ""mV_5"": 1.7403, ""mV_6"": 1.8817, ""mV_7"": 1.8844, ""mV_8"": 1.9315, ""mV_9"": 1.8936, ""mV_10"": 1.7019, ""mV_11"": 1.6296, ""mV_12"": 1.5716, ""mV_13"": 1.3732, ""mV_14"": 1.1605, ""mV_15"": 1.0142, ""mV_16"": 0.9346, ""mV_17"": 0.7557, ""mV_18"": 0.6412, ""mV_19"": 0.6818, ""mV_20"": 0.4442}"
test_0011,13,ok,nie_dotyczy,0.8177865514320174,brak,,1.3049396155480675,brak istotnego odchylenia,0.0,Werdykt OK: brak pasma przekraczającego próg anomalii.,"{""mV_0"": 0.8052, ""mV_1"": 0.7507, ""mV_2"": 0.3492, ""mV_3"": 0.1401, ""mV_4"": 0.2046, ""mV_5"": 0.6095, ""mV_6"": 1.034, ""mV_7"": 1.2506, ""mV_8"": 1.3049, ""mV_9"": 1.072, ""mV_10"": 0.7846, ""mV_11"": 0.7354, ""mV_12"": 0.6177, ""mV_13"": 0.3189, ""mV_14"": 0.1923, ""mV_15"": 0.2054, ""mV_16"": 0.1589, ""mV_17"": 0.1648, ""mV_18"": 0.1963, ""mV_19"": 0.1887, ""mV_20"": 0.1373}"
test_0011,14,iglica,duze,0.7657359738074265,6–20 kHz,"mV_6,mV_7,mV_8,mV_9,mV_10,mV_11,mV_12,mV_13,mV_14,mV_15,mV_16,mV_17,mV_18,mV_19,mV_20",8.019538533931083,obniżona,0.9830521979854269,Podejrzenie iglica: najbardziej nietypowe jest pasmo 6–20 kHz; amplituda jest obniżona względem zdrowej referencji.,"{""mV_0"": 0.1202, ""mV_1"": 0.6687, ""mV_2"": 1.6538, ""mV_3"": 1.895, ""mV_4"": 1.4657, ""mV_5"": 2.7411, ""mV_6"": 5.0647, ""mV_7"": 6.2522, ""mV_8"": 7.2627, ""mV_9"": 8.0195, ""mV_10"": 7.5648, ""mV_11"": 6.9513, ""mV_12"": 6.8956, ""mV_13"": 7.5418, ""mV_14"": 7.7839, ""mV_15"": 6.3309, ""mV_16"": 4.9979, ""mV_17"": 4.8993, ""mV_18"": 5.0992, ""mV_19"": 5.9022, ""mV_20"": 5.1421}"
test_0011,15,ok,nie_dotyczy,0.829273920679801,brak,,1.0471251252812595,brak istotnego odchylenia,0.0,Werdykt OK: brak pasma przekraczającego próg anomalii.,"{""mV_0"": 0.3084, ""mV_1"": 0.3051, ""mV_2"": 0.2315, ""mV_3"": 0.358, ""mV_4"": 0.3816, ""mV_5"": 0.1878, ""mV_6"": 0.0417, ""mV_7"": 0.0283, ""mV_8"": 0.074, ""mV_9"": 0.1926, ""mV_10"": 0.3441, ""mV_11"": 0.3426, ""mV_12"": 0.3172, ""mV_13"": 0.4922, ""mV_14"": 0.8548, ""mV_15"": 1.0471, ""mV_16"": 0.8428, ""mV_17"": 0.6422, ""mV_18"": 0.5394, ""mV_19"": 0.4905, ""mV_20"": 0.4191}"
test_0011,16,ok,nie_dotyczy,0.8277086694385568,brak,,0.9154103105100934,brak istotnego odchylenia,0.0,Werdykt OK: brak pasma przekraczającego próg anomalii.,"{""mV_0"": 0.1041, ""mV_1"": 0.2307, ""mV_2"": 0.2948, ""mV_3"": 0.3375, ""mV_4"": 0.2117, ""mV_5"": 0.1054, ""mV_6"": 0.2737, ""mV_7"": 0.4883, ""mV_8"": 0.5314, ""mV_9"": 0.5946, ""mV_10"": 0.6669, ""mV_11"": 0.4185, ""mV_12"": 0.1348, ""mV_13"": 0.1743, ""mV_14"": 0.3453, ""mV_15"": 0.3401, ""mV_16"": 0.3149, ""mV_17"": 0.6653, ""mV_18"": 0.9154, ""mV_19"": 0.6181, ""mV_20"": 0.2457}"
test_0012,1,ok,nie_dotyczy,0.8404813739764827,brak,,1.1214501320519705,brak istotnego odchylenia,0.0,Werdykt OK: brak pasma przekraczającego próg anomalii.,"{""mV_0"": 0.779, ""mV_1"": 0.9093, ""mV_2"": 0.6122, ""mV_3"": 0.3725, ""mV_4"": 0.1994, ""mV_5"": 0.0922, ""mV_6"": 0.0844, ""mV_7"": 0.1178, ""mV_8"": 0.1798, ""mV_9"": 0.227, ""mV_10"": 0.3158, ""mV_11"": 0.6499, ""mV_12"": 0.9435, ""mV_13"": 1.0082, ""mV_14"": 1.1215, ""mV_15"": 1.0416, ""mV_16"": 0.6588, ""mV_17"": 0.3415, ""mV_18"": 0.2811, ""mV_19"": 0.3313, ""mV_20"": 0.2071}"
test_0012,2,ok,nie_dotyczy,0.809926178236597,brak,,1.7161276426182657,brak istotnego odchylenia,0.0,Werdykt OK: brak pasma przekraczającego próg anomalii.,"{""mV_0"": 0.0829, ""mV_1"": 0.3192, ""mV_2"": 1.0128, ""mV_3"": 1.7161, ""mV_4"": 1.6235, ""mV_5"": 1.1615, ""mV_6"": 0.9177, ""mV_7"": 0.8732, ""mV_8"": 0.8329, ""mV_9"": 0.5635, ""mV_10"": 0.2393, ""mV_11"": 0.1763, ""mV_12"": 0.3795, ""mV_13"": 0.5999, ""mV_14"": 0.625, ""mV_15"": 0.5297, ""mV_16"": 0.6215, ""mV_17"": 0.9243, ""mV_18"": 0.9776, ""mV_19"": 0.6089, ""mV_20"": 0.2051}"
test_0012,3,ok,nie_dotyczy,0.8329079783899791,brak,,1.1902816716946296,brak istotnego odchylenia,0.0,Werdykt OK: brak pasma przekraczającego próg anomalii.,"{""mV_0"": 0.3628, ""mV_1"": 0.5208, ""mV_2"": 0.8822, ""mV_3"": 1.1903, ""mV_4"": 0.8313, ""mV_5"": 0.3446, ""mV_6"": 0.1501, ""mV_7"": 0.0465, ""mV_8"": 0.0868, ""mV_9"": 0.3286, ""mV_10"": 0.5564, ""mV_11"": 0.5354, ""mV_12"": 0.3021, ""mV_13"": 0.1704, ""mV_14"": 0.4088, ""mV_15"": 0.8435, ""mV_16"": 1.063, ""mV_17"": 1.0627, ""mV_18"": 0.8584, ""mV_19"": 0.5866, ""mV_20"": 0.4646}"
test_0012,4,ok,nie_dotyczy,0.8322570234631096,brak,,1.1497108116017574,brak istotnego odchylenia,0.0,Werdykt OK: brak pasma przekraczającego próg anomalii.,"{""mV_0"": 1.1497, ""mV_1"": 1.09, ""mV_2"": 0.4093, ""mV_3"": 0.0519, ""mV_4"": 0.0471, ""mV_5"": 0.1591, ""mV_6"": 0.3231, ""mV_7"": 0.5355, ""mV_8"": 0.8278, ""mV_9"": 1.0781, ""mV_10"": 1.0202, ""mV_11"": 0.8988, ""mV_12"": 1.037, ""mV_13"": 1.1007, ""mV_14"": 0.9009, ""mV_15"": 0.8413, ""mV_16"": 1.0334, ""mV_17"": 1.0963, ""mV_18"": 0.7822, ""mV_19"": 0.325, ""mV_20"": 0.1053}"
test_0012,5,ok,nie_dotyczy,0.8576528878323546,brak,,1.344695245706333,brak istotnego odchylenia,0.0,Werdykt OK: brak pasma przekraczającego próg anomalii.,"{""mV_0"": 0.6627, ""mV_1"": 0.6417, ""mV_2"": 0.4432, ""mV_3"": 0.4889, ""mV_4"": 0.6929, ""mV_5"": 0.7819, ""mV_6"": 0.7871, ""mV_7"": 0.8257, ""mV_8"": 0.9515, ""mV_9"": 1.215, ""mV_10"": 1.3447, ""mV_11"": 1.1976, ""mV_12"": 0.9368, ""mV_13"": 0.6983, ""mV_14"": 0.4208, ""mV_15"": 0.149, ""mV_16"": 0.0647, ""mV_17"": 0.1356, ""mV_18"": 0.3607, ""mV_19"": 0.7226, ""mV_20"": 0.7271}"
test_0012,6,ok,nie_dotyczy,0.8084418569522794,brak,,1.0504076269244595,brak istotnego odchylenia,0.0,Werdykt OK: brak pasma przekraczającego próg anomalii.,"{""mV_0"": 0.0197, ""mV_1"": 0.1002, ""mV_2"": 0.159, ""mV_3"": 0.2039, ""mV_4"": 0.4196, ""mV_5"": 0.6619, ""mV_6"": 0.7041, ""mV_7"": 0.5489, ""mV_8"": 0.3073, ""mV_9"": 0.2501, ""mV_10"": 0.5858, ""mV_11"": 1.0273, ""mV_12"": 1.0504, ""mV_13"": 0.6206, ""mV_14"": 0.2282, ""mV_15"": 0.1096, ""mV_16"": 0.1024, ""mV_17"": 0.0877, ""mV_18"": 0.1663, ""mV_19"": 0.3496, ""mV_20"": 0.3409}"
test_0012,7,ok,nie_dotyczy,0.8404578158469347,brak,,1.9160431742430593,brak istotnego odchylenia,0.0,Werdykt OK: brak pasma przekraczającego próg anomalii.,"{""mV_0"": 0.7094, ""mV_1"": 0.7864, ""mV_2"": 0.8412, ""mV_3"": 1.1079, ""mV_4"": 1.3077, ""mV_5"": 1.3133, ""mV_6"": 1.3092, ""mV_7"": 1.3492, ""mV_8"": 1.3044, ""mV_9"": 1.4352, ""mV_10"": 1.789, ""mV_11"": 1.916, ""mV_12"": 1.7579, ""mV_13"": 1.6106, ""mV_14"": 1.5002, ""mV_15"": 1.3098, ""mV_16"": 1.1165, ""mV_17"": 0.9275, ""mV_18"": 0.8028, ""mV_19"": 0.8418, ""mV_20"": 0.6376}"
test_0012,8,zakoksowany,male,0.7217693058994415,13–17 kHz,"mV_13,mV_14,mV_15,mV_16,mV_17",4.149848983576791,podwyższona,0.9263413906150912,Podejrzenie zakoksowany: najbardziej nietypowe jest pasmo 13–17 kHz; amplituda jest podwyższona względem zdrowej referencji.,"{""mV_0"": 0.5102, ""mV_1"": 1.4917, ""mV_2"": 1.9807, ""mV_3"": 1.0139, ""mV_4"": 0.2633, ""mV_5"": 0.2521, ""mV_6"": 0.3159, ""mV_7"": 0.9538, ""mV_8"": 2.5814, ""mV_9"": 3.6505, ""mV_10"": 2.4741, ""mV_11"": 1.1867, ""mV_12"": 1.635, ""mV_13"": 2.5314, ""mV_14"": 3.182, ""mV_15"": 3.8862, ""mV_16"": 4.1498, ""mV_17"": 3.4179, ""mV_18"": 2.2382, ""mV_19"": 1.3658, ""mV_20"": 0.7813}"
test_0012,9,ok,nie_dotyczy,0.7968610199936187,9–11 kHz,"mV_9,mV_10,mV_11",2.478852535753867,podwyższona,0.0,"Werdykt OK, ale najsilniejsze lokalne odstępstwo występuje w paśmie 9–11 kHz; amplituda jest podwyższona.","{""mV_0"": 1.7402, ""mV_1"": 1.7597, ""mV_2"": 0.8784, ""mV_3"": 0.33, ""mV_4"": 0.344, ""mV_5"": 0.5644, ""mV_6"": 0.9476, ""mV_7"": 1.488, ""mV_8"": 1.967, ""mV_9"": 2.3772, ""mV_10"": 2.4789, ""mV_11"": 2.1182, ""mV_12"": 1.7184, ""mV_13"": 1.6015, ""mV_14"": 1.5979, ""mV_15"": 1.568, ""mV_16"": 1.4442, ""mV_17"": 1.0445, ""mV_18"": 0.739, ""mV_19"": 1.0188, ""mV_20"": 1.0679}"
test_0012,10,ok,nie_dotyczy,0.8518438757222955,brak,,0.8015209284469065,brak istotnego odchylenia,0.0,Werdykt OK: brak pasma przekraczającego próg anomalii.,"{""mV_0"": 0.1211, ""mV_1"": 0.1607, ""mV_2"": 0.3017, ""mV_3"": 0.5067, ""mV_4"": 0.5174, ""mV_5"": 0.5593, ""mV_6"": 0.7066, ""mV_7"": 0.8015, ""mV_8"": 0.7811, ""mV_9"": 0.6552, ""mV_10"": 0.5813, ""mV_11"": 0.5311, ""mV_12"": 0.4032, ""mV_13"": 0.3177, ""mV_14"": 0.4647, ""mV_15"": 0.6411, ""mV_16"": 0.593, ""mV_17"": 0.3752, ""mV_18"": 0.1397, ""mV_19"": 0.0397, ""mV_20"": 0.0215}"
test_0012,11,ok,nie_dotyczy,0.8397740805241467,brak,,0.5049132290192866,brak istotnego odchylenia,0.0,Werdykt OK: brak pasma przekraczającego próg anomalii.,"{""mV_0"": 0.2903, ""mV_1"": 0.2939, ""mV_2"": 0.2373, ""mV_3"": 0.2563, ""mV_4"": 0.2401, ""mV_5"": 0.2967, ""mV_6"": 0.3399, ""mV_7"": 0.2866, ""mV_8"": 0.284, ""mV_9"": 0.3098, ""mV_10"": 0.3302, ""mV_11"": 0.3564, ""mV_12"": 0.3591, ""mV_13"": 0.3717, ""mV_14"": 0.4197, ""mV_15"": 0.5049, ""mV_16"": 0.4898, ""mV_17"": 0.2575, ""mV_18"": 0.0929, ""mV_19"": 0.231, ""mV_20"": 0.3293}"
test_0012,12,zakoksowany,srednie,0.7534819242018769,8–10 kHz,"mV_8,mV_9,mV_10",5.251810319948679,obniżona,0.8913062794844516,Podejrzenie zakoksowany: najbardziej nietypowe jest pasmo 8–10 kHz; amplituda jest obniżona względem zdrowej referencji.,"{""mV_0"": 1.2408, ""mV_1"": 2.7297, ""mV_2"": 3.1104, ""mV_3"": 1.4109, ""mV_4"": 0.2714, ""mV_5"": 0.2091, ""mV_6"": 0.3064, ""mV_7"": 1.1711, ""mV_8"": 3.4807, ""mV_9"": 5.2518, ""mV_10"": 3.609, ""mV_11"": 1.409, ""mV_12"": 1.7217, ""mV_13"": 2.9706, ""mV_14"": 4.0748, ""mV_15"": 5.008, ""mV_16"": 4.9617, ""mV_17"": 3.7501, ""mV_18"": 2.4525, ""mV_19"": 1.7011, ""mV_20"": 1.0562}"
test_0012,13,ok,nie_dotyczy,0.7877746454394992,3–7 kHz,"mV_3,mV_4,mV_5,mV_6,mV_7",2.59146722699271,obniżona,0.0,"Werdykt OK, ale najsilniejsze lokalne odstępstwo występuje w paśmie 3–7 kHz; amplituda jest obniżona.","{""mV_0"": 0.6409, ""mV_1"": 1.031, ""mV_2"": 1.8181, ""mV_3"": 2.5587, ""mV_4"": 2.5915, ""mV_5"": 2.4429, ""mV_6"": 2.2973, ""mV_7"": 2.0209, ""mV_8"": 1.7526, ""mV_9"": 1.5876, ""mV_10"": 1.627, ""mV_11"": 1.7377, ""mV_12"": 1.7151, ""mV_13"": 1.6377, ""mV_14"": 1.6386, ""mV_15"": 1.5713, ""mV_16"": 1.4242, ""mV_17"": 1.3824, ""mV_18"": 1.438, ""mV_19"": 1.5192, ""mV_20"": 1.1488}"
test_0012,14,ok,nie_dotyczy,0.8553894649895362,brak,,0.6534666032169801,brak istotnego odchylenia,0.0,Werdykt OK: brak pasma przekraczającego próg anomalii.,"{""mV_0"": 0.1174, ""mV_1"": 0.1324, ""mV_2"": 0.1913, ""mV_3"": 0.2714, ""mV_4"": 0.2671, ""mV_5"": 0.1245, ""mV_6"": 0.0797, ""mV_7"": 0.2131, ""mV_8"": 0.3956, ""mV_9"": 0.4275, ""mV_10"": 0.2948, ""mV_11"": 0.4391, ""mV_12"": 0.6535, ""mV_13"": 0.5606, ""mV_14"": 0.4963, ""mV_15"": 0.4924, ""mV_16"": 0.2878, ""mV_17"": 0.0878, ""mV_18"": 0.1398, ""mV_19"": 0.317, ""mV_20"": 0.3009}"
test_0012,15,ok,nie_dotyczy,0.7836557590897315,2–6 kHz,"mV_2,mV_3,mV_4,mV_5,mV_6",2.814393495612318,obniżona,0.0,"Werdykt OK, ale najsilniejsze lokalne odstępstwo występuje w paśmie 2–6 kHz; amplituda jest obniżona.","{""mV_0"": 0.9085, ""mV_1"": 1.5964, ""mV_2"": 2.3514, ""mV_3"": 2.8144, ""mV_4"": 2.6238, ""mV_5"": 2.3404, ""mV_6"": 2.1282, ""mV_7"": 1.8586, ""mV_8"": 1.5715, ""mV_9"": 1.269, ""mV_10"": 1.2114, ""mV_11"": 1.4227, ""mV_12"": 1.6319, ""mV_13"": 1.749, ""mV_14"": 1.859, ""mV_15"": 1.7907, ""mV_16"": 1.6384, ""mV_17"": 1.7655, ""mV_18"": 2.0113, ""mV_19"": 2.4159, ""mV_20"": 2.1247}"
test_0012,16,ok,nie_dotyczy,0.8279816973611873,brak,,1.4159271233242436,brak istotnego odchylenia,0.0,Werdykt OK: brak pasma przekraczającego próg anomalii.,"{""mV_0"": 0.0842, ""mV_1"": 0.7232, ""mV_2"": 1.4159, ""mV_3"": 1.1204, ""mV_4"": 0.6551, ""mV_5"": 0.4771, ""mV_6"": 0.3041, ""mV_7"": 0.192, ""mV_8"": 0.173, ""mV_9"": 0.2549, ""mV_10"": 0.3156, ""mV_11"": 0.4122, ""mV_12"": 0.4221, ""mV_13"": 0.2395, ""mV_14"": 0.0949, ""mV_15"": 0.0572, ""mV_16"": 0.1203, ""mV_17"": 0.2828, ""mV_18"": 0.4615, ""mV_19"": 0.6619, ""mV_20"": 0.5987}"
test_0013,1,ok,nie_dotyczy,0.7737047108418947,2–6 kHz,"mV_2,mV_3,mV_4,mV_5,mV_6",2.864537646731941,obniżona,0.0,"Werdykt OK, ale najsilniejsze lokalne odstępstwo występuje w paśmie 2–6 kHz; amplituda jest obniżona.","{""mV_0"": 1.3498, ""mV_1"": 1.5423, ""mV_2"": 2.0988, ""mV_3"": 2.8645, ""mV_4"": 2.7959, ""mV_5"": 2.4028, ""mV_6"": 2.0975, ""mV_7"": 1.7879, ""mV_8"": 1.5421, ""mV_9"": 1.447, ""mV_10"": 1.3583, ""mV_11"": 1.1835, ""mV_12"": 1.1629, ""mV_13"": 1.4024, ""mV_14"": 1.6018, ""mV_15"": 1.491, ""mV_16"": 1.3991, ""mV_17"": 1.4627, ""mV_18"": 1.558, ""mV_19"": 1.7092, ""mV_20"": 1.3113}"
test_0013,2,ok,nie_dotyczy,0.7919084286409142,brak,,1.7108053908677983,brak istotnego odchylenia,0.0,Werdykt OK: brak pasma przekraczającego próg anomalii.,"{""mV_0"": 0.7091, ""mV_1"": 1.0516, ""mV_2"": 1.0738, ""mV_3"": 1.1248, ""mV_4"": 1.1383, ""mV_5"": 1.1737, ""mV_6"": 1.3179, ""mV_7"": 1.3991, ""mV_8"": 1.3223, ""mV_9"": 1.1604, ""mV_10"": 0.9793, ""mV_11"": 0.8357, ""mV_12"": 0.8202, ""mV_13"": 0.8361, ""mV_14"": 0.943, ""mV_15"": 1.3334, ""mV_16"": 1.7108, ""mV_17"": 1.6301, ""mV_18"": 1.1091, ""mV_19"": 0.7272, ""mV_20"": 0.5528}"
test_0013,3,ok,nie_dotyczy,0.8326846859976452,brak,,0.6302308910071784,brak istotnego odchylenia,0.0,Werdykt OK: brak pasma przekraczającego próg anomalii.,"{""mV_0"": 0.5455, ""mV_1"": 0.6302, ""mV_2"": 0.4396, ""mV_3"": 0.2108, ""mV_4"": 0.1091, ""mV_5"": 0.1348, ""mV_6"": 0.1361, ""mV_7"": 0.1266, ""mV_8"": 0.133, ""mV_9"": 0.2419, ""mV_10"": 0.4841, ""mV_11"": 0.6278, ""mV_12"": 0.5023, ""mV_13"": 0.3117, ""mV_14"": 0.2183, ""mV_15"": 0.1211, ""mV_16"": 0.0745, ""mV_17"": 0.1056, ""mV_18"": 0.1446, ""mV_19"": 0.1852, ""mV_20"": 0.1495}"
test_0013,4,ok,nie_dotyczy,0.7842366327248156,6–7 kHz,"mV_6,mV_7",2.1271442008460717,podwyższona,0.0,"Werdykt OK, ale najsilniejsze lokalne odstępstwo występuje w paśmie 6–7 kHz; amplituda jest podwyższona.","{""mV_0"": 0.4755, ""mV_1"": 0.5317, ""mV_2"": 0.7585, ""mV_3"": 1.2036, ""mV_4"": 1.6177, ""mV_5"": 1.9866, ""mV_6"": 2.1271, ""mV_7"": 2.0013, ""mV_8"": 1.7817, ""mV_9"": 1.4798, ""mV_10"": 1.0066, ""mV_11"": 0.5895, ""mV_12"": 0.4269, ""mV_13"": 0.4235, ""mV_14"": 0.6521, ""mV_15"": 1.1794, ""mV_16"": 1.7707, ""mV_17"": 1.9905, ""mV_18"": 1.6322, ""mV_19"": 1.1652, ""mV_20"": 0.7565}"
test_0013,5,ok,nie_dotyczy,0.8127942209286478,brak,,1.9848650503337786,brak istotnego odchylenia,0.0,Werdykt OK: brak pasma przekraczającego próg anomalii.,"{""mV_0"": 1.2466, ""mV_1"": 1.3098, ""mV_2"": 1.0739, ""mV_3"": 1.2294, ""mV_4"": 1.5432, ""mV_5"": 1.8182, ""mV_6"": 1.9432, ""mV_7"": 1.9512, ""mV_8"": 1.9849, ""mV_9"": 1.9599, ""mV_10"": 1.8153, ""mV_11"": 1.6833, ""mV_12"": 1.4995, ""mV_13"": 1.1964, ""mV_14"": 1.1225, ""mV_15"": 1.3534, ""mV_16"": 1.5728, ""mV_17"": 1.6518, ""mV_18"": 1.7024, ""mV_19"": 1.8395, ""mV_20"": 1.4338}"
test_0013,6,ok,nie_dotyczy,0.8345693968813193,brak,,0.7541402971485708,brak istotnego odchylenia,0.0,Werdykt OK: brak pasma przekraczającego próg anomalii.,"{""mV_0"": 0.0433, ""mV_1"": 0.0876, ""mV_2"": 0.1816, ""mV_3"": 0.2736, ""mV_4"": 0.2489, ""mV_5"": 0.1783, ""mV_6"": 0.1307, ""mV_7"": 0.1171, ""mV_8"": 0.1363, ""mV_9"": 0.1474, ""mV_10"": 0.2555, ""mV_11"": 0.4669, ""mV_12"": 0.5446, ""mV_13"": 0.3896, ""mV_14"": 0.2159, ""mV_15"": 0.323, ""mV_16"": 0.68, ""mV_17"": 0.7541, ""mV_18"": 0.4047, ""mV_19"": 0.1362, ""mV_20"": 0.0675}"
test_0013,7,unknown,nie_dotyczy,0.6856226364288508,14–19 kHz,"mV_14,mV_15,mV_16,mV_17,mV_18,mV_19",11.328862956016875,podwyższona,0.5215225963139949,Podejrzenie unknown: najbardziej nietypowe jest pasmo 14–19 kHz; amplituda jest podwyższona względem zdrowej referencji.,"{""mV_0"": 4.187, ""mV_1"": 7.046, ""mV_2"": 8.2105, ""mV_3"": 6.8944, ""mV_4"": 3.8452, ""mV_5"": 1.9621, ""mV_6"": 3.8123, ""mV_7"": 7.8406, ""mV_8"": 10.1671, ""mV_9"": 10.3566, ""mV_10"": 9.5413, ""mV_11"": 7.9204, ""mV_12"": 5.1422, ""mV_13"": 4.0724, ""mV_14"": 7.4242, ""mV_15"": 10.897, ""mV_16"": 11.3289, ""mV_17"": 9.7539, ""mV_18"": 7.831, ""mV_19"": 6.8594, ""mV_20"": 4.9168}"
test_0013,8,ok,nie_dotyczy,0.7608758507884508,brak,,1.2920671170810292,brak istotnego odchylenia,0.0,Werdykt OK: brak pasma przekraczającego próg anomalii.,"{""mV_0"": 0.0119, ""mV_1"": 0.6233, ""mV_2"": 1.2921, ""mV_3"": 0.7631, ""mV_4"": 0.1203, ""mV_5"": 0.0704, ""mV_6"": 0.0781, ""mV_7"": 0.0887, ""mV_8"": 0.1334, ""mV_9"": 0.2749, ""mV_10"": 0.4651, ""mV_11"": 0.5575, ""mV_12"": 0.6193, ""mV_13"": 0.7627, ""mV_14"": 0.7624, ""mV_15"": 0.4975, ""mV_16"": 0.2189, ""mV_17"": 0.1184, ""mV_18"": 0.29, ""mV_19"": 0.5486, ""mV_20"": 0.4436}"
test_0013,9,ok,nie_dotyczy,0.8069256986430358,brak,,1.6570198681758526,brak istotnego odchylenia,0.0,Werdykt OK: brak pasma przekraczającego próg anomalii.,"{""mV_0"": 0.7811, ""mV_1"": 0.8701, ""mV_2"": 0.4657, ""mV_3"": 0.2432, ""mV_4"": 0.3763, ""mV_5"": 0.643, ""mV_6"": 0.9304, ""mV_7"": 1.1004, ""mV_8"": 1.1212, ""mV_9"": 1.2902, ""mV_10"": 1.5646, ""mV_11"": 1.657, ""mV_12"": 1.5034, ""mV_13"": 1.2591, ""mV_14"": 1.189, ""mV_15"": 1.2795, ""mV_16"": 1.3668, ""mV_17"": 1.3745, ""mV_18"": 1.1108, ""mV_19"": 0.6245, ""mV_20"": 0.269}"
test_0013,10,ok,nie_dotyczy,0.7808309072193955,4 kHz,mV_4,2.0672517222115903,obniżona,0.0,"Werdykt OK, ale najsilniejsze lokalne odstępstwo występuje w paśmie 4 kHz; amplituda jest obniżona.","{""mV_0"": 0.6369, ""mV_1"": 0.7986, ""mV_2"": 1.2595, ""mV_3"": 1.8937, ""mV_4"": 2.0673, ""mV_5"": 1.9341, ""mV_6"": 1.8137, ""mV_7"": 1.6274, ""mV_8"": 1.2938, ""mV_9"": 1.0, ""mV_10"": 0.8444, ""mV_11"": 0.8498, ""mV_12"": 1.0743, ""mV_13"": 1.4531, ""mV_14"": 1.7119, ""mV_15"": 1.7202, ""mV_16"": 1.6226, ""mV_17"": 1.4825, ""mV_18"": 1.5207, ""mV_19"": 1.9138, ""mV_20"": 1.681}"
test_0013,11,lejacy,srednie,0.7254963246093306,5–20 kHz,"mV_5,mV_6,mV_7,mV_8,mV_9,mV_10,mV_11,mV_12,mV_13,mV_14,mV_15,mV_16,mV_17,mV_18,mV_19,mV_20",12.820291044162062,obniżona,0.9896718986911265,Podejrzenie lejacy: najbardziej nietypowe jest pasmo 5–20 kHz; amplituda jest obniżona względem zdrowej referencji.,"{""mV_0"": 0.9248, ""mV_1"": 1.2958, ""mV_2"": 1.357, ""mV_3"": 2.6994, ""mV_4"": 5.5959, ""mV_5"": 7.6161, ""mV_6"": 7.9634, ""mV_7"": 8.0062, ""mV_8"": 8.6598, ""mV_9"": 9.3899, ""mV_10"": 9.9156, ""mV_11"": 10.7871, ""mV_12"": 11.7433, ""mV_13"": 12.4164, ""mV_14"": 12.8203, ""mV_15"": 12.7483, ""mV_16"": 11.9146, ""mV_17"": 10.252, ""mV_18"": 9.0368, ""mV_19"": 9.7224, ""mV_20"": 8.1682}"
test_0013,12,ok,nie_dotyczy,0.7732720432604743,brak,,1.2799337923310046,brak istotnego odchylenia,0.0,Werdykt OK: brak pasma przekraczającego próg anomalii.,"{""mV_0"": 0.5375, ""mV_1"": 0.6321, ""mV_2"": 0.4868, ""mV_3"": 0.5417, ""mV_4"": 0.4547, ""mV_5"": 0.2376, ""mV_6"": 0.4191, ""mV_7"": 0.731, ""mV_8"": 0.8213, ""mV_9"": 1.0197, ""mV_10"": 1.2799, ""mV_11"": 1.1669, ""mV_12"": 0.6864, ""mV_13"": 0.2517, ""mV_14"": 0.2515, ""mV_15"": 0.4914, ""mV_16"": 0.558, ""mV_17"": 0.6051, ""mV_18"": 0.7823, ""mV_19"": 0.7863, ""mV_20"": 0.493}"
test_0014,1,ok,nie_dotyczy,0.8098869829586829,brak,,1.5131005683196086,brak istotnego odchylenia,0.0,Werdykt OK: brak pasma przekraczającego próg anomalii.,"{""mV_0"": 0.9137, ""mV_1"": 0.7176, ""mV_2"": 0.5733, ""mV_3"": 0.9375, ""mV_4"": 0.8932, ""mV_5"": 0.8604, ""mV_6"": 1.1902, ""mV_7"": 1.4722, ""mV_8"": 1.5131, ""mV_9"": 1.2614, ""mV_10"": 0.9101, ""mV_11"": 0.6918, ""mV_12"": 0.7094, ""mV_13"": 0.7958, ""mV_14"": 0.8305, ""mV_15"": 0.8952, ""mV_16"": 0.963, ""mV_17"": 0.756, ""mV_18"": 0.3372, ""mV_19"": 0.2884, ""mV_20"": 0.3801}"
test_0014,2,ok,nie_dotyczy,0.8124667068044218,brak,,1.199044994366437,brak istotnego odchylenia,0.0,Werdykt OK: brak pasma przekraczającego próg anomalii.,"{""mV_0"": 0.6934, ""mV_1"": 0.5435, ""mV_2"": 0.2779, ""mV_3"": 0.5739, ""mV_4"": 1.0248, ""mV_5"": 1.199, ""mV_6"": 1.1564, ""mV_7"": 1.0402, ""mV_8"": 0.9037, ""mV_9"": 0.7533, ""mV_10"": 0.7451, ""mV_11"": 0.9475, ""mV_12"": 1.0195, ""mV_13"": 0.9092, ""mV_14"": 0.7494, ""mV_15"": 0.5655, ""mV_16"": 0.4985, ""mV_17"": 0.5779, ""mV_18"": 0.7747, ""mV_19"": 0.9068, ""mV_20"": 0.6583}"
test_0014,3,zakoksowany,srednie,0.7148517197408225,13–20 kHz,"mV_13,mV_14,mV_15,mV_16,mV_17,mV_18,mV_19,mV_20",7.349330949979634,podwyższona,0.8651371517360531,Podejrzenie zakoksowany: najbardziej nietypowe jest pasmo 13–20 kHz; amplituda jest podwyższona względem zdrowej referencji.,"{""mV_0"": 2.1203, ""mV_1"": 3.8356, ""mV_2"": 4.1939, ""mV_3"": 3.0044, ""mV_4"": 1.5576, ""mV_5"": 1.1384, ""mV_6"": 1.0439, ""mV_7"": 0.7305, ""mV_8"": 1.9848, ""mV_9"": 3.358, ""mV_10"": 2.3755, ""mV_11"": 2.0212, ""mV_12"": 3.4059, ""mV_13"": 4.7756, ""mV_14"": 6.0829, ""mV_15"": 7.1749, ""mV_16"": 7.3493, ""mV_17"": 6.3166, ""mV_18"": 5.29, ""mV_19"": 5.2451, ""mV_20"": 4.0643}"
test_0014,4,ok,nie_dotyczy,0.7421751194778379,15–18 kHz,"mV_15,mV_16,mV_17,mV_18",2.8033861964975872,obniżona,0.0,"Werdykt OK, ale najsilniejsze lokalne odstępstwo występuje w paśmie 15–18 kHz; amplituda jest obniżona.","{""mV_0"": 0.4148, ""mV_1"": 0.9392, ""mV_2"": 1.1836, ""mV_3"": 0.7695, ""mV_4"": 0.2349, ""mV_5"": 0.1054, ""mV_6"": 0.2978, ""mV_7"": 0.5266, ""mV_8"": 0.5728, ""mV_9"": 0.609, ""mV_10"": 0.8361, ""mV_11"": 1.1393, ""mV_12"": 1.3389, ""mV_13"": 1.463, ""mV_14"": 1.7762, ""mV_15"": 2.1819, ""mV_16"": 2.3829, ""mV_17"": 2.8034, ""mV_18"": 2.7302, ""mV_19"": 1.4351, ""mV_20"": 0.3959}"
test_0014,5,ok,nie_dotyczy,0.823884980414343,brak,,1.1681826517539697,brak istotnego odchylenia,0.0,Werdykt OK: brak pasma przekraczającego próg anomalii.,"{""mV_0"": 0.5407, ""mV_1"": 0.4711, ""mV_2"": 0.4482, ""mV_3"": 0.7099, ""mV_4"": 0.9307, ""mV_5"": 0.7633, ""mV_6"": 0.3334, ""mV_7"": 0.1188, ""mV_8"": 0.1713, ""mV_9"": 0.2868, ""mV_10"": 0.2945, ""mV_11"": 0.2246, ""mV_12"": 0.2869, ""mV_13"": 0.3773, ""mV_14"": 0.5199, ""mV_15"": 0.8641, ""mV_16"": 1.1682, ""mV_17"": 0.9926, ""mV_18"": 0.496, ""mV_19"": 0.3073, ""mV_20"": 0.2207}"
test_0014,6,ok,nie_dotyczy,0.8252535913205938,brak,,0.6736799753284864,brak istotnego odchylenia,0.0,Werdykt OK: brak pasma przekraczającego próg anomalii.,"{""mV_0"": 0.6737, ""mV_1"": 0.6557, ""mV_2"": 0.4461, ""mV_3"": 0.3927, ""mV_4"": 0.2386, ""mV_5"": 0.1524, ""mV_6"": 0.2851, ""mV_7"": 0.4709, ""mV_8"": 0.6183, ""mV_9"": 0.6708, ""mV_10"": 0.589, ""mV_11"": 0.4177, ""mV_12"": 0.3183, ""mV_13"": 0.2746, ""mV_14"": 0.2527, ""mV_15"": 0.3222, ""mV_16"": 0.4065, ""mV_17"": 0.3547, ""mV_18"": 0.2314, ""mV_19"": 0.1864, ""mV_20"": 0.1172}"
test_0014,7,ok,nie_dotyczy,0.8301737835203672,brak,,0.7742198535536572,brak istotnego odchylenia,0.0,Werdykt OK: brak pasma przekraczającego próg anomalii.,"{""mV_0"": 0.1632, ""mV_1"": 0.1968, ""mV_2"": 0.4059, ""mV_3"": 0.585, ""mV_4"": 0.3381, ""mV_5"": 0.1086, ""mV_6"": 0.098, ""mV_7"": 0.2069, ""mV_8"": 0.3256, ""mV_9"": 0.2979, ""mV_10"": 0.2045, ""mV_11"": 0.1487, ""mV_12"": 0.2302, ""mV_13"": 0.3583, ""mV_14"": 0.4652, ""mV_15"": 0.6204, ""mV_16"": 0.7742, ""mV_17"": 0.7742, ""mV_18"": 0.4974, ""mV_19"": 0.2813, ""mV_20"": 0.2565}"
test_0014,8,lejacy,male,0.7458297516650686,7–19 kHz,"mV_7,mV_8,mV_9,mV_10,mV_11,mV_12,mV_13,mV_14,mV_15,mV_16,mV_17,mV_18,mV_19",8.891710101318298,obniżona,0.9905986395373825,Podejrzenie lejacy: najbardziej nietypowe jest pasmo 7–19 kHz; amplituda jest obniżona względem zdrowej referencji.,"{""mV_0"": 0.2825, ""mV_1"": 0.3388, ""mV_2"": 1.091, ""mV_3"": 3.0053, ""mV_4"": 4.3631, ""mV_5"": 4.7353, ""mV_6"": 4.8539, ""mV_7"": 5.0472, ""mV_8"": 5.5362, ""mV_9"": 6.0338, ""mV_10"": 6.5636, ""mV_11"": 7.3409, ""mV_12"": 8.0281, ""mV_13"": 8.53, ""mV_14"": 8.8917, ""mV_15"": 8.8834, ""mV_16"": 8.423, ""mV_17"": 7.7929, ""mV_18"": 6.7874, ""mV_19"": 5.9265, ""mV_20"": 4.6301}"
test_0015,1,ok,nie_dotyczy,0.7936388032301329,brak,,1.580752458040409,brak istotnego odchylenia,0.0,Werdykt OK: brak pasma przekraczającego próg anomalii.,"{""mV_0"": 0.3311, ""mV_1"": 0.3212, ""mV_2"": 0.6252, ""mV_3"": 1.3885, ""mV_4"": 1.5808, ""mV_5"": 1.2667, ""mV_6"": 1.0588, ""mV_7"": 0.9789, ""mV_8"": 0.8062, ""mV_9"": 0.5588, ""mV_10"": 0.4843, ""mV_11"": 0.4387, ""mV_12"": 0.2679, ""mV_13"": 0.1707, ""mV_14"": 0.2163, ""mV_15"": 0.2662, ""mV_16"": 0.4739, ""mV_17"": 0.7958, ""mV_18"": 0.7083, ""mV_19"": 0.3969, ""mV_20"": 0.2493}"
test_0015,2,ok,nie_dotyczy,0.7421545396458771,16–17 kHz,"mV_16,mV_17",2.429327056478549,obniżona,0.0,"Werdykt OK, ale najsilniejsze lokalne odstępstwo występuje w paśmie 16–17 kHz; amplituda jest obniżona.","{""mV_0"": 0.4044, ""mV_1"": 0.8238, ""mV_2"": 1.1265, ""mV_3"": 0.7774, ""mV_4"": 0.4329, ""mV_5"": 0.4595, ""mV_6"": 0.4579, ""mV_7"": 0.3422, ""mV_8"": 0.2659, ""mV_9"": 0.2761, ""mV_10"": 0.3344, ""mV_11"": 0.6709, ""mV_12"": 1.2277, ""mV_13"": 1.5826, ""mV_14"": 1.7371, ""mV_15"": 1.9166, ""mV_16"": 2.4094, ""mV_17"": 2.4293, ""mV_18"": 1.5928, ""mV_19"": 1.3808, ""mV_20"": 1.2341}"
test_0015,3,ok,nie_dotyczy,0.710898488029235,15–17 kHz,"mV_15,mV_16,mV_17",3.0178504890827007,obniżona,0.0,"Werdykt OK, ale najsilniejsze lokalne odstępstwo występuje w paśmie 15–17 kHz; amplituda jest obniżona.","{""mV_0"": 0.9786, ""mV_1"": 1.3553, ""mV_2"": 1.3357, ""mV_3"": 0.7406, ""mV_4"": 0.3117, ""mV_5"": 0.4149, ""mV_6"": 0.5767, ""mV_7"": 0.6594, ""mV_8"": 0.7326, ""mV_9"": 0.6921, ""mV_10"": 0.4276, ""mV_11"": 0.3633, ""mV_12"": 0.7491, ""mV_13"": 1.3363, ""mV_14"": 1.8593, ""mV_15"": 2.2803, ""mV_16"": 3.0179, ""mV_17"": 2.8627, ""mV_18"": 1.5988, ""mV_19"": 1.5084, ""mV_20"": 1.5038}"
test_0015,4,ok,nie_dotyczy,0.7315496352543596,9–20 kHz,"mV_9,mV_10,mV_11,mV_12,mV_13,mV_14,mV_15,mV_16,mV_17,mV_18,mV_19,mV_20",3.4183656467632697,obniżona,0.0,"Werdykt OK, ale najsilniejsze lokalne odstępstwo występuje w paśmie 9–20 kHz; amplituda jest obniżona.","{""mV_0"": 1.6119, ""mV_1"": 1.8285, ""mV_2"": 1.2854, ""mV_3"": 0.6805, ""mV_4"": 0.7744, ""mV_5"": 1.4179, ""mV_6"": 1.7938, ""mV_7"": 1.7865, ""mV_8"": 1.8159, ""mV_9"": 2.0065, ""mV_10"": 2.0417, ""mV_11"": 2.0403, ""mV_12"": 2.1736, ""mV_13"": 2.3982, ""mV_14"": 2.7829, ""mV_15"": 3.1507, ""mV_16"": 3.4184, ""mV_17"": 2.9465, ""mV_18"": 2.0397, ""mV_19"": 2.2245, ""mV_20"": 2.0729}"
test_0015,5,pompa,male,0.8221883685946116,10–14 kHz,"mV_10,mV_11,mV_12,mV_13,mV_14",4.807944706043822,obniżona,0.7925663876554462,Podejrzenie pompa: najbardziej nietypowe jest pasmo 10–14 kHz; amplituda jest obniżona względem zdrowej referencji.,"{""mV_0"": 0.3108, ""mV_1"": 0.4143, ""mV_2"": 1.1386, ""mV_3"": 2.2696, ""mV_4"": 1.8457, ""mV_5"": 1.0918, ""mV_6"": 1.0534, ""mV_7"": 0.9612, ""mV_8"": 1.2247, ""mV_9"": 1.8749, ""mV_10"": 2.7408, ""mV_11"": 3.7131, ""mV_12"": 4.5338, ""mV_13"": 4.8079, ""mV_14"": 4.0939, ""mV_15"": 2.5998, ""mV_16"": 1.2403, ""mV_17"": 1.5303, ""mV_18"": 2.7575, ""mV_19"": 2.542, ""mV_20"": 1.2253}"
test_0015,6,ok,nie_dotyczy,0.7916614256539501,3–5 kHz,"mV_3,mV_4,mV_5",2.3897913590719453,podwyższona,0.0,"Werdykt OK, ale najsilniejsze lokalne odstępstwo występuje w paśmie 3–5 kHz; amplituda jest podwyższona.","{""mV_0"": 0.6336, ""mV_1"": 0.6212, ""mV_2"": 0.9837, ""mV_3"": 2.0001, ""mV_4"": 2.3898, ""mV_5"": 2.1348, ""mV_6"": 1.9469, ""mV_7"": 1.9788, ""mV_8"": 2.0398, ""mV_9"": 2.0229, ""mV_10"": 2.0827, ""mV_11"": 2.1103, ""mV_12"": 1.9749, ""mV_13"": 1.8684, ""mV_14"": 1.8352, ""mV_15"": 1.6604, ""mV_16"": 1.1084, ""mV_17"": 0.4445, ""mV_18"": 0.1608, ""mV_19"": 0.0833, ""mV_20"": 0.0255}"
test_0015,7,ok,nie_dotyczy,0.7931985516291915,brak,,1.9402677226623914,brak istotnego odchylenia,0.0,Werdykt OK: brak pasma przekraczającego próg anomalii.,"{""mV_0"": 1.2606, ""mV_1"": 1.7325, ""mV_2"": 1.4525, ""mV_3"": 1.2402, ""mV_4"": 1.138, ""mV_5"": 1.0697, ""mV_6"": 1.1946, ""mV_7"": 1.3285, ""mV_8"": 1.324, ""mV_9"": 1.307, ""mV_10"": 1.3223, ""mV_11"": 1.4345, ""mV_12"": 1.6533, ""mV_13"": 1.8456, ""mV_14"": 1.9403, ""mV_15"": 1.8363, ""mV_16"": 1.748, ""mV_17"": 1.431, ""mV_18"": 0.7195, ""mV_19"": 0.4157, ""mV_20"": 0.4082}"
test_0015,8,pompa,duze,0.7326675802555673,10–14 kHz,"mV_10,mV_11,mV_12,mV_13,mV_14",9.919371392247,obniżona,0.7927398266340755,Podejrzenie pompa: najbardziej nietypowe jest pasmo 10–14 kHz; amplituda jest obniżona względem zdrowej referencji.,"{""mV_0"": 0.6965, ""mV_1"": 1.1837, ""mV_2"": 2.9558, ""mV_3"": 4.5362, ""mV_4"": 2.9095, ""mV_5"": 0.8803, ""mV_6"": 0.7267, ""mV_7"": 1.3582, ""mV_8"": 2.3319, ""mV_9"": 3.7056, ""mV_10"": 5.6001, ""mV_11"": 7.7376, ""mV_12"": 9.5802, ""mV_13"": 9.9194, ""mV_14"": 7.9899, ""mV_15"": 4.932, ""mV_16"": 2.4093, ""mV_17"": 2.5197, ""mV_18"": 4.4422, ""mV_19"": 4.2191, ""mV_20"": 2.0086}"
test_0015,9,zakoksowany,duze,0.7098606771066899,13–19 kHz,"mV_13,mV_14,mV_15,mV_16,mV_17,mV_18,mV_19",8.718300877803172,podwyższona,0.932363120632099,Podejrzenie zakoksowany: najbardziej nietypowe jest pasmo 13–19 kHz; amplituda jest podwyższona względem zdrowej referencji.,"{""mV_0"": 3.4286, ""mV_1"": 4.9697, ""mV_2"": 5.0745, ""mV_3"": 2.8414, ""mV_4"": 0.9842, ""mV_5"": 0.5464, ""mV_6"": 0.3548, ""mV_7"": 1.3211, ""mV_8"": 4.583, ""mV_9"": 6.8197, ""mV_10"": 4.1773, ""mV_11"": 1.8128, ""mV_12"": 3.0621, ""mV_13"": 4.7971, ""mV_14"": 6.3596, ""mV_15"": 8.0472, ""mV_16"": 8.7183, ""mV_17"": 7.7838, ""mV_18"": 6.2355, ""mV_19"": 5.2175, ""mV_20"": 3.6803}"
test_0015,10,ok,nie_dotyczy,0.825994077366526,brak,,0.5722680080411437,brak istotnego odchylenia,0.0,Werdykt OK: brak pasma przekraczającego próg anomalii.,"{""mV_0"": 0.088, ""mV_1"": 0.3683, ""mV_2"": 0.5723, ""mV_3"": 0.3638, ""mV_4"": 0.3142, ""mV_5"": 0.422, ""mV_6"": 0.2572, ""mV_7"": 0.0851, ""mV_8"": 0.0486, ""mV_9"": 0.0301, ""mV_10"": 0.0175, ""mV_11"": 0.0857, ""mV_12"": 0.2154, ""mV_13"": 0.2273, ""mV_14"": 0.1521, ""mV_15"": 0.1483, ""mV_16"": 0.145, ""mV_17"": 0.1547, ""mV_18"": 0.3048, ""mV_19"": 0.414, ""mV_20"": 0.2765}"
test_0015,11,ok,nie_dotyczy,0.8088845131479967,brak,,1.6666348161090538,brak istotnego odchylenia,0.0,Werdykt OK: brak pasma przekraczającego próg anomalii.,"{""mV_0"": 0.1348, ""mV_1"": 0.2208, ""mV_2"": 0.7675, ""mV_3"": 1.6286, ""mV_4"": 1.6666, ""mV_5"": 1.1496, ""mV_6"": 0.9516, ""mV_7"": 1.1272, ""mV_8"": 1.2643, ""mV_9"": 1.1942, ""mV_10"": 1.1759, ""mV_11"": 1.1084, ""mV_12"": 0.7948, ""mV_13"": 0.4407, ""mV_14"": 0.2681, ""mV_15"": 0.2503, ""mV_16"": 0.3201, ""mV_17"": 0.312, ""mV_18"": 0.2739, ""mV_19"": 0.5359, ""mV_20"": 0.6252}"
test_0015,12,ok,nie_dotyczy,0.7948765978681744,brak,,1.4417246620786655,brak istotnego odchylenia,0.0,Werdykt OK: brak pasma przekraczającego próg anomalii.,"{""mV_0"": 0.7272, ""mV_1"": 1.4417, ""mV_2"": 1.2117, ""mV_3"": 0.4583, ""mV_4"": 0.1834, ""mV_5"": 0.2455, ""mV_6"": 0.4537, ""mV_7"": 0.7774, ""mV_8"": 0.9688, ""mV_9"": 1.0208, ""mV_10"": 1.1033, ""mV_11"": 1.2393, ""mV_12"": 1.2007, ""mV_13"": 0.9727, ""mV_14"": 0.7345, ""mV_15"": 0.5941, ""mV_16"": 0.6584, ""mV_17"": 0.5701, ""mV_18"": 0.2396, ""mV_19"": 0.1133, ""mV_20"": 0.1075}"
test_0016,1,ok,nie_dotyczy,0.778005957519637,brak,,1.563308717190238,brak istotnego odchylenia,0.0,Werdykt OK: brak pasma przekraczającego próg anomalii.,"{""mV_0"": 0.084, ""mV_1"": 0.4843, ""mV_2"": 1.1564, ""mV_3"": 1.5633, ""mV_4"": 1.4926, ""mV_5"": 1.2004, ""mV_6"": 0.8778, ""mV_7"": 0.6276, ""mV_8"": 0.4708, ""mV_9"": 0.3606, ""mV_10"": 0.3303, ""mV_11"": 0.386, ""mV_12"": 0.4303, ""mV_13"": 0.5512, ""mV_14"": 0.7097, ""mV_15"": 0.7672, ""mV_16"": 0.9855, ""mV_17"": 1.1952, ""mV_18"": 0.9208, ""mV_19"": 0.3963, ""mV_20"": 0.0923}"
test_0016,2,ok,nie_dotyczy,0.837930668455214,brak,,1.322187950519845,brak istotnego odchylenia,0.0,Werdykt OK: brak pasma przekraczającego próg anomalii.,"{""mV_0"": 0.773, ""mV_1"": 0.8209, ""mV_2"": 0.3147, ""mV_3"": 0.0542, ""mV_4"": 0.0808, ""mV_5"": 0.1407, ""mV_6"": 0.1942, ""mV_7"": 0.1914, ""mV_8"": 0.1452, ""mV_9"": 0.076, ""mV_10"": 0.0893, ""mV_11"": 0.2293, ""mV_12"": 0.3195, ""mV_13"": 0.2893, ""mV_14"": 0.2489, ""mV_15"": 0.2905, ""mV_16"": 0.7717, ""mV_17"": 1.3222, ""mV_18"": 1.0593, ""mV_19"": 0.4479, ""mV_20"": 0.1197}"
test_0016,3,pompa,srednie,0.7986428890759812,2–15 kHz,"mV_2,mV_3,mV_4,mV_5,mV_6,mV_7,mV_8,mV_9,mV_10,mV_11,mV_12,mV_13,mV_14,mV_15",6.7652242092400385,obniżona,0.9859727570939124,Podejrzenie pompa: najbardziej nietypowe jest pasmo 2–15 kHz; amplituda jest obniżona względem zdrowej referencji.,"{""mV_0"": 0.9963, ""mV_1"": 2.2256, ""mV_2"": 4.6682, ""mV_3"": 6.4651, ""mV_4"": 5.6907, ""mV_5"": 4.2437, ""mV_6"": 3.7704, ""mV_7"": 4.0425, ""mV_8"": 4.6416, ""mV_9"": 5.1716, ""mV_10"": 5.6135, ""mV_11"": 6.1878, ""mV_12"": 6.7633, ""mV_13"": 6.7652, ""mV_14"": 5.8221, ""mV_15"": 4.3815, ""mV_16"": 2.6234, ""mV_17"": 0.9624, ""mV_18"": 0.9136, ""mV_19"": 2.385, ""mV_20"": 2.6407}"
test_0016,4,ok,nie_dotyczy,0.8175895838796071,brak,,1.4023753542851163,brak istotnego odchylenia,0.0,Werdykt OK: brak pasma przekraczającego próg anomalii.,"{""mV_0"": 0.1308, ""mV_1"": 0.2183, ""mV_2"": 0.1417, ""mV_3"": 0.0624, ""mV_4"": 0.0427, ""mV_5"": 0.0281, ""mV_6"": 0.0296, ""mV_7"": 0.0645, ""mV_8"": 0.1496, ""mV_9"": 0.2836, ""mV_10"": 0.4337, ""mV_11"": 0.5554, ""mV_12"": 0.6941, ""mV_13"": 0.8736, ""mV_14"": 1.1272, ""mV_15"": 1.4024, ""mV_16"": 1.3827, ""mV_17"": 1.304, ""mV_18"": 1.2032, ""mV_19"": 0.8388, ""mV_20"": 0.5387}"
test_0016,5,ok,nie_dotyczy,0.7818126187647235,brak,,1.4578393570877024,brak istotnego odchylenia,0.0,Werdykt OK: brak pasma przekraczającego próg anomalii.,"{""mV_0"": 1.117, ""mV_1"": 1.4578, ""mV_2"": 1.3624, ""mV_3"": 1.3781, ""mV_4"": 1.4326, ""mV_5"": 1.3913, ""mV_6"": 1.3265, ""mV_7"": 1.2732, ""mV_8"": 1.113, ""mV_9"": 0.8046, ""mV_10"": 0.5515, ""mV_11"": 0.4884, ""mV_12"": 0.5292, ""mV_13"": 0.5695, ""mV_14"": 0.4409, ""mV_15"": 0.2238, ""mV_16"": 0.2588, ""mV_17"": 0.3719, ""mV_18"": 0.6746, ""mV_19"": 1.1056, ""mV_20"": 0.8195}"
test_0016,6,ok,nie_dotyczy,0.8031281706882483,brak,,1.938077323268678,brak istotnego odchylenia,0.0,Werdykt OK: brak pasma przekraczającego próg anomalii.,"{""mV_0"": 0.8705, ""mV_1"": 1.098, ""mV_2"": 1.5976, ""mV_3"": 1.9381, ""mV_4"": 1.7653, ""mV_5"": 1.6789, ""mV_6"": 1.8507, ""mV_7"": 1.9282, ""mV_8"": 1.6623, ""mV_9"": 1.3227, ""mV_10"": 1.2149, ""mV_11"": 1.1981, ""mV_12"": 1.1138, ""mV_13"": 1.0742, ""mV_14"": 1.08, ""mV_15"": 1.1191, ""mV_16"": 1.3129, ""mV_17"": 1.1538, ""mV_18"": 0.7363, ""mV_19"": 0.6671, ""mV_20"": 0.4187}"
test_0016,7,ok,nie_dotyczy,0.6909199493107356,18–20 kHz,"mV_18,mV_19,mV_20",2.7573666451059955,obniżona,0.0,"Werdykt OK, ale najsilniejsze lokalne odstępstwo występuje w paśmie 18–20 kHz; amplituda jest obniżona.","{""mV_0"": 0.7729, ""mV_1"": 0.895, ""mV_2"": 0.9534, ""mV_3"": 1.2341, ""mV_4"": 1.5135, ""mV_5"": 1.7287, ""mV_6"": 1.7898, ""mV_7"": 1.6656, ""mV_8"": 1.4773, ""mV_9"": 1.3199, ""mV_10"": 1.2106, ""mV_11"": 1.03, ""mV_12"": 0.7263, ""mV_13"": 0.4889, ""mV_14"": 0.3456, ""mV_15"": 0.2117, ""mV_16"": 0.5989, ""mV_17"": 1.4339, ""mV_18"": 2.007, ""mV_19"": 2.7574, ""mV_20"": 2.6557}"
test_0016,8,ok,nie_dotyczy,0.8303842175163054,brak,,1.253350660356818,brak istotnego odchylenia,0.0,Werdykt OK: brak pasma przekraczającego próg anomalii.,"{""mV_0"": 0.2947, ""mV_1"": 0.3685, ""mV_2"": 0.243, ""mV_3"": 0.2781, ""mV_4"": 0.5836, ""mV_5"": 0.9344, ""mV_6"": 1.1448, ""mV_7"": 1.2195, ""mV_8"": 1.2534, ""mV_9"": 1.2175, ""mV_10"": 1.0611, ""mV_11"": 0.9109, ""mV_12"": 0.8736, ""mV_13"": 0.9147, ""mV_14"": 0.8127, ""mV_15"": 0.5161, ""mV_16"": 0.3188, ""mV_17"": 0.2343, ""mV_18"": 0.5694, ""mV_19"": 1.1028, ""mV_20"": 0.8104}"
test_0017,1,ok,nie_dotyczy,0.6443210520156699,2–3 kHz,"mV_2,mV_3",2.601513429982893,obniżona,0.0,"Werdykt OK, ale najsilniejsze lokalne odstępstwo występuje w paśmie 2–3 kHz; amplituda jest obniżona.","{""mV_0"": 0.1446, ""mV_1"": 0.8901, ""mV_2"": 2.2273, ""mV_3"": 2.6015, ""mV_4"": 1.967, ""mV_5"": 1.6923, ""mV_6"": 1.7749, ""mV_7"": 1.5644, ""mV_8"": 1.0969, ""mV_9"": 0.7079, ""mV_10"": 0.4726, ""mV_11"": 0.4348, ""mV_12"": 0.5645, ""mV_13"": 0.6782, ""mV_14"": 0.6189, ""mV_15"": 0.6377, ""mV_16"": 0.6613, ""mV_17"": 0.6277, ""mV_18"": 0.79, ""mV_19"": 0.7942, ""mV_20"": 0.5651}"
test_0017,2,ok,nie_dotyczy,0.765702113476845,brak,,0.6977228532818619,brak istotnego odchylenia,0.0,Werdykt OK: brak pasma przekraczającego próg anomalii.,"{""mV_0"": 0.1529, ""mV_1"": 0.2587, ""mV_2"": 0.5152, ""mV_3"": 0.6724, ""mV_4"": 0.6023, ""mV_5"": 0.556, ""mV_6"": 0.5209, ""mV_7"": 0.3873, ""mV_8"": 0.2365, ""mV_9"": 0.1842, ""mV_10"": 0.1791, ""mV_11"": 0.1143, ""mV_12"": 0.0428, ""mV_13"": 0.0325, ""mV_14"": 0.0378, ""mV_15"": 0.0362, ""mV_16"": 0.3394, ""mV_17"": 0.6977, ""mV_18"": 0.4617, ""mV_19"": 0.3033, ""mV_20"": 0.4221}"
test_0017,3,ok,nie_dotyczy,0.652715385724811,17–18 kHz,"mV_17,mV_18",2.441160690460409,obniżona,0.0,"Werdykt OK, ale najsilniejsze lokalne odstępstwo występuje w paśmie 17–18 kHz; amplituda jest obniżona.","{""mV_0"": 0.9389, ""mV_1"": 1.1116, ""mV_2"": 1.0004, ""mV_3"": 0.7904, ""mV_4"": 0.84, ""mV_5"": 1.1961, ""mV_6"": 1.4394, ""mV_7"": 1.3878, ""mV_8"": 1.1467, ""mV_9"": 0.8793, ""mV_10"": 0.611, ""mV_11"": 0.5544, ""mV_12"": 0.8317, ""mV_13"": 1.1338, ""mV_14"": 0.9692, ""mV_15"": 0.5587, ""mV_16"": 0.9684, ""mV_17"": 2.1592, ""mV_18"": 2.4412, ""mV_19"": 1.5573, ""mV_20"": 0.7418}"
test_0017,4,ok,nie_dotyczy,0.7529920555099568,brak,,1.3219935913512892,brak istotnego odchylenia,0.0,Werdykt OK: brak pasma przekraczającego próg anomalii.,"{""mV_0"": 0.0394, ""mV_1"": 0.239, ""mV_2"": 0.602, ""mV_3"": 0.6757, ""mV_4"": 0.3674, ""mV_5"": 0.0934, ""mV_6"": 0.0262, ""mV_7"": 0.0898, ""mV_8"": 0.1436, ""mV_9"": 0.1606, ""mV_10"": 0.2932, ""mV_11"": 0.4433, ""mV_12"": 0.3644, ""mV_13"": 0.1646, ""mV_14"": 0.0861, ""mV_15"": 0.0817, ""mV_16"": 0.5708, ""mV_17"": 1.322, ""mV_18"": 1.1992, ""mV_19"": 0.6979, ""mV_20"": 0.4227}"
test_0017,5,ok,nie_dotyczy,0.6657193319187389,2 kHz,mV_2,2.7047012283745824,podwyższona,0.0,"Werdykt OK, ale najsilniejsze lokalne odstępstwo występuje w paśmie 2 kHz; amplituda jest podwyższona.","{""mV_0"": 0.2272, ""mV_1"": 1.4362, ""mV_2"": 2.7047, ""mV_3"": 1.9143, ""mV_4"": 0.8892, ""mV_5"": 0.7848, ""mV_6"": 0.688, ""mV_7"": 0.5216, ""mV_8"": 0.2994, ""mV_9"": 0.1292, ""mV_10"": 0.0802, ""mV_11"": 0.0899, ""mV_12"": 0.0796, ""mV_13"": 0.1202, ""mV_14"": 0.3836, ""mV_15"": 0.6548, ""mV_16"": 1.0035, ""mV_17"": 1.4465, ""mV_18"": 1.1555, ""mV_19"": 0.4026, ""mV_20"": 0.0531}"
test_0017,6,ok,nie_dotyczy,0.7557457753313415,brak,,1.8366166313800873,brak istotnego odchylenia,0.0,Werdykt OK: brak pasma przekraczającego próg anomalii.,"{""mV_0"": 0.7943, ""mV_1"": 1.0896, ""mV_2"": 1.1459, ""mV_3"": 1.3388, ""mV_4"": 1.2966, ""mV_5"": 1.0818, ""mV_6"": 0.8799, ""mV_7"": 0.7571, ""mV_8"": 0.8483, ""mV_9"": 0.8904, ""mV_10"": 0.8353, ""mV_11"": 0.7748, ""mV_12"": 0.7147, ""mV_13"": 0.7415, ""mV_14"": 0.8835, ""mV_15"": 1.1529, ""mV_16"": 1.0556, ""mV_17"": 0.9978, ""mV_18"": 1.6668, ""mV_19"": 1.8366, ""mV_20"": 1.0914}"
test_0017,7,pompa,male,0.6058710713610281,17–18 kHz,"mV_17,mV_18",4.662764075811015,podwyższona,-0.35972377218751417,Podejrzenie pompa: najbardziej nietypowe jest pasmo 17–18 kHz; amplituda jest podwyższona względem zdrowej referencji.,"{""mV_0"": 0.7855, ""mV_1"": 0.7423, ""mV_2"": 0.594, ""mV_3"": 1.0178, ""mV_4"": 1.1946, ""mV_5"": 1.0168, ""mV_6"": 1.0576, ""mV_7"": 1.2871, ""mV_8"": 1.4104, ""mV_9"": 1.3146, ""mV_10"": 1.0885, ""mV_11"": 0.7148, ""mV_12"": 0.3051, ""mV_13"": 0.1322, ""mV_14"": 0.1751, ""mV_15"": 0.2194, ""mV_16"": 2.1583, ""mV_17"": 4.6628, ""mV_18"": 3.5255, ""mV_19"": 1.4117, ""mV_20"": 0.7174}"
test_0017,8,ok,nie_dotyczy,0.5706610178386031,17–18 kHz,"mV_17,mV_18",2.9837409768608962,podwyższona,0.0,"Werdykt OK, ale najsilniejsze lokalne odstępstwo występuje w paśmie 17–18 kHz; amplituda jest podwyższona.","{""mV_0"": 0.0386, ""mV_1"": 0.1723, ""mV_2"": 0.7268, ""mV_3"": 1.3027, ""mV_4"": 1.3319, ""mV_5"": 1.3185, ""mV_6"": 1.5141, ""mV_7"": 1.5215, ""mV_8"": 1.3094, ""mV_9"": 0.9258, ""mV_10"": 0.4477, ""mV_11"": 0.2345, ""mV_12"": 0.2207, ""mV_13"": 0.2587, ""mV_14"": 0.662, ""mV_15"": 1.0964, ""mV_16"": 1.9457, ""mV_17"": 2.9837, ""mV_18"": 2.1691, ""mV_19"": 0.5673, ""mV_20"": 0.0373}"
test_0017,9,ok,nie_dotyczy,0.7553389254857007,6 kHz,mV_6,2.0189129845112816,obniżona,0.0,"Werdykt OK, ale najsilniejsze lokalne odstępstwo występuje w paśmie 6 kHz; amplituda jest obniżona.","{""mV_0"": 1.0928, ""mV_1"": 1.3531, ""mV_2"": 1.387, ""mV_3"": 1.5221, ""mV_4"": 1.71, ""mV_5"": 1.9176, ""mV_6"": 2.0189, ""mV_7"": 1.9974, ""mV_8"": 1.9914, ""mV_9"": 2.0083, ""mV_10"": 1.8795, ""mV_11"": 1.6689, ""mV_12"": 1.5621, ""mV_13"": 1.6118, ""mV_14"": 1.7117, ""mV_15"": 1.7474, ""mV_16"": 2.0097, ""mV_17"": 1.9173, ""mV_18"": 1.0227, ""mV_19"": 0.6496, ""mV_20"": 0.6497}"
test_0017,10,ok,nie_dotyczy,0.7823477750629154,brak,,1.3294584495947,brak istotnego odchylenia,0.0,Werdykt OK: brak pasma przekraczającego próg anomalii.,"{""mV_0"": 0.084, ""mV_1"": 0.1969, ""mV_2"": 0.2068, ""mV_3"": 0.1543, ""mV_4"": 0.1227, ""mV_5"": 0.0897, ""mV_6"": 0.0628, ""mV_7"": 0.1088, ""mV_8"": 0.1661, ""mV_9"": 0.1329, ""mV_10"": 0.0786, ""mV_11"": 0.0717, ""mV_12"": 0.1421, ""mV_13"": 0.2572, ""mV_14"": 0.3495, ""mV_15"": 0.444, ""mV_16"": 0.8903, ""mV_17"": 1.3295, ""mV_18"": 0.9517, ""mV_19"": 0.5302, ""mV_20"": 0.4636}"
test_0017,11,ok,nie_dotyczy,0.6594976034721416,brak,,1.5333247276674962,brak istotnego odchylenia,0.0,Werdykt OK: brak pasma przekraczającego próg anomalii.,"{""mV_0"": 0.2818, ""mV_1"": 0.3769, ""mV_2"": 0.3332, ""mV_3"": 0.3717, ""mV_4"": 0.2683, ""mV_5"": 0.1707, ""mV_6"": 0.2816, ""mV_7"": 0.4196, ""mV_8"": 0.5517, ""mV_9"": 0.6809, ""mV_10"": 0.7657, ""mV_11"": 0.8694, ""mV_12"": 1.0581, ""mV_13"": 1.2073, ""mV_14"": 1.025, ""mV_15"": 1.1389, ""mV_16"": 1.5333, ""mV_17"": 1.1316, ""mV_18"": 0.5364, ""mV_19"": 0.3351, ""mV_20"": 0.2278}"
test_0017,12,ok,nie_dotyczy,0.7204471297458587,brak,,0.9462004142490333,brak istotnego odchylenia,0.0,Werdykt OK: brak pasma przekraczającego próg anomalii.,"{""mV_0"": 0.4783, ""mV_1"": 0.6258, ""mV_2"": 0.4565, ""mV_3"": 0.2556, ""mV_4"": 0.2015, ""mV_5"": 0.2097, ""mV_6"": 0.1981, ""mV_7"": 0.158, ""mV_8"": 0.1239, ""mV_9"": 0.1625, ""mV_10"": 0.1921, ""mV_11"": 0.1693, ""mV_12"": 0.1599, ""mV_13"": 0.1405, ""mV_14"": 0.2882, ""mV_15"": 0.6303, ""mV_16"": 0.9283, ""mV_17"": 0.9462, ""mV_18"": 0.5364, ""mV_19"": 0.1497, ""mV_20"": 0.0626}"
test_0018,1,ok,nie_dotyczy,0.8043819745623285,brak,,1.401449865764518,brak istotnego odchylenia,0.0,Werdykt OK: brak pasma przekraczającego próg anomalii.,"{""mV_0"": 0.2619, ""mV_1"": 0.3961, ""mV_2"": 0.3843, ""mV_3"": 0.4167, ""mV_4"": 0.4199, ""mV_5"": 0.3369, ""mV_6"": 0.4411, ""mV_7"": 0.7551, ""mV_8"": 0.96, ""mV_9"": 1.0354, ""mV_10"": 1.0829, ""mV_11"": 1.0995, ""mV_12"": 1.1107, ""mV_13"": 1.0374, ""mV_14"": 0.7761, ""mV_15"": 0.4212, ""mV_16"": 0.5769, ""mV_17"": 1.1868, ""mV_18"": 1.4014, ""mV_19"": 1.0151, ""mV_20"": 0.3509}"
test_0018,2,zakoksowany,srednie,0.7122670998244525,14–19 kHz,"mV_14,mV_15,mV_16,mV_17,mV_18,mV_19",8.20781444338699,podwyższona,0.8354292273891475,Podejrzenie zakoksowany: najbardziej nietypowe jest pasmo 14–19 kHz; amplituda jest podwyższona względem zdrowej referencji.,"{""mV_0"": 2.1688, ""mV_1"": 4.8034, ""mV_2"": 5.4132, ""mV_3"": 3.0445, ""mV_4"": 1.119, ""mV_5"": 0.6379, ""mV_6"": 0.5987, ""mV_7"": 0.9671, ""mV_8"": 2.178, ""mV_9"": 3.141, ""mV_10"": 2.2226, ""mV_11"": 1.6886, ""mV_12"": 2.674, ""mV_13"": 3.9252, ""mV_14"": 5.4483, ""mV_15"": 7.0951, ""mV_16"": 8.2078, ""mV_17"": 7.8589, ""mV_18"": 6.7296, ""mV_19"": 6.2234, ""mV_20"": 4.4839}"
test_0018,3,ok,nie_dotyczy,0.8509636450681176,brak,,1.9170326772704063,brak istotnego odchylenia,0.0,Werdykt OK: brak pasma przekraczającego próg anomalii.,"{""mV_0"": 0.2166, ""mV_1"": 0.3471, ""mV_2"": 0.2363, ""mV_3"": 0.0615, ""mV_4"": 0.0266, ""mV_5"": 0.0719, ""mV_6"": 0.2643, ""mV_7"": 0.6261, ""mV_8"": 0.8842, ""mV_9"": 0.9695, ""mV_10"": 0.922, ""mV_11"": 0.8402, ""mV_12"": 0.9006, ""mV_13"": 1.0872, ""mV_14"": 1.3557, ""mV_15"": 1.6592, ""mV_16"": 1.917, ""mV_17"": 1.7332, ""mV_18"": 1.0475, ""mV_19"": 0.6505, ""mV_20"": 0.5186}"
test_0018,4,ok,nie_dotyczy,0.7443670432631093,16–17 kHz,"mV_16,mV_17",2.076456798761471,podwyższona,0.0,"Werdykt OK, ale najsilniejsze lokalne odstępstwo występuje w paśmie 16–17 kHz; amplituda jest podwyższona.","{""mV_0"": 0.1829, ""mV_1"": 0.251, ""mV_2"": 0.1685, ""mV_3"": 0.1106, ""mV_4"": 0.1438, ""mV_5"": 0.2572, ""mV_6"": 0.5976, ""mV_7"": 1.0186, ""mV_8"": 1.1437, ""mV_9"": 1.0618, ""mV_10"": 0.8933, ""mV_11"": 0.7035, ""mV_12"": 0.7142, ""mV_13"": 0.896, ""mV_14"": 1.2303, ""mV_15"": 1.6725, ""mV_16"": 2.0565, ""mV_17"": 2.0765, ""mV_18"": 1.6838, ""mV_19"": 1.869, ""mV_20"": 1.9413}"
test_0018,5,ok,nie_dotyczy,0.8352877810756433,brak,,1.549931152989842,brak istotnego odchylenia,0.0,Werdykt OK: brak pasma przekraczającego próg anomalii.,"{""mV_0"": 0.4097, ""mV_1"": 0.5032, ""mV_2"": 0.2895, ""mV_3"": 0.1225, ""mV_4"": 0.1232, ""mV_5"": 0.1805, ""mV_6"": 0.2297, ""mV_7"": 0.2562, ""mV_8"": 0.3736, ""mV_9"": 0.6433, ""mV_10"": 0.7549, ""mV_11"": 0.5865, ""mV_12"": 0.5141, ""mV_13"": 0.7551, ""mV_14"": 1.1492, ""mV_15"": 1.4545, ""mV_16"": 1.5499, ""mV_17"": 1.2397, ""mV_18"": 0.7857, ""mV_19"": 0.8262, ""mV_20"": 0.8185}"
test_0018,6,ok,nie_dotyczy,0.7970180473386381,brak,,1.1409311831352682,brak istotnego odchylenia,0.0,Werdykt OK: brak pasma przekraczającego próg anomalii.,"{""mV_0"": 0.2563, ""mV_1"": 0.3898, ""mV_2"": 0.4287, ""mV_3"": 0.7573, ""mV_4"": 1.1188, ""mV_5"": 1.1409, ""mV_6"": 0.7719, ""mV_7"": 0.3221, ""mV_8"": 0.1576, ""mV_9"": 0.1189, ""mV_10"": 0.1809, ""mV_11"": 0.3644, ""mV_12"": 0.4188, ""mV_13"": 0.3047, ""mV_14"": 0.2735, ""mV_15"": 0.517, ""mV_16"": 0.8288, ""mV_17"": 0.7611, ""mV_18"": 0.6273, ""mV_19"": 0.7184, ""mV_20"": 0.4598}"
test_0018,7,ok,nie_dotyczy,0.808248618524135,14–17 kHz,"mV_14,mV_15,mV_16,mV_17",2.6259141567423123,podwyższona,0.0,"Werdykt OK, ale najsilniejsze lokalne odstępstwo występuje w paśmie 14–17 kHz; amplituda jest podwyższona.","{""mV_0"": 1.0347, ""mV_1"": 1.356, ""mV_2"": 1.1532, ""mV_3"": 0.8253, ""mV_4"": 0.4914, ""mV_5"": 0.3738, ""mV_6"": 0.5667, ""mV_7"": 0.8029, ""mV_8"": 1.0479, ""mV_9"": 1.309, ""mV_10"": 1.3028, ""mV_11"": 1.2467, ""mV_12"": 1.5017, ""mV_13"": 1.9237, ""mV_14"": 2.3371, ""mV_15"": 2.5813, ""mV_16"": 2.6259, ""mV_17"": 2.3352, ""mV_18"": 1.6636, ""mV_19"": 1.1729, ""mV_20"": 0.7861}"
test_0018,8,ok,nie_dotyczy,0.7872385388825496,brak,,1.433832021767389,brak istotnego odchylenia,0.0,Werdykt OK: brak pasma przekraczającego próg anomalii.,"{""mV_0"": 0.5749, ""mV_1"": 0.6227, ""mV_2"": 0.3709, ""mV_3"": 0.2202, ""mV_4"": 0.2563, ""mV_5"": 0.4014, ""mV_6"": 0.4667, ""mV_7"": 0.374, ""mV_8"": 0.335, ""mV_9"": 0.3424, ""mV_10"": 0.3914, ""mV_11"": 0.6106, ""mV_12"": 0.8064, ""mV_13"": 0.8129, ""mV_14"": 0.7455, ""mV_15"": 0.7273, ""mV_16"": 1.074, ""mV_17"": 1.4338, ""mV_18"": 1.1349, ""mV_19"": 0.8223, ""mV_20"": 0.6435}"
test_0018,9,ok,nie_dotyczy,0.8132438045002521,brak,,1.5187218783463963,brak istotnego odchylenia,0.0,Werdykt OK: brak pasma przekraczającego próg anomalii.,"{""mV_0"": 0.4298, ""mV_1"": 0.7338, ""mV_2"": 0.5003, ""mV_3"": 0.1866, ""mV_4"": 0.2752, ""mV_5"": 0.5224, ""mV_6"": 0.8319, ""mV_7"": 1.1831, ""mV_8"": 1.3742, ""mV_9"": 1.4693, ""mV_10"": 1.5187, ""mV_11"": 1.4417, ""mV_12"": 1.2487, ""mV_13"": 1.0096, ""mV_14"": 0.722, ""mV_15"": 0.3824, ""mV_16"": 0.6048, ""mV_17"": 1.2783, ""mV_18"": 1.4645, ""mV_19"": 1.136, ""mV_20"": 0.5497}"
test_0018,10,ok,nie_dotyczy,0.7134177155806052,11–17 kHz,"mV_11,mV_12,mV_13,mV_14,mV_15,mV_16,mV_17",2.590442887142736,obniżona,0.0,"Werdykt OK, ale najsilniejsze lokalne odstępstwo występuje w paśmie 11–17 kHz; amplituda jest obniżona.","{""mV_0"": 1.719, ""mV_1"": 1.9838, ""mV_2"": 1.1687, ""mV_3"": 0.6341, ""mV_4"": 0.6459, ""mV_5"": 0.9245, ""mV_6"": 1.3273, ""mV_7"": 1.6363, ""mV_8"": 1.8371, ""mV_9"": 1.8995, ""mV_10"": 1.8967, ""mV_11"": 2.0349, ""mV_12"": 2.2074, ""mV_13"": 2.2388, ""mV_14"": 2.1547, ""mV_15"": 2.0881, ""mV_16"": 2.3437, ""mV_17"": 2.5904, ""mV_18"": 1.84, ""mV_19"": 0.9844, ""mV_20"": 0.8324}"
test_0018,11,iglica,duze,0.7601665362633486,7–15 kHz,"mV_7,mV_8,mV_9,mV_10,mV_11,mV_12,mV_13,mV_14,mV_15",7.84237526363918,obniżona,0.9684252529540389,Podejrzenie iglica: najbardziej nietypowe jest pasmo 7–15 kHz; amplituda jest obniżona względem zdrowej referencji.,"{""mV_0"": 1.2511, ""mV_1"": 1.9245, ""mV_2"": 2.4283, ""mV_3"": 1.8092, ""mV_4"": 1.145, ""mV_5"": 2.085, ""mV_6"": 3.9098, ""mV_7"": 5.3158, ""mV_8"": 6.7415, ""mV_9"": 7.8424, ""mV_10"": 7.7446, ""mV_11"": 7.3075, ""mV_12"": 7.216, ""mV_13"": 7.7568, ""mV_14"": 7.775, ""mV_15"": 5.8313, ""mV_16"": 3.833, ""mV_17"": 2.7535, ""mV_18"": 2.2318, ""mV_19"": 3.9144, ""mV_20"": 4.5466}"
test_0018,12,ok,nie_dotyczy,0.6307856685686604,17–19 kHz,"mV_17,mV_18,mV_19",4.2471745649877715,podwyższona,0.0,"Werdykt OK, ale najsilniejsze lokalne odstępstwo występuje w paśmie 17–19 kHz; amplituda jest podwyższona.","{""mV_0"": 0.1702, ""mV_1"": 0.2042, ""mV_2"": 0.158, ""mV_3"": 0.1338, ""mV_4"": 0.1681, ""mV_5"": 0.1849, ""mV_6"": 0.2596, ""mV_7"": 0.4597, ""mV_8"": 0.4233, ""mV_9"": 0.2522, ""mV_10"": 0.2739, ""mV_11"": 0.2321, ""mV_12"": 0.1149, ""mV_13"": 0.0735, ""mV_14"": 0.1523, ""mV_15"": 0.3666, ""mV_16"": 0.9391, ""mV_17"": 2.8237, ""mV_18"": 4.2472, ""mV_19"": 2.8787, ""mV_20"": 0.9711}"
test_0018,13,ok,nie_dotyczy,0.7919805569410031,brak,,1.0874185409773436,brak istotnego odchylenia,0.0,Werdykt OK: brak pasma przekraczającego próg anomalii.,"{""mV_0"": 0.274, ""mV_1"": 0.3318, ""mV_2"": 0.2806, ""mV_3"": 0.239, ""mV_4"": 0.1925, ""mV_5"": 0.3262, ""mV_6"": 0.4178, ""mV_7"": 0.238, ""mV_8"": 0.1504, ""mV_9"": 0.2497, ""mV_10"": 0.4346, ""mV_11"": 0.683, ""mV_12"": 0.8374, ""mV_13"": 0.8922, ""mV_14"": 0.9706, ""mV_15"": 0.9865, ""mV_16"": 1.0874, ""mV_17"": 1.0603, ""mV_18"": 0.9673, ""mV_19"": 1.0773, ""mV_20"": 0.6452}"
test_0018,14,ok,nie_dotyczy,0.7929095083504096,brak,,1.7310077390528797,brak istotnego odchylenia,0.0,Werdykt OK: brak pasma przekraczającego próg anomalii.,"{""mV_0"": 0.6267, ""mV_1"": 1.2882, ""mV_2"": 1.731, ""mV_3"": 0.8297, ""mV_4"": 0.0552, ""mV_5"": 0.0673, ""mV_6"": 0.0671, ""mV_7"": 0.1705, ""mV_8"": 0.2841, ""mV_9"": 0.2554, ""mV_10"": 0.2417, ""mV_11"": 0.2626, ""mV_12"": 0.2257, ""mV_13"": 0.2305, ""mV_14"": 0.297, ""mV_15"": 0.2765, ""mV_16"": 0.2093, ""mV_17"": 0.2475, ""mV_18"": 0.3112, ""mV_19"": 0.2859, ""mV_20"": 0.1461}"
test_0018,15,ok,nie_dotyczy,0.7958217632506668,brak,,1.6430193475813524,brak istotnego odchylenia,0.0,Werdykt OK: brak pasma przekraczającego próg anomalii.,"{""mV_0"": 0.5093, ""mV_1"": 0.5732, ""mV_2"": 0.9035, ""mV_3"": 1.4135, ""mV_4"": 1.5918, ""mV_5"": 1.643, ""mV_6"": 1.5918, ""mV_7"": 1.3621, ""mV_8"": 1.2357, ""mV_9"": 1.2299, ""mV_10"": 1.2766, ""mV_11"": 1.3649, ""mV_12"": 1.3844, ""mV_13"": 1.4522, ""mV_14"": 1.5954, ""mV_15"": 1.5211, ""mV_16"": 1.0681, ""mV_17"": 0.662, ""mV_18"": 0.7787, ""mV_19"": 1.0874, ""mV_20"": 0.8881}"
test_0018,16,ok,nie_dotyczy,0.6879085883422313,12–17 kHz,"mV_12,mV_13,mV_14,mV_15,mV_16,mV_17",3.358507173453037,obniżona,0.0,"Werdykt OK, ale najsilniejsze lokalne odstępstwo występuje w paśmie 12–17 kHz; amplituda jest obniżona.","{""mV_0"": 1.9769, ""mV_1"": 2.5198, ""mV_2"": 2.2567, ""mV_3"": 1.8491, ""mV_4"": 1.5286, ""mV_5"": 1.5357, ""mV_6"": 1.6308, ""mV_7"": 1.5881, ""mV_8"": 1.7304, ""mV_9"": 1.9326, ""mV_10"": 1.8937, ""mV_11"": 1.9522, ""mV_12"": 2.16, ""mV_13"": 2.3959, ""mV_14"": 2.7513, ""mV_15"": 3.0764, ""mV_16"": 3.3585, ""mV_17"": 3.1393, ""mV_18"": 1.8002, ""mV_19"": 0.8898, ""mV_20"": 0.9319}"
test_0019,1,ok,nie_dotyczy,0.7575403608669765,brak,,1.3798490913452555,brak istotnego odchylenia,0.0,Werdykt OK: brak pasma przekraczającego próg anomalii.,"{""mV_0"": 0.1325, ""mV_1"": 0.2632, ""mV_2"": 0.6007, ""mV_3"": 0.9752, ""mV_4"": 1.0548, ""mV_5"": 0.8972, ""mV_6"": 0.5503, ""mV_7"": 0.2121, ""mV_8"": 0.1519, ""mV_9"": 0.2092, ""mV_10"": 0.2031, ""mV_11"": 0.2523, ""mV_12"": 0.3456, ""mV_13"": 0.4408, ""mV_14"": 0.4797, ""mV_15"": 0.327, ""mV_16"": 0.1776, ""mV_17"": 0.6475, ""mV_18"": 1.3798, ""mV_19"": 1.1977, ""mV_20"": 0.5233}"
test_0019,2,ok,nie_dotyczy,0.8369128502440364,brak,,0.8422822413697496,brak istotnego odchylenia,0.0,Werdykt OK: brak pasma przekraczającego próg anomalii.,"{""mV_0"": 0.4563, ""mV_1"": 0.3131, ""mV_2"": 0.3602, ""mV_3"": 0.7083, ""mV_4"": 0.7157, ""mV_5"": 0.5208, ""mV_6"": 0.4653, ""mV_7"": 0.5289, ""mV_8"": 0.5133, ""mV_9"": 0.3736, ""mV_10"": 0.2153, ""mV_11"": 0.0902, ""mV_12"": 0.0522, ""mV_13"": 0.0651, ""mV_14"": 0.0941, ""mV_15"": 0.1928, ""mV_16"": 0.3326, ""mV_17"": 0.6275, ""mV_18"": 0.8423, ""mV_19"": 0.5483, ""mV_20"": 0.1845}"
test_0019,3,ok,nie_dotyczy,0.6891242121313204,14–17 kHz,"mV_14,mV_15,mV_16,mV_17",3.090328622343292,obniżona,0.0,"Werdykt OK, ale najsilniejsze lokalne odstępstwo występuje w paśmie 14–17 kHz; amplituda jest obniżona.","{""mV_0"": 1.1777, ""mV_1"": 1.5996, ""mV_2"": 1.2568, ""mV_3"": 0.5418, ""mV_4"": 0.1797, ""mV_5"": 0.4224, ""mV_6"": 0.8759, ""mV_7"": 1.1686, ""mV_8"": 1.3065, ""mV_9"": 1.3598, ""mV_10"": 1.2524, ""mV_11"": 1.2591, ""mV_12"": 1.506, ""mV_13"": 1.9124, ""mV_14"": 2.3906, ""mV_15"": 2.7889, ""mV_16"": 3.0903, ""mV_17"": 2.5186, ""mV_18"": 1.4465, ""mV_19"": 1.5037, ""mV_20"": 1.5636}"
test_0019,4,ok,nie_dotyczy,0.8088740002683721,brak,,1.4170772168802888,brak istotnego odchylenia,0.0,Werdykt OK: brak pasma przekraczającego próg anomalii.,"{""mV_0"": 0.1328, ""mV_1"": 0.3706, ""mV_2"": 0.6979, ""mV_3"": 0.7646, ""mV_4"": 0.6739, ""mV_5"": 0.6522, ""mV_6"": 0.7394, ""mV_7"": 0.8508, ""mV_8"": 0.8026, ""mV_9"": 0.634, ""mV_10"": 0.4495, ""mV_11"": 0.3563, ""mV_12"": 0.4521, ""mV_13"": 0.7253, ""mV_14"": 1.0428, ""mV_15"": 1.2743, ""mV_16"": 1.4171, ""mV_17"": 1.1827, ""mV_18"": 0.6787, ""mV_19"": 0.5684, ""mV_20"": 0.534}"
test_0019,5,ok,nie_dotyczy,0.7427874807687884,brak,,1.7241687607571559,brak istotnego odchylenia,0.0,Werdykt OK: brak pasma przekraczającego próg anomalii.,"{""mV_0"": 0.1606, ""mV_1"": 0.5005, ""mV_2"": 0.7822, ""mV_3"": 0.7204, ""mV_4"": 0.7864, ""mV_5"": 0.8604, ""mV_6"": 0.5558, ""mV_7"": 0.2236, ""mV_8"": 0.1208, ""mV_9"": 0.1416, ""mV_10"": 0.3082, ""mV_11"": 0.5134, ""mV_12"": 0.4769, ""mV_13"": 0.2875, ""mV_14"": 0.1598, ""mV_15"": 0.139, ""mV_16"": 0.7633, ""mV_17"": 1.7242, ""mV_18"": 1.5034, ""mV_19"": 0.5437, ""mV_20"": 0.1025}"
test_0019,6,ok,nie_dotyczy,0.7867210921990477,brak,,1.0792492217728413,brak istotnego odchylenia,0.0,Werdykt OK: brak pasma przekraczającego próg anomalii.,"{""mV_0"": 0.2764, ""mV_1"": 0.7367, ""mV_2"": 0.8407, ""mV_3"": 0.4657, ""mV_4"": 0.1516, ""mV_5"": 0.0562, ""mV_6"": 0.063, ""mV_7"": 0.1044, ""mV_8"": 0.0907, ""mV_9"": 0.0642, ""mV_10"": 0.0887, ""mV_11"": 0.1219, ""mV_12"": 0.1533, ""mV_13"": 0.1931, ""mV_14"": 0.1727, ""mV_15"": 0.1887, ""mV_16"": 0.452, ""mV_17"": 0.8385, ""mV_18"": 1.0792, ""mV_19"": 0.9692, ""mV_20"": 0.5198}"
test_0019,7,ok,nie_dotyczy,0.8053150694081969,brak,,0.7548193831413248,brak istotnego odchylenia,0.0,Werdykt OK: brak pasma przekraczającego próg anomalii.,"{""mV_0"": 0.2125, ""mV_1"": 0.2767, ""mV_2"": 0.458, ""mV_3"": 0.7548, ""mV_4"": 0.5631, ""mV_5"": 0.2362, ""mV_6"": 0.2324, ""mV_7"": 0.2638, ""mV_8"": 0.2359, ""mV_9"": 0.158, ""mV_10"": 0.1275, ""mV_11"": 0.3178, ""mV_12"": 0.55, ""mV_13"": 0.5855, ""mV_14"": 0.4927, ""mV_15"": 0.3808, ""mV_16"": 0.2406, ""mV_17"": 0.3073, ""mV_18"": 0.5372, ""mV_19"": 0.6662, ""mV_20"": 0.6278}"
test_0019,8,ok,nie_dotyczy,0.798040588973326,2 kHz,mV_2,2.0207491626524408,podwyższona,0.0,"Werdykt OK, ale najsilniejsze lokalne odstępstwo występuje w paśmie 2 kHz; amplituda jest podwyższona.","{""mV_0"": 0.2274, ""mV_1"": 1.1192, ""mV_2"": 2.0207, ""mV_3"": 1.7516, ""mV_4"": 1.4796, ""mV_5"": 1.593, ""mV_6"": 1.3716, ""mV_7"": 1.064, ""mV_8"": 0.9472, ""mV_9"": 0.9292, ""mV_10"": 0.9007, ""mV_11"": 0.844, ""mV_12"": 0.7125, ""mV_13"": 0.5371, ""mV_14"": 0.3508, ""mV_15"": 0.2018, ""mV_16"": 0.1173, ""mV_17"": 0.1376, ""mV_18"": 0.3523, ""mV_19"": 0.5465, ""mV_20"": 0.4013}"
test_0020,1,lejacy,duze,0.7212312509857037,3–17 kHz,"mV_3,mV_4,mV_5,mV_6,mV_7,mV_8,mV_9,mV_10,mV_11,mV_12,mV_13,mV_14,mV_15,mV_16,mV_17",15.410482637628006,obniżona,0.9874533436476808,Podejrzenie lejacy: najbardziej nietypowe jest pasmo 3–17 kHz; amplituda jest obniżona względem zdrowej referencji.,"{""mV_0"": 0.6985, ""mV_1"": 2.5362, ""mV_2"": 6.3413, ""mV_3"": 9.1707, ""mV_4"": 10.2992, ""mV_5"": 11.0809, ""mV_6"": 11.0753, ""mV_7"": 11.1031, ""mV_8"": 12.008, ""mV_9"": 12.832, ""mV_10"": 13.5131, ""mV_11"": 14.5445, ""mV_12"": 15.1838, ""mV_13"": 15.3146, ""mV_14"": 15.4105, ""mV_15"": 15.1474, ""mV_16"": 14.298, ""mV_17"": 11.4798, ""mV_18"": 8.2245, ""mV_19"": 8.3469, ""mV_20"": 7.2617}"
test_0020,2,ok,nie_dotyczy,0.8408944702301397,brak,,1.3609292708275715,brak istotnego odchylenia,0.0,Werdykt OK: brak pasma przekraczającego próg anomalii.,"{""mV_0"": 1.1107, ""mV_1"": 1.2162, ""mV_2"": 0.887, ""mV_3"": 0.8511, ""mV_4"": 1.0209, ""mV_5"": 1.2639, ""mV_6"": 1.3609, ""mV_7"": 1.2354, ""mV_8"": 1.0798, ""mV_9"": 0.8515, ""mV_10"": 0.6161, ""mV_11"": 0.5427, ""mV_12"": 0.6057, ""mV_13"": 0.7708, ""mV_14"": 0.8671, ""mV_15"": 0.6932, ""mV_16"": 0.3629, ""mV_17"": 0.1347, ""mV_18"": 0.4329, ""mV_19"": 0.8602, ""mV_20"": 0.5749}"
test_0020,3,ok,nie_dotyczy,0.8344403664789984,5–8 kHz,"mV_5,mV_6,mV_7,mV_8",2.0589295800287375,podwyższona,0.0,"Werdykt OK, ale najsilniejsze lokalne odstępstwo występuje w paśmie 5–8 kHz; amplituda jest podwyższona.","{""mV_0"": 0.1096, ""mV_1"": 0.2943, ""mV_2"": 0.749, ""mV_3"": 1.5106, ""mV_4"": 1.9555, ""mV_5"": 2.0128, ""mV_6"": 2.0458, ""mV_7"": 2.0589, ""mV_8"": 2.0259, ""mV_9"": 1.9804, ""mV_10"": 1.939, ""mV_11"": 1.9326, ""mV_12"": 1.8726, ""mV_13"": 1.7337, ""mV_14"": 1.6012, ""mV_15"": 1.4543, ""mV_16"": 1.2375, ""mV_17"": 0.7974, ""mV_18"": 0.4224, ""mV_19"": 0.5605, ""mV_20"": 0.6211}"
test_0020,4,ok,nie_dotyczy,0.7757158574968618,11–17 kHz,"mV_11,mV_12,mV_13,mV_14,mV_15,mV_16,mV_17",2.985093364510794,podwyższona,0.0,"Werdykt OK, ale najsilniejsze lokalne odstępstwo występuje w paśmie 11–17 kHz; amplituda jest podwyższona.","{""mV_0"": 0.4307, ""mV_1"": 0.9551, ""mV_2"": 1.2997, ""mV_3"": 1.0289, ""mV_4"": 0.8269, ""mV_5"": 0.9068, ""mV_6"": 1.0674, ""mV_7"": 1.2598, ""mV_8"": 1.327, ""mV_9"": 1.4863, ""mV_10"": 1.7569, ""mV_11"": 2.0695, ""mV_12"": 2.4998, ""mV_13"": 2.8317, ""mV_14"": 2.9851, ""mV_15"": 2.9141, ""mV_16"": 2.5194, ""mV_17"": 2.0304, ""mV_18"": 1.6149, ""mV_19"": 1.4231, ""mV_20"": 1.0801}"
test_0020,5,ok,nie_dotyczy,0.7186963121806954,17–18 kHz,"mV_17,mV_18",2.2861299381285414,podwyższona,0.0,"Werdykt OK, ale najsilniejsze lokalne odstępstwo występuje w paśmie 17–18 kHz; amplituda jest podwyższona.","{""mV_0"": 0.3538, ""mV_1"": 0.4093, ""mV_2"": 0.3652, ""mV_3"": 0.4084, ""mV_4"": 0.4099, ""mV_5"": 0.368, ""mV_6"": 0.3769, ""mV_7"": 0.4355, ""mV_8"": 0.4886, ""mV_9"": 0.5422, ""mV_10"": 0.5263, ""mV_11"": 0.4187, ""mV_12"": 0.4114, ""mV_13"": 0.5365, ""mV_14"": 0.7518, ""mV_15"": 1.0755, ""mV_16"": 1.4848, ""mV_17"": 2.2444, ""mV_18"": 2.2861, ""mV_19"": 1.157, ""mV_20"": 0.5174}"
test_0020,6,ok,nie_dotyczy,0.8260921178126633,19 kHz,mV_19,2.4444896486643595,obniżona,0.0,"Werdykt OK, ale najsilniejsze lokalne odstępstwo występuje w paśmie 19 kHz; amplituda jest obniżona.","{""mV_0"": 1.7553, ""mV_1"": 2.2617, ""mV_2"": 2.175, ""mV_3"": 2.202, ""mV_4"": 2.2847, ""mV_5"": 2.3908, ""mV_6"": 2.282, ""mV_7"": 1.9443, ""mV_8"": 1.712, ""mV_9"": 1.5676, ""mV_10"": 1.4854, ""mV_11"": 1.4883, ""mV_12"": 1.4264, ""mV_13"": 1.3281, ""mV_14"": 1.273, ""mV_15"": 1.3503, ""mV_16"": 1.5493, ""mV_17"": 1.5372, ""mV_18"": 1.8392, ""mV_19"": 2.4445, ""mV_20"": 1.8346}"
test_0020,7,ok,nie_dotyczy,0.7793451408737118,3–11 kHz,"mV_3,mV_4,mV_5,mV_6,mV_7,mV_8,mV_9,mV_10,mV_11",2.8690803905082993,podwyższona,0.0,"Werdykt OK, ale najsilniejsze lokalne odstępstwo występuje w paśmie 3–11 kHz; amplituda jest podwyższona.","{""mV_0"": 0.1797, ""mV_1"": 0.5049, ""mV_2"": 1.1412, ""mV_3"": 2.0905, ""mV_4"": 2.7469, ""mV_5"": 2.8691, ""mV_6"": 2.7574, ""mV_7"": 2.5233, ""mV_8"": 2.3031, ""mV_9"": 2.2335, ""mV_10"": 2.1894, ""mV_11"": 2.0776, ""mV_12"": 1.9667, ""mV_13"": 2.0407, ""mV_14"": 2.0791, ""mV_15"": 1.7328, ""mV_16"": 1.155, ""mV_17"": 0.635, ""mV_18"": 0.8886, ""mV_19"": 1.5961, ""mV_20"": 1.2734}"
test_0020,8,ok,nie_dotyczy,0.7702770094999515,15–17 kHz,"mV_15,mV_16,mV_17",2.4468796838871003,obniżona,0.0,"Werdykt OK, ale najsilniejsze lokalne odstępstwo występuje w paśmie 15–17 kHz; amplituda jest obniżona.","{""mV_0"": 1.0954, ""mV_1"": 1.0531, ""mV_2"": 0.6213, ""mV_3"": 0.6189, ""mV_4"": 0.7346, ""mV_5"": 0.8296, ""mV_6"": 0.902, ""mV_7"": 0.939, ""mV_8"": 1.0519, ""mV_9"": 1.1745, ""mV_10"": 1.306, ""mV_11"": 1.4754, ""mV_12"": 1.6269, ""mV_13"": 1.7058, ""mV_14"": 1.7733, ""mV_15"": 2.0932, ""mV_16"": 2.4469, ""mV_17"": 2.1428, ""mV_18"": 1.2229, ""mV_19"": 0.6972, ""mV_20"": 0.6656}"
test_0020,9,ok,nie_dotyczy,0.8419628885161063,brak,,1.3079932228327524,brak istotnego odchylenia,0.0,Werdykt OK: brak pasma przekraczającego próg anomalii.,"{""mV_0"": 0.2508, ""mV_1"": 0.6724, ""mV_2"": 0.7643, ""mV_3"": 0.4353, ""mV_4"": 0.178, ""mV_5"": 0.0957, ""mV_6"": 0.1147, ""mV_7"": 0.1796, ""mV_8"": 0.1938, ""mV_9"": 0.2249, ""mV_10"": 0.2528, ""mV_11"": 0.2508, ""mV_12"": 0.3006, ""mV_13"": 0.4084, ""mV_14"": 0.5134, ""mV_15"": 0.4899, ""mV_16"": 0.2978, ""mV_17"": 0.164, ""mV_18"": 0.6913, ""mV_19"": 1.308, ""mV_20"": 0.8402}"
test_0020,10,ok,nie_dotyczy,0.7734421000490321,8–13 kHz,"mV_8,mV_9,mV_10,mV_11,mV_12,mV_13",2.481701926045835,podwyższona,0.0,"Werdykt OK, ale najsilniejsze lokalne odstępstwo występuje w paśmie 8–13 kHz; amplituda jest podwyższona.","{""mV_0"": 0.9704, ""mV_1"": 1.8515, ""mV_2"": 2.0893, ""mV_3"": 1.1816, ""mV_4"": 0.6667, ""mV_5"": 0.936, ""mV_6"": 1.3836, ""mV_7"": 1.8334, ""mV_8"": 2.0481, ""mV_9"": 2.2674, ""mV_10"": 2.4694, ""mV_11"": 2.4817, ""mV_12"": 2.3738, ""mV_13"": 2.1483, ""mV_14"": 1.9541, ""mV_15"": 1.9177, ""mV_16"": 1.801, ""mV_17"": 1.2766, ""mV_18"": 0.8156, ""mV_19"": 0.9541, ""mV_20"": 0.8606}"
test_0020,11,unknown,nie_dotyczy,0.6856112636250176,10–12 kHz,"mV_10,mV_11,mV_12",12.750111326294197,obniżona,0.6981563427017777,Podejrzenie unknown: najbardziej nietypowe jest pasmo 10–12 kHz; amplituda jest obniżona względem zdrowej referencji.,"{""mV_0"": 0.856, ""mV_1"": 2.8502, ""mV_2"": 5.9304, ""mV_3"": 7.1725, ""mV_4"": 5.3016, ""mV_5"": 2.6039, ""mV_6"": 1.3939, ""mV_7"": 2.0928, ""mV_8"": 3.2329, ""mV_9"": 4.9531, ""mV_10"": 8.8266, ""mV_11"": 12.7501, ""mV_12"": 11.1547, ""mV_13"": 5.0462, ""mV_14"": 1.6471, ""mV_15"": 1.2294, ""mV_16"": 0.7816, ""mV_17"": 1.043, ""mV_18"": 1.9008, ""mV_19"": 1.9024, ""mV_20"": 1.2615}"
test_0020,12,ok,nie_dotyczy,0.8109169737338036,brak,,1.149369606452915,brak istotnego odchylenia,0.0,Werdykt OK: brak pasma przekraczającego próg anomalii.,"{""mV_0"": 0.2556, ""mV_1"": 0.6805, ""mV_2"": 1.0242, ""mV_3"": 0.6571, ""mV_4"": 0.2565, ""mV_5"": 0.2835, ""mV_6"": 0.5396, ""mV_7"": 0.714, ""mV_8"": 0.5329, ""mV_9"": 0.3902, ""mV_10"": 0.4854, ""mV_11"": 0.6669, ""mV_12"": 0.8895, ""mV_13"": 1.1079, ""mV_14"": 1.1494, ""mV_15"": 0.8949, ""mV_16"": 0.5185, ""mV_17"": 0.2649, ""mV_18"": 0.482, ""mV_19"": 0.8026, ""mV_20"": 0.4997}"
test_0021,1,ok,nie_dotyczy,0.7233581922418977,brak,,1.3277724886990743,brak istotnego odchylenia,0.0,Werdykt OK: brak pasma przekraczającego próg anomalii.,"{""mV_0"": 0.3465, ""mV_1"": 0.8084, ""mV_2"": 0.8775, ""mV_3"": 0.3916, ""mV_4"": 0.0611, ""mV_5"": 0.0798, ""mV_6"": 0.1122, ""mV_7"": 0.1305, ""mV_8"": 0.2609, ""mV_9"": 0.3509, ""mV_10"": 0.5715, ""mV_11"": 1.0972, ""mV_12"": 1.3278, ""mV_13"": 1.0624, ""mV_14"": 0.5986, ""mV_15"": 0.2216, ""mV_16"": 0.0935, ""mV_17"": 0.1286, ""mV_18"": 0.2917, ""mV_19"": 0.46, ""mV_20"": 0.3843}"
test_0021,2,zakoksowany,duze,0.7215227551423103,13–18 kHz,"mV_13,mV_14,mV_15,mV_16,mV_17,mV_18",9.890341363834638,podwyższona,0.9914042299654775,Podejrzenie zakoksowany: najbardziej nietypowe jest pasmo 13–18 kHz; amplituda jest podwyższona względem zdrowej referencji.,"{""mV_0"": 2.3433, ""mV_1"": 3.0931, ""mV_2"": 1.5022, ""mV_3"": 0.5416, ""mV_4"": 0.5224, ""mV_5"": 0.2787, ""mV_6"": 0.3568, ""mV_7"": 1.4493, ""mV_8"": 4.4101, ""mV_9"": 6.2323, ""mV_10"": 3.9188, ""mV_11"": 2.1312, ""mV_12"": 3.5347, ""mV_13"": 5.5887, ""mV_14"": 7.548, ""mV_15"": 9.3469, ""mV_16"": 9.8903, ""mV_17"": 8.4838, ""mV_18"": 6.2919, ""mV_19"": 4.697, ""mV_20"": 3.0066}"
test_0021,3,ok,nie_dotyczy,0.7677526501085599,brak,,1.6623756511680057,brak istotnego odchylenia,0.0,Werdykt OK: brak pasma przekraczającego próg anomalii.,"{""mV_0"": 0.6118, ""mV_1"": 0.9514, ""mV_2"": 0.8439, ""mV_3"": 0.5163, ""mV_4"": 0.4698, ""mV_5"": 0.7741, ""mV_6"": 1.1331, ""mV_7"": 1.3582, ""mV_8"": 1.4255, ""mV_9"": 1.4784, ""mV_10"": 1.1941, ""mV_11"": 0.4924, ""mV_12"": 0.1111, ""mV_13"": 0.1136, ""mV_14"": 0.2585, ""mV_15"": 0.6993, ""mV_16"": 1.3175, ""mV_17"": 1.6624, ""mV_18"": 1.4353, ""mV_19"": 0.9871, ""mV_20"": 0.6222}"
test_0021,4,ok,nie_dotyczy,0.7603025939274519,3–4 kHz,"mV_3,mV_4",2.0468829264143307,podwyższona,0.0,"Werdykt OK, ale najsilniejsze lokalne odstępstwo występuje w paśmie 3–4 kHz; amplituda jest podwyższona.","{""mV_0"": 0.617, ""mV_1"": 0.3659, ""mV_2"": 0.8568, ""mV_3"": 2.0326, ""mV_4"": 2.0469, ""mV_5"": 1.6977, ""mV_6"": 1.8542, ""mV_7"": 2.0047, ""mV_8"": 2.0064, ""mV_9"": 1.9598, ""mV_10"": 1.5738, ""mV_11"": 0.8257, ""mV_12"": 0.4079, ""mV_13"": 0.3726, ""mV_14"": 0.4919, ""mV_15"": 0.9641, ""mV_16"": 1.6394, ""mV_17"": 1.9119, ""mV_18"": 1.5712, ""mV_19"": 1.1268, ""mV_20"": 0.7585}"
test_0021,5,ok,nie_dotyczy,0.7577839179715453,brak,,1.3365055902246754,brak istotnego odchylenia,0.0,Werdykt OK: brak pasma przekraczającego próg anomalii.,"{""mV_0"": 0.3682, ""mV_1"": 0.8002, ""mV_2"": 1.139, ""mV_3"": 1.2813, ""mV_4"": 1.3338, ""mV_5"": 1.2972, ""mV_6"": 1.0788, ""mV_7"": 0.8155, ""mV_8"": 0.7581, ""mV_9"": 0.761, ""mV_10"": 0.8964, ""mV_11"": 1.2385, ""mV_12"": 1.1858, ""mV_13"": 0.747, ""mV_14"": 0.3982, ""mV_15"": 0.3028, ""mV_16"": 0.5429, ""mV_17"": 0.9717, ""mV_18"": 1.2511, ""mV_19"": 1.3365, ""mV_20"": 1.0488}"
test_0021,6,ok,nie_dotyczy,0.8079456184501782,brak,,1.790797812349333,brak istotnego odchylenia,0.0,Werdykt OK: brak pasma przekraczającego próg anomalii.,"{""mV_0"": 0.472, ""mV_1"": 0.3826, ""mV_2"": 0.5241, ""mV_3"": 1.351, ""mV_4"": 1.7908, ""mV_5"": 1.3827, ""mV_6"": 0.7481, ""mV_7"": 0.2852, ""mV_8"": 0.0983, ""mV_9"": 0.0995, ""mV_10"": 0.1043, ""mV_11"": 0.0749, ""mV_12"": 0.0599, ""mV_13"": 0.1352, ""mV_14"": 0.3176, ""mV_15"": 0.4984, ""mV_16"": 0.6084, ""mV_17"": 0.6333, ""mV_18"": 0.6145, ""mV_19"": 0.687, ""mV_20"": 0.6068}"
test_0021,7,ok,nie_dotyczy,0.815662580954355,brak,,0.7799011659228204,brak istotnego odchylenia,0.0,Werdykt OK: brak pasma przekraczającego próg anomalii.,"{""mV_0"": 0.3993, ""mV_1"": 0.3401, ""mV_2"": 0.1472, ""mV_3"": 0.1096, ""mV_4"": 0.102, ""mV_5"": 0.1277, ""mV_6"": 0.3716, ""mV_7"": 0.6744, ""mV_8"": 0.7387, ""mV_9"": 0.7799, ""mV_10"": 0.7072, ""mV_11"": 0.3305, ""mV_12"": 0.211, ""mV_13"": 0.375, ""mV_14"": 0.3286, ""mV_15"": 0.1749, ""mV_16"": 0.1239, ""mV_17"": 0.1288, ""mV_18"": 0.2338, ""mV_19"": 0.3633, ""mV_20"": 0.3023}"
test_0021,8,ok,nie_dotyczy,0.7561534030858272,4–5 kHz,"mV_4,mV_5",2.2439874786442897,obniżona,0.0,"Werdykt OK, ale najsilniejsze lokalne odstępstwo występuje w paśmie 4–5 kHz; amplituda jest obniżona.","{""mV_0"": 0.4769, ""mV_1"": 0.4435, ""mV_2"": 0.8001, ""mV_3"": 1.7059, ""mV_4"": 2.244, ""mV_5"": 2.1815, ""mV_6"": 1.8502, ""mV_7"": 1.4207, ""mV_8"": 1.0231, ""mV_9"": 0.6433, ""mV_10"": 0.5574, ""mV_11"": 0.9305, ""mV_12"": 1.1643, ""mV_13"": 1.1094, ""mV_14"": 0.9939, ""mV_15"": 0.7706, ""mV_16"": 0.5231, ""mV_17"": 0.487, ""mV_18"": 0.8073, ""mV_19"": 1.1866, ""mV_20"": 0.9518}"
test_0022,1,ok,nie_dotyczy,0.7898068969197825,19 kHz,mV_19,2.11521502976475,obniżona,0.0,"Werdykt OK, ale najsilniejsze lokalne odstępstwo występuje w paśmie 19 kHz; amplituda jest obniżona.","{""mV_0"": 0.5984, ""mV_1"": 0.7192, ""mV_2"": 0.3582, ""mV_3"": 0.1365, ""mV_4"": 0.1988, ""mV_5"": 0.2587, ""mV_6"": 0.2821, ""mV_7"": 0.3864, ""mV_8"": 0.5688, ""mV_9"": 0.6995, ""mV_10"": 0.7964, ""mV_11"": 0.9349, ""mV_12"": 1.1067, ""mV_13"": 1.3154, ""mV_14"": 1.6133, ""mV_15"": 1.893, ""mV_16"": 2.0823, ""mV_17"": 1.7057, ""mV_18"": 1.4206, ""mV_19"": 2.1152, ""mV_20"": 1.8632}"
test_0022,2,ok,nie_dotyczy,0.68469996437025,9–15 kHz,"mV_9,mV_10,mV_11,mV_12,mV_13,mV_14,mV_15",2.48264948157122,obniżona,0.0,"Werdykt OK, ale najsilniejsze lokalne odstępstwo występuje w paśmie 9–15 kHz; amplituda jest obniżona.","{""mV_0"": 1.1691, ""mV_1"": 1.6034, ""mV_2"": 2.1836, ""mV_3"": 2.4102, ""mV_4"": 2.1722, ""mV_5"": 2.0387, ""mV_6"": 1.9697, ""mV_7"": 1.9154, ""mV_8"": 1.9462, ""mV_9"": 2.0355, ""mV_10"": 2.1138, ""mV_11"": 2.235, ""mV_12"": 2.3796, ""mV_13"": 2.4826, ""mV_14"": 2.4506, ""mV_15"": 2.2185, ""mV_16"": 1.9847, ""mV_17"": 1.8427, ""mV_18"": 1.8718, ""mV_19"": 2.1157, ""mV_20"": 1.6866}"
test_0022,3,ok,nie_dotyczy,0.715654000497097,brak,,1.522816970764881,brak istotnego odchylenia,0.0,Werdykt OK: brak pasma przekraczającego próg anomalii.,"{""mV_0"": 0.8783, ""mV_1"": 1.1029, ""mV_2"": 1.5228, ""mV_3"": 1.3978, ""mV_4"": 0.88, ""mV_5"": 0.7717, ""mV_6"": 0.8824, ""mV_7"": 0.9837, ""mV_8"": 1.0256, ""mV_9"": 1.0596, ""mV_10"": 1.06, ""mV_11"": 0.9666, ""mV_12"": 0.8153, ""mV_13"": 0.7068, ""mV_14"": 0.5821, ""mV_15"": 0.4286, ""mV_16"": 0.4196, ""mV_17"": 0.5487, ""mV_18"": 0.8924, ""mV_19"": 1.4151, ""mV_20"": 1.2534}"
test_0022,4,ok,nie_dotyczy,0.8038126639875243,brak,,1.3330768312156962,brak istotnego odchylenia,0.0,Werdykt OK: brak pasma przekraczającego próg anomalii.,"{""mV_0"": 0.184, ""mV_1"": 0.4983, ""mV_2"": 0.8365, ""mV_3"": 0.9275, ""mV_4"": 1.0347, ""mV_5"": 1.1297, ""mV_6"": 1.0991, ""mV_7"": 0.9136, ""mV_8"": 0.5728, ""mV_9"": 0.4227, ""mV_10"": 0.5454, ""mV_11"": 0.688, ""mV_12"": 0.691, ""mV_13"": 0.6231, ""mV_14"": 0.498, ""mV_15"": 0.3295, ""mV_16"": 0.2126, ""mV_17"": 0.5711, ""mV_18"": 1.318, ""mV_19"": 1.3331, ""mV_20"": 0.6392}"
test_0022,5,ok,nie_dotyczy,0.7288805570377596,2 kHz,mV_2,2.759083715518495,podwyższona,0.0,"Werdykt OK, ale najsilniejsze lokalne odstępstwo występuje w paśmie 2 kHz; amplituda jest podwyższona.","{""mV_0"": 0.4751, ""mV_1"": 1.9374, ""mV_2"": 2.7591, ""mV_3"": 1.913, ""mV_4"": 1.3291, ""mV_5"": 1.4327, ""mV_6"": 1.455, ""mV_7"": 1.4518, ""mV_8"": 1.4124, ""mV_9"": 1.3561, ""mV_10"": 1.3358, ""mV_11"": 1.3234, ""mV_12"": 1.2167, ""mV_13"": 0.9901, ""mV_14"": 0.834, ""mV_15"": 0.9288, ""mV_16"": 1.0861, ""mV_17"": 0.8504, ""mV_18"": 0.3713, ""mV_19"": 0.2084, ""mV_20"": 0.1904}"
test_0022,6,ok,nie_dotyczy,0.8284824252778713,6 kHz,mV_6,2.016817654789303,podwyższona,0.0,"Werdykt OK, ale najsilniejsze lokalne odstępstwo występuje w paśmie 6 kHz; amplituda jest podwyższona.","{""mV_0"": 0.2536, ""mV_1"": 0.715, ""mV_2"": 1.4766, ""mV_3"": 1.9181, ""mV_4"": 1.8934, ""mV_5"": 1.9267, ""mV_6"": 2.0168, ""mV_7"": 1.8915, ""mV_8"": 1.6797, ""mV_9"": 1.6004, ""mV_10"": 1.5583, ""mV_11"": 1.4078, ""mV_12"": 1.1676, ""mV_13"": 0.9487, ""mV_14"": 0.7398, ""mV_15"": 0.4903, ""mV_16"": 0.2823, ""mV_17"": 0.3678, ""mV_18"": 0.8237, ""mV_19"": 1.1782, ""mV_20"": 0.9249}"
test_0022,7,pompa,srednie,0.6015215679145788,11–15 kHz,"mV_11,mV_12,mV_13,mV_14,mV_15",5.907155771300798,obniżona,0.6736059991881033,Podejrzenie pompa: najbardziej nietypowe jest pasmo 11–15 kHz; amplituda jest obniżona względem zdrowej referencji.,"{""mV_0"": 0.1918, ""mV_1"": 0.3556, ""mV_2"": 1.0961, ""mV_3"": 2.2982, ""mV_4"": 2.0354, ""mV_5"": 0.8156, ""mV_6"": 0.3375, ""mV_7"": 0.6106, ""mV_8"": 1.2292, ""mV_9"": 1.9515, ""mV_10"": 2.8965, ""mV_11"": 4.1332, ""mV_12"": 5.3153, ""mV_13"": 5.9072, ""mV_14"": 5.3365, ""mV_15"": 3.6736, ""mV_16"": 1.9295, ""mV_17"": 2.7843, ""mV_18"": 5.2153, ""mV_19"": 4.4635, ""mV_20"": 1.8546}"
test_0022,8,ok,nie_dotyczy,0.7362963620883558,brak,,1.3895814454130437,brak istotnego odchylenia,0.0,Werdykt OK: brak pasma przekraczającego próg anomalii.,"{""mV_0"": 0.7783, ""mV_1"": 1.3896, ""mV_2"": 1.0091, ""mV_3"": 0.3161, ""mV_4"": 0.1294, ""mV_5"": 0.1311, ""mV_6"": 0.0975, ""mV_7"": 0.1428, ""mV_8"": 0.3497, ""mV_9"": 0.6797, ""mV_10"": 0.9728, ""mV_11"": 1.033, ""mV_12"": 0.8528, ""mV_13"": 0.6251, ""mV_14"": 0.5839, ""mV_15"": 0.8181, ""mV_16"": 1.0176, ""mV_17"": 0.7851, ""mV_18"": 0.4046, ""mV_19"": 0.319, ""mV_20"": 0.2724}"
test_0023,1,ok,nie_dotyczy,0.7109044203069186,brak,,1.3695224328623274,brak istotnego odchylenia,0.0,Werdykt OK: brak pasma przekraczającego próg anomalii.,"{""mV_0"": 0.4463, ""mV_1"": 0.837, ""mV_2"": 0.6818, ""mV_3"": 0.6347, ""mV_4"": 0.8262, ""mV_5"": 0.869, ""mV_6"": 0.8992, ""mV_7"": 1.0554, ""mV_8"": 1.2731, ""mV_9"": 1.3695, ""mV_10"": 1.3427, ""mV_11"": 1.2828, ""mV_12"": 1.1578, ""mV_13"": 0.9874, ""mV_14"": 0.8824, ""mV_15"": 0.7781, ""mV_16"": 0.7931, ""mV_17"": 1.0389, ""mV_18"": 1.158, ""mV_19"": 1.2078, ""mV_20"": 1.0145}"
test_0023,2,ok,nie_dotyczy,0.8243275594565346,brak,,0.7987162778574476,brak istotnego odchylenia,0.0,Werdykt OK: brak pasma przekraczającego próg anomalii.,"{""mV_0"": 0.146, ""mV_1"": 0.3552, ""mV_2"": 0.49, ""mV_3"": 0.2502, ""mV_4"": 0.0702, ""mV_5"": 0.182, ""mV_6"": 0.3288, ""mV_7"": 0.4019, ""mV_8"": 0.4395, ""mV_9"": 0.5989, ""mV_10"": 0.7894, ""mV_11"": 0.7987, ""mV_12"": 0.7298, ""mV_13"": 0.7572, ""mV_14"": 0.7743, ""mV_15"": 0.5257, ""mV_16"": 0.2719, ""mV_17"": 0.3072, ""mV_18"": 0.2947, ""mV_19"": 0.1504, ""mV_20"": 0.055}"
test_0023,3,ok,nie_dotyczy,0.7888818131354677,brak,,1.7380745024794046,brak istotnego odchylenia,0.0,Werdykt OK: brak pasma przekraczającego próg anomalii.,"{""mV_0"": 0.8156, ""mV_1"": 0.6238, ""mV_2"": 0.467, ""mV_3"": 0.7063, ""mV_4"": 1.0173, ""mV_5"": 1.3536, ""mV_6"": 1.4407, ""mV_7"": 1.2223, ""mV_8"": 1.054, ""mV_9"": 1.0297, ""mV_10"": 0.9232, ""mV_11"": 0.6977, ""mV_12"": 0.4543, ""mV_13"": 0.2624, ""mV_14"": 0.3206, ""mV_15"": 0.8024, ""mV_16"": 1.4612, ""mV_17"": 1.7381, ""mV_18"": 1.4954, ""mV_19"": 1.3244, ""mV_20"": 1.0912}"
test_0023,4,ok,nie_dotyczy,0.8115120508523844,brak,,1.5275108743013102,brak istotnego odchylenia,0.0,Werdykt OK: brak pasma przekraczającego próg anomalii.,"{""mV_0"": 0.536, ""mV_1"": 0.6167, ""mV_2"": 0.4149, ""mV_3"": 0.4325, ""mV_4"": 0.8245, ""mV_5"": 1.2354, ""mV_6"": 1.3664, ""mV_7"": 1.3336, ""mV_8"": 1.3595, ""mV_9"": 1.4461, ""mV_10"": 1.5057, ""mV_11"": 1.5275, ""mV_12"": 1.4048, ""mV_13"": 1.2684, ""mV_14"": 1.345, ""mV_15"": 1.3556, ""mV_16"": 1.1316, ""mV_17"": 0.8961, ""mV_18"": 1.0001, ""mV_19"": 1.5163, ""mV_20"": 1.4454}"
test_0023,5,ok,nie_dotyczy,0.8311421026125501,brak,,0.8896979118065229,brak istotnego odchylenia,0.0,Werdykt OK: brak pasma przekraczającego próg anomalii.,"{""mV_0"": 0.0667, ""mV_1"": 0.091, ""mV_2"": 0.067, ""mV_3"": 0.0609, ""mV_4"": 0.0661, ""mV_5"": 0.1004, ""mV_6"": 0.2045, ""mV_7"": 0.333, ""mV_8"": 0.4841, ""mV_9"": 0.6222, ""mV_10"": 0.6368, ""mV_11"": 0.5188, ""mV_12"": 0.3739, ""mV_13"": 0.3021, ""mV_14"": 0.2816, ""mV_15"": 0.3268, ""mV_16"": 0.5511, ""mV_17"": 0.8529, ""mV_18"": 0.8897, ""mV_19"": 0.5551, ""mV_20"": 0.1846}"
test_0023,6,ok,nie_dotyczy,0.8524809340074899,brak,,0.8899761386941605,brak istotnego odchylenia,0.0,Werdykt OK: brak pasma przekraczającego próg anomalii.,"{""mV_0"": 0.2808, ""mV_1"": 0.3763, ""mV_2"": 0.7112, ""mV_3"": 0.8493, ""mV_4"": 0.5239, ""mV_5"": 0.2542, ""mV_6"": 0.3618, ""mV_7"": 0.5972, ""mV_8"": 0.6877, ""mV_9"": 0.739, ""mV_10"": 0.8038, ""mV_11"": 0.8531, ""mV_12"": 0.89, ""mV_13"": 0.7685, ""mV_14"": 0.4568, ""mV_15"": 0.2663, ""mV_16"": 0.2718, ""mV_17"": 0.2139, ""mV_18"": 0.2554, ""mV_19"": 0.5525, ""mV_20"": 0.5638}"
test_0023,7,ok,nie_dotyczy,0.8258520582158769,brak,,0.7669461344016076,brak istotnego odchylenia,0.0,Werdykt OK: brak pasma przekraczającego próg anomalii.,"{""mV_0"": 0.193, ""mV_1"": 0.4274, ""mV_2"": 0.4537, ""mV_3"": 0.2505, ""mV_4"": 0.1404, ""mV_5"": 0.1656, ""mV_6"": 0.3293, ""mV_7"": 0.601, ""mV_8"": 0.7578, ""mV_9"": 0.7669, ""mV_10"": 0.7011, ""mV_11"": 0.6046, ""mV_12"": 0.5674, ""mV_13"": 0.5805, ""mV_14"": 0.6394, ""mV_15"": 0.6128, ""mV_16"": 0.3933, ""mV_17"": 0.2142, ""mV_18"": 0.2005, ""mV_19"": 0.2416, ""mV_20"": 0.1412}"
test_0023,8,ok,nie_dotyczy,0.8382727964318264,brak,,1.2866916879583692,brak istotnego odchylenia,0.0,Werdykt OK: brak pasma przekraczającego próg anomalii.,"{""mV_0"": 0.2613, ""mV_1"": 0.3815, ""mV_2"": 0.8092, ""mV_3"": 1.2731, ""mV_4"": 1.2867, ""mV_5"": 1.0849, ""mV_6"": 0.9591, ""mV_7"": 0.8864, ""mV_8"": 0.7118, ""mV_9"": 0.4021, ""mV_10"": 0.1964, ""mV_11"": 0.2001, ""mV_12"": 0.2579, ""mV_13"": 0.2475, ""mV_14"": 0.1622, ""mV_15"": 0.1851, ""mV_16"": 0.5002, ""mV_17"": 0.8053, ""mV_18"": 0.655, ""mV_19"": 0.3664, ""mV_20"": 0.25}"
test_0023,9,ok,nie_dotyczy,0.7183394804004632,brak,,1.1790523845299365,brak istotnego odchylenia,0.0,Werdykt OK: brak pasma przekraczającego próg anomalii.,"{""mV_0"": 0.0641, ""mV_1"": 0.3159, ""mV_2"": 0.7696, ""mV_3"": 1.0032, ""mV_4"": 0.9483, ""mV_5"": 0.9441, ""mV_6"": 1.0146, ""mV_7"": 0.9913, ""mV_8"": 0.9105, ""mV_9"": 0.8723, ""mV_10"": 0.8764, ""mV_11"": 0.9033, ""mV_12"": 0.9728, ""mV_13"": 0.8125, ""mV_14"": 0.4709, ""mV_15"": 0.4082, ""mV_16"": 0.3579, ""mV_17"": 0.2845, ""mV_18"": 0.6254, ""mV_19"": 1.1791, ""mV_20"": 1.1086}"
test_0023,10,ok,nie_dotyczy,0.8424563727235994,brak,,1.0355543388700499,brak istotnego odchylenia,0.0,Werdykt OK: brak pasma przekraczającego próg anomalii.,"{""mV_0"": 0.5717, ""mV_1"": 0.6115, ""mV_2"": 0.801, ""mV_3"": 1.0356, ""mV_4"": 0.8655, ""mV_5"": 0.4946, ""mV_6"": 0.2111, ""mV_7"": 0.1004, ""mV_8"": 0.0963, ""mV_9"": 0.1644, ""mV_10"": 0.2739, ""mV_11"": 0.3867, ""mV_12"": 0.475, ""mV_13"": 0.4426, ""mV_14"": 0.2657, ""mV_15"": 0.1226, ""mV_16"": 0.1557, ""mV_17"": 0.2646, ""mV_18"": 0.2416, ""mV_19"": 0.106, ""mV_20"": 0.0382}"
test_0023,11,ok,nie_dotyczy,0.8037892742015198,brak,,1.482568000955082,brak istotnego odchylenia,0.0,Werdykt OK: brak pasma przekraczającego próg anomalii.,"{""mV_0"": 0.1763, ""mV_1"": 0.3459, ""mV_2"": 0.7957, ""mV_3"": 1.2196, ""mV_4"": 1.3833, ""mV_5"": 1.4826, ""mV_6"": 1.4503, ""mV_7"": 1.175, ""mV_8"": 0.7792, ""mV_9"": 0.4082, ""mV_10"": 0.262, ""mV_11"": 0.4107, ""mV_12"": 0.4534, ""mV_13"": 0.2149, ""mV_14"": 0.0996, ""mV_15"": 0.3348, ""mV_16"": 0.7825, ""mV_17"": 1.0968, ""mV_18"": 1.0919, ""mV_19"": 1.0171, ""mV_20"": 0.7782}"
test_0023,12,ok,nie_dotyczy,0.7851520540356707,brak,,1.747687812043071,brak istotnego odchylenia,0.0,Werdykt OK: brak pasma przekraczającego próg anomalii.,"{""mV_0"": 0.6382, ""mV_1"": 0.5807, ""mV_2"": 0.2241, ""mV_3"": 0.1729, ""mV_4"": 0.4224, ""mV_5"": 0.6198, ""mV_6"": 0.6393, ""mV_7"": 0.7224, ""mV_8"": 1.057, ""mV_9"": 1.495, ""mV_10"": 1.7035, ""mV_11"": 1.5273, ""mV_12"": 1.2936, ""mV_13"": 1.3897, ""mV_14"": 1.6497, ""mV_15"": 1.7477, ""mV_16"": 1.5882, ""mV_17"": 1.3018, ""mV_18"": 1.205, ""mV_19"": 1.3509, ""mV_20"": 1.105}"
test_0023,13,ok,nie_dotyczy,0.8104207546616033,3–4 kHz,"mV_3,mV_4",2.238691998461727,podwyższona,0.0,"Werdykt OK, ale najsilniejsze lokalne odstępstwo występuje w paśmie 3–4 kHz; amplituda jest podwyższona.","{""mV_0"": 0.4298, ""mV_1"": 0.8773, ""mV_2"": 1.68, ""mV_3"": 2.2387, ""mV_4"": 2.1317, ""mV_5"": 1.8015, ""mV_6"": 1.4669, ""mV_7"": 1.1509, ""mV_8"": 0.8821, ""mV_9"": 0.6339, ""mV_10"": 0.5225, ""mV_11"": 0.6238, ""mV_12"": 0.8028, ""mV_13"": 0.8573, ""mV_14"": 0.8731, ""mV_15"": 1.1628, ""mV_16"": 1.6054, ""mV_17"": 1.6985, ""mV_18"": 1.3889, ""mV_19"": 1.1873, ""mV_20"": 0.9333}"
test_0023,14,ok,nie_dotyczy,0.8545705015227916,brak,,0.7451630712322348,brak istotnego odchylenia,0.0,Werdykt OK: brak pasma przekraczającego próg anomalii.,"{""mV_0"": 0.0204, ""mV_1"": 0.0331, ""mV_2"": 0.0703, ""mV_3"": 0.2051, ""mV_4"": 0.3764, ""mV_5"": 0.4213, ""mV_6"": 0.4638, ""mV_7"": 0.656, ""mV_8"": 0.7452, ""mV_9"": 0.6997, ""mV_10"": 0.656, ""mV_11"": 0.6182, ""mV_12"": 0.6223, ""mV_13"": 0.6127, ""mV_14"": 0.5494, ""mV_15"": 0.455, ""mV_16"": 0.2987, ""mV_17"": 0.1288, ""mV_18"": 0.0764, ""mV_19"": 0.124, ""mV_20"": 0.1218}"
test_0023,15,ok,nie_dotyczy,0.847457887477204,brak,,0.6768805166881946,brak istotnego odchylenia,0.0,Werdykt OK: brak pasma przekraczającego próg anomalii.,"{""mV_0"": 0.5811, ""mV_1"": 0.5809, ""mV_2"": 0.3249, ""mV_3"": 0.3761, ""mV_4"": 0.3955, ""mV_5"": 0.1883, ""mV_6"": 0.1751, ""mV_7"": 0.355, ""mV_8"": 0.4555, ""mV_9"": 0.4458, ""mV_10"": 0.397, ""mV_11"": 0.36, ""mV_12"": 0.3182, ""mV_13"": 0.4372, ""mV_14"": 0.6769, ""mV_15"": 0.5564, ""mV_16"": 0.2564, ""mV_17"": 0.233, ""mV_18"": 0.3686, ""mV_19"": 0.4021, ""mV_20"": 0.2481}"
test_0023,16,ok,nie_dotyczy,0.808064518737146,brak,,1.2247663655516339,brak istotnego odchylenia,0.0,Werdykt OK: brak pasma przekraczającego próg anomalii.,"{""mV_0"": 1.0291, ""mV_1"": 1.125, ""mV_2"": 0.622, ""mV_3"": 0.3657, ""mV_4"": 0.2437, ""mV_5"": 0.1515, ""mV_6"": 0.2045, ""mV_7"": 0.2244, ""mV_8"": 0.1936, ""mV_9"": 0.2833, ""mV_10"": 0.4921, ""mV_11"": 0.8077, ""mV_12"": 1.1371, ""mV_13"": 1.2248, ""mV_14"": 1.1577, ""mV_15"": 1.1481, ""mV_16"": 1.2114, ""mV_17"": 1.1938, ""mV_18"": 1.0511, ""mV_19"": 1.0496, ""mV_20"": 0.896}"
test_0024,1,ok,nie_dotyczy,0.7920346539727458,brak,,1.99503377168217,brak istotnego odchylenia,0.0,Werdykt OK: brak pasma przekraczającego próg anomalii.,"{""mV_0"": 0.1414, ""mV_1"": 0.3213, ""mV_2"": 0.7123, ""mV_3"": 1.0439, ""mV_4"": 0.7174, ""mV_5"": 0.4655, ""mV_6"": 0.6332, ""mV_7"": 0.7017, ""mV_8"": 0.5929, ""mV_9"": 0.4632, ""mV_10"": 0.3602, ""mV_11"": 0.2611, ""mV_12"": 0.2237, ""mV_13"": 0.2077, ""mV_14"": 0.1614, ""mV_15"": 0.2087, ""mV_16"": 0.397, ""mV_17"": 1.2415, ""mV_18"": 1.995, ""mV_19"": 1.422, ""mV_20"": 0.6692}"
test_0024,2,ok,nie_dotyczy,0.7394234258315941,brak,,1.9370714408805765,brak istotnego odchylenia,0.0,Werdykt OK: brak pasma przekraczającego próg anomalii.,"{""mV_0"": 0.308, ""mV_1"": 0.8459, ""mV_2"": 1.7729, ""mV_3"": 1.9371, ""mV_4"": 1.4889, ""mV_5"": 1.4259, ""mV_6"": 1.5698, ""mV_7"": 1.4606, ""mV_8"": 1.0883, ""mV_9"": 0.6876, ""mV_10"": 0.4243, ""mV_11"": 0.3308, ""mV_12"": 0.3444, ""mV_13"": 0.3657, ""mV_14"": 0.2558, ""mV_15"": 0.1515, ""mV_16"": 0.2595, ""mV_17"": 0.4833, ""mV_18"": 0.5393, ""mV_19"": 0.2985, ""mV_20"": 0.0766}"
test_0024,3,ok,nie_dotyczy,0.7773515013188776,brak,,1.7856891179282217,brak istotnego odchylenia,0.0,Werdykt OK: brak pasma przekraczającego próg anomalii.,"{""mV_0"": 0.1028, ""mV_1"": 0.8385, ""mV_2"": 1.7857, ""mV_3"": 1.3742, ""mV_4"": 0.4112, ""mV_5"": 0.0892, ""mV_6"": 0.1095, ""mV_7"": 0.186, ""mV_8"": 0.1976, ""mV_9"": 0.1431, ""mV_10"": 0.1199, ""mV_11"": 0.2758, ""mV_12"": 0.5781, ""mV_13"": 0.8037, ""mV_14"": 0.7942, ""mV_15"": 0.5416, ""mV_16"": 0.2525, ""mV_17"": 0.5964, ""mV_18"": 1.0923, ""mV_19"": 0.6421, ""mV_20"": 0.0857}"
test_0024,4,ok,nie_dotyczy,0.7150066894621462,18 kHz,mV_18,2.5749402480853725,podwyższona,0.0,"Werdykt OK, ale najsilniejsze lokalne odstępstwo występuje w paśmie 18 kHz; amplituda jest podwyższona.","{""mV_0"": 0.4916, ""mV_1"": 0.5002, ""mV_2"": 0.4304, ""mV_3"": 0.634, ""mV_4"": 0.6807, ""mV_5"": 0.6606, ""mV_6"": 0.753, ""mV_7"": 0.8689, ""mV_8"": 0.9936, ""mV_9"": 1.0601, ""mV_10"": 0.9942, ""mV_11"": 0.8385, ""mV_12"": 0.8123, ""mV_13"": 0.9207, ""mV_14"": 0.8002, ""mV_15"": 0.5493, ""mV_16"": 0.6357, ""mV_17"": 1.7854, ""mV_18"": 2.5749, ""mV_19"": 1.2586, ""mV_20"": 0.1333}"
test_0024,5,ok,nie_dotyczy,0.7962127462761572,brak,,1.5746278323778953,brak istotnego odchylenia,0.0,Werdykt OK: brak pasma przekraczającego próg anomalii.,"{""mV_0"": 0.7386, ""mV_1"": 0.5963, ""mV_2"": 0.4461, ""mV_3"": 0.9635, ""mV_4"": 1.4993, ""mV_5"": 1.5746, ""mV_6"": 1.3547, ""mV_7"": 1.0557, ""mV_8"": 0.8996, ""mV_9"": 0.9142, ""mV_10"": 0.9457, ""mV_11"": 0.9393, ""mV_12"": 0.9199, ""mV_13"": 0.9829, ""mV_14"": 1.0632, ""mV_15"": 0.857, ""mV_16"": 0.4279, ""mV_17"": 0.3305, ""mV_18"": 0.8736, ""mV_19"": 1.3658, ""mV_20"": 0.9634}"
test_0024,6,ok,nie_dotyczy,0.8046719333564039,15–16 kHz,"mV_15,mV_16",2.2118960761124526,podwyższona,0.0,"Werdykt OK, ale najsilniejsze lokalne odstępstwo występuje w paśmie 15–16 kHz; amplituda jest podwyższona.","{""mV_0"": 0.8497, ""mV_1"": 1.4743, ""mV_2"": 1.7636, ""mV_3"": 1.3886, ""mV_4"": 0.9615, ""mV_5"": 0.7113, ""mV_6"": 0.5014, ""mV_7"": 0.5105, ""mV_8"": 0.6735, ""mV_9"": 0.8489, ""mV_10"": 0.947, ""mV_11"": 1.024, ""mV_12"": 1.1989, ""mV_13"": 1.482, ""mV_14"": 1.8063, ""mV_15"": 2.1092, ""mV_16"": 2.2119, ""mV_17"": 1.8814, ""mV_18"": 1.1406, ""mV_19"": 0.6905, ""mV_20"": 0.6487}"
test_0024,7,ok,nie_dotyczy,0.8081612428827112,brak,,1.752013779642484,brak istotnego odchylenia,0.0,Werdykt OK: brak pasma przekraczającego próg anomalii.,"{""mV_0"": 0.6152, ""mV_1"": 0.9272, ""mV_2"": 0.7132, ""mV_3"": 0.6259, ""mV_4"": 0.3858, ""mV_5"": 0.1339, ""mV_6"": 0.1151, ""mV_7"": 0.0704, ""mV_8"": 0.0975, ""mV_9"": 0.1938, ""mV_10"": 0.3827, ""mV_11"": 0.5938, ""mV_12"": 0.5958, ""mV_13"": 0.4286, ""mV_14"": 0.3968, ""mV_15"": 0.5544, ""mV_16"": 0.5962, ""mV_17"": 0.9466, ""mV_18"": 1.752, ""mV_19"": 1.5783, ""mV_20"": 0.5196}"
test_0024,8,unknown,nie_dotyczy,0.6906225451746059,17–20 kHz,"mV_17,mV_18,mV_19,mV_20",11.189063939522422,podwyższona,0.6568066230736678,Podejrzenie unknown: najbardziej nietypowe jest pasmo 17–20 kHz; amplituda jest podwyższona względem zdrowej referencji.,"{""mV_0"": 3.6166, ""mV_1"": 4.0586, ""mV_2"": 3.3696, ""mV_3"": 4.0905, ""mV_4"": 5.3397, ""mV_5"": 6.177, ""mV_6"": 6.7724, ""mV_7"": 7.1082, ""mV_8"": 7.2635, ""mV_9"": 7.3427, ""mV_10"": 7.4201, ""mV_11"": 7.559, ""mV_12"": 7.2074, ""mV_13"": 5.8, ""mV_14"": 3.6106, ""mV_15"": 2.2122, ""mV_16"": 3.5504, ""mV_17"": 7.0681, ""mV_18"": 10.1956, ""mV_19"": 11.1891, ""mV_20"": 8.1297}"
test_0025,1,ok,nie_dotyczy,0.7552324294997397,brak,,1.455549391475485,brak istotnego odchylenia,0.0,Werdykt OK: brak pasma przekraczającego próg anomalii.,"{""mV_0"": 0.6579, ""mV_1"": 1.047, ""mV_2"": 0.96, ""mV_3"": 0.5518, ""mV_4"": 0.3086, ""mV_5"": 0.3609, ""mV_6"": 0.4929, ""mV_7"": 0.6218, ""mV_8"": 0.7573, ""mV_9"": 0.9959, ""mV_10"": 1.2907, ""mV_11"": 1.3824, ""mV_12"": 1.4008, ""mV_13"": 1.4555, ""mV_14"": 1.2848, ""mV_15"": 0.9127, ""mV_16"": 0.6279, ""mV_17"": 0.4816, ""mV_18"": 0.5868, ""mV_19"": 1.0509, ""mV_20"": 1.0629}"
test_0025,2,iglica,srednie,0.8316788957528631,7–16 kHz,"mV_7,mV_8,mV_9,mV_10,mV_11,mV_12,mV_13,mV_14,mV_15,mV_16",5.71237989631819,obniżona,0.989796675153753,Podejrzenie iglica: najbardziej nietypowe jest pasmo 7–16 kHz; amplituda jest obniżona względem zdrowej referencji.,"{""mV_0"": 0.1859, ""mV_1"": 0.4745, ""mV_2"": 0.839, ""mV_3"": 0.6841, ""mV_4"": 0.3515, ""mV_5"": 1.179, ""mV_6"": 2.7981, ""mV_7"": 3.8426, ""mV_8"": 4.8161, ""mV_9"": 5.7075, ""mV_10"": 5.7124, ""mV_11"": 5.2929, ""mV_12"": 5.0743, ""mV_13"": 5.3714, ""mV_14"": 5.4613, ""mV_15"": 4.4132, ""mV_16"": 3.2925, ""mV_17"": 2.9884, ""mV_18"": 3.1151, ""mV_19"": 3.8185, ""mV_20"": 3.4642}"
test_0025,3,ok,nie_dotyczy,0.7991941644421473,brak,,1.29330647547838,brak istotnego odchylenia,0.0,Werdykt OK: brak pasma przekraczającego próg anomalii.,"{""mV_0"": 0.7637, ""mV_1"": 1.1035, ""mV_2"": 0.9225, ""mV_3"": 0.5086, ""mV_4"": 0.3328, ""mV_5"": 0.4292, ""mV_6"": 0.5773, ""mV_7"": 0.8043, ""mV_8"": 1.08, ""mV_9"": 1.247, ""mV_10"": 1.2933, ""mV_11"": 1.2768, ""mV_12"": 1.2563, ""mV_13"": 1.2332, ""mV_14"": 1.1646, ""mV_15"": 1.0619, ""mV_16"": 0.9541, ""mV_17"": 0.9447, ""mV_18"": 1.0596, ""mV_19"": 1.0888, ""mV_20"": 0.7645}"
test_0025,4,ok,nie_dotyczy,0.8190482872143183,brak,,0.9304467696350011,brak istotnego odchylenia,0.0,Werdykt OK: brak pasma przekraczającego próg anomalii.,"{""mV_0"": 0.1392, ""mV_1"": 0.2599, ""mV_2"": 0.4526, ""mV_3"": 0.8314, ""mV_4"": 0.9304, ""mV_5"": 0.7348, ""mV_6"": 0.5092, ""mV_7"": 0.2565, ""mV_8"": 0.1256, ""mV_9"": 0.1504, ""mV_10"": 0.1934, ""mV_11"": 0.1859, ""mV_12"": 0.1513, ""mV_13"": 0.1633, ""mV_14"": 0.2197, ""mV_15"": 0.284, ""mV_16"": 0.3735, ""mV_17"": 0.4321, ""mV_18"": 0.3837, ""mV_19"": 0.3031, ""mV_20"": 0.2256}"
test_0025,5,ok,nie_dotyczy,0.73310296866479,0–2 kHz,"mV_0,mV_1,mV_2",2.802606863579238,podwyższona,0.0,"Werdykt OK, ale najsilniejsze lokalne odstępstwo występuje w paśmie 0–2 kHz; amplituda jest podwyższona.","{""mV_0"": 2.0521, ""mV_1"": 2.8026, ""mV_2"": 2.122, ""mV_3"": 0.9513, ""mV_4"": 0.6672, ""mV_5"": 1.1211, ""mV_6"": 1.3472, ""mV_7"": 1.3803, ""mV_8"": 1.5869, ""mV_9"": 1.8419, ""mV_10"": 2.1101, ""mV_11"": 2.4385, ""mV_12"": 2.7034, ""mV_13"": 2.7978, ""mV_14"": 2.6851, ""mV_15"": 2.4638, ""mV_16"": 2.1678, ""mV_17"": 1.8231, ""mV_18"": 1.6045, ""mV_19"": 1.699, ""mV_20"": 1.433}"
test_0025,6,ok,nie_dotyczy,0.7886560387201418,brak,,0.7680554107076268,brak istotnego odchylenia,0.0,Werdykt OK: brak pasma przekraczającego próg anomalii.,"{""mV_0"": 0.166, ""mV_1"": 0.1934, ""mV_2"": 0.3672, ""mV_3"": 0.5068, ""mV_4"": 0.3483, ""mV_5"": 0.2359, ""mV_6"": 0.1934, ""mV_7"": 0.1683, ""mV_8"": 0.3172, ""mV_9"": 0.4125, ""mV_10"": 0.2873, ""mV_11"": 0.1562, ""mV_12"": 0.1485, ""mV_13"": 0.1431, ""mV_14"": 0.1396, ""mV_15"": 0.4335, ""mV_16"": 0.7681, ""mV_17"": 0.6017, ""mV_18"": 0.2865, ""mV_19"": 0.1818, ""mV_20"": 0.1435}"
test_0025,7,ok,nie_dotyczy,0.821567764454908,brak,,0.903954261084018,brak istotnego odchylenia,0.0,Werdykt OK: brak pasma przekraczającego próg anomalii.,"{""mV_0"": 0.0091, ""mV_1"": 0.0562, ""mV_2"": 0.2055, ""mV_3"": 0.4438, ""mV_4"": 0.6369, ""mV_5"": 0.784, ""mV_6"": 0.904, ""mV_7"": 0.808, ""mV_8"": 0.5392, ""mV_9"": 0.3005, ""mV_10"": 0.1486, ""mV_11"": 0.1517, ""mV_12"": 0.1613, ""mV_13"": 0.1058, ""mV_14"": 0.1168, ""mV_15"": 0.1783, ""mV_16"": 0.2816, ""mV_17"": 0.3511, ""mV_18"": 0.2987, ""mV_19"": 0.2495, ""mV_20"": 0.2117}"
test_0025,8,ok,nie_dotyczy,0.6814661279300299,3–7 kHz,"mV_3,mV_4,mV_5,mV_6,mV_7",3.942854783386134,podwyższona,0.0,"Werdykt OK, ale najsilniejsze lokalne odstępstwo występuje w paśmie 3–7 kHz; amplituda jest podwyższona.","{""mV_0"": 1.0472, ""mV_1"": 1.2573, ""mV_2"": 2.0199, ""mV_3"": 3.3635, ""mV_4"": 3.9429, ""mV_5"": 3.7971, ""mV_6"": 3.4048, ""mV_7"": 2.7376, ""mV_8"": 2.0147, ""mV_9"": 1.441, ""mV_10"": 1.0415, ""mV_11"": 1.0208, ""mV_12"": 1.2632, ""mV_13"": 1.5928, ""mV_14"": 2.09, ""mV_15"": 2.689, ""mV_16"": 3.1369, ""mV_17"": 3.1497, ""mV_18"": 2.5901, ""mV_19"": 1.9175, ""mV_20"": 1.2953}"
test_0026,1,ok,nie_dotyczy,0.8205464385340568,brak,,0.8569015713284822,brak istotnego odchylenia,0.0,Werdykt OK: brak pasma przekraczającego próg anomalii.,"{""mV_0"": 0.3058, ""mV_1"": 0.3089, ""mV_2"": 0.3082, ""mV_3"": 0.3383, ""mV_4"": 0.1732, ""mV_5"": 0.0625, ""mV_6"": 0.0771, ""mV_7"": 0.0722, ""mV_8"": 0.1043, ""mV_9"": 0.2158, ""mV_10"": 0.3516, ""mV_11"": 0.4187, ""mV_12"": 0.3757, ""mV_13"": 0.215, ""mV_14"": 0.0615, ""mV_15"": 0.0448, ""mV_16"": 0.0653, ""mV_17"": 0.3381, ""mV_18"": 0.8569, ""mV_19"": 0.8316, ""mV_20"": 0.3258}"
test_0026,2,ok,nie_dotyczy,0.710918907351118,2 kHz,mV_2,2.3873071319691204,podwyższona,0.0,"Werdykt OK, ale najsilniejsze lokalne odstępstwo występuje w paśmie 2 kHz; amplituda jest podwyższona.","{""mV_0"": 0.3339, ""mV_1"": 1.6329, ""mV_2"": 2.3873, ""mV_3"": 1.0877, ""mV_4"": 0.067, ""mV_5"": 0.0889, ""mV_6"": 0.1592, ""mV_7"": 0.3254, ""mV_8"": 0.5252, ""mV_9"": 0.6776, ""mV_10"": 0.7503, ""mV_11"": 0.7143, ""mV_12"": 0.6317, ""mV_13"": 0.7015, ""mV_14"": 0.8624, ""mV_15"": 0.8736, ""mV_16"": 0.8558, ""mV_17"": 0.7951, ""mV_18"": 0.5727, ""mV_19"": 0.5633, ""mV_20"": 0.5989}"
test_0026,3,ok,nie_dotyczy,0.8262232892390906,brak,,1.9244544535134165,brak istotnego odchylenia,0.0,Werdykt OK: brak pasma przekraczającego próg anomalii.,"{""mV_0"": 0.9634, ""mV_1"": 1.2751, ""mV_2"": 1.6345, ""mV_3"": 1.9245, ""mV_4"": 1.6356, ""mV_5"": 1.4294, ""mV_6"": 1.5028, ""mV_7"": 1.5222, ""mV_8"": 1.5431, ""mV_9"": 1.4917, ""mV_10"": 1.1519, ""mV_11"": 0.6657, ""mV_12"": 0.4074, ""mV_13"": 0.453, ""mV_14"": 0.5385, ""mV_15"": 0.5273, ""mV_16"": 0.51, ""mV_17"": 0.6754, ""mV_18"": 1.2219, ""mV_19"": 1.6532, ""mV_20"": 1.2024}"
test_0026,4,ok,nie_dotyczy,0.8659141745385486,brak,,0.7398242831129778,brak istotnego odchylenia,0.0,Werdykt OK: brak pasma przekraczającego próg anomalii.,"{""mV_0"": 0.1488, ""mV_1"": 0.1341, ""mV_2"": 0.2086, ""mV_3"": 0.2723, ""mV_4"": 0.194, ""mV_5"": 0.1761, ""mV_6"": 0.1957, ""mV_7"": 0.2398, ""mV_8"": 0.3688, ""mV_9"": 0.5115, ""mV_10"": 0.6305, ""mV_11"": 0.7032, ""mV_12"": 0.6905, ""mV_13"": 0.5748, ""mV_14"": 0.3894, ""mV_15"": 0.1937, ""mV_16"": 0.0953, ""mV_17"": 0.1185, ""mV_18"": 0.3697, ""mV_19"": 0.7398, ""mV_20"": 0.6187}"
test_0026,5,ok,nie_dotyczy,0.8255069925700205,brak,,1.8614123200224904,brak istotnego odchylenia,0.0,Werdykt OK: brak pasma przekraczającego próg anomalii.,"{""mV_0"": 1.3349, ""mV_1"": 1.7419, ""mV_2"": 0.7641, ""mV_3"": 0.2888, ""mV_4"": 0.8198, ""mV_5"": 1.2465, ""mV_6"": 1.2489, ""mV_7"": 1.0186, ""mV_8"": 0.8833, ""mV_9"": 0.9755, ""mV_10"": 1.1674, ""mV_11"": 1.2191, ""mV_12"": 1.1165, ""mV_13"": 1.1122, ""mV_14"": 1.3276, ""mV_15"": 1.648, ""mV_16"": 1.8614, ""mV_17"": 1.7009, ""mV_18"": 1.2041, ""mV_19"": 0.9129, ""mV_20"": 0.7401}"
test_0026,6,ok,nie_dotyczy,0.7733411886380374,brak,,1.9511515239860604,brak istotnego odchylenia,0.0,Werdykt OK: brak pasma przekraczającego próg anomalii.,"{""mV_0"": 0.8092, ""mV_1"": 0.8721, ""mV_2"": 0.9522, ""mV_3"": 1.2751, ""mV_4"": 1.1994, ""mV_5"": 0.9189, ""mV_6"": 0.7662, ""mV_7"": 0.7046, ""mV_8"": 0.7288, ""mV_9"": 0.7872, ""mV_10"": 0.8107, ""mV_11"": 0.7545, ""mV_12"": 0.5921, ""mV_13"": 0.4297, ""mV_14"": 0.311, ""mV_15"": 0.2122, ""mV_16"": 0.1591, ""mV_17"": 0.8134, ""mV_18"": 1.9512, ""mV_19"": 1.6961, ""mV_20"": 0.5001}"
test_0026,7,ok,nie_dotyczy,0.8550751651712077,brak,,0.4794534926042651,brak istotnego odchylenia,0.0,Werdykt OK: brak pasma przekraczającego próg anomalii.,"{""mV_0"": 0.1075, ""mV_1"": 0.1805, ""mV_2"": 0.2115, ""mV_3"": 0.1759, ""mV_4"": 0.2592, ""mV_5"": 0.4167, ""mV_6"": 0.4795, ""mV_7"": 0.401, ""mV_8"": 0.248, ""mV_9"": 0.1442, ""mV_10"": 0.0819, ""mV_11"": 0.0626, ""mV_12"": 0.0865, ""mV_13"": 0.1026, ""mV_14"": 0.1072, ""mV_15"": 0.1046, ""mV_16"": 0.2381, ""mV_17"": 0.3683, ""mV_18"": 0.2145, ""mV_19"": 0.2726, ""mV_20"": 0.4633}"
test_0026,8,ok,nie_dotyczy,0.8364086761127367,12–16 kHz,"mV_12,mV_13,mV_14,mV_15,mV_16",2.4579629889694097,podwyższona,0.0,"Werdykt OK, ale najsilniejsze lokalne odstępstwo występuje w paśmie 12–16 kHz; amplituda jest podwyższona.","{""mV_0"": 0.556, ""mV_1"": 0.5198, ""mV_2"": 0.3114, ""mV_3"": 0.316, ""mV_4"": 0.3472, ""mV_5"": 0.3943, ""mV_6"": 0.4616, ""mV_7"": 0.5645, ""mV_8"": 0.7565, ""mV_9"": 1.031, ""mV_10"": 1.4391, ""mV_11"": 1.8667, ""mV_12"": 2.1471, ""mV_13"": 2.2527, ""mV_14"": 2.3429, ""mV_15"": 2.458, ""mV_16"": 2.3008, ""mV_17"": 1.6709, ""mV_18"": 0.8961, ""mV_19"": 0.6035, ""mV_20"": 0.5365}"
test_0026,9,ok,nie_dotyczy,0.8222605734233029,brak,,0.9535199889673309,brak istotnego odchylenia,0.0,Werdykt OK: brak pasma przekraczającego próg anomalii.,"{""mV_0"": 0.4376, ""mV_1"": 0.4596, ""mV_2"": 0.4418, ""mV_3"": 0.7712, ""mV_4"": 0.9535, ""mV_5"": 0.7969, ""mV_6"": 0.5746, ""mV_7"": 0.5043, ""mV_8"": 0.6055, ""mV_9"": 0.7038, ""mV_10"": 0.7833, ""mV_11"": 0.8638, ""mV_12"": 0.7979, ""mV_13"": 0.4854, ""mV_14"": 0.1634, ""mV_15"": 0.0844, ""mV_16"": 0.2018, ""mV_17"": 0.3931, ""mV_18"": 0.6314, ""mV_19"": 0.6579, ""mV_20"": 0.2957}"
test_0026,10,ok,nie_dotyczy,0.8381683337210128,brak,,1.1185209388525874,brak istotnego odchylenia,0.0,Werdykt OK: brak pasma przekraczającego próg anomalii.,"{""mV_0"": 0.3836, ""mV_1"": 0.9197, ""mV_2"": 1.1185, ""mV_3"": 0.8621, ""mV_4"": 0.4317, ""mV_5"": 0.3575, ""mV_6"": 0.422, ""mV_7"": 0.3398, ""mV_8"": 0.316, ""mV_9"": 0.3134, ""mV_10"": 0.2669, ""mV_11"": 0.2106, ""mV_12"": 0.269, ""mV_13"": 0.4522, ""mV_14"": 0.603, ""mV_15"": 0.6671, ""mV_16"": 0.6562, ""mV_17"": 0.6433, ""mV_18"": 0.5811, ""mV_19"": 0.4588, ""mV_20"": 0.3661}"
test_0026,11,ok,nie_dotyczy,0.8280516052298037,3–4 kHz,"mV_3,mV_4",2.166275685082163,podwyższona,0.0,"Werdykt OK, ale najsilniejsze lokalne odstępstwo występuje w paśmie 3–4 kHz; amplituda jest podwyższona.","{""mV_0"": 0.7308, ""mV_1"": 0.7713, ""mV_2"": 1.4152, ""mV_3"": 2.1663, ""mV_4"": 2.0361, ""mV_5"": 1.6202, ""mV_6"": 1.4228, ""mV_7"": 1.4014, ""mV_8"": 1.3877, ""mV_9"": 1.2805, ""mV_10"": 1.1456, ""mV_11"": 1.2007, ""mV_12"": 1.5048, ""mV_13"": 1.8015, ""mV_14"": 1.6925, ""mV_15"": 1.3077, ""mV_16"": 1.1766, ""mV_17"": 0.9374, ""mV_18"": 0.506, ""mV_19"": 0.7996, ""mV_20"": 1.0982}"
test_0026,12,ok,nie_dotyczy,0.8017081867702814,brak,,1.2733584941894334,brak istotnego odchylenia,0.0,Werdykt OK: brak pasma przekraczającego próg anomalii.,"{""mV_0"": 0.4579, ""mV_1"": 0.5524, ""mV_2"": 0.4509, ""mV_3"": 0.3261, ""mV_4"": 0.4343, ""mV_5"": 0.8302, ""mV_6"": 1.1319, ""mV_7"": 1.2367, ""mV_8"": 1.2734, ""mV_9"": 1.141, ""mV_10"": 0.862, ""mV_11"": 0.5861, ""mV_12"": 0.4101, ""mV_13"": 0.3232, ""mV_14"": 0.2654, ""mV_15"": 0.2707, ""mV_16"": 0.2392, ""mV_17"": 0.2576, ""mV_18"": 0.7447, ""mV_19"": 1.0612, ""mV_20"": 0.5363}"
test_0026,13,ok,nie_dotyczy,0.8043410321953647,14 kHz,mV_14,2.0131753492323634,podwyższona,0.0,"Werdykt OK, ale najsilniejsze lokalne odstępstwo występuje w paśmie 14 kHz; amplituda jest podwyższona.","{""mV_0"": 1.6315, ""mV_1"": 1.7242, ""mV_2"": 0.9486, ""mV_3"": 0.626, ""mV_4"": 0.9165, ""mV_5"": 1.144, ""mV_6"": 1.2823, ""mV_7"": 1.563, ""mV_8"": 1.8223, ""mV_9"": 1.9394, ""mV_10"": 1.9373, ""mV_11"": 1.9207, ""mV_12"": 1.9197, ""mV_13"": 1.938, ""mV_14"": 2.0132, ""mV_15"": 1.9672, ""mV_16"": 1.6632, ""mV_17"": 1.1955, ""mV_18"": 0.8024, ""mV_19"": 0.8272, ""mV_20"": 0.7894}"
test_0026,14,ok,nie_dotyczy,0.8331401046976183,brak,,0.946673251637022,brak istotnego odchylenia,0.0,Werdykt OK: brak pasma przekraczającego próg anomalii.,"{""mV_0"": 0.0392, ""mV_1"": 0.2722, ""mV_2"": 0.7191, ""mV_3"": 0.9235, ""mV_4"": 0.7924, ""mV_5"": 0.6592, ""mV_6"": 0.7024, ""mV_7"": 0.736, ""mV_8"": 0.5954, ""mV_9"": 0.3871, ""mV_10"": 0.2945, ""mV_11"": 0.311, ""mV_12"": 0.3106, ""mV_13"": 0.3745, ""mV_14"": 0.4343, ""mV_15"": 0.422, ""mV_16"": 0.439, ""mV_17"": 0.6187, ""mV_18"": 0.9467, ""mV_19"": 0.829, ""mV_20"": 0.2765}"
test_0026,15,ok,nie_dotyczy,0.6080212485918775,18–19 kHz,"mV_18,mV_19",3.8812742091181103,podwyższona,0.0,"Werdykt OK, ale najsilniejsze lokalne odstępstwo występuje w paśmie 18–19 kHz; amplituda jest podwyższona.","{""mV_0"": 0.7219, ""mV_1"": 0.6894, ""mV_2"": 0.509, ""mV_3"": 0.5369, ""mV_4"": 0.2921, ""mV_5"": 0.0695, ""mV_6"": 0.0833, ""mV_7"": 0.1433, ""mV_8"": 0.3049, ""mV_9"": 0.5051, ""mV_10"": 0.6389, ""mV_11"": 0.6926, ""mV_12"": 0.6517, ""mV_13"": 0.4947, ""mV_14"": 0.2881, ""mV_15"": 0.2479, ""mV_16"": 0.283, ""mV_17"": 2.0116, ""mV_18"": 3.8813, ""mV_19"": 2.1863, ""mV_20"": 0.2465}"
test_0026,16,ok,nie_dotyczy,0.6918661990608971,16–17 kHz,"mV_16,mV_17",2.5812046517573304,obniżona,0.0,"Werdykt OK, ale najsilniejsze lokalne odstępstwo występuje w paśmie 16–17 kHz; amplituda jest obniżona.","{""mV_0"": 0.9396, ""mV_1"": 1.3728, ""mV_2"": 1.6015, ""mV_3"": 1.7469, ""mV_4"": 1.7991, ""mV_5"": 1.7795, ""mV_6"": 1.7819, ""mV_7"": 1.7427, ""mV_8"": 1.5571, ""mV_9"": 1.3915, ""mV_10"": 1.4065, ""mV_11"": 1.5838, ""mV_12"": 1.7336, ""mV_13"": 1.7035, ""mV_14"": 1.5327, ""mV_15"": 1.4103, ""mV_16"": 2.084, ""mV_17"": 2.5812, ""mV_18"": 1.4128, ""mV_19"": 0.4201, ""mV_20"": 0.3574}"
test_0027,1,ok,nie_dotyczy,0.8282313603575735,brak,,0.7409993128441617,brak istotnego odchylenia,0.0,Werdykt OK: brak pasma przekraczającego próg anomalii.,"{""mV_0"": 0.6136, ""mV_1"": 0.741, ""mV_2"": 0.5474, ""mV_3"": 0.4727, ""mV_4"": 0.3071, ""mV_5"": 0.097, ""mV_6"": 0.0891, ""mV_7"": 0.1116, ""mV_8"": 0.1055, ""mV_9"": 0.1749, ""mV_10"": 0.2398, ""mV_11"": 0.1955, ""mV_12"": 0.1366, ""mV_13"": 0.1666, ""mV_14"": 0.204, ""mV_15"": 0.2784, ""mV_16"": 0.5916, ""mV_17"": 0.7329, ""mV_18"": 0.5924, ""mV_19"": 0.5563, ""mV_20"": 0.3465}"
test_0027,2,pompa,srednie,0.7928530251908052,2–17 kHz,"mV_2,mV_3,mV_4,mV_5,mV_6,mV_7,mV_8,mV_9,mV_10,mV_11,mV_12,mV_13,mV_14,mV_15,mV_16,mV_17",6.768742966706936,obniżona,0.972946479999045,Podejrzenie pompa: najbardziej nietypowe jest pasmo 2–17 kHz; amplituda jest obniżona względem zdrowej referencji.,"{""mV_0"": 0.7108, ""mV_1"": 1.803, ""mV_2"": 4.1896, ""mV_3"": 6.6741, ""mV_4"": 6.5626, ""mV_5"": 5.3929, ""mV_6"": 5.0385, ""mV_7"": 4.9755, ""mV_8"": 5.1699, ""mV_9"": 5.5196, ""mV_10"": 5.77, ""mV_11"": 6.1096, ""mV_12"": 6.5956, ""mV_13"": 6.7687, ""mV_14"": 6.186, ""mV_15"": 5.39, ""mV_16"": 4.7649, ""mV_17"": 3.726, ""mV_18"": 2.9573, ""mV_19"": 3.3588, ""mV_20"": 2.9834}"
test_0027,3,pompa,male,0.685354216944604,3–5 kHz,"mV_3,mV_4,mV_5",3.306526575858781,obniżona,0.9384010158942544,Podejrzenie pompa: najbardziej nietypowe jest pasmo 3–5 kHz; amplituda jest obniżona względem zdrowej referencji.,"{""mV_0"": 0.2343, ""mV_1"": 0.3541, ""mV_2"": 1.4222, ""mV_3"": 3.1856, ""mV_4"": 3.3065, ""mV_5"": 2.2972, ""mV_6"": 1.7878, ""mV_7"": 1.8204, ""mV_8"": 2.2107, ""mV_9"": 2.6153, ""mV_10"": 2.8159, ""mV_11"": 2.8889, ""mV_12"": 2.9702, ""mV_13"": 3.0458, ""mV_14"": 2.9166, ""mV_15"": 2.7925, ""mV_16"": 2.7665, ""mV_17"": 2.4957, ""mV_18"": 1.9727, ""mV_19"": 1.8782, ""mV_20"": 1.7889}"
test_0027,4,ok,nie_dotyczy,0.772682763398761,16–17 kHz,"mV_16,mV_17",2.1312731828951788,obniżona,0.0,"Werdykt OK, ale najsilniejsze lokalne odstępstwo występuje w paśmie 16–17 kHz; amplituda jest obniżona.","{""mV_0"": 0.0677, ""mV_1"": 0.1188, ""mV_2"": 0.1794, ""mV_3"": 0.3325, ""mV_4"": 0.5067, ""mV_5"": 0.5722, ""mV_6"": 0.4723, ""mV_7"": 0.2978, ""mV_8"": 0.1449, ""mV_9"": 0.0543, ""mV_10"": 0.0464, ""mV_11"": 0.0499, ""mV_12"": 0.0868, ""mV_13"": 0.38, ""mV_14"": 0.9021, ""mV_15"": 1.4284, ""mV_16"": 2.0779, ""mV_17"": 2.1313, ""mV_18"": 1.3125, ""mV_19"": 0.8241, ""mV_20"": 0.5478}"
test_0027,5,ok,nie_dotyczy,0.7431243597614592,brak,,1.8416439173820713,brak istotnego odchylenia,0.0,Werdykt OK: brak pasma przekraczającego próg anomalii.,"{""mV_0"": 0.5973, ""mV_1"": 0.478, ""mV_2"": 0.3748, ""mV_3"": 0.36, ""mV_4"": 0.2469, ""mV_5"": 0.1328, ""mV_6"": 0.107, ""mV_7"": 0.2336, ""mV_8"": 0.4162, ""mV_9"": 0.5993, ""mV_10"": 0.7473, ""mV_11"": 0.7873, ""mV_12"": 0.7322, ""mV_13"": 0.6737, ""mV_14"": 0.6397, ""mV_15"": 1.032, ""mV_16"": 1.8416, ""mV_17"": 1.7856, ""mV_18"": 0.9205, ""mV_19"": 0.5428, ""mV_20"": 0.4249}"
test_0027,6,ok,nie_dotyczy,0.8519159323797524,brak,,0.7212824698633669,brak istotnego odchylenia,0.0,Werdykt OK: brak pasma przekraczającego próg anomalii.,"{""mV_0"": 0.5759, ""mV_1"": 0.6529, ""mV_2"": 0.5118, ""mV_3"": 0.713, ""mV_4"": 0.7213, ""mV_5"": 0.3891, ""mV_6"": 0.2185, ""mV_7"": 0.2176, ""mV_8"": 0.1771, ""mV_9"": 0.0847, ""mV_10"": 0.0676, ""mV_11"": 0.115, ""mV_12"": 0.1381, ""mV_13"": 0.1196, ""mV_14"": 0.0884, ""mV_15"": 0.1447, ""mV_16"": 0.212, ""mV_17"": 0.1528, ""mV_18"": 0.1828, ""mV_19"": 0.4304, ""mV_20"": 0.5086}"
test_0027,7,ok,nie_dotyczy,0.7329959937341194,brak,,1.1081072506552103,brak istotnego odchylenia,0.0,Werdykt OK: brak pasma przekraczającego próg anomalii.,"{""mV_0"": 0.1345, ""mV_1"": 0.4315, ""mV_2"": 0.787, ""mV_3"": 0.9302, ""mV_4"": 0.8274, ""mV_5"": 0.6102, ""mV_6"": 0.3755, ""mV_7"": 0.2598, ""mV_8"": 0.2882, ""mV_9"": 0.3769, ""mV_10"": 0.5205, ""mV_11"": 0.5464, ""mV_12"": 0.3154, ""mV_13"": 0.1928, ""mV_14"": 0.5207, ""mV_15"": 0.8853, ""mV_16"": 0.8521, ""mV_17"": 0.5818, ""mV_18"": 0.5002, ""mV_19"": 0.9636, ""mV_20"": 1.1081}"
test_0027,8,ok,nie_dotyczy,0.7936269483239243,brak,,1.8220973615891563,brak istotnego odchylenia,0.0,Werdykt OK: brak pasma przekraczającego próg anomalii.,"{""mV_0"": 1.1752, ""mV_1"": 1.4448, ""mV_2"": 0.7301, ""mV_3"": 0.21, ""mV_4"": 0.3948, ""mV_5"": 0.8541, ""mV_6"": 1.2844, ""mV_7"": 1.5229, ""mV_8"": 1.578, ""mV_9"": 1.5615, ""mV_10"": 1.5322, ""mV_11"": 1.6222, ""mV_12"": 1.7743, ""mV_13"": 1.8077, ""mV_14"": 1.8221, ""mV_15"": 1.6784, ""mV_16"": 1.168, ""mV_17"": 0.6086, ""mV_18"": 0.3424, ""mV_19"": 0.6077, ""mV_20"": 0.8253}"
test_0027,9,unknown,nie_dotyczy,0.6873473369613534,5–14 kHz,"mV_5,mV_6,mV_7,mV_8,mV_9,mV_10,mV_11,mV_12,mV_13,mV_14",12.409655996974527,obniżona,0.896041853055115,Podejrzenie unknown: najbardziej nietypowe jest pasmo 5–14 kHz; amplituda jest obniżona względem zdrowej referencji.,"{""mV_0"": 1.5594, ""mV_1"": 1.3543, ""mV_2"": 1.3791, ""mV_3"": 2.6357, ""mV_4"": 5.0833, ""mV_5"": 7.8716, ""mV_6"": 9.7447, ""mV_7"": 10.64, ""mV_8"": 11.1277, ""mV_9"": 11.4685, ""mV_10"": 11.759, ""mV_11"": 12.1479, ""mV_12"": 12.4097, ""mV_13"": 11.4765, ""mV_14"": 7.8448, ""mV_15"": 5.5742, ""mV_16"": 8.5059, ""mV_17"": 10.0307, ""mV_18"": 6.1831, ""mV_19"": 2.3947, ""mV_20"": 1.2731}"
test_0027,10,ok,nie_dotyczy,0.7966925095059793,brak,,1.2508736178849786,brak istotnego odchylenia,0.0,Werdykt OK: brak pasma przekraczającego próg anomalii.,"{""mV_0"": 0.1576, ""mV_1"": 0.3374, ""mV_2"": 0.2187, ""mV_3"": 0.1143, ""mV_4"": 0.2567, ""mV_5"": 0.3626, ""mV_6"": 0.2712, ""mV_7"": 0.1201, ""mV_8"": 0.0879, ""mV_9"": 0.0841, ""mV_10"": 0.0962, ""mV_11"": 0.3163, ""mV_12"": 0.6311, ""mV_13"": 0.8348, ""mV_14"": 1.0731, ""mV_15"": 1.2509, ""mV_16"": 1.2142, ""mV_17"": 1.0461, ""mV_18"": 1.0983, ""mV_19"": 1.2134, ""mV_20"": 0.6663}"
test_0027,11,ok,nie_dotyczy,0.8225860648232035,14–15 kHz,"mV_14,mV_15",2.2194968126639685,podwyższona,0.0,"Werdykt OK, ale najsilniejsze lokalne odstępstwo występuje w paśmie 14–15 kHz; amplituda jest podwyższona.","{""mV_0"": 0.4458, ""mV_1"": 0.711, ""mV_2"": 0.9471, ""mV_3"": 1.1208, ""mV_4"": 1.0312, ""mV_5"": 0.9403, ""mV_6"": 1.05, ""mV_7"": 1.2206, ""mV_8"": 1.3766, ""mV_9"": 1.4562, ""mV_10"": 1.3706, ""mV_11"": 1.2814, ""mV_12"": 1.3679, ""mV_13"": 1.6472, ""mV_14"": 2.0741, ""mV_15"": 2.2195, ""mV_16"": 1.8664, ""mV_17"": 1.3716, ""mV_18"": 0.9082, ""mV_19"": 0.8165, ""mV_20"": 0.8427}"
test_0027,12,ok,nie_dotyczy,0.8124343039323867,brak,,1.1401581353006,brak istotnego odchylenia,0.0,Werdykt OK: brak pasma przekraczającego próg anomalii.,"{""mV_0"": 0.3981, ""mV_1"": 0.6345, ""mV_2"": 0.3549, ""mV_3"": 0.1024, ""mV_4"": 0.2271, ""mV_5"": 0.4869, ""mV_6"": 0.6821, ""mV_7"": 0.6717, ""mV_8"": 0.5717, ""mV_9"": 0.5918, ""mV_10"": 0.712, ""mV_11"": 0.8577, ""mV_12"": 0.9176, ""mV_13"": 0.8559, ""mV_14"": 0.8231, ""mV_15"": 0.699, ""mV_16"": 0.3711, ""mV_17"": 0.1955, ""mV_18"": 0.5417, ""mV_19"": 1.1402, ""mV_20"": 1.07}"
test_0028,1,ok,nie_dotyczy,0.8167272541152597,4–6 kHz,"mV_4,mV_5,mV_6",2.2279137315971,obniżona,0.0,"Werdykt OK, ale najsilniejsze lokalne odstępstwo występuje w paśmie 4–6 kHz; amplituda jest obniżona.","{""mV_0"": 0.781, ""mV_1"": 0.6838, ""mV_2"": 0.8764, ""mV_3"": 1.864, ""mV_4"": 2.2279, ""mV_5"": 2.1008, ""mV_6"": 2.0216, ""mV_7"": 1.7486, ""mV_8"": 1.4053, ""mV_9"": 1.1296, ""mV_10"": 0.965, ""mV_11"": 0.9379, ""mV_12"": 1.0038, ""mV_13"": 1.0569, ""mV_14"": 1.2662, ""mV_15"": 1.6428, ""mV_16"": 1.8361, ""mV_17"": 1.7941, ""mV_18"": 1.672, ""mV_19"": 1.6434, ""mV_20"": 1.2839}"
test_0028,2,ok,nie_dotyczy,0.8116668605315176,brak,,0.9926800684453704,brak istotnego odchylenia,0.0,Werdykt OK: brak pasma przekraczającego próg anomalii.,"{""mV_0"": 0.0319, ""mV_1"": 0.126, ""mV_2"": 0.1751, ""mV_3"": 0.5095, ""mV_4"": 0.8656, ""mV_5"": 0.4855, ""mV_6"": 0.1305, ""mV_7"": 0.179, ""mV_8"": 0.2045, ""mV_9"": 0.2216, ""mV_10"": 0.2432, ""mV_11"": 0.2519, ""mV_12"": 0.3084, ""mV_13"": 0.512, ""mV_14"": 0.794, ""mV_15"": 0.9927, ""mV_16"": 0.9712, ""mV_17"": 0.7936, ""mV_18"": 0.6087, ""mV_19"": 0.4566, ""mV_20"": 0.2971}"
test_0028,3,ok,nie_dotyczy,0.7371066460871714,2 kHz,mV_2,2.235383714728968,podwyższona,0.0,"Werdykt OK, ale najsilniejsze lokalne odstępstwo występuje w paśmie 2 kHz; amplituda jest podwyższona.","{""mV_0"": 0.938, ""mV_1"": 1.6699, ""mV_2"": 2.2354, ""mV_3"": 1.714, ""mV_4"": 0.7291, ""mV_5"": 0.5963, ""mV_6"": 0.7785, ""mV_7"": 0.7513, ""mV_8"": 0.7653, ""mV_9"": 0.9521, ""mV_10"": 1.2741, ""mV_11"": 1.5891, ""mV_12"": 1.7439, ""mV_13"": 1.7753, ""mV_14"": 1.3841, ""mV_15"": 0.5452, ""mV_16"": 0.1551, ""mV_17"": 0.3112, ""mV_18"": 0.4219, ""mV_19"": 0.4285, ""mV_20"": 0.3202}"
test_0028,4,ok,nie_dotyczy,0.7341844769764303,3 kHz,mV_3,2.1149913586850304,podwyższona,0.0,"Werdykt OK, ale najsilniejsze lokalne odstępstwo występuje w paśmie 3 kHz; amplituda jest podwyższona.","{""mV_0"": 0.5653, ""mV_1"": 0.5395, ""mV_2"": 1.0903, ""mV_3"": 2.115, ""mV_4"": 1.7844, ""mV_5"": 0.959, ""mV_6"": 0.7981, ""mV_7"": 0.9059, ""mV_8"": 0.9606, ""mV_9"": 0.8744, ""mV_10"": 0.7487, ""mV_11"": 0.515, ""mV_12"": 0.2755, ""mV_13"": 0.2684, ""mV_14"": 0.3843, ""mV_15"": 0.6359, ""mV_16"": 0.9837, ""mV_17"": 1.0337, ""mV_18"": 0.7773, ""mV_19"": 0.4281, ""mV_20"": 0.144}"
test_0028,5,ok,nie_dotyczy,0.7791274565026888,brak,,1.4910628037587979,brak istotnego odchylenia,0.0,Werdykt OK: brak pasma przekraczającego próg anomalii.,"{""mV_0"": 0.5099, ""mV_1"": 0.6299, ""mV_2"": 0.4221, ""mV_3"": 0.3419, ""mV_4"": 0.668, ""mV_5"": 1.0585, ""mV_6"": 1.1818, ""mV_7"": 1.0588, ""mV_8"": 0.9542, ""mV_9"": 1.006, ""mV_10"": 1.0468, ""mV_11"": 0.9815, ""mV_12"": 0.8643, ""mV_13"": 0.7999, ""mV_14"": 0.6349, ""mV_15"": 0.6005, ""mV_16"": 1.0985, ""mV_17"": 1.4911, ""mV_18"": 1.44, ""mV_19"": 1.2585, ""mV_20"": 0.8285}"
test_0028,6,ok,nie_dotyczy,0.6611056367060029,12–14 kHz,"mV_12,mV_13,mV_14",2.4364607338485773,obniżona,0.0,"Werdykt OK, ale najsilniejsze lokalne odstępstwo występuje w paśmie 12–14 kHz; amplituda jest obniżona.","{""mV_0"": 1.4375, ""mV_1"": 1.6318, ""mV_2"": 1.0455, ""mV_3"": 0.6574, ""mV_4"": 0.9846, ""mV_5"": 1.5018, ""mV_6"": 1.7516, ""mV_7"": 1.8077, ""mV_8"": 1.7415, ""mV_9"": 1.6339, ""mV_10"": 1.5833, ""mV_11"": 1.7352, ""mV_12"": 2.089, ""mV_13"": 2.4365, ""mV_14"": 2.2202, ""mV_15"": 1.349, ""mV_16"": 0.9605, ""mV_17"": 1.4216, ""mV_18"": 1.8649, ""mV_19"": 2.145, ""mV_20"": 1.7809}"
test_0028,7,ok,nie_dotyczy,0.7486870864450204,brak,,1.6821731671961606,brak istotnego odchylenia,0.0,Werdykt OK: brak pasma przekraczającego próg anomalii.,"{""mV_0"": 0.2541, ""mV_1"": 0.5076, ""mV_2"": 1.1201, ""mV_3"": 1.2129, ""mV_4"": 0.5766, ""mV_5"": 0.265, ""mV_6"": 0.3582, ""mV_7"": 0.4173, ""mV_8"": 0.3424, ""mV_9"": 0.1859, ""mV_10"": 0.101, ""mV_11"": 0.1567, ""mV_12"": 0.5129, ""mV_13"": 1.3434, ""mV_14"": 1.6822, ""mV_15"": 0.8835, ""mV_16"": 0.191, ""mV_17"": 0.1594, ""mV_18"": 0.2489, ""mV_19"": 0.22, ""mV_20"": 0.0952}"
test_0028,8,ok,nie_dotyczy,0.8035206271142146,brak,,1.4528355652460732,brak istotnego odchylenia,0.0,Werdykt OK: brak pasma przekraczającego próg anomalii.,"{""mV_0"": 0.1903, ""mV_1"": 0.3013, ""mV_2"": 0.9182, ""mV_3"": 1.4528, ""mV_4"": 1.0981, ""mV_5"": 0.5978, ""mV_6"": 0.4436, ""mV_7"": 0.4278, ""mV_8"": 0.444, ""mV_9"": 0.4127, ""mV_10"": 0.3399, ""mV_11"": 0.2664, ""mV_12"": 0.2052, ""mV_13"": 0.2395, ""mV_14"": 0.4707, ""mV_15"": 0.6566, ""mV_16"": 0.5258, ""mV_17"": 0.3182, ""mV_18"": 0.3397, ""mV_19"": 0.3376, ""mV_20"": 0.13}"
test_0028,9,ok,nie_dotyczy,0.6893803967902702,brak,,1.1019586732896667,brak istotnego odchylenia,0.0,Werdykt OK: brak pasma przekraczającego próg anomalii.,"{""mV_0"": 0.0482, ""mV_1"": 0.0646, ""mV_2"": 0.4658, ""mV_3"": 1.0828, ""mV_4"": 1.0287, ""mV_5"": 0.6034, ""mV_6"": 0.3412, ""mV_7"": 0.183, ""mV_8"": 0.1245, ""mV_9"": 0.1541, ""mV_10"": 0.245, ""mV_11"": 0.4168, ""mV_12"": 0.7335, ""mV_13"": 1.102, ""mV_14"": 1.0246, ""mV_15"": 0.7437, ""mV_16"": 0.759, ""mV_17"": 0.6127, ""mV_18"": 0.4638, ""mV_19"": 0.6014, ""mV_20"": 0.5364}"
test_0028,10,ok,nie_dotyczy,0.604841367741213,3–5 kHz,"mV_3,mV_4,mV_5",3.5553017461859735,podwyższona,0.0,"Werdykt OK, ale najsilniejsze lokalne odstępstwo występuje w paśmie 3–5 kHz; amplituda jest podwyższona.","{""mV_0"": 0.7006, ""mV_1"": 0.4757, ""mV_2"": 1.5694, ""mV_3"": 3.5553, ""mV_4"": 3.3002, ""mV_5"": 2.1543, ""mV_6"": 1.6828, ""mV_7"": 1.3375, ""mV_8"": 1.0685, ""mV_9"": 0.8702, ""mV_10"": 0.7853, ""mV_11"": 0.8231, ""mV_12"": 0.867, ""mV_13"": 0.7274, ""mV_14"": 0.8196, ""mV_15"": 1.608, ""mV_16"": 2.2939, ""mV_17"": 2.1238, ""mV_18"": 1.6104, ""mV_19"": 1.2896, ""mV_20"": 0.877}"
test_0028,11,ok,nie_dotyczy,0.708787906681354,brak,,1.662236525891841,brak istotnego odchylenia,0.0,Werdykt OK: brak pasma przekraczającego próg anomalii.,"{""mV_0"": 0.28, ""mV_1"": 0.5139, ""mV_2"": 1.1637, ""mV_3"": 1.6622, ""mV_4"": 1.0065, ""mV_5"": 0.4275, ""mV_6"": 0.6162, ""mV_7"": 0.7865, ""mV_8"": 0.8518, ""mV_9"": 0.9011, ""mV_10"": 0.8675, ""mV_11"": 0.8446, ""mV_12"": 0.9226, ""mV_13"": 1.0605, ""mV_14"": 0.9653, ""mV_15"": 0.511, ""mV_16"": 0.309, ""mV_17"": 0.5869, ""mV_18"": 0.7646, ""mV_19"": 0.5804, ""mV_20"": 0.245}"
test_0028,12,ok,nie_dotyczy,0.8082857303221598,brak,,1.8177124105102278,brak istotnego odchylenia,0.0,Werdykt OK: brak pasma przekraczającego próg anomalii.,"{""mV_0"": 0.1498, ""mV_1"": 0.2361, ""mV_2"": 0.8911, ""mV_3"": 1.8177, ""mV_4"": 1.6276, ""mV_5"": 1.1182, ""mV_6"": 1.0853, ""mV_7"": 1.1906, ""mV_8"": 1.3255, ""mV_9"": 1.3833, ""mV_10"": 1.4124, ""mV_11"": 1.217, ""mV_12"": 0.853, ""mV_13"": 0.6173, ""mV_14"": 0.4206, ""mV_15"": 0.4667, ""mV_16"": 0.7525, ""mV_17"": 0.9174, ""mV_18"": 1.0571, ""mV_19"": 1.1279, ""mV_20"": 0.7864}"
test_0029,1,ok,nie_dotyczy,0.8101516343230736,brak,,1.2257214370568472,brak istotnego odchylenia,0.0,Werdykt OK: brak pasma przekraczającego próg anomalii.,"{""mV_0"": 0.6083, ""mV_1"": 0.6058, ""mV_2"": 0.3144, ""mV_3"": 0.3596, ""mV_4"": 0.7402, ""mV_5"": 0.8648, ""mV_6"": 0.7901, ""mV_7"": 0.6813, ""mV_8"": 0.6097, ""mV_9"": 0.7652, ""mV_10"": 0.8012, ""mV_11"": 0.5494, ""mV_12"": 0.3259, ""mV_13"": 0.3402, ""mV_14"": 0.4765, ""mV_15"": 0.4752, ""mV_16"": 0.2992, ""mV_17"": 0.5925, ""mV_18"": 1.2257, ""mV_19"": 1.1038, ""mV_20"": 0.5125}"
test_0029,2,ok,nie_dotyczy,0.8447801989646089,brak,,1.2573196989124897,brak istotnego odchylenia,0.0,Werdykt OK: brak pasma przekraczającego próg anomalii.,"{""mV_0"": 0.0689, ""mV_1"": 0.1827, ""mV_2"": 0.2253, ""mV_3"": 0.2816, ""mV_4"": 0.4173, ""mV_5"": 0.5644, ""mV_6"": 0.7512, ""mV_7"": 0.7863, ""mV_8"": 0.6744, ""mV_9"": 0.6488, ""mV_10"": 0.6861, ""mV_11"": 0.6702, ""mV_12"": 0.6254, ""mV_13"": 0.5641, ""mV_14"": 0.3792, ""mV_15"": 0.1917, ""mV_16"": 0.1549, ""mV_17"": 0.5795, ""mV_18"": 1.2573, ""mV_19"": 1.2217, ""mV_20"": 0.6237}"
test_0029,3,ok,nie_dotyczy,0.8246290999279468,brak,,1.820213066871533,brak istotnego odchylenia,0.0,Werdykt OK: brak pasma przekraczającego próg anomalii.,"{""mV_0"": 0.0018, ""mV_1"": 0.0107, ""mV_2"": 0.0324, ""mV_3"": 0.2386, ""mV_4"": 0.4707, ""mV_5"": 0.3745, ""mV_6"": 0.3063, ""mV_7"": 0.4983, ""mV_8"": 0.6258, ""mV_9"": 0.5975, ""mV_10"": 0.5367, ""mV_11"": 0.4235, ""mV_12"": 0.2862, ""mV_13"": 0.1932, ""mV_14"": 0.1238, ""mV_15"": 0.0624, ""mV_16"": 0.1003, ""mV_17"": 0.2693, ""mV_18"": 0.8891, ""mV_19"": 1.8202, ""mV_20"": 1.6258}"
test_0029,4,ok,nie_dotyczy,0.8373272824377554,brak,,1.414612312128609,brak istotnego odchylenia,0.0,Werdykt OK: brak pasma przekraczającego próg anomalii.,"{""mV_0"": 0.064, ""mV_1"": 0.196, ""mV_2"": 0.3321, ""mV_3"": 0.3525, ""mV_4"": 0.3308, ""mV_5"": 0.3634, ""mV_6"": 0.3151, ""mV_7"": 0.1796, ""mV_8"": 0.1135, ""mV_9"": 0.1282, ""mV_10"": 0.1365, ""mV_11"": 0.1619, ""mV_12"": 0.2474, ""mV_13"": 0.2972, ""mV_14"": 0.2626, ""mV_15"": 0.1889, ""mV_16"": 0.1935, ""mV_17"": 0.8724, ""mV_18"": 1.4146, ""mV_19"": 0.7837, ""mV_20"": 0.242}"
test_0029,5,ok,nie_dotyczy,0.7821650457663363,brak,,1.2589623480691063,brak istotnego odchylenia,0.0,Werdykt OK: brak pasma przekraczającego próg anomalii.,"{""mV_0"": 0.6458, ""mV_1"": 0.5888, ""mV_2"": 0.7352, ""mV_3"": 1.1712, ""mV_4"": 0.8013, ""mV_5"": 0.2588, ""mV_6"": 0.2135, ""mV_7"": 0.2855, ""mV_8"": 0.443, ""mV_9"": 0.6798, ""mV_10"": 0.7847, ""mV_11"": 0.6758, ""mV_12"": 0.4876, ""mV_13"": 0.3861, ""mV_14"": 0.4947, ""mV_15"": 0.8985, ""mV_16"": 1.259, ""mV_17"": 1.041, ""mV_18"": 0.5665, ""mV_19"": 0.6209, ""mV_20"": 0.7516}"
test_0029,6,ok,nie_dotyczy,0.7387459710868035,14–18 kHz,"mV_14,mV_15,mV_16,mV_17,mV_18",3.125003593727527,podwyższona,0.0,"Werdykt OK, ale najsilniejsze lokalne odstępstwo występuje w paśmie 14–18 kHz; amplituda jest podwyższona.","{""mV_0"": 0.9237, ""mV_1"": 1.0146, ""mV_2"": 0.6393, ""mV_3"": 0.4147, ""mV_4"": 0.548, ""mV_5"": 0.795, ""mV_6"": 1.0519, ""mV_7"": 1.3502, ""mV_8"": 1.6478, ""mV_9"": 1.8849, ""mV_10"": 1.9361, ""mV_11"": 1.7622, ""mV_12"": 1.6096, ""mV_13"": 1.7847, ""mV_14"": 2.211, ""mV_15"": 2.7883, ""mV_16"": 3.0839, ""mV_17"": 3.125, ""mV_18"": 2.7041, ""mV_19"": 1.7413, ""mV_20"": 1.1545}"
test_0029,7,ok,nie_dotyczy,0.7633629232463834,11–14 kHz,"mV_11,mV_12,mV_13,mV_14",2.1535875234088118,obniżona,0.0,"Werdykt OK, ale najsilniejsze lokalne odstępstwo występuje w paśmie 11–14 kHz; amplituda jest obniżona.","{""mV_0"": 1.3571, ""mV_1"": 1.9796, ""mV_2"": 2.133, ""mV_3"": 1.9034, ""mV_4"": 1.6157, ""mV_5"": 1.6721, ""mV_6"": 1.8171, ""mV_7"": 1.8395, ""mV_8"": 1.7699, ""mV_9"": 1.7254, ""mV_10"": 1.827, ""mV_11"": 2.0508, ""mV_12"": 2.1536, ""mV_13"": 2.051, ""mV_14"": 2.0145, ""mV_15"": 1.9325, ""mV_16"": 1.7384, ""mV_17"": 1.5225, ""mV_18"": 1.6504, ""mV_19"": 1.8144, ""mV_20"": 1.0006}"
test_0029,8,ok,nie_dotyczy,0.5820792944387214,17–20 kHz,"mV_17,mV_18,mV_19,mV_20",3.5103986807320924,podwyższona,0.0,"Werdykt OK, ale najsilniejsze lokalne odstępstwo występuje w paśmie 17–20 kHz; amplituda jest podwyższona.","{""mV_0"": 0.1507, ""mV_1"": 0.1241, ""mV_2"": 0.0401, ""mV_3"": 0.0165, ""mV_4"": 0.0623, ""mV_5"": 0.1247, ""mV_6"": 0.1084, ""mV_7"": 0.1558, ""mV_8"": 0.3328, ""mV_9"": 0.4344, ""mV_10"": 0.3321, ""mV_11"": 0.1637, ""mV_12"": 0.2151, ""mV_13"": 0.4401, ""mV_14"": 0.6782, ""mV_15"": 1.1094, ""mV_16"": 1.5994, ""mV_17"": 2.5645, ""mV_18"": 3.5104, ""mV_19"": 3.4657, ""mV_20"": 2.6707}"
test_0029,9,ok,nie_dotyczy,0.7989585508276258,brak,,1.5444897410071734,brak istotnego odchylenia,0.0,Werdykt OK: brak pasma przekraczającego próg anomalii.,"{""mV_0"": 0.6098, ""mV_1"": 0.9893, ""mV_2"": 1.2446, ""mV_3"": 1.1531, ""mV_4"": 0.8856, ""mV_5"": 0.9223, ""mV_6"": 0.9621, ""mV_7"": 0.7818, ""mV_8"": 0.6428, ""mV_9"": 0.6517, ""mV_10"": 0.7443, ""mV_11"": 0.8646, ""mV_12"": 0.9637, ""mV_13"": 1.053, ""mV_14"": 1.1938, ""mV_15"": 1.3496, ""mV_16"": 1.4131, ""mV_17"": 1.5445, ""mV_18"": 1.4268, ""mV_19"": 1.0011, ""mV_20"": 0.7449}"
test_0029,10,iglica,srednie,0.7024513950883983,7–15 kHz,"mV_7,mV_8,mV_9,mV_10,mV_11,mV_12,mV_13,mV_14,mV_15",4.847846575225555,obniżona,0.889117217010461,Podejrzenie iglica: najbardziej nietypowe jest pasmo 7–15 kHz; amplituda jest obniżona względem zdrowej referencji.,"{""mV_0"": 3.8472, ""mV_1"": 4.1856, ""mV_2"": 2.2101, ""mV_3"": 0.8438, ""mV_4"": 0.4516, ""mV_5"": 1.0402, ""mV_6"": 2.1521, ""mV_7"": 2.8991, ""mV_8"": 3.887, ""mV_9"": 4.7792, ""mV_10"": 4.8026, ""mV_11"": 4.564, ""mV_12"": 4.5319, ""mV_13"": 4.8478, ""mV_14"": 4.8449, ""mV_15"": 3.6588, ""mV_16"": 2.4035, ""mV_17"": 2.5025, ""mV_18"": 3.1009, ""mV_19"": 3.0749, ""mV_20"": 2.1903}"
test_0029,11,unknown,nie_dotyczy,0.7117870014546963,7–13 kHz,"mV_7,mV_8,mV_9,mV_10,mV_11,mV_12,mV_13",7.515711609426757,obniżona,0.8709882942824847,Podejrzenie unknown: najbardziej nietypowe jest pasmo 7–13 kHz; amplituda jest obniżona względem zdrowej referencji.,"{""mV_0"": 1.3714, ""mV_1"": 1.6219, ""mV_2"": 4.2313, ""mV_3"": 7.2222, ""mV_4"": 5.6828, ""mV_5"": 2.8136, ""mV_6"": 3.2175, ""mV_7"": 5.0384, ""mV_8"": 6.0146, ""mV_9"": 6.5346, ""mV_10"": 7.1016, ""mV_11"": 7.5157, ""mV_12"": 7.1324, ""mV_13"": 5.5598, ""mV_14"": 3.2541, ""mV_15"": 2.5295, ""mV_16"": 4.0717, ""mV_17"": 4.9243, ""mV_18"": 3.4738, ""mV_19"": 1.7576, ""mV_20"": 1.2595}"
test_0029,12,ok,nie_dotyczy,0.7318741065710241,19 kHz,mV_19,2.4191037684067527,obniżona,0.0,"Werdykt OK, ale najsilniejsze lokalne odstępstwo występuje w paśmie 19 kHz; amplituda jest obniżona.","{""mV_0"": 1.0688, ""mV_1"": 1.6309, ""mV_2"": 1.9685, ""mV_3"": 1.9497, ""mV_4"": 1.7175, ""mV_5"": 1.7387, ""mV_6"": 1.7287, ""mV_7"": 1.5047, ""mV_8"": 1.3199, ""mV_9"": 1.3306, ""mV_10"": 1.5624, ""mV_11"": 1.8842, ""mV_12"": 2.0032, ""mV_13"": 1.8351, ""mV_14"": 1.5941, ""mV_15"": 1.2943, ""mV_16"": 1.104, ""mV_17"": 1.2117, ""mV_18"": 1.8593, ""mV_19"": 2.4191, ""mV_20"": 1.554}"
test_0030,1,ok,nie_dotyczy,0.7919171227419461,1 kHz,mV_1,2.1780668738167632,obniżona,0.0,"Werdykt OK, ale najsilniejsze lokalne odstępstwo występuje w paśmie 1 kHz; amplituda jest obniżona.","{""mV_0"": 1.5972, ""mV_1"": 2.1781, ""mV_2"": 1.778, ""mV_3"": 1.1062, ""mV_4"": 0.8865, ""mV_5"": 1.1037, ""mV_6"": 1.2788, ""mV_7"": 1.2609, ""mV_8"": 1.2481, ""mV_9"": 1.3039, ""mV_10"": 1.264, ""mV_11"": 1.0971, ""mV_12"": 1.0437, ""mV_13"": 1.216, ""mV_14"": 1.3467, ""mV_15"": 1.3611, ""mV_16"": 1.5247, ""mV_17"": 1.8604, ""mV_18"": 2.0854, ""mV_19"": 2.0473, ""mV_20"": 1.4419}"
test_0030,2,ok,nie_dotyczy,0.8109392874460546,brak,,1.7751438213263417,brak istotnego odchylenia,0.0,Werdykt OK: brak pasma przekraczającego próg anomalii.,"{""mV_0"": 1.0108, ""mV_1"": 1.6669, ""mV_2"": 1.7751, ""mV_3"": 1.3531, ""mV_4"": 0.5725, ""mV_5"": 0.1036, ""mV_6"": 0.0597, ""mV_7"": 0.1041, ""mV_8"": 0.2803, ""mV_9"": 0.5809, ""mV_10"": 0.75, ""mV_11"": 0.6031, ""mV_12"": 0.3602, ""mV_13"": 0.3344, ""mV_14"": 0.6352, ""mV_15"": 0.8775, ""mV_16"": 0.7113, ""mV_17"": 0.4498, ""mV_18"": 0.3145, ""mV_19"": 0.3758, ""mV_20"": 0.3899}"
test_0030,3,ok,nie_dotyczy,0.8149158673714711,brak,,1.1314685254652868,brak istotnego odchylenia,0.0,Werdykt OK: brak pasma przekraczającego próg anomalii.,"{""mV_0"": 0.3501, ""mV_1"": 0.333, ""mV_2"": 0.3113, ""mV_3"": 0.1888, ""mV_4"": 0.0989, ""mV_5"": 0.2073, ""mV_6"": 0.3055, ""mV_7"": 0.3677, ""mV_8"": 0.3799, ""mV_9"": 0.3759, ""mV_10"": 0.4351, ""mV_11"": 0.4841, ""mV_12"": 0.4371, ""mV_13"": 0.5035, ""mV_14"": 0.7865, ""mV_15"": 1.0456, ""mV_16"": 1.1315, ""mV_17"": 1.0131, ""mV_18"": 0.8498, ""mV_19"": 0.9281, ""mV_20"": 0.8659}"
test_0030,4,iglica,srednie,0.8151558462646226,6–15 kHz,"mV_6,mV_7,mV_8,mV_9,mV_10,mV_11,mV_12,mV_13,mV_14,mV_15",6.04191448340474,obniżona,0.9917632097956386,Podejrzenie iglica: najbardziej nietypowe jest pasmo 6–15 kHz; amplituda jest obniżona względem zdrowej referencji.,"{""mV_0"": 0.176, ""mV_1"": 0.5915, ""mV_2"": 0.8703, ""mV_3"": 0.8445, ""mV_4"": 0.9032, ""mV_5"": 1.8866, ""mV_6"": 3.4041, ""mV_7"": 4.2354, ""mV_8"": 4.9984, ""mV_9"": 5.8746, ""mV_10"": 6.0419, ""mV_11"": 5.6927, ""mV_12"": 5.4996, ""mV_13"": 5.9038, ""mV_14"": 5.5546, ""mV_15"": 3.4534, ""mV_16"": 2.0767, ""mV_17"": 2.499, ""mV_18"": 2.9487, ""mV_19"": 3.3827, ""mV_20"": 2.9923}"
test_0030,5,ok,nie_dotyczy,0.7916951401216255,brak,,0.7236022173517855,brak istotnego odchylenia,0.0,Werdykt OK: brak pasma przekraczającego próg anomalii.,"{""mV_0"": 0.1901, ""mV_1"": 0.3923, ""mV_2"": 0.2948, ""mV_3"": 0.1111, ""mV_4"": 0.0747, ""mV_5"": 0.1183, ""mV_6"": 0.216, ""mV_7"": 0.3468, ""mV_8"": 0.4028, ""mV_9"": 0.3182, ""mV_10"": 0.172, ""mV_11"": 0.0797, ""mV_12"": 0.2761, ""mV_13"": 0.6188, ""mV_14"": 0.7236, ""mV_15"": 0.6213, ""mV_16"": 0.4173, ""mV_17"": 0.2328, ""mV_18"": 0.1543, ""mV_19"": 0.3311, ""mV_20"": 0.4731}"
test_0030,6,ok,nie_dotyczy,0.7285242346737286,14–15 kHz,"mV_14,mV_15",2.3354065695216426,podwyższona,0.0,"Werdykt OK, ale najsilniejsze lokalne odstępstwo występuje w paśmie 14–15 kHz; amplituda jest podwyższona.","{""mV_0"": 1.0333, ""mV_1"": 1.2947, ""mV_2"": 1.2474, ""mV_3"": 0.8799, ""mV_4"": 0.8016, ""mV_5"": 1.2262, ""mV_6"": 1.4269, ""mV_7"": 1.4484, ""mV_8"": 1.4689, ""mV_9"": 1.479, ""mV_10"": 1.5531, ""mV_11"": 1.703, ""mV_12"": 1.7936, ""mV_13"": 1.9277, ""mV_14"": 2.3354, ""mV_15"": 2.2714, ""mV_16"": 1.4323, ""mV_17"": 0.8175, ""mV_18"": 0.9314, ""mV_19"": 1.536, ""mV_20"": 1.5072}"
test_0030,7,ok,nie_dotyczy,0.7981336150456161,brak,,1.461926974513308,brak istotnego odchylenia,0.0,Werdykt OK: brak pasma przekraczającego próg anomalii.,"{""mV_0"": 0.4278, ""mV_1"": 0.5857, ""mV_2"": 0.9106, ""mV_3"": 1.4619, ""mV_4"": 1.1552, ""mV_5"": 0.5659, ""mV_6"": 0.3521, ""mV_7"": 0.1559, ""mV_8"": 0.0633, ""mV_9"": 0.0968, ""mV_10"": 0.1602, ""mV_11"": 0.2618, ""mV_12"": 0.3381, ""mV_13"": 0.4334, ""mV_14"": 0.6752, ""mV_15"": 0.6516, ""mV_16"": 0.3004, ""mV_17"": 0.1377, ""mV_18"": 0.1402, ""mV_19"": 0.1228, ""mV_20"": 0.0698}"
test_0030,8,iglica,srednie,0.8488304887072241,6–16 kHz,"mV_6,mV_7,mV_8,mV_9,mV_10,mV_11,mV_12,mV_13,mV_14,mV_15,mV_16",6.2577131339763525,obniżona,0.9862977511397508,Podejrzenie iglica: najbardziej nietypowe jest pasmo 6–16 kHz; amplituda jest obniżona względem zdrowej referencji.,"{""mV_0"": 0.2776, ""mV_1"": 0.6281, ""mV_2"": 0.7588, ""mV_3"": 0.8277, ""mV_4"": 1.1041, ""mV_5"": 2.2095, ""mV_6"": 3.7627, ""mV_7"": 4.5402, ""mV_8"": 5.2186, ""mV_9"": 6.0592, ""mV_10"": 6.2577, ""mV_11"": 5.9721, ""mV_12"": 5.8214, ""mV_13"": 6.1097, ""mV_14"": 6.039, ""mV_15"": 4.9836, ""mV_16"": 3.8188, ""mV_17"": 3.2965, ""mV_18"": 3.289, ""mV_19"": 3.4994, ""mV_20"": 2.7085}"
test_0030,9,ok,nie_dotyczy,0.7849947666210482,brak,,1.0227083519998956,brak istotnego odchylenia,0.0,Werdykt OK: brak pasma przekraczającego próg anomalii.,"{""mV_0"": 0.6939, ""mV_1"": 1.0227, ""mV_2"": 0.9824, ""mV_3"": 0.7556, ""mV_4"": 0.3795, ""mV_5"": 0.3391, ""mV_6"": 0.5393, ""mV_7"": 0.6064, ""mV_8"": 0.6842, ""mV_9"": 0.7362, ""mV_10"": 0.648, ""mV_11"": 0.4817, ""mV_12"": 0.3622, ""mV_13"": 0.3361, ""mV_14"": 0.5069, ""mV_15"": 0.7655, ""mV_16"": 0.6593, ""mV_17"": 0.3773, ""mV_18"": 0.3399, ""mV_19"": 0.3113, ""mV_20"": 0.1593}"
test_0030,10,ok,nie_dotyczy,0.7955516936282119,brak,,1.9031713581270286,brak istotnego odchylenia,0.0,Werdykt OK: brak pasma przekraczającego próg anomalii.,"{""mV_0"": 0.2424, ""mV_1"": 0.5349, ""mV_2"": 1.1719, ""mV_3"": 1.1974, ""mV_4"": 0.5275, ""mV_5"": 0.3032, ""mV_6"": 0.5052, ""mV_7"": 0.6544, ""mV_8"": 0.6766, ""mV_9"": 0.7014, ""mV_10"": 0.874, ""mV_11"": 1.1903, ""mV_12"": 1.4774, ""mV_13"": 1.6918, ""mV_14"": 1.9032, ""mV_15"": 1.785, ""mV_16"": 1.3348, ""mV_17"": 1.0569, ""mV_18"": 1.0692, ""mV_19"": 1.1385, ""mV_20"": 0.8588}"
test_0030,11,ok,nie_dotyczy,0.583140118788456,2–3 kHz,"mV_2,mV_3",4.067788573198007,podwyższona,0.0,"Werdykt OK, ale najsilniejsze lokalne odstępstwo występuje w paśmie 2–3 kHz; amplituda jest podwyższona.","{""mV_0"": 0.133, ""mV_1"": 1.4751, ""mV_2"": 4.0678, ""mV_3"": 4.0557, ""mV_4"": 1.669, ""mV_5"": 0.5642, ""mV_6"": 0.5625, ""mV_7"": 0.6002, ""mV_8"": 0.7111, ""mV_9"": 0.8232, ""mV_10"": 0.9049, ""mV_11"": 0.9484, ""mV_12"": 0.8196, ""mV_13"": 0.4839, ""mV_14"": 0.296, ""mV_15"": 0.2799, ""mV_16"": 0.2144, ""mV_17"": 0.3103, ""mV_18"": 0.5088, ""mV_19"": 0.6305, ""mV_20"": 0.5552}"
test_0030,12,ok,nie_dotyczy,0.79922085639676,brak,,0.7097021177311976,brak istotnego odchylenia,0.0,Werdykt OK: brak pasma przekraczającego próg anomalii.,"{""mV_0"": 0.3157, ""mV_1"": 0.4185, ""mV_2"": 0.6473, ""mV_3"": 0.5617, ""mV_4"": 0.233, ""mV_5"": 0.0857, ""mV_6"": 0.0682, ""mV_7"": 0.0998, ""mV_8"": 0.0876, ""mV_9"": 0.062, ""mV_10"": 0.0988, ""mV_11"": 0.1066, ""mV_12"": 0.0784, ""mV_13"": 0.147, ""mV_14"": 0.2687, ""mV_15"": 0.4765, ""mV_16"": 0.7097, ""mV_17"": 0.6302, ""mV_18"": 0.3848, ""mV_19"": 0.2745, ""mV_20"": 0.1798}"
test_0031,1,ok,nie_dotyczy,0.6900556101501454,brak,,1.7269078632686938,brak istotnego odchylenia,0.0,Werdykt OK: brak pasma przekraczającego próg anomalii.,"{""mV_0"": 0.535, ""mV_1"": 0.7581, ""mV_2"": 1.393, ""mV_3"": 1.7269, ""mV_4"": 1.2559, ""mV_5"": 0.8833, ""mV_6"": 0.882, ""mV_7"": 1.1295, ""mV_8"": 1.5162, ""mV_9"": 1.686, ""mV_10"": 1.5945, ""mV_11"": 1.3616, ""mV_12"": 1.1747, ""mV_13"": 1.2096, ""mV_14"": 1.2749, ""mV_15"": 1.2984, ""mV_16"": 1.4089, ""mV_17"": 1.2297, ""mV_18"": 0.9695, ""mV_19"": 1.2802, ""mV_20"": 1.2199}"
test_0031,2,iglica,srednie,0.7529793278082793,7–15 kHz,"mV_7,mV_8,mV_9,mV_10,mV_11,mV_12,mV_13,mV_14,mV_15",6.125313367582875,obniżona,0.9493530366241054,Podejrzenie iglica: najbardziej nietypowe jest pasmo 7–15 kHz; amplituda jest obniżona względem zdrowej referencji.,"{""mV_0"": 1.1016, ""mV_1"": 3.1153, ""mV_2"": 3.1122, ""mV_3"": 1.2406, ""mV_4"": 0.6589, ""mV_5"": 1.668, ""mV_6"": 3.2199, ""mV_7"": 4.3965, ""mV_8"": 5.2787, ""mV_9"": 6.0978, ""mV_10"": 6.1253, ""mV_11"": 5.5039, ""mV_12"": 5.0781, ""mV_13"": 5.314, ""mV_14"": 5.2851, ""mV_15"": 4.1685, ""mV_16"": 3.2697, ""mV_17"": 3.181, ""mV_18"": 3.1248, ""mV_19"": 3.4744, ""mV_20"": 3.119}"
test_0031,3,ok,nie_dotyczy,0.7604310592990349,19 kHz,mV_19,2.5878083323821586,obniżona,0.0,"Werdykt OK, ale najsilniejsze lokalne odstępstwo występuje w paśmie 19 kHz; amplituda jest obniżona.","{""mV_0"": 0.3363, ""mV_1"": 0.4696, ""mV_2"": 0.7796, ""mV_3"": 1.2165, ""mV_4"": 1.3184, ""mV_5"": 1.2794, ""mV_6"": 1.1922, ""mV_7"": 0.9678, ""mV_8"": 0.81, ""mV_9"": 0.6906, ""mV_10"": 0.4988, ""mV_11"": 0.3241, ""mV_12"": 0.2423, ""mV_13"": 0.267, ""mV_14"": 0.2969, ""mV_15"": 0.2017, ""mV_16"": 0.0947, ""mV_17"": 0.1387, ""mV_18"": 1.1916, ""mV_19"": 2.5878, ""mV_20"": 1.9821}"
test_0031,4,ok,nie_dotyczy,0.6502797352132264,3–4 kHz,"mV_3,mV_4",2.1036408907130943,obniżona,0.0,"Werdykt OK, ale najsilniejsze lokalne odstępstwo występuje w paśmie 3–4 kHz; amplituda jest obniżona.","{""mV_0"": 0.6084, ""mV_1"": 0.6172, ""mV_2"": 1.2234, ""mV_3"": 2.1036, ""mV_4"": 2.0659, ""mV_5"": 1.7717, ""mV_6"": 1.8385, ""mV_7"": 1.9659, ""mV_8"": 1.9039, ""mV_9"": 1.7621, ""mV_10"": 1.8619, ""mV_11"": 2.0903, ""mV_12"": 2.0804, ""mV_13"": 1.8204, ""mV_14"": 1.5826, ""mV_15"": 1.5145, ""mV_16"": 1.3421, ""mV_17"": 0.8498, ""mV_18"": 0.4027, ""mV_19"": 0.3757, ""mV_20"": 0.4333}"
test_0031,5,ok,nie_dotyczy,0.7391406478559693,brak,,1.5053991852224695,brak istotnego odchylenia,0.0,Werdykt OK: brak pasma przekraczającego próg anomalii.,"{""mV_0"": 1.0757, ""mV_1"": 1.4233, ""mV_2"": 0.7805, ""mV_3"": 0.313, ""mV_4"": 0.5086, ""mV_5"": 0.671, ""mV_6"": 0.658, ""mV_7"": 0.6132, ""mV_8"": 0.5152, ""mV_9"": 0.5208, ""mV_10"": 0.6575, ""mV_11"": 0.6822, ""mV_12"": 0.5094, ""mV_13"": 0.3236, ""mV_14"": 0.3671, ""mV_15"": 0.5767, ""mV_16"": 0.7931, ""mV_17"": 0.877, ""mV_18"": 1.0829, ""mV_19"": 1.5054, ""mV_20"": 1.1859}"
test_0031,6,ok,nie_dotyczy,0.7756931955039709,2–4 kHz,"mV_2,mV_3,mV_4",2.3150045870995966,podwyższona,0.0,"Werdykt OK, ale najsilniejsze lokalne odstępstwo występuje w paśmie 2–4 kHz; amplituda jest podwyższona.","{""mV_0"": 0.6269, ""mV_1"": 1.2959, ""mV_2"": 2.1893, ""mV_3"": 2.315, ""mV_4"": 2.031, ""mV_5"": 1.9205, ""mV_6"": 1.8809, ""mV_7"": 1.7431, ""mV_8"": 1.3999, ""mV_9"": 1.1301, ""mV_10"": 0.9066, ""mV_11"": 0.7452, ""mV_12"": 0.6813, ""mV_13"": 0.6841, ""mV_14"": 0.8477, ""mV_15"": 0.908, ""mV_16"": 0.7002, ""mV_17"": 0.5547, ""mV_18"": 0.683, ""mV_19"": 1.0688, ""mV_20"": 1.0523}"
test_0031,7,ok,nie_dotyczy,0.8267404703339865,brak,,1.3281084762972026,brak istotnego odchylenia,0.0,Werdykt OK: brak pasma przekraczającego próg anomalii.,"{""mV_0"": 0.2588, ""mV_1"": 0.8844, ""mV_2"": 1.2893, ""mV_3"": 1.0478, ""mV_4"": 0.9229, ""mV_5"": 1.1142, ""mV_6"": 1.3138, ""mV_7"": 1.3281, ""mV_8"": 1.0813, ""mV_9"": 0.8275, ""mV_10"": 0.6765, ""mV_11"": 0.6458, ""mV_12"": 0.6645, ""mV_13"": 0.6176, ""mV_14"": 0.5782, ""mV_15"": 0.568, ""mV_16"": 0.572, ""mV_17"": 0.7266, ""mV_18"": 0.7139, ""mV_19"": 0.4668, ""mV_20"": 0.3513}"
test_0031,8,ok,nie_dotyczy,0.704189829127575,18–19 kHz,"mV_18,mV_19",2.428036999275059,podwyższona,0.0,"Werdykt OK, ale najsilniejsze lokalne odstępstwo występuje w paśmie 18–19 kHz; amplituda jest podwyższona.","{""mV_0"": 0.8315, ""mV_1"": 1.3077, ""mV_2"": 1.5289, ""mV_3"": 1.5203, ""mV_4"": 1.5545, ""mV_5"": 1.5886, ""mV_6"": 1.5003, ""mV_7"": 1.2991, ""mV_8"": 0.9367, ""mV_9"": 0.5621, ""mV_10"": 0.2884, ""mV_11"": 0.1674, ""mV_12"": 0.1315, ""mV_13"": 0.139, ""mV_14"": 0.1625, ""mV_15"": 0.123, ""mV_16"": 0.0812, ""mV_17"": 0.7082, ""mV_18"": 2.1267, ""mV_19"": 2.428, ""mV_20"": 1.1408}"
test_0032,1,unknown,nie_dotyczy,0.6874438037798714,17–20 kHz,"mV_17,mV_18,mV_19,mV_20",16.10933123303336,podwyższona,0.529809828903637,Podejrzenie unknown: najbardziej nietypowe jest pasmo 17–20 kHz; amplituda jest podwyższona względem zdrowej referencji.,"{""mV_0"": 4.0, ""mV_1"": 4.7874, ""mV_2"": 3.6002, ""mV_3"": 2.673, ""mV_4"": 3.2687, ""mV_5"": 4.7161, ""mV_6"": 5.8808, ""mV_7"": 6.5157, ""mV_8"": 6.7768, ""mV_9"": 6.9379, ""mV_10"": 7.0046, ""mV_11"": 6.9308, ""mV_12"": 6.4187, ""mV_13"": 5.0527, ""mV_14"": 2.959, ""mV_15"": 2.4021, ""mV_16"": 5.8064, ""mV_17"": 11.3954, ""mV_18"": 15.3306, ""mV_19"": 16.1093, ""mV_20"": 11.7039}"
test_0032,2,pompa,srednie,0.7915949256109132,3–16 kHz,"mV_3,mV_4,mV_5,mV_6,mV_7,mV_8,mV_9,mV_10,mV_11,mV_12,mV_13,mV_14,mV_15,mV_16",6.771018947587507,obniżona,0.9849372813845049,Podejrzenie pompa: najbardziej nietypowe jest pasmo 3–16 kHz; amplituda jest obniżona względem zdrowej referencji.,"{""mV_0"": 0.8244, ""mV_1"": 1.3922, ""mV_2"": 3.4891, ""mV_3"": 5.9603, ""mV_4"": 5.7213, ""mV_5"": 4.2688, ""mV_6"": 3.9, ""mV_7"": 4.3404, ""mV_8"": 5.0383, ""mV_9"": 5.6776, ""mV_10"": 6.1016, ""mV_11"": 6.3777, ""mV_12"": 6.6696, ""mV_13"": 6.771, ""mV_14"": 6.2549, ""mV_15"": 5.3744, ""mV_16"": 4.1832, ""mV_17"": 2.7176, ""mV_18"": 2.2236, ""mV_19"": 3.5281, ""mV_20"": 3.8554}"
test_0032,3,pompa,srednie,0.7763829502298919,3–15 kHz,"mV_3,mV_4,mV_5,mV_6,mV_7,mV_8,mV_9,mV_10,mV_11,mV_12,mV_13,mV_14,mV_15",6.470269877382696,obniżona,0.9862311712565087,Podejrzenie pompa: najbardziej nietypowe jest pasmo 3–15 kHz; amplituda jest obniżona względem zdrowej referencji.,"{""mV_0"": 1.1286, ""mV_1"": 1.5883, ""mV_2"": 3.3207, ""mV_3"": 5.7697, ""mV_4"": 5.8347, ""mV_5"": 4.5361, ""mV_6"": 4.0388, ""mV_7"": 4.2044, ""mV_8"": 4.6834, ""mV_9"": 5.2765, ""mV_10"": 5.7325, ""mV_11"": 6.015, ""mV_12"": 6.3148, ""mV_13"": 6.4703, ""mV_14"": 5.9619, ""mV_15"": 4.7463, ""mV_16"": 3.0657, ""mV_17"": 1.5766, ""mV_18"": 1.7267, ""mV_19"": 3.4408, ""mV_20"": 3.5181}"
test_0032,4,ok,nie_dotyczy,0.8054123767018758,17 kHz,mV_17,2.0657075201274253,podwyższona,0.0,"Werdykt OK, ale najsilniejsze lokalne odstępstwo występuje w paśmie 17 kHz; amplituda jest podwyższona.","{""mV_0"": 0.8217, ""mV_1"": 0.9046, ""mV_2"": 0.7769, ""mV_3"": 0.9289, ""mV_4"": 0.8994, ""mV_5"": 0.7434, ""mV_6"": 0.6896, ""mV_7"": 0.7074, ""mV_8"": 0.9126, ""mV_9"": 1.1777, ""mV_10"": 1.201, ""mV_11"": 1.0128, ""mV_12"": 0.8022, ""mV_13"": 0.6301, ""mV_14"": 0.6612, ""mV_15"": 0.9444, ""mV_16"": 1.5426, ""mV_17"": 2.0657, ""mV_18"": 1.7219, ""mV_19"": 0.9882, ""mV_20"": 0.5218}"
test_0032,5,ok,nie_dotyczy,0.8289624122200239,brak,,0.8816389869980934,brak istotnego odchylenia,0.0,Werdykt OK: brak pasma przekraczającego próg anomalii.,"{""mV_0"": 0.6548, ""mV_1"": 0.7287, ""mV_2"": 0.352, ""mV_3"": 0.1047, ""mV_4"": 0.199, ""mV_5"": 0.4443, ""mV_6"": 0.4884, ""mV_7"": 0.3845, ""mV_8"": 0.4635, ""mV_9"": 0.5159, ""mV_10"": 0.4512, ""mV_11"": 0.5014, ""mV_12"": 0.535, ""mV_13"": 0.4591, ""mV_14"": 0.3709, ""mV_15"": 0.4146, ""mV_16"": 0.7866, ""mV_17"": 0.8816, ""mV_18"": 0.6564, ""mV_19"": 0.6572, ""mV_20"": 0.409}"
test_0032,6,ok,nie_dotyczy,0.8121043047664416,brak,,1.015121165641998,brak istotnego odchylenia,0.0,Werdykt OK: brak pasma przekraczającego próg anomalii.,"{""mV_0"": 0.7582, ""mV_1"": 0.6441, ""mV_2"": 0.4304, ""mV_3"": 0.3482, ""mV_4"": 0.2966, ""mV_5"": 0.2799, ""mV_6"": 0.2233, ""mV_7"": 0.2961, ""mV_8"": 0.5464, ""mV_9"": 0.8047, ""mV_10"": 0.8907, ""mV_11"": 0.8328, ""mV_12"": 0.695, ""mV_13"": 0.475, ""mV_14"": 0.2795, ""mV_15"": 0.461, ""mV_16"": 1.0031, ""mV_17"": 1.0151, ""mV_18"": 0.4552, ""mV_19"": 0.2038, ""mV_20"": 0.2157}"
test_0032,7,ok,nie_dotyczy,0.8452099582503343,brak,,1.610921159939413,brak istotnego odchylenia,0.0,Werdykt OK: brak pasma przekraczającego próg anomalii.,"{""mV_0"": 0.2169, ""mV_1"": 0.2669, ""mV_2"": 0.1879, ""mV_3"": 0.1365, ""mV_4"": 0.1109, ""mV_5"": 0.1393, ""mV_6"": 0.2087, ""mV_7"": 0.3482, ""mV_8"": 0.5718, ""mV_9"": 0.7327, ""mV_10"": 0.6961, ""mV_11"": 0.5292, ""mV_12"": 0.389, ""mV_13"": 0.3021, ""mV_14"": 0.3713, ""mV_15"": 0.6649, ""mV_16"": 1.2216, ""mV_17"": 1.6109, ""mV_18"": 1.1446, ""mV_19"": 0.5097, ""mV_20"": 0.3413}"
test_0032,8,ok,nie_dotyczy,0.7863883560103406,brak,,1.902401083841051,brak istotnego odchylenia,0.0,Werdykt OK: brak pasma przekraczającego próg anomalii.,"{""mV_0"": 0.3827, ""mV_1"": 0.6635, ""mV_2"": 1.0249, ""mV_3"": 1.207, ""mV_4"": 1.1552, ""mV_5"": 1.0075, ""mV_6"": 0.8827, ""mV_7"": 0.8571, ""mV_8"": 0.8368, ""mV_9"": 0.7985, ""mV_10"": 0.8137, ""mV_11"": 0.9405, ""mV_12"": 1.2415, ""mV_13"": 1.6398, ""mV_14"": 1.9024, ""mV_15"": 1.8729, ""mV_16"": 1.3832, ""mV_17"": 0.8117, ""mV_18"": 0.5358, ""mV_19"": 0.4538, ""mV_20"": 0.4357}"
test_0032,9,ok,nie_dotyczy,0.8264349929725786,brak,,0.6817004922617299,brak istotnego odchylenia,0.0,Werdykt OK: brak pasma przekraczającego próg anomalii.,"{""mV_0"": 0.5053, ""mV_1"": 0.6002, ""mV_2"": 0.345, ""mV_3"": 0.2757, ""mV_4"": 0.2552, ""mV_5"": 0.2218, ""mV_6"": 0.2723, ""mV_7"": 0.1638, ""mV_8"": 0.0946, ""mV_9"": 0.1856, ""mV_10"": 0.2108, ""mV_11"": 0.1807, ""mV_12"": 0.16, ""mV_13"": 0.1032, ""mV_14"": 0.189, ""mV_15"": 0.4482, ""mV_16"": 0.4926, ""mV_17"": 0.5736, ""mV_18"": 0.6817, ""mV_19"": 0.3924, ""mV_20"": 0.1601}"
test_0032,10,ok,nie_dotyczy,0.826702982483264,brak,,0.8748224264244042,brak istotnego odchylenia,0.0,Werdykt OK: brak pasma przekraczającego próg anomalii.,"{""mV_0"": 0.0295, ""mV_1"": 0.2954, ""mV_2"": 0.5346, ""mV_3"": 0.4094, ""mV_4"": 0.4955, ""mV_5"": 0.7525, ""mV_6"": 0.607, ""mV_7"": 0.2345, ""mV_8"": 0.0399, ""mV_9"": 0.029, ""mV_10"": 0.0745, ""mV_11"": 0.2332, ""mV_12"": 0.4155, ""mV_13"": 0.4237, ""mV_14"": 0.3143, ""mV_15"": 0.3003, ""mV_16"": 0.6243, ""mV_17"": 0.7898, ""mV_18"": 0.7275, ""mV_19"": 0.8748, ""mV_20"": 0.5914}"
test_0032,11,ok,nie_dotyczy,0.8300941204235264,brak,,0.8761681669006692,brak istotnego odchylenia,0.0,Werdykt OK: brak pasma przekraczającego próg anomalii.,"{""mV_0"": 0.2839, ""mV_1"": 0.3369, ""mV_2"": 0.1826, ""mV_3"": 0.1172, ""mV_4"": 0.2774, ""mV_5"": 0.4676, ""mV_6"": 0.4704, ""mV_7"": 0.3543, ""mV_8"": 0.3386, ""mV_9"": 0.4653, ""mV_10"": 0.571, ""mV_11"": 0.633, ""mV_12"": 0.6168, ""mV_13"": 0.3655, ""mV_14"": 0.2621, ""mV_15"": 0.4485, ""mV_16"": 0.6603, ""mV_17"": 0.8762, ""mV_18"": 0.8618, ""mV_19"": 0.5679, ""mV_20"": 0.2256}"
test_0032,12,zakoksowany,srednie,0.7626279253349327,13–19 kHz,"mV_13,mV_14,mV_15,mV_16,mV_17,mV_18,mV_19",8.00444764012126,podwyższona,0.97262710711436,Podejrzenie zakoksowany: najbardziej nietypowe jest pasmo 13–19 kHz; amplituda jest podwyższona względem zdrowej referencji.,"{""mV_0"": 0.6243, ""mV_1"": 0.5748, ""mV_2"": 0.9617, ""mV_3"": 2.0385, ""mV_4"": 2.1278, ""mV_5"": 1.4738, ""mV_6"": 0.9366, ""mV_7"": 0.7468, ""mV_8"": 2.4657, ""mV_9"": 4.2628, ""mV_10"": 3.0658, ""mV_11"": 2.1267, ""mV_12"": 3.275, ""mV_13"": 4.5327, ""mV_14"": 5.705, ""mV_15"": 6.994, ""mV_16"": 8.0044, ""mV_17"": 7.8053, ""mV_18"": 6.606, ""mV_19"": 5.7078, ""mV_20"": 3.9973}"
test_0032,13,ok,nie_dotyczy,0.8093799455341377,brak,,0.7308850986258175,brak istotnego odchylenia,0.0,Werdykt OK: brak pasma przekraczającego próg anomalii.,"{""mV_0"": 0.2968, ""mV_1"": 0.4916, ""mV_2"": 0.6052, ""mV_3"": 0.2968, ""mV_4"": 0.0459, ""mV_5"": 0.0754, ""mV_6"": 0.1027, ""mV_7"": 0.1299, ""mV_8"": 0.1573, ""mV_9"": 0.214, ""mV_10"": 0.3327, ""mV_11"": 0.4065, ""mV_12"": 0.3802, ""mV_13"": 0.3845, ""mV_14"": 0.3316, ""mV_15"": 0.2971, ""mV_16"": 0.3362, ""mV_17"": 0.2816, ""mV_18"": 0.4893, ""mV_19"": 0.7309, ""mV_20"": 0.4461}"
test_0032,14,ok,nie_dotyczy,0.809426764421194,brak,,0.9881971216002596,brak istotnego odchylenia,0.0,Werdykt OK: brak pasma przekraczającego próg anomalii.,"{""mV_0"": 0.0768, ""mV_1"": 0.286, ""mV_2"": 0.5336, ""mV_3"": 0.3897, ""mV_4"": 0.1677, ""mV_5"": 0.242, ""mV_6"": 0.5571, ""mV_7"": 0.9232, ""mV_8"": 0.9057, ""mV_9"": 0.645, ""mV_10"": 0.5278, ""mV_11"": 0.4988, ""mV_12"": 0.5649, ""mV_13"": 0.6314, ""mV_14"": 0.7407, ""mV_15"": 0.9882, ""mV_16"": 0.9394, ""mV_17"": 0.5435, ""mV_18"": 0.5068, ""mV_19"": 0.6684, ""mV_20"": 0.3279}"
test_0032,15,ok,nie_dotyczy,0.7433161842768368,brak,,1.8697584082512204,brak istotnego odchylenia,0.0,Werdykt OK: brak pasma przekraczającego próg anomalii.,"{""mV_0"": 0.2129, ""mV_1"": 0.2543, ""mV_2"": 0.3039, ""mV_3"": 0.6754, ""mV_4"": 1.4647, ""mV_5"": 1.7984, ""mV_6"": 1.512, ""mV_7"": 1.1357, ""mV_8"": 0.8357, ""mV_9"": 0.6082, ""mV_10"": 0.5441, ""mV_11"": 0.7171, ""mV_12"": 0.852, ""mV_13"": 0.8593, ""mV_14"": 0.8646, ""mV_15"": 0.9202, ""mV_16"": 0.7563, ""mV_17"": 1.135, ""mV_18"": 1.8698, ""mV_19"": 1.2042, ""mV_20"": 0.2145}"
test_0032,16,ok,nie_dotyczy,0.836274058166701,brak,,0.7723243338469031,brak istotnego odchylenia,0.0,Werdykt OK: brak pasma przekraczającego próg anomalii.,"{""mV_0"": 0.0795, ""mV_1"": 0.2242, ""mV_2"": 0.2677, ""mV_3"": 0.2096, ""mV_4"": 0.2033, ""mV_5"": 0.1462, ""mV_6"": 0.1, ""mV_7"": 0.1352, ""mV_8"": 0.1485, ""mV_9"": 0.1084, ""mV_10"": 0.1087, ""mV_11"": 0.2495, ""mV_12"": 0.3068, ""mV_13"": 0.1702, ""mV_14"": 0.0708, ""mV_15"": 0.1162, ""mV_16"": 0.4408, ""mV_17"": 0.6568, ""mV_18"": 0.6219, ""mV_19"": 0.7723, ""mV_20"": 0.613}"
test_0033,1,ok,nie_dotyczy,0.8585918223288479,brak,,0.9189031962630553,brak istotnego odchylenia,0.0,Werdykt OK: brak pasma przekraczającego próg anomalii.,"{""mV_0"": 0.3357, ""mV_1"": 0.3207, ""mV_2"": 0.1823, ""mV_3"": 0.1425, ""mV_4"": 0.0849, ""mV_5"": 0.1225, ""mV_6"": 0.403, ""mV_7"": 0.6489, ""mV_8"": 0.6896, ""mV_9"": 0.7019, ""mV_10"": 0.8152, ""mV_11"": 0.9189, ""mV_12"": 0.8233, ""mV_13"": 0.698, ""mV_14"": 0.6863, ""mV_15"": 0.5825, ""mV_16"": 0.5271, ""mV_17"": 0.7614, ""mV_18"": 0.7553, ""mV_19"": 0.3761, ""mV_20"": 0.1849}"
test_0033,2,ok,nie_dotyczy,0.7677461565841521,3–6 kHz,"mV_3,mV_4,mV_5,mV_6",2.777313560129678,obniżona,0.0,"Werdykt OK, ale najsilniejsze lokalne odstępstwo występuje w paśmie 3–6 kHz; amplituda jest obniżona.","{""mV_0"": 0.9775, ""mV_1"": 0.8665, ""mV_2"": 1.0187, ""mV_3"": 2.1619, ""mV_4"": 2.7773, ""mV_5"": 2.6536, ""mV_6"": 2.2728, ""mV_7"": 1.7474, ""mV_8"": 1.3525, ""mV_9"": 0.9945, ""mV_10"": 0.7258, ""mV_11"": 0.8, ""mV_12"": 1.1222, ""mV_13"": 1.2714, ""mV_14"": 1.2129, ""mV_15"": 1.2897, ""mV_16"": 1.4258, ""mV_17"": 1.4579, ""mV_18"": 1.1231, ""mV_19"": 0.4418, ""mV_20"": 0.0904}"
test_0033,3,ok,nie_dotyczy,0.8051436740976468,brak,,1.754352541343397,brak istotnego odchylenia,0.0,Werdykt OK: brak pasma przekraczającego próg anomalii.,"{""mV_0"": 0.4167, ""mV_1"": 0.4274, ""mV_2"": 0.4941, ""mV_3"": 0.9182, ""mV_4"": 1.204, ""mV_5"": 1.3832, ""mV_6"": 1.5628, ""mV_7"": 1.5694, ""mV_8"": 1.5393, ""mV_9"": 1.6209, ""mV_10"": 1.7265, ""mV_11"": 1.6188, ""mV_12"": 1.2743, ""mV_13"": 0.9712, ""mV_14"": 0.8288, ""mV_15"": 0.683, ""mV_16"": 0.5462, ""mV_17"": 0.9451, ""mV_18"": 1.6241, ""mV_19"": 1.7544, ""mV_20"": 1.2279}"
test_0033,4,zakoksowany,srednie,0.7203595680741808,13–19 kHz,"mV_13,mV_14,mV_15,mV_16,mV_17,mV_18,mV_19",8.779503925508312,podwyższona,0.9804600075419959,Podejrzenie zakoksowany: najbardziej nietypowe jest pasmo 13–19 kHz; amplituda jest podwyższona względem zdrowej referencji.,"{""mV_0"": 1.9034, ""mV_1"": 1.9077, ""mV_2"": 1.3433, ""mV_3"": 1.2121, ""mV_4"": 0.5809, ""mV_5"": 0.0639, ""mV_6"": 0.1679, ""mV_7"": 1.4836, ""mV_8"": 4.682, ""mV_9"": 6.2278, ""mV_10"": 3.8, ""mV_11"": 1.9072, ""mV_12"": 3.1542, ""mV_13"": 5.3073, ""mV_14"": 7.1566, ""mV_15"": 8.4386, ""mV_16"": 8.7795, ""mV_17"": 8.1573, ""mV_18"": 7.2617, ""mV_19"": 6.5305, ""mV_20"": 4.4763}"
test_0033,5,ok,nie_dotyczy,0.7623423249681516,16–17 kHz,"mV_16,mV_17",2.76513310348266,obniżona,0.0,"Werdykt OK, ale najsilniejsze lokalne odstępstwo występuje w paśmie 16–17 kHz; amplituda jest obniżona.","{""mV_0"": 0.535, ""mV_1"": 0.96, ""mV_2"": 1.0911, ""mV_3"": 0.7186, ""mV_4"": 0.529, ""mV_5"": 0.5574, ""mV_6"": 0.3425, ""mV_7"": 0.1633, ""mV_8"": 0.1755, ""mV_9"": 0.1667, ""mV_10"": 0.0751, ""mV_11"": 0.2091, ""mV_12"": 0.6316, ""mV_13"": 1.0025, ""mV_14"": 1.2578, ""mV_15"": 1.6824, ""mV_16"": 2.6155, ""mV_17"": 2.7651, ""mV_18"": 1.3149, ""mV_19"": 0.2108, ""mV_20"": 0.0534}"
test_0033,6,ok,nie_dotyczy,0.7680277742136243,3–4 kHz,"mV_3,mV_4",2.262882611591608,obniżona,0.0,"Werdykt OK, ale najsilniejsze lokalne odstępstwo występuje w paśmie 3–4 kHz; amplituda jest obniżona.","{""mV_0"": 0.1577, ""mV_1"": 0.4074, ""mV_2"": 1.308, ""mV_3"": 2.2464, ""mV_4"": 2.2629, ""mV_5"": 1.7153, ""mV_6"": 1.0533, ""mV_7"": 0.4831, ""mV_8"": 0.2489, ""mV_9"": 0.1981, ""mV_10"": 0.1492, ""mV_11"": 0.1116, ""mV_12"": 0.1635, ""mV_13"": 0.236, ""mV_14"": 0.3188, ""mV_15"": 0.9123, ""mV_16"": 1.4919, ""mV_17"": 1.2965, ""mV_18"": 0.8656, ""mV_19"": 0.4667, ""mV_20"": 0.2089}"
test_0033,7,ok,nie_dotyczy,0.7894071060349305,brak,,1.4135995456625574,brak istotnego odchylenia,0.0,Werdykt OK: brak pasma przekraczającego próg anomalii.,"{""mV_0"": 0.1107, ""mV_1"": 0.1888, ""mV_2"": 0.4818, ""mV_3"": 0.6752, ""mV_4"": 0.5366, ""mV_5"": 0.4293, ""mV_6"": 0.3983, ""mV_7"": 0.271, ""mV_8"": 0.1386, ""mV_9"": 0.108, ""mV_10"": 0.1018, ""mV_11"": 0.2123, ""mV_12"": 0.5012, ""mV_13"": 0.7313, ""mV_14"": 0.8536, ""mV_15"": 0.9712, ""mV_16"": 1.2304, ""mV_17"": 1.4136, ""mV_18"": 1.1136, ""mV_19"": 0.6517, ""mV_20"": 0.3447}"
test_0033,8,ok,nie_dotyczy,0.8035767652908559,brak,,1.7922021814302451,brak istotnego odchylenia,0.0,Werdykt OK: brak pasma przekraczającego próg anomalii.,"{""mV_0"": 0.21, ""mV_1"": 0.5245, ""mV_2"": 1.0604, ""mV_3"": 1.5792, ""mV_4"": 1.7922, ""mV_5"": 1.7124, ""mV_6"": 1.3684, ""mV_7"": 0.9837, ""mV_8"": 0.7742, ""mV_9"": 0.5675, ""mV_10"": 0.3082, ""mV_11"": 0.1274, ""mV_12"": 0.0891, ""mV_13"": 0.1079, ""mV_14"": 0.1843, ""mV_15"": 0.4004, ""mV_16"": 0.7815, ""mV_17"": 1.2291, ""mV_18"": 1.1109, ""mV_19"": 0.5393, ""mV_20"": 0.2394}"
test_0033,9,ok,nie_dotyczy,0.8240827313913701,brak,,1.2801524121063526,brak istotnego odchylenia,0.0,Werdykt OK: brak pasma przekraczającego próg anomalii.,"{""mV_0"": 0.1466, ""mV_1"": 0.2267, ""mV_2"": 0.6861, ""mV_3"": 1.2363, ""mV_4"": 1.2295, ""mV_5"": 1.0275, ""mV_6"": 0.9213, ""mV_7"": 0.8173, ""mV_8"": 0.8261, ""mV_9"": 0.9121, ""mV_10"": 0.9583, ""mV_11"": 0.8404, ""mV_12"": 0.5582, ""mV_13"": 0.4969, ""mV_14"": 0.684, ""mV_15"": 0.7098, ""mV_16"": 1.015, ""mV_17"": 1.2802, ""mV_18"": 0.7647, ""mV_19"": 0.394, ""mV_20"": 0.2856}"
test_0033,10,lejacy,male,0.6856150243558307,10–12 kHz,"mV_10,mV_11,mV_12",10.719486898426137,obniżona,0.5892538488446334,Podejrzenie lejacy: najbardziej nietypowe jest pasmo 10–12 kHz; amplituda jest obniżona względem zdrowej referencji.,"{""mV_0"": 0.3491, ""mV_1"": 1.4968, ""mV_2"": 3.4266, ""mV_3"": 3.8523, ""mV_4"": 2.1419, ""mV_5"": 0.9458, ""mV_6"": 1.6021, ""mV_7"": 2.7927, ""mV_8"": 3.6681, ""mV_9"": 5.0508, ""mV_10"": 7.886, ""mV_11"": 10.7195, ""mV_12"": 9.5673, ""mV_13"": 4.9264, ""mV_14"": 2.1256, ""mV_15"": 1.7636, ""mV_16"": 1.4128, ""mV_17"": 0.9368, ""mV_18"": 0.8161, ""mV_19"": 0.6444, ""mV_20"": 0.2704}"
test_0033,11,ok,nie_dotyczy,0.841719132245061,brak,,1.107653081127663,brak istotnego odchylenia,0.0,Werdykt OK: brak pasma przekraczającego próg anomalii.,"{""mV_0"": 0.6772, ""mV_1"": 1.0796, ""mV_2"": 0.978, ""mV_3"": 0.3771, ""mV_4"": 0.04, ""mV_5"": 0.1626, ""mV_6"": 0.4374, ""mV_7"": 0.6519, ""mV_8"": 0.7132, ""mV_9"": 0.804, ""mV_10"": 0.9486, ""mV_11"": 1.0301, ""mV_12"": 1.0608, ""mV_13"": 1.07, ""mV_14"": 1.0964, ""mV_15"": 1.1077, ""mV_16"": 0.9695, ""mV_17"": 0.8037, ""mV_18"": 0.9144, ""mV_19"": 0.9712, ""mV_20"": 0.4954}"
test_0033,12,ok,nie_dotyczy,0.8465490199869542,brak,,1.4012433783966702,brak istotnego odchylenia,0.0,Werdykt OK: brak pasma przekraczającego próg anomalii.,"{""mV_0"": 0.5629, ""mV_1"": 0.9912, ""mV_2"": 0.9889, ""mV_3"": 0.8142, ""mV_4"": 0.5813, ""mV_5"": 0.5074, ""mV_6"": 0.7547, ""mV_7"": 0.969, ""mV_8"": 1.0833, ""mV_9"": 1.247, ""mV_10"": 1.4012, ""mV_11"": 1.3441, ""mV_12"": 1.0502, ""mV_13"": 0.9417, ""mV_14"": 1.0809, ""mV_15"": 1.1059, ""mV_16"": 1.1059, ""mV_17"": 0.8984, ""mV_18"": 0.692, ""mV_19"": 1.1092, ""mV_20"": 1.1276}"
test_0033,13,ok,nie_dotyczy,0.8142964183995083,11 kHz,mV_11,2.1074489019140454,podwyższona,0.0,"Werdykt OK, ale najsilniejsze lokalne odstępstwo występuje w paśmie 11 kHz; amplituda jest podwyższona.","{""mV_0"": 0.6647, ""mV_1"": 0.9792, ""mV_2"": 1.1625, ""mV_3"": 0.621, ""mV_4"": 0.1996, ""mV_5"": 0.3548, ""mV_6"": 0.6217, ""mV_7"": 0.9146, ""mV_8"": 1.181, ""mV_9"": 1.5313, ""mV_10"": 1.9178, ""mV_11"": 2.1074, ""mV_12"": 1.9554, ""mV_13"": 1.7702, ""mV_14"": 1.7172, ""mV_15"": 1.4493, ""mV_16"": 0.9434, ""mV_17"": 0.7969, ""mV_18"": 1.1758, ""mV_19"": 1.4374, ""mV_20"": 1.0608}"
test_0033,14,ok,nie_dotyczy,0.6917369910643061,12–17 kHz,"mV_12,mV_13,mV_14,mV_15,mV_16,mV_17",4.276505585126623,obniżona,0.0,"Werdykt OK, ale najsilniejsze lokalne odstępstwo występuje w paśmie 12–17 kHz; amplituda jest obniżona.","{""mV_0"": 2.1403, ""mV_1"": 2.6793, ""mV_2"": 2.8225, ""mV_3"": 3.0833, ""mV_4"": 3.0007, ""mV_5"": 2.802, ""mV_6"": 2.6005, ""mV_7"": 2.3382, ""mV_8"": 2.1245, ""mV_9"": 2.0222, ""mV_10"": 2.0361, ""mV_11"": 2.2768, ""mV_12"": 2.6865, ""mV_13"": 3.0088, ""mV_14"": 3.2976, ""mV_15"": 3.7202, ""mV_16"": 4.2765, ""mV_17"": 3.4951, ""mV_18"": 1.6046, ""mV_19"": 1.2304, ""mV_20"": 1.2667}"
test_0033,15,ok,nie_dotyczy,0.8009621706557322,brak,,1.8781686642026652,brak istotnego odchylenia,0.0,Werdykt OK: brak pasma przekraczającego próg anomalii.,"{""mV_0"": 1.4883, ""mV_1"": 1.7867, ""mV_2"": 1.6122, ""mV_3"": 1.6401, ""mV_4"": 1.8136, ""mV_5"": 1.8782, ""mV_6"": 1.7263, ""mV_7"": 1.6126, ""mV_8"": 1.633, ""mV_9"": 1.5333, ""mV_10"": 1.239, ""mV_11"": 1.1247, ""mV_12"": 1.2589, ""mV_13"": 1.1556, ""mV_14"": 0.8905, ""mV_15"": 0.7238, ""mV_16"": 0.6849, ""mV_17"": 1.0023, ""mV_18"": 1.1609, ""mV_19"": 0.8216, ""mV_20"": 0.4763}"
test_0033,16,ok,nie_dotyczy,0.83351750650197,brak,,1.886791377900506,brak istotnego odchylenia,0.0,Werdykt OK: brak pasma przekraczającego próg anomalii.,"{""mV_0"": 1.3016, ""mV_1"": 1.8868, ""mV_2"": 1.7594, ""mV_3"": 1.3203, ""mV_4"": 1.347, ""mV_5"": 1.543, ""mV_6"": 1.3844, ""mV_7"": 1.2487, ""mV_8"": 1.281, ""mV_9"": 1.182, ""mV_10"": 0.8937, ""mV_11"": 0.7197, ""mV_12"": 0.8708, ""mV_13"": 1.0906, ""mV_14"": 1.1686, ""mV_15"": 1.2588, ""mV_16"": 1.353, ""mV_17"": 1.3338, ""mV_18"": 1.0807, ""mV_19"": 0.7373, ""mV_20"": 0.484}"
test_0034,1,ok,nie_dotyczy,0.8148627054075918,brak,,0.8705543130539712,brak istotnego odchylenia,0.0,Werdykt OK: brak pasma przekraczającego próg anomalii.,"{""mV_0"": 0.1563, ""mV_1"": 0.1675, ""mV_2"": 0.2442, ""mV_3"": 0.4545, ""mV_4"": 0.3969, ""mV_5"": 0.1725, ""mV_6"": 0.1508, ""mV_7"": 0.269, ""mV_8"": 0.3852, ""mV_9"": 0.3877, ""mV_10"": 0.2754, ""mV_11"": 0.1844, ""mV_12"": 0.1448, ""mV_13"": 0.0962, ""mV_14"": 0.0532, ""mV_15"": 0.1068, ""mV_16"": 0.4783, ""mV_17"": 0.8706, ""mV_18"": 0.7019, ""mV_19"": 0.3071, ""mV_20"": 0.1084}"
test_0034,2,ok,nie_dotyczy,0.7378913920567532,3–6 kHz,"mV_3,mV_4,mV_5,mV_6",2.9337974626724743,obniżona,0.0,"Werdykt OK, ale najsilniejsze lokalne odstępstwo występuje w paśmie 3–6 kHz; amplituda jest obniżona.","{""mV_0"": 1.0223, ""mV_1"": 0.7532, ""mV_2"": 1.2393, ""mV_3"": 2.6174, ""mV_4"": 2.9338, ""mV_5"": 2.4599, ""mV_6"": 2.117, ""mV_7"": 1.8955, ""mV_8"": 1.7875, ""mV_9"": 1.5714, ""mV_10"": 1.089, ""mV_11"": 0.7819, ""mV_12"": 0.7649, ""mV_13"": 0.7318, ""mV_14"": 0.7733, ""mV_15"": 1.139, ""mV_16"": 1.4797, ""mV_17"": 1.3932, ""mV_18"": 1.3182, ""mV_19"": 1.3457, ""mV_20"": 0.911}"
test_0034,3,ok,nie_dotyczy,0.8183667223360709,brak,,0.6534600576753655,brak istotnego odchylenia,0.0,Werdykt OK: brak pasma przekraczającego próg anomalii.,"{""mV_0"": 0.0687, ""mV_1"": 0.1972, ""mV_2"": 0.427, ""mV_3"": 0.5532, ""mV_4"": 0.4627, ""mV_5"": 0.3305, ""mV_6"": 0.2692, ""mV_7"": 0.364, ""mV_8"": 0.6032, ""mV_9"": 0.6535, ""mV_10"": 0.3705, ""mV_11"": 0.1121, ""mV_12"": 0.1101, ""mV_13"": 0.199, ""mV_14"": 0.208, ""mV_15"": 0.3102, ""mV_16"": 0.4374, ""mV_17"": 0.2828, ""mV_18"": 0.1053, ""mV_19"": 0.1744, ""mV_20"": 0.2529}"
test_0034,4,iglica,srednie,0.6891405104473909,13–15 kHz,"mV_13,mV_14,mV_15",6.260663120022259,obniżona,0.8204776837994227,Podejrzenie iglica: najbardziej nietypowe jest pasmo 13–15 kHz; amplituda jest obniżona względem zdrowej referencji.,"{""mV_0"": 0.7033, ""mV_1"": 2.4435, ""mV_2"": 3.8847, ""mV_3"": 2.9701, ""mV_4"": 1.5405, ""mV_5"": 2.3979, ""mV_6"": 4.2096, ""mV_7"": 5.312, ""mV_8"": 5.7758, ""mV_9"": 5.5537, ""mV_10"": 4.4545, ""mV_11"": 2.7865, ""mV_12"": 1.895, ""mV_13"": 3.8345, ""mV_14"": 6.2607, ""mV_15"": 4.7418, ""mV_16"": 1.6296, ""mV_17"": 0.6358, ""mV_18"": 1.2517, ""mV_19"": 1.8121, ""mV_20"": 1.3661}"
test_0034,5,ok,nie_dotyczy,0.8180967270708243,brak,,0.9009988770011843,brak istotnego odchylenia,0.0,Werdykt OK: brak pasma przekraczającego próg anomalii.,"{""mV_0"": 0.1284, ""mV_1"": 0.1609, ""mV_2"": 0.3786, ""mV_3"": 0.6589, ""mV_4"": 0.5313, ""mV_5"": 0.2546, ""mV_6"": 0.233, ""mV_7"": 0.2464, ""mV_8"": 0.1644, ""mV_9"": 0.2413, ""mV_10"": 0.4891, ""mV_11"": 0.5035, ""mV_12"": 0.2545, ""mV_13"": 0.1164, ""mV_14"": 0.223, ""mV_15"": 0.5957, ""mV_16"": 0.901, ""mV_17"": 0.6753, ""mV_18"": 0.2683, ""mV_19"": 0.1485, ""mV_20"": 0.1433}"
test_0034,6,ok,nie_dotyczy,0.8301924015523644,brak,,1.1665484613485229,brak istotnego odchylenia,0.0,Werdykt OK: brak pasma przekraczającego próg anomalii.,"{""mV_0"": 0.2244, ""mV_1"": 0.7304, ""mV_2"": 1.1394, ""mV_3"": 0.6529, ""mV_4"": 0.1237, ""mV_5"": 0.0733, ""mV_6"": 0.0617, ""mV_7"": 0.0555, ""mV_8"": 0.1186, ""mV_9"": 0.3849, ""mV_10"": 0.8672, ""mV_11"": 1.1665, ""mV_12"": 1.0804, ""mV_13"": 0.8869, ""mV_14"": 0.7396, ""mV_15"": 0.5782, ""mV_16"": 0.4318, ""mV_17"": 0.3674, ""mV_18"": 0.2802, ""mV_19"": 0.1067, ""mV_20"": 0.0061}"
test_0034,7,ok,nie_dotyczy,0.8085993625070547,brak,,0.6556089287858542,brak istotnego odchylenia,0.0,Werdykt OK: brak pasma przekraczającego próg anomalii.,"{""mV_0"": 0.3716, ""mV_1"": 0.3401, ""mV_2"": 0.3138, ""mV_3"": 0.5668, ""mV_4"": 0.6066, ""mV_5"": 0.3621, ""mV_6"": 0.26, ""mV_7"": 0.3311, ""mV_8"": 0.3179, ""mV_9"": 0.3176, ""mV_10"": 0.4319, ""mV_11"": 0.4296, ""mV_12"": 0.3097, ""mV_13"": 0.3341, ""mV_14"": 0.5032, ""mV_15"": 0.5462, ""mV_16"": 0.5428, ""mV_17"": 0.6556, ""mV_18"": 0.5778, ""mV_19"": 0.3189, ""mV_20"": 0.1575}"
test_0034,8,ok,nie_dotyczy,0.7767285846441708,brak,,1.7106076950406863,brak istotnego odchylenia,0.0,Werdykt OK: brak pasma przekraczającego próg anomalii.,"{""mV_0"": 0.1064, ""mV_1"": 0.2845, ""mV_2"": 0.324, ""mV_3"": 0.2782, ""mV_4"": 0.3028, ""mV_5"": 0.4306, ""mV_6"": 0.5534, ""mV_7"": 0.4826, ""mV_8"": 0.3004, ""mV_9"": 0.1642, ""mV_10"": 0.1095, ""mV_11"": 0.2192, ""mV_12"": 0.3586, ""mV_13"": 0.2974, ""mV_14"": 0.2342, ""mV_15"": 0.4877, ""mV_16"": 1.1742, ""mV_17"": 1.7106, ""mV_18"": 1.354, ""mV_19"": 0.7233, ""mV_20"": 0.3864}"
test_0035,1,ok,nie_dotyczy,0.7991619493960289,brak,,0.7748777487959798,brak istotnego odchylenia,0.0,Werdykt OK: brak pasma przekraczającego próg anomalii.,"{""mV_0"": 0.1677, ""mV_1"": 0.391, ""mV_2"": 0.7351, ""mV_3"": 0.7749, ""mV_4"": 0.6801, ""mV_5"": 0.6055, ""mV_6"": 0.4617, ""mV_7"": 0.3849, ""mV_8"": 0.4187, ""mV_9"": 0.4536, ""mV_10"": 0.4594, ""mV_11"": 0.4747, ""mV_12"": 0.4319, ""mV_13"": 0.3278, ""mV_14"": 0.1888, ""mV_15"": 0.1062, ""mV_16"": 0.2343, ""mV_17"": 0.4739, ""mV_18"": 0.4591, ""mV_19"": 0.4174, ""mV_20"": 0.4943}"
test_0035,2,ok,nie_dotyczy,0.7095938942090938,20 kHz,mV_20,2.0628348641188214,obniżona,0.0,"Werdykt OK, ale najsilniejsze lokalne odstępstwo występuje w paśmie 20 kHz; amplituda jest obniżona.","{""mV_0"": 0.0696, ""mV_1"": 0.2723, ""mV_2"": 0.7443, ""mV_3"": 1.0152, ""mV_4"": 0.9607, ""mV_5"": 0.8314, ""mV_6"": 0.5721, ""mV_7"": 0.2522, ""mV_8"": 0.1306, ""mV_9"": 0.1475, ""mV_10"": 0.1794, ""mV_11"": 0.2601, ""mV_12"": 0.2922, ""mV_13"": 0.1997, ""mV_14"": 0.1103, ""mV_15"": 0.1527, ""mV_16"": 0.3262, ""mV_17"": 0.5617, ""mV_18"": 0.6186, ""mV_19"": 1.3465, ""mV_20"": 2.0628}"
test_0035,3,ok,nie_dotyczy,0.7647832417103622,brak,,1.677846824935929,brak istotnego odchylenia,0.0,Werdykt OK: brak pasma przekraczającego próg anomalii.,"{""mV_0"": 0.9024, ""mV_1"": 1.4815, ""mV_2"": 1.6778, ""mV_3"": 1.5496, ""mV_4"": 1.1669, ""mV_5"": 0.7645, ""mV_6"": 0.4115, ""mV_7"": 0.2571, ""mV_8"": 0.3986, ""mV_9"": 0.5824, ""mV_10"": 0.6075, ""mV_11"": 0.5291, ""mV_12"": 0.5995, ""mV_13"": 0.7233, ""mV_14"": 0.7576, ""mV_15"": 0.7739, ""mV_16"": 0.9564, ""mV_17"": 1.1799, ""mV_18"": 0.8378, ""mV_19"": 0.3621, ""mV_20"": 0.2438}"
test_0035,4,ok,nie_dotyczy,0.7806315602909915,brak,,1.932199580348025,brak istotnego odchylenia,0.0,Werdykt OK: brak pasma przekraczającego próg anomalii.,"{""mV_0"": 0.7949, ""mV_1"": 1.4054, ""mV_2"": 1.5682, ""mV_3"": 1.1347, ""mV_4"": 0.9459, ""mV_5"": 1.2096, ""mV_6"": 1.4841, ""mV_7"": 1.677, ""mV_8"": 1.7851, ""mV_9"": 1.8001, ""mV_10"": 1.7296, ""mV_11"": 1.6333, ""mV_12"": 1.5452, ""mV_13"": 1.5253, ""mV_14"": 1.6422, ""mV_15"": 1.8622, ""mV_16"": 1.9322, ""mV_17"": 1.5226, ""mV_18"": 1.0907, ""mV_19"": 1.0552, ""mV_20"": 0.7567}"
test_0035,5,ok,nie_dotyczy,0.8067487212207298,brak,,1.9519245970428867,brak istotnego odchylenia,0.0,Werdykt OK: brak pasma przekraczającego próg anomalii.,"{""mV_0"": 0.0704, ""mV_1"": 0.1892, ""mV_2"": 0.4096, ""mV_3"": 0.5813, ""mV_4"": 0.5678, ""mV_5"": 0.435, ""mV_6"": 0.2772, ""mV_7"": 0.2127, ""mV_8"": 0.329, ""mV_9"": 0.6298, ""mV_10"": 0.9325, ""mV_11"": 1.072, ""mV_12"": 1.165, ""mV_13"": 1.285, ""mV_14"": 1.4073, ""mV_15"": 1.4911, ""mV_16"": 1.5832, ""mV_17"": 1.9519, ""mV_18"": 1.9338, ""mV_19"": 1.0905, ""mV_20"": 0.4158}"
test_0035,6,ok,nie_dotyczy,0.7745203304013695,brak,,1.9358671560941,brak istotnego odchylenia,0.0,Werdykt OK: brak pasma przekraczającego próg anomalii.,"{""mV_0"": 1.242, ""mV_1"": 1.6663, ""mV_2"": 1.2927, ""mV_3"": 0.6286, ""mV_4"": 0.4301, ""mV_5"": 0.618, ""mV_6"": 0.7454, ""mV_7"": 0.7081, ""mV_8"": 0.5775, ""mV_9"": 0.6427, ""mV_10"": 0.9063, ""mV_11"": 1.1676, ""mV_12"": 1.4156, ""mV_13"": 1.6265, ""mV_14"": 1.7977, ""mV_15"": 1.9359, ""mV_16"": 1.7938, ""mV_17"": 1.618, ""mV_18"": 1.4598, ""mV_19"": 1.0593, ""mV_20"": 0.7008}"
test_0035,7,ok,nie_dotyczy,0.7405571574370027,3–17 kHz,"mV_3,mV_4,mV_5,mV_6,mV_7,mV_8,mV_9,mV_10,mV_11,mV_12,mV_13,mV_14,mV_15,mV_16,mV_17",3.0694120005087564,podwyższona,0.0,"Werdykt OK, ale najsilniejsze lokalne odstępstwo występuje w paśmie 3–17 kHz; amplituda jest podwyższona.","{""mV_0"": 1.3218, ""mV_1"": 1.2939, ""mV_2"": 1.2581, ""mV_3"": 2.2069, ""mV_4"": 2.8613, ""mV_5"": 2.9502, ""mV_6"": 2.8585, ""mV_7"": 2.6198, ""mV_8"": 2.4858, ""mV_9"": 2.4271, ""mV_10"": 2.3839, ""mV_11"": 2.3464, ""mV_12"": 2.3215, ""mV_13"": 2.5203, ""mV_14"": 2.8416, ""mV_15"": 3.0694, ""mV_16"": 3.0653, ""mV_17"": 2.3768, ""mV_18"": 1.7075, ""mV_19"": 2.061, ""mV_20"": 1.9218}"
test_0035,8,ok,nie_dotyczy,0.6315141939542153,15–17 kHz,"mV_15,mV_16,mV_17",2.2616011517661567,obniżona,0.0,"Werdykt OK, ale najsilniejsze lokalne odstępstwo występuje w paśmie 15–17 kHz; amplituda jest obniżona.","{""mV_0"": 1.1834, ""mV_1"": 1.6464, ""mV_2"": 1.4728, ""mV_3"": 0.7889, ""mV_4"": 0.484, ""mV_5"": 0.6975, ""mV_6"": 0.9789, ""mV_7"": 1.2955, ""mV_8"": 1.5754, ""mV_9"": 1.7794, ""mV_10"": 1.7835, ""mV_11"": 1.5715, ""mV_12"": 1.4633, ""mV_13"": 1.5546, ""mV_14"": 1.7631, ""mV_15"": 2.0255, ""mV_16"": 2.1408, ""mV_17"": 2.2616, ""mV_18"": 1.8625, ""mV_19"": 1.6325, ""mV_20"": 1.8988}"
test_0036,1,ok,nie_dotyczy,0.7441058020363553,16–17 kHz,"mV_16,mV_17",2.224164380702397,podwyższona,0.0,"Werdykt OK, ale najsilniejsze lokalne odstępstwo występuje w paśmie 16–17 kHz; amplituda jest podwyższona.","{""mV_0"": 1.8456, ""mV_1"": 1.7966, ""mV_2"": 1.3223, ""mV_3"": 1.2701, ""mV_4"": 1.3636, ""mV_5"": 1.6987, ""mV_6"": 1.858, ""mV_7"": 1.794, ""mV_8"": 1.8407, ""mV_9"": 1.8245, ""mV_10"": 1.5704, ""mV_11"": 1.3902, ""mV_12"": 1.4428, ""mV_13"": 1.557, ""mV_14"": 1.7597, ""mV_15"": 1.9958, ""mV_16"": 2.1764, ""mV_17"": 2.2242, ""mV_18"": 1.989, ""mV_19"": 1.6718, ""mV_20"": 1.1429}"
test_0036,2,ok,nie_dotyczy,0.7988612262010343,brak,,0.8372908020749319,brak istotnego odchylenia,0.0,Werdykt OK: brak pasma przekraczającego próg anomalii.,"{""mV_0"": 0.2324, ""mV_1"": 0.5219, ""mV_2"": 0.6869, ""mV_3"": 0.8373, ""mV_4"": 0.8344, ""mV_5"": 0.7384, ""mV_6"": 0.5695, ""mV_7"": 0.356, ""mV_8"": 0.2841, ""mV_9"": 0.2699, ""mV_10"": 0.1972, ""mV_11"": 0.1299, ""mV_12"": 0.1712, ""mV_13"": 0.2491, ""mV_14"": 0.2413, ""mV_15"": 0.1471, ""mV_16"": 0.0808, ""mV_17"": 0.0654, ""mV_18"": 0.0618, ""mV_19"": 0.1133, ""mV_20"": 0.1387}"
test_0036,3,ok,nie_dotyczy,0.8433318930451053,brak,,1.0910793773172296,brak istotnego odchylenia,0.0,Werdykt OK: brak pasma przekraczającego próg anomalii.,"{""mV_0"": 0.0818, ""mV_1"": 0.3141, ""mV_2"": 0.5526, ""mV_3"": 0.6604, ""mV_4"": 0.6001, ""mV_5"": 0.4564, ""mV_6"": 0.4517, ""mV_7"": 0.497, ""mV_8"": 0.431, ""mV_9"": 0.2557, ""mV_10"": 0.1431, ""mV_11"": 0.2421, ""mV_12"": 0.3646, ""mV_13"": 0.3139, ""mV_14"": 0.2134, ""mV_15"": 0.398, ""mV_16"": 0.9296, ""mV_17"": 1.0911, ""mV_18"": 0.6353, ""mV_19"": 0.2798, ""mV_20"": 0.1344}"
test_0036,4,ok,nie_dotyczy,0.8397399242511128,brak,,1.1983372182002678,brak istotnego odchylenia,0.0,Werdykt OK: brak pasma przekraczającego próg anomalii.,"{""mV_0"": 0.596, ""mV_1"": 0.4972, ""mV_2"": 0.3186, ""mV_3"": 0.1816, ""mV_4"": 0.0779, ""mV_5"": 0.1986, ""mV_6"": 0.5511, ""mV_7"": 0.8557, ""mV_8"": 1.0089, ""mV_9"": 1.1479, ""mV_10"": 1.0666, ""mV_11"": 1.0208, ""mV_12"": 1.1813, ""mV_13"": 1.1983, ""mV_14"": 0.9518, ""mV_15"": 0.6625, ""mV_16"": 0.4799, ""mV_17"": 0.4209, ""mV_18"": 0.481, ""mV_19"": 0.4353, ""mV_20"": 0.2735}"
test_0036,5,ok,nie_dotyczy,0.7543233269965937,2–8 kHz,"mV_2,mV_3,mV_4,mV_5,mV_6,mV_7,mV_8",3.0592749621796873,obniżona,0.0,"Werdykt OK, ale najsilniejsze lokalne odstępstwo występuje w paśmie 2–8 kHz; amplituda jest obniżona.","{""mV_0"": 0.629, ""mV_1"": 1.1614, ""mV_2"": 2.2614, ""mV_3"": 3.0593, ""mV_4"": 3.0384, ""mV_5"": 2.9252, ""mV_6"": 2.8662, ""mV_7"": 2.5418, ""mV_8"": 2.0132, ""mV_9"": 1.5633, ""mV_10"": 1.354, ""mV_11"": 1.1802, ""mV_12"": 1.0091, ""mV_13"": 1.1739, ""mV_14"": 1.6639, ""mV_15"": 2.2507, ""mV_16"": 2.8022, ""mV_17"": 3.0245, ""mV_18"": 2.9569, ""mV_19"": 3.013, ""mV_20"": 2.3279}"
test_0036,6,ok,nie_dotyczy,0.7944822924617128,brak,,1.233248018611541,brak istotnego odchylenia,0.0,Werdykt OK: brak pasma przekraczającego próg anomalii.,"{""mV_0"": 1.0094, ""mV_1"": 0.9266, ""mV_2"": 0.4517, ""mV_3"": 0.1999, ""mV_4"": 0.1485, ""mV_5"": 0.153, ""mV_6"": 0.1393, ""mV_7"": 0.1807, ""mV_8"": 0.3757, ""mV_9"": 0.6913, ""mV_10"": 0.8707, ""mV_11"": 0.9188, ""mV_12"": 0.9231, ""mV_13"": 0.9672, ""mV_14"": 1.1587, ""mV_15"": 1.2332, ""mV_16"": 1.0122, ""mV_17"": 0.7845, ""mV_18"": 0.5659, ""mV_19"": 0.2558, ""mV_20"": 0.0999}"
test_0036,7,ok,nie_dotyczy,0.8189120758456272,16–17 kHz,"mV_16,mV_17",2.1275925348326683,obniżona,0.0,"Werdykt OK, ale najsilniejsze lokalne odstępstwo występuje w paśmie 16–17 kHz; amplituda jest obniżona.","{""mV_0"": 0.7118, ""mV_1"": 1.209, ""mV_2"": 1.7572, ""mV_3"": 2.0811, ""mV_4"": 2.0731, ""mV_5"": 2.0292, ""mV_6"": 2.0177, ""mV_7"": 1.8999, ""mV_8"": 1.5789, ""mV_9"": 1.2504, ""mV_10"": 1.1326, ""mV_11"": 0.9972, ""mV_12"": 0.8247, ""mV_13"": 0.7654, ""mV_14"": 0.8777, ""mV_15"": 1.3608, ""mV_16"": 2.0408, ""mV_17"": 2.1276, ""mV_18"": 1.626, ""mV_19"": 1.409, ""mV_20"": 1.0882}"
test_0036,8,iglica,male,0.746358304696064,6–15 kHz,"mV_6,mV_7,mV_8,mV_9,mV_10,mV_11,mV_12,mV_13,mV_14,mV_15",3.472662545403293,obniżona,0.9387970872409741,Podejrzenie iglica: najbardziej nietypowe jest pasmo 6–15 kHz; amplituda jest obniżona względem zdrowej referencji.,"{""mV_0"": 0.6723, ""mV_1"": 1.0929, ""mV_2"": 1.8741, ""mV_3"": 1.6911, ""mV_4"": 0.7208, ""mV_5"": 1.0321, ""mV_6"": 2.2393, ""mV_7"": 2.8551, ""mV_8"": 3.1065, ""mV_9"": 3.261, ""mV_10"": 3.1312, ""mV_11"": 2.958, ""mV_12"": 3.0139, ""mV_13"": 3.4351, ""mV_14"": 3.4727, ""mV_15"": 2.6005, ""mV_16"": 1.9358, ""mV_17"": 1.9458, ""mV_18"": 2.2918, ""mV_19"": 3.1179, ""mV_20"": 2.8626}"
test_0036,9,ok,nie_dotyczy,0.7677459124919134,brak,,1.938617531490534,brak istotnego odchylenia,0.0,Werdykt OK: brak pasma przekraczającego próg anomalii.,"{""mV_0"": 0.2455, ""mV_1"": 0.6029, ""mV_2"": 1.0763, ""mV_3"": 1.406, ""mV_4"": 1.6204, ""mV_5"": 1.7393, ""mV_6"": 1.5758, ""mV_7"": 1.1313, ""mV_8"": 0.878, ""mV_9"": 0.7993, ""mV_10"": 0.4556, ""mV_11"": 0.1384, ""mV_12"": 0.2188, ""mV_13"": 0.6122, ""mV_14"": 1.0721, ""mV_15"": 1.5508, ""mV_16"": 1.9386, ""mV_17"": 1.7203, ""mV_18"": 1.1569, ""mV_19"": 1.0772, ""mV_20"": 0.9481}"
test_0036,10,ok,nie_dotyczy,0.7953316713366005,16–18 kHz,"mV_16,mV_17,mV_18",2.2366194221467897,podwyższona,0.0,"Werdykt OK, ale najsilniejsze lokalne odstępstwo występuje w paśmie 16–18 kHz; amplituda jest podwyższona.","{""mV_0"": 1.0031, ""mV_1"": 1.2575, ""mV_2"": 1.5983, ""mV_3"": 1.9788, ""mV_4"": 2.058, ""mV_5"": 2.1454, ""mV_6"": 2.1531, ""mV_7"": 2.0839, ""mV_8"": 2.1529, ""mV_9"": 2.1295, ""mV_10"": 1.7547, ""mV_11"": 1.5137, ""mV_12"": 1.6146, ""mV_13"": 1.6487, ""mV_14"": 1.7406, ""mV_15"": 1.9629, ""mV_16"": 2.1549, ""mV_17"": 2.2366, ""mV_18"": 2.0914, ""mV_19"": 1.9264, ""mV_20"": 1.4176}"
test_0036,11,ok,nie_dotyczy,0.7627853775428037,3–4 kHz,"mV_3,mV_4",2.591731775479362,podwyższona,0.0,"Werdykt OK, ale najsilniejsze lokalne odstępstwo występuje w paśmie 3–4 kHz; amplituda jest podwyższona.","{""mV_0"": 0.1842, ""mV_1"": 0.7604, ""mV_2"": 1.9752, ""mV_3"": 2.5917, ""mV_4"": 2.0266, ""mV_5"": 1.2696, ""mV_6"": 0.821, ""mV_7"": 0.5524, ""mV_8"": 0.3147, ""mV_9"": 0.2463, ""mV_10"": 0.4819, ""mV_11"": 0.5702, ""mV_12"": 0.3513, ""mV_13"": 0.2432, ""mV_14"": 0.3985, ""mV_15"": 0.4267, ""mV_16"": 0.2058, ""mV_17"": 0.0727, ""mV_18"": 0.0378, ""mV_19"": 0.0122, ""mV_20"": 0.0072}"
test_0036,12,pompa,duze,0.6003642995470421,10–14 kHz,"mV_10,mV_11,mV_12,mV_13,mV_14",8.697138890064528,obniżona,0.6529834485377048,Podejrzenie pompa: najbardziej nietypowe jest pasmo 10–14 kHz; amplituda jest obniżona względem zdrowej referencji.,"{""mV_0"": 0.5439, ""mV_1"": 1.616, ""mV_2"": 3.5331, ""mV_3"": 4.1762, ""mV_4"": 2.6063, ""mV_5"": 0.8644, ""mV_6"": 0.4694, ""mV_7"": 1.1434, ""mV_8"": 2.1827, ""mV_9"": 3.5933, ""mV_10"": 5.5425, ""mV_11"": 7.4714, ""mV_12"": 8.6971, ""mV_13"": 8.4542, ""mV_14"": 6.3197, ""mV_15"": 3.2021, ""mV_16"": 1.8157, ""mV_17"": 4.287, ""mV_18"": 6.865, ""mV_19"": 5.7159, ""mV_20"": 2.8972}"
test_0037,1,ok,nie_dotyczy,0.7642789843993685,15–17 kHz,"mV_15,mV_16,mV_17",3.091594168658345,obniżona,0.0,"Werdykt OK, ale najsilniejsze lokalne odstępstwo występuje w paśmie 15–17 kHz; amplituda jest obniżona.","{""mV_0"": 0.7017, ""mV_1"": 1.1696, ""mV_2"": 1.145, ""mV_3"": 0.5424, ""mV_4"": 0.2384, ""mV_5"": 0.4299, ""mV_6"": 0.5664, ""mV_7"": 0.5446, ""mV_8"": 0.5743, ""mV_9"": 0.6701, ""mV_10"": 0.704, ""mV_11"": 0.6502, ""mV_12"": 0.5033, ""mV_13"": 0.6651, ""mV_14"": 1.2808, ""mV_15"": 2.1753, ""mV_16"": 3.0916, ""mV_17"": 2.6501, ""mV_18"": 1.1766, ""mV_19"": 0.6153, ""mV_20"": 0.4822}"
test_0037,2,ok,nie_dotyczy,0.8042788908539386,brak,,1.4889700402114032,brak istotnego odchylenia,0.0,Werdykt OK: brak pasma przekraczającego próg anomalii.,"{""mV_0"": 0.7784, ""mV_1"": 1.0712, ""mV_2"": 1.1248, ""mV_3"": 1.2133, ""mV_4"": 1.2027, ""mV_5"": 1.2442, ""mV_6"": 1.4054, ""mV_7"": 1.4802, ""mV_8"": 1.456, ""mV_9"": 1.4106, ""mV_10"": 1.3965, ""mV_11"": 1.3987, ""mV_12"": 1.3452, ""mV_13"": 1.2192, ""mV_14"": 1.1968, ""mV_15"": 1.4458, ""mV_16"": 1.489, ""mV_17"": 0.9379, ""mV_18"": 0.6492, ""mV_19"": 0.9757, ""mV_20"": 0.9146}"
test_0037,3,ok,nie_dotyczy,0.7694335227113551,brak,,1.5737491499882894,brak istotnego odchylenia,0.0,Werdykt OK: brak pasma przekraczającego próg anomalii.,"{""mV_0"": 0.3056, ""mV_1"": 0.7394, ""mV_2"": 1.1443, ""mV_3"": 1.0149, ""mV_4"": 0.6256, ""mV_5"": 0.4547, ""mV_6"": 0.5389, ""mV_7"": 0.789, ""mV_8"": 0.9082, ""mV_9"": 0.8316, ""mV_10"": 0.701, ""mV_11"": 0.5518, ""mV_12"": 0.4896, ""mV_13"": 0.4036, ""mV_14"": 0.1907, ""mV_15"": 0.1707, ""mV_16"": 0.9112, ""mV_17"": 1.5737, ""mV_18"": 1.0143, ""mV_19"": 0.3264, ""mV_20"": 0.1496}"
test_0037,4,ok,nie_dotyczy,0.8070156525421277,brak,,1.5084304798066916,brak istotnego odchylenia,0.0,Werdykt OK: brak pasma przekraczającego próg anomalii.,"{""mV_0"": 0.0499, ""mV_1"": 0.1347, ""mV_2"": 0.3509, ""mV_3"": 0.4913, ""mV_4"": 0.298, ""mV_5"": 0.1829, ""mV_6"": 0.4462, ""mV_7"": 0.8149, ""mV_8"": 1.0155, ""mV_9"": 1.0409, ""mV_10"": 0.9843, ""mV_11"": 0.8779, ""mV_12"": 0.7999, ""mV_13"": 0.6681, ""mV_14"": 0.3652, ""mV_15"": 0.1344, ""mV_16"": 0.6719, ""mV_17"": 1.5084, ""mV_18"": 1.4062, ""mV_19"": 0.9173, ""mV_20"": 0.5567}"
test_0037,5,ok,nie_dotyczy,0.7809357255168105,1–3 kHz,"mV_1,mV_2,mV_3",2.431819585337632,obniżona,0.0,"Werdykt OK, ale najsilniejsze lokalne odstępstwo występuje w paśmie 1–3 kHz; amplituda jest obniżona.","{""mV_0"": 1.4077, ""mV_1"": 2.2407, ""mV_2"": 2.4318, ""mV_3"": 2.0285, ""mV_4"": 1.7491, ""mV_5"": 1.8732, ""mV_6"": 1.9441, ""mV_7"": 1.7777, ""mV_8"": 1.5767, ""mV_9"": 1.4511, ""mV_10"": 1.4376, ""mV_11"": 1.5898, ""mV_12"": 1.6923, ""mV_13"": 1.7818, ""mV_14"": 1.9929, ""mV_15"": 2.0743, ""mV_16"": 2.2977, ""mV_17"": 2.413, ""mV_18"": 1.8709, ""mV_19"": 1.4616, ""mV_20"": 1.0381}"
test_0037,6,ok,nie_dotyczy,0.7976488735081753,brak,,0.8419043586388756,brak istotnego odchylenia,0.0,Werdykt OK: brak pasma przekraczającego próg anomalii.,"{""mV_0"": 0.3438, ""mV_1"": 0.3915, ""mV_2"": 0.2561, ""mV_3"": 0.1436, ""mV_4"": 0.1015, ""mV_5"": 0.1019, ""mV_6"": 0.1211, ""mV_7"": 0.1403, ""mV_8"": 0.18, ""mV_9"": 0.3035, ""mV_10"": 0.3274, ""mV_11"": 0.1698, ""mV_12"": 0.1232, ""mV_13"": 0.2259, ""mV_14"": 0.3262, ""mV_15"": 0.3456, ""mV_16"": 0.5679, ""mV_17"": 0.8419, ""mV_18"": 0.582, ""mV_19"": 0.2153, ""mV_20"": 0.0836}"
test_0037,7,ok,nie_dotyczy,0.7220098667982962,1–2 kHz,"mV_1,mV_2",2.4676176946373847,podwyższona,0.0,"Werdykt OK, ale najsilniejsze lokalne odstępstwo występuje w paśmie 1–2 kHz; amplituda jest podwyższona.","{""mV_0"": 1.4277, ""mV_1"": 2.4676, ""mV_2"": 2.3651, ""mV_3"": 1.1233, ""mV_4"": 0.6158, ""mV_5"": 0.8878, ""mV_6"": 1.1868, ""mV_7"": 1.5697, ""mV_8"": 1.8795, ""mV_9"": 2.133, ""mV_10"": 2.2443, ""mV_11"": 2.2306, ""mV_12"": 2.1621, ""mV_13"": 1.9292, ""mV_14"": 1.6773, ""mV_15"": 1.6414, ""mV_16"": 1.4287, ""mV_17"": 0.9983, ""mV_18"": 1.0959, ""mV_19"": 1.4449, ""mV_20"": 1.152}"
test_0037,8,zakoksowany,srednie,0.7609878413912897,13–19 kHz,"mV_13,mV_14,mV_15,mV_16,mV_17,mV_18,mV_19",6.727461807979679,podwyższona,0.964731393606209,Podejrzenie zakoksowany: najbardziej nietypowe jest pasmo 13–19 kHz; amplituda jest podwyższona względem zdrowej referencji.,"{""mV_0"": 0.0913, ""mV_1"": 0.2241, ""mV_2"": 0.7641, ""mV_3"": 1.3621, ""mV_4"": 0.9202, ""mV_5"": 0.288, ""mV_6"": 0.2911, ""mV_7"": 0.7244, ""mV_8"": 2.4791, ""mV_9"": 4.0127, ""mV_10"": 2.8803, ""mV_11"": 1.8941, ""mV_12"": 2.9505, ""mV_13"": 4.1657, ""mV_14"": 5.1547, ""mV_15"": 6.3209, ""mV_16"": 6.7275, ""mV_17"": 5.7513, ""mV_18"": 4.7699, ""mV_19"": 4.341, ""mV_20"": 2.9731}"
test_0037,9,ok,nie_dotyczy,0.7661819663573637,brak,,1.197516308686555,brak istotnego odchylenia,0.0,Werdykt OK: brak pasma przekraczającego próg anomalii.,"{""mV_0"": 0.7848, ""mV_1"": 0.8675, ""mV_2"": 0.9035, ""mV_3"": 0.6515, ""mV_4"": 0.2979, ""mV_5"": 0.2462, ""mV_6"": 0.4233, ""mV_7"": 0.6968, ""mV_8"": 0.7234, ""mV_9"": 0.479, ""mV_10"": 0.2545, ""mV_11"": 0.1413, ""mV_12"": 0.0755, ""mV_13"": 0.1127, ""mV_14"": 0.1962, ""mV_15"": 0.2384, ""mV_16"": 0.7489, ""mV_17"": 1.1975, ""mV_18"": 0.6485, ""mV_19"": 0.2091, ""mV_20"": 0.2423}"
test_0037,10,unknown,nie_dotyczy,0.6856269195465036,16–20 kHz,"mV_16,mV_17,mV_18,mV_19,mV_20",14.598476302985821,podwyższona,0.650562206906786,Podejrzenie unknown: najbardziej nietypowe jest pasmo 16–20 kHz; amplituda jest podwyższona względem zdrowej referencji.,"{""mV_0"": 1.9006, ""mV_1"": 4.0112, ""mV_2"": 6.2726, ""mV_3"": 6.2003, ""mV_4"": 3.488, ""mV_5"": 2.1494, ""mV_6"": 4.9574, ""mV_7"": 9.248, ""mV_8"": 11.5277, ""mV_9"": 12.1052, ""mV_10"": 12.1685, ""mV_11"": 11.8822, ""mV_12"": 9.664, ""mV_13"": 5.5429, ""mV_14"": 3.9987, ""mV_15"": 6.9215, ""mV_16"": 11.543, ""mV_17"": 14.5985, ""mV_18"": 14.551, ""mV_19"": 13.3425, ""mV_20"": 9.7508}"
test_0037,11,ok,nie_dotyczy,0.7448170808512085,brak,,1.6293283757855646,brak istotnego odchylenia,0.0,Werdykt OK: brak pasma przekraczającego próg anomalii.,"{""mV_0"": 0.597, ""mV_1"": 0.5003, ""mV_2"": 0.8079, ""mV_3"": 1.5104, ""mV_4"": 1.6293, ""mV_5"": 1.3733, ""mV_6"": 1.1294, ""mV_7"": 0.9897, ""mV_8"": 0.9579, ""mV_9"": 0.8084, ""mV_10"": 0.6539, ""mV_11"": 0.6143, ""mV_12"": 0.6049, ""mV_13"": 0.6579, ""mV_14"": 0.5355, ""mV_15"": 0.354, ""mV_16"": 0.3421, ""mV_17"": 0.5199, ""mV_18"": 0.7229, ""mV_19"": 0.6232, ""mV_20"": 0.4334}"
test_0037,12,ok,nie_dotyczy,0.7984543926901972,brak,,1.264503844212903,brak istotnego odchylenia,0.0,Werdykt OK: brak pasma przekraczającego próg anomalii.,"{""mV_0"": 0.2007, ""mV_1"": 0.6696, ""mV_2"": 0.8837, ""mV_3"": 0.5031, ""mV_4"": 0.2819, ""mV_5"": 0.4009, ""mV_6"": 0.4634, ""mV_7"": 0.4469, ""mV_8"": 0.4809, ""mV_9"": 0.5649, ""mV_10"": 0.6552, ""mV_11"": 0.6757, ""mV_12"": 0.6019, ""mV_13"": 0.6426, ""mV_14"": 0.7482, ""mV_15"": 0.5905, ""mV_16"": 0.2603, ""mV_17"": 0.6042, ""mV_18"": 1.2645, ""mV_19"": 1.1526, ""mV_20"": 0.655}"
test_0038,1,ok,nie_dotyczy,0.6988692765569227,3–14 kHz,"mV_3,mV_4,mV_5,mV_6,mV_7,mV_8,mV_9,mV_10,mV_11,mV_12,mV_13,mV_14",3.543847169747309,podwyższona,0.0,"Werdykt OK, ale najsilniejsze lokalne odstępstwo występuje w paśmie 3–14 kHz; amplituda jest podwyższona.","{""mV_0"": 1.5983, ""mV_1"": 1.6262, ""mV_2"": 1.8934, ""mV_3"": 2.9171, ""mV_4"": 3.491, ""mV_5"": 3.5438, ""mV_6"": 3.3668, ""mV_7"": 3.0241, ""mV_8"": 2.7296, ""mV_9"": 2.6616, ""mV_10"": 2.7163, ""mV_11"": 2.6611, ""mV_12"": 2.4713, ""mV_13"": 2.2524, ""mV_14"": 2.0904, ""mV_15"": 1.8574, ""mV_16"": 1.803, ""mV_17"": 2.2067, ""mV_18"": 2.4198, ""mV_19"": 2.2649, ""mV_20"": 1.6253}"
test_0038,2,ok,nie_dotyczy,0.7702870510101467,4 kHz,mV_4,2.054444158025385,podwyższona,0.0,"Werdykt OK, ale najsilniejsze lokalne odstępstwo występuje w paśmie 4 kHz; amplituda jest podwyższona.","{""mV_0"": 0.9749, ""mV_1"": 0.8023, ""mV_2"": 0.9326, ""mV_3"": 1.7032, ""mV_4"": 2.0544, ""mV_5"": 1.8915, ""mV_6"": 1.4996, ""mV_7"": 1.0588, ""mV_8"": 0.7947, ""mV_9"": 0.8036, ""mV_10"": 0.9736, ""mV_11"": 1.0413, ""mV_12"": 0.9478, ""mV_13"": 0.9023, ""mV_14"": 1.1741, ""mV_15"": 1.526, ""mV_16"": 1.6105, ""mV_17"": 1.4073, ""mV_18"": 0.998, ""mV_19"": 0.9343, ""mV_20"": 0.8832}"
test_0038,3,ok,nie_dotyczy,0.7598481474691055,brak,,1.6281464478810035,brak istotnego odchylenia,0.0,Werdykt OK: brak pasma przekraczającego próg anomalii.,"{""mV_0"": 1.209, ""mV_1"": 0.8607, ""mV_2"": 0.3879, ""mV_3"": 0.7992, ""mV_4"": 1.389, ""mV_5"": 1.6281, ""mV_6"": 1.5928, ""mV_7"": 1.5154, ""mV_8"": 1.3993, ""mV_9"": 1.1464, ""mV_10"": 0.8609, ""mV_11"": 0.7259, ""mV_12"": 0.7884, ""mV_13"": 0.9477, ""mV_14"": 1.2279, ""mV_15"": 1.4309, ""mV_16"": 1.4527, ""mV_17"": 1.4567, ""mV_18"": 1.3587, ""mV_19"": 1.4348, ""mV_20"": 1.2501}"
test_0038,4,ok,nie_dotyczy,0.7445132773305028,brak,,1.1053764746774346,brak istotnego odchylenia,0.0,Werdykt OK: brak pasma przekraczającego próg anomalii.,"{""mV_0"": 0.1818, ""mV_1"": 0.6323, ""mV_2"": 0.8678, ""mV_3"": 0.5418, ""mV_4"": 0.1549, ""mV_5"": 0.024, ""mV_6"": 0.0593, ""mV_7"": 0.2582, ""mV_8"": 0.6336, ""mV_9"": 0.9998, ""mV_10"": 1.1054, ""mV_11"": 0.9924, ""mV_12"": 0.805, ""mV_13"": 0.6803, ""mV_14"": 0.5932, ""mV_15"": 0.5032, ""mV_16"": 0.4157, ""mV_17"": 0.2912, ""mV_18"": 0.4068, ""mV_19"": 0.8171, ""mV_20"": 0.8544}"
test_0038,5,ok,nie_dotyczy,0.8331533983031981,brak,,1.849677661558922,brak istotnego odchylenia,0.0,Werdykt OK: brak pasma przekraczającego próg anomalii.,"{""mV_0"": 0.8222, ""mV_1"": 1.2895, ""mV_2"": 1.119, ""mV_3"": 0.5396, ""mV_4"": 0.2064, ""mV_5"": 0.4236, ""mV_6"": 0.8681, ""mV_7"": 1.1094, ""mV_8"": 1.058, ""mV_9"": 0.9009, ""mV_10"": 0.6751, ""mV_11"": 0.3919, ""mV_12"": 0.2754, ""mV_13"": 0.4256, ""mV_14"": 0.8211, ""mV_15"": 1.4885, ""mV_16"": 1.8497, ""mV_17"": 1.3715, ""mV_18"": 0.7995, ""mV_19"": 0.5352, ""mV_20"": 0.2633}"
test_0038,6,ok,nie_dotyczy,0.6114188182859823,brak,,1.9058379057947048,brak istotnego odchylenia,0.0,Werdykt OK: brak pasma przekraczającego próg anomalii.,"{""mV_0"": 1.7806, ""mV_1"": 1.2098, ""mV_2"": 0.8144, ""mV_3"": 1.5879, ""mV_4"": 1.9058, ""mV_5"": 1.7947, ""mV_6"": 1.6168, ""mV_7"": 1.3665, ""mV_8"": 0.9899, ""mV_9"": 0.4865, ""mV_10"": 0.3504, ""mV_11"": 0.4737, ""mV_12"": 0.4493, ""mV_13"": 0.2797, ""mV_14"": 0.3693, ""mV_15"": 0.867, ""mV_16"": 1.2017, ""mV_17"": 1.1455, ""mV_18"": 0.9844, ""mV_19"": 1.01, ""mV_20"": 0.8583}"
test_0038,7,ok,nie_dotyczy,0.823737286426019,brak,,0.884414582547628,brak istotnego odchylenia,0.0,Werdykt OK: brak pasma przekraczającego próg anomalii.,"{""mV_0"": 0.1576, ""mV_1"": 0.5013, ""mV_2"": 0.8844, ""mV_3"": 0.843, ""mV_4"": 0.4265, ""mV_5"": 0.1865, ""mV_6"": 0.151, ""mV_7"": 0.0735, ""mV_8"": 0.0465, ""mV_9"": 0.076, ""mV_10"": 0.0829, ""mV_11"": 0.1205, ""mV_12"": 0.1641, ""mV_13"": 0.1723, ""mV_14"": 0.2139, ""mV_15"": 0.4801, ""mV_16"": 0.6282, ""mV_17"": 0.3291, ""mV_18"": 0.1436, ""mV_19"": 0.1664, ""mV_20"": 0.1021}"
test_0038,8,lejacy,srednie,0.5687731183094046,6–20 kHz,"mV_6,mV_7,mV_8,mV_9,mV_10,mV_11,mV_12,mV_13,mV_14,mV_15,mV_16,mV_17,mV_18,mV_19,mV_20",12.275685497386094,obniżona,0.9801468791139168,Podejrzenie lejacy: najbardziej nietypowe jest pasmo 6–20 kHz; amplituda jest obniżona względem zdrowej referencji.,"{""mV_0"": 1.5916, ""mV_1"": 2.1113, ""mV_2"": 1.8394, ""mV_3"": 2.3824, ""mV_4"": 4.5564, ""mV_5"": 6.4976, ""mV_6"": 7.1693, ""mV_7"": 7.6259, ""mV_8"": 8.5188, ""mV_9"": 9.4861, ""mV_10"": 10.3269, ""mV_11"": 11.3016, ""mV_12"": 11.9927, ""mV_13"": 12.2508, ""mV_14"": 12.2757, ""mV_15"": 12.0553, ""mV_16"": 11.6179, ""mV_17"": 10.6203, ""mV_18"": 9.9564, ""mV_19"": 10.8811, ""mV_20"": 9.0874}"
test_0038,9,ok,nie_dotyczy,0.7549940797384084,brak,,1.544592744872954,brak istotnego odchylenia,0.0,Werdykt OK: brak pasma przekraczającego próg anomalii.,"{""mV_0"": 0.9077, ""mV_1"": 0.8065, ""mV_2"": 0.423, ""mV_3"": 0.658, ""mV_4"": 1.0517, ""mV_5"": 1.1711, ""mV_6"": 1.2686, ""mV_7"": 1.309, ""mV_8"": 1.325, ""mV_9"": 1.459, ""mV_10"": 1.5446, ""mV_11"": 1.4471, ""mV_12"": 1.1571, ""mV_13"": 0.6684, ""mV_14"": 0.2556, ""mV_15"": 0.1422, ""mV_16"": 0.4509, ""mV_17"": 1.045, ""mV_18"": 1.339, ""mV_19"": 1.4124, ""mV_20"": 1.1149}"
test_0038,10,ok,nie_dotyczy,0.7440877778654786,9 kHz,mV_9,2.0314401687943775,obniżona,0.0,"Werdykt OK, ale najsilniejsze lokalne odstępstwo występuje w paśmie 9 kHz; amplituda jest obniżona.","{""mV_0"": 1.3249, ""mV_1"": 2.0222, ""mV_2"": 1.8207, ""mV_3"": 1.0517, ""mV_4"": 0.6115, ""mV_5"": 0.8809, ""mV_6"": 1.4192, ""mV_7"": 1.7438, ""mV_8"": 1.8986, ""mV_9"": 2.0314, ""mV_10"": 1.9807, ""mV_11"": 1.7632, ""mV_12"": 1.5699, ""mV_13"": 1.5039, ""mV_14"": 1.4307, ""mV_15"": 1.4294, ""mV_16"": 1.6293, ""mV_17"": 1.762, ""mV_18"": 1.8732, ""mV_19"": 2.0296, ""mV_20"": 1.5898}"
test_0038,11,ok,nie_dotyczy,0.8068945265976644,brak,,0.8517262742523929,brak istotnego odchylenia,0.0,Werdykt OK: brak pasma przekraczającego próg anomalii.,"{""mV_0"": 0.1139, ""mV_1"": 0.21, ""mV_2"": 0.3017, ""mV_3"": 0.4887, ""mV_4"": 0.4717, ""mV_5"": 0.3336, ""mV_6"": 0.3183, ""mV_7"": 0.3278, ""mV_8"": 0.3056, ""mV_9"": 0.2481, ""mV_10"": 0.2166, ""mV_11"": 0.2207, ""mV_12"": 0.4287, ""mV_13"": 0.7748, ""mV_14"": 0.8517, ""mV_15"": 0.631, ""mV_16"": 0.4877, ""mV_17"": 0.4924, ""mV_18"": 0.2924, ""mV_19"": 0.0697, ""mV_20"": 0.0201}"
test_0038,12,unknown,nie_dotyczy,0.6877672372991839,5–13 kHz,"mV_5,mV_6,mV_7,mV_8,mV_9,mV_10,mV_11,mV_12,mV_13",10.925954000536693,obniżona,0.8251849853194665,Podejrzenie unknown: najbardziej nietypowe jest pasmo 5–13 kHz; amplituda jest obniżona względem zdrowej referencji.,"{""mV_0"": 3.3801, ""mV_1"": 3.0825, ""mV_2"": 2.0441, ""mV_3"": 3.2166, ""mV_4"": 5.7298, ""mV_5"": 8.1409, ""mV_6"": 9.8273, ""mV_7"": 10.6282, ""mV_8"": 10.926, ""mV_9"": 10.8142, ""mV_10"": 10.0332, ""mV_11"": 8.9181, ""mV_12"": 7.8791, ""mV_13"": 7.0087, ""mV_14"": 5.4088, ""mV_15"": 3.2376, ""mV_16"": 2.257, ""mV_17"": 2.6451, ""mV_18"": 4.4056, ""mV_19"": 6.7411, ""mV_20"": 5.8907}"
test_0039,1,ok,nie_dotyczy,0.804393297774726,brak,,0.7897062774008909,brak istotnego odchylenia,0.0,Werdykt OK: brak pasma przekraczającego próg anomalii.,"{""mV_0"": 0.4118, ""mV_1"": 0.6673, ""mV_2"": 0.344, ""mV_3"": 0.1256, ""mV_4"": 0.2713, ""mV_5"": 0.3218, ""mV_6"": 0.2552, ""mV_7"": 0.2792, ""mV_8"": 0.419, ""mV_9"": 0.593, ""mV_10"": 0.7441, ""mV_11"": 0.7897, ""mV_12"": 0.6857, ""mV_13"": 0.468, ""mV_14"": 0.2641, ""mV_15"": 0.1375, ""mV_16"": 0.1279, ""mV_17"": 0.2491, ""mV_18"": 0.472, ""mV_19"": 0.7091, ""mV_20"": 0.5967}"
test_0039,2,pompa,duze,0.7586126246172045,3–15 kHz,"mV_3,mV_4,mV_5,mV_6,mV_7,mV_8,mV_9,mV_10,mV_11,mV_12,mV_13,mV_14,mV_15",9.093830641212907,obniżona,0.9942175831798052,Podejrzenie pompa: najbardziej nietypowe jest pasmo 3–15 kHz; amplituda jest obniżona względem zdrowej referencji.,"{""mV_0"": 0.3083, ""mV_1"": 1.3676, ""mV_2"": 4.3743, ""mV_3"": 7.6364, ""mV_4"": 7.3912, ""mV_5"": 5.5773, ""mV_6"": 5.1769, ""mV_7"": 5.6564, ""mV_8"": 6.3951, ""mV_9"": 7.1286, ""mV_10"": 7.6893, ""mV_11"": 8.304, ""mV_12"": 8.9905, ""mV_13"": 9.0938, ""mV_14"": 7.9562, ""mV_15"": 6.0844, ""mV_16"": 4.1205, ""mV_17"": 2.0473, ""mV_18"": 1.502, ""mV_19"": 3.6984, ""mV_20"": 4.4941}"
test_0039,3,ok,nie_dotyczy,0.7779811238267385,brak,,1.9765125282739113,brak istotnego odchylenia,0.0,Werdykt OK: brak pasma przekraczającego próg anomalii.,"{""mV_0"": 0.0599, ""mV_1"": 0.2508, ""mV_2"": 0.7323, ""mV_3"": 1.3655, ""mV_4"": 1.8159, ""mV_5"": 1.9765, ""mV_6"": 1.7496, ""mV_7"": 1.2119, ""mV_8"": 0.7118, ""mV_9"": 0.3712, ""mV_10"": 0.1535, ""mV_11"": 0.0963, ""mV_12"": 0.252, ""mV_13"": 0.5946, ""mV_14"": 0.9895, ""mV_15"": 1.3062, ""mV_16"": 1.5844, ""mV_17"": 1.6301, ""mV_18"": 1.2457, ""mV_19"": 0.8623, ""mV_20"": 0.5642}"
test_0039,4,ok,nie_dotyczy,0.8095953086191251,brak,,1.0142995322341646,brak istotnego odchylenia,0.0,Werdykt OK: brak pasma przekraczającego próg anomalii.,"{""mV_0"": 0.3742, ""mV_1"": 0.2654, ""mV_2"": 0.2673, ""mV_3"": 0.6778, ""mV_4"": 1.0082, ""mV_5"": 1.0143, ""mV_6"": 0.716, ""mV_7"": 0.325, ""mV_8"": 0.1534, ""mV_9"": 0.1455, ""mV_10"": 0.1073, ""mV_11"": 0.0675, ""mV_12"": 0.142, ""mV_13"": 0.2408, ""mV_14"": 0.2441, ""mV_15"": 0.2907, ""mV_16"": 0.4753, ""mV_17"": 0.5671, ""mV_18"": 0.4504, ""mV_19"": 0.4352, ""mV_20"": 0.422}"
test_0039,5,ok,nie_dotyczy,0.777608031828051,4–5 kHz,"mV_4,mV_5",2.2922671648960358,podwyższona,0.0,"Werdykt OK, ale najsilniejsze lokalne odstępstwo występuje w paśmie 4–5 kHz; amplituda jest podwyższona.","{""mV_0"": 0.0907, ""mV_1"": 0.3622, ""mV_2"": 1.1329, ""mV_3"": 1.991, ""mV_4"": 2.2923, ""mV_5"": 2.0332, ""mV_6"": 1.4196, ""mV_7"": 0.821, ""mV_8"": 0.5672, ""mV_9"": 0.4632, ""mV_10"": 0.2818, ""mV_11"": 0.1284, ""mV_12"": 0.1426, ""mV_13"": 0.3603, ""mV_14"": 0.7939, ""mV_15"": 1.3503, ""mV_16"": 1.6862, ""mV_17"": 1.5036, ""mV_18"": 1.139, ""mV_19"": 1.1354, ""mV_20"": 1.0052}"
test_0039,6,ok,nie_dotyczy,0.8225769782657772,brak,,0.8309811875500885,brak istotnego odchylenia,0.0,Werdykt OK: brak pasma przekraczającego próg anomalii.,"{""mV_0"": 0.4865, ""mV_1"": 0.5379, ""mV_2"": 0.6805, ""mV_3"": 0.831, ""mV_4"": 0.7827, ""mV_5"": 0.6375, ""mV_6"": 0.4907, ""mV_7"": 0.4374, ""mV_8"": 0.4482, ""mV_9"": 0.4516, ""mV_10"": 0.4077, ""mV_11"": 0.3284, ""mV_12"": 0.2719, ""mV_13"": 0.2203, ""mV_14"": 0.191, ""mV_15"": 0.1962, ""mV_16"": 0.2226, ""mV_17"": 0.3942, ""mV_18"": 0.5365, ""mV_19"": 0.5811, ""mV_20"": 0.504}"
test_0039,7,ok,nie_dotyczy,0.8132151170121253,brak,,1.029935651514226,brak istotnego odchylenia,0.0,Werdykt OK: brak pasma przekraczającego próg anomalii.,"{""mV_0"": 0.294, ""mV_1"": 0.4367, ""mV_2"": 0.6911, ""mV_3"": 0.7961, ""mV_4"": 0.6444, ""mV_5"": 0.6064, ""mV_6"": 0.815, ""mV_7"": 1.0299, ""mV_8"": 1.0116, ""mV_9"": 0.7663, ""mV_10"": 0.4317, ""mV_11"": 0.1644, ""mV_12"": 0.0786, ""mV_13"": 0.1822, ""mV_14"": 0.2925, ""mV_15"": 0.29, ""mV_16"": 0.2909, ""mV_17"": 0.4237, ""mV_18"": 0.6388, ""mV_19"": 0.8956, ""mV_20"": 0.8634}"
test_0039,8,iglica,srednie,0.8179401696831285,7–15 kHz,"mV_7,mV_8,mV_9,mV_10,mV_11,mV_12,mV_13,mV_14,mV_15",6.641028093144979,obniżona,0.9757417163359197,Podejrzenie iglica: najbardziej nietypowe jest pasmo 7–15 kHz; amplituda jest obniżona względem zdrowej referencji.,"{""mV_0"": 0.3789, ""mV_1"": 1.1218, ""mV_2"": 1.6871, ""mV_3"": 0.9272, ""mV_4"": 0.4351, ""mV_5"": 1.4294, ""mV_6"": 2.8942, ""mV_7"": 3.7763, ""mV_8"": 4.6587, ""mV_9"": 5.6644, ""mV_10"": 5.9487, ""mV_11"": 5.7499, ""mV_12"": 5.7019, ""mV_13"": 6.3681, ""mV_14"": 6.641, ""mV_15"": 5.1689, ""mV_16"": 3.5827, ""mV_17"": 3.2707, ""mV_18"": 3.4609, ""mV_19"": 3.9085, ""mV_20"": 3.3606}"
test_0040,1,unknown,nie_dotyczy,0.6868715415579499,17–20 kHz,"mV_17,mV_18,mV_19,mV_20",18.720050327731784,podwyższona,0.6317380626103822,Podejrzenie unknown: najbardziej nietypowe jest pasmo 17–20 kHz; amplituda jest podwyższona względem zdrowej referencji.,"{""mV_0"": 5.3826, ""mV_1"": 5.5214, ""mV_2"": 5.0566, ""mV_3"": 6.9442, ""mV_4"": 9.1604, ""mV_5"": 10.7693, ""mV_6"": 11.6582, ""mV_7"": 11.7115, ""mV_8"": 11.5463, ""mV_9"": 11.4581, ""mV_10"": 11.213, ""mV_11"": 10.9997, ""mV_12"": 10.3529, ""mV_13"": 8.5234, ""mV_14"": 5.3446, ""mV_15"": 3.1241, ""mV_16"": 5.3997, ""mV_17"": 11.2428, ""mV_18"": 16.6327, ""mV_19"": 18.7201, ""mV_20"": 13.8822}"
test_0040,2,ok,nie_dotyczy,0.7750023813754817,brak,,1.5268604236528098,brak istotnego odchylenia,0.0,Werdykt OK: brak pasma przekraczającego próg anomalii.,"{""mV_0"": 0.4001, ""mV_1"": 0.7838, ""mV_2"": 0.7498, ""mV_3"": 0.4021, ""mV_4"": 0.1454, ""mV_5"": 0.0914, ""mV_6"": 0.1879, ""mV_7"": 0.3248, ""mV_8"": 0.4539, ""mV_9"": 0.6343, ""mV_10"": 0.7933, ""mV_11"": 0.7788, ""mV_12"": 0.6514, ""mV_13"": 0.6216, ""mV_14"": 0.6014, ""mV_15"": 0.389, ""mV_16"": 0.3694, ""mV_17"": 0.5837, ""mV_18"": 1.07, ""mV_19"": 1.5269, ""mV_20"": 0.936}"
test_0040,3,ok,nie_dotyczy,0.773090093853292,brak,,1.6068250707420297,brak istotnego odchylenia,0.0,Werdykt OK: brak pasma przekraczającego próg anomalii.,"{""mV_0"": 0.7445, ""mV_1"": 0.9121, ""mV_2"": 1.4444, ""mV_3"": 1.6068, ""mV_4"": 1.2473, ""mV_5"": 1.0801, ""mV_6"": 1.014, ""mV_7"": 0.8759, ""mV_8"": 0.7559, ""mV_9"": 0.8568, ""mV_10"": 1.0535, ""mV_11"": 1.1376, ""mV_12"": 1.0184, ""mV_13"": 0.7486, ""mV_14"": 0.6379, ""mV_15"": 0.796, ""mV_16"": 1.032, ""mV_17"": 1.1864, ""mV_18"": 0.9488, ""mV_19"": 0.5262, ""mV_20"": 0.3551}"
test_0040,4,pompa,duze,0.7287485264569533,2–4 kHz,"mV_2,mV_3,mV_4",9.651183419196196,obniżona,0.9692898430272634,Podejrzenie pompa: najbardziej nietypowe jest pasmo 2–4 kHz; amplituda jest obniżona względem zdrowej referencji.,"{""mV_0"": 0.9858, ""mV_1"": 3.1624, ""mV_2"": 7.5415, ""mV_3"": 9.6512, ""mV_4"": 7.5044, ""mV_5"": 5.1843, ""mV_6"": 4.2834, ""mV_7"": 4.4881, ""mV_8"": 5.4965, ""mV_9"": 6.4471, ""mV_10"": 7.0533, ""mV_11"": 7.6298, ""mV_12"": 8.2868, ""mV_13"": 8.3642, ""mV_14"": 7.2383, ""mV_15"": 5.5413, ""mV_16"": 4.0972, ""mV_17"": 2.5942, ""mV_18"": 1.2069, ""mV_19"": 1.6751, ""mV_20"": 2.5605}"
test_0040,5,pompa,srednie,0.8101565757502671,2–4 kHz,"mV_2,mV_3,mV_4",6.351341668968723,obniżona,0.9487948408395945,Podejrzenie pompa: najbardziej nietypowe jest pasmo 2–4 kHz; amplituda jest obniżona względem zdrowej referencji.,"{""mV_0"": 0.503, ""mV_1"": 2.4749, ""mV_2"": 5.4927, ""mV_3"": 6.3513, ""mV_4"": 4.2507, ""mV_5"": 2.3729, ""mV_6"": 2.0802, ""mV_7"": 2.5494, ""mV_8"": 3.317, ""mV_9"": 4.0393, ""mV_10"": 4.5087, ""mV_11"": 4.9739, ""mV_12"": 5.4986, ""mV_13"": 5.7257, ""mV_14"": 5.1596, ""mV_15"": 4.0609, ""mV_16"": 3.2236, ""mV_17"": 2.3273, ""mV_18"": 1.1576, ""mV_19"": 0.8926, ""mV_20"": 1.1663}"
test_0040,6,lejacy,male,0.70834171385214,9–19 kHz,"mV_9,mV_10,mV_11,mV_12,mV_13,mV_14,mV_15,mV_16,mV_17,mV_18,mV_19",8.452354443598233,obniżona,0.9700732301604746,Podejrzenie lejacy: najbardziej nietypowe jest pasmo 9–19 kHz; amplituda jest obniżona względem zdrowej referencji.,"{""mV_0"": 0.0281, ""mV_1"": 0.1794, ""mV_2"": 0.4632, ""mV_3"": 1.1957, ""mV_4"": 2.6222, ""mV_5"": 3.7873, ""mV_6"": 4.0551, ""mV_7"": 4.0474, ""mV_8"": 4.4862, ""mV_9"": 5.2049, ""mV_10"": 5.8114, ""mV_11"": 6.4618, ""mV_12"": 7.0178, ""mV_13"": 7.3687, ""mV_14"": 7.8149, ""mV_15"": 8.2557, ""mV_16"": 8.4524, ""mV_17"": 7.8414, ""mV_18"": 6.0907, ""mV_19"": 5.1005, ""mV_20"": 4.2074}"
test_0040,7,ok,nie_dotyczy,0.7090452435392789,8 kHz,mV_8,2.08783288571875,podwyższona,0.0,"Werdykt OK, ale najsilniejsze lokalne odstępstwo występuje w paśmie 8 kHz; amplituda jest podwyższona.","{""mV_0"": 1.3323, ""mV_1"": 1.6482, ""mV_2"": 1.0979, ""mV_3"": 0.9795, ""mV_4"": 1.287, ""mV_5"": 1.4604, ""mV_6"": 1.6382, ""mV_7"": 1.953, ""mV_8"": 2.0878, ""mV_9"": 1.9789, ""mV_10"": 1.9017, ""mV_11"": 1.8207, ""mV_12"": 1.5786, ""mV_13"": 1.3015, ""mV_14"": 1.1913, ""mV_15"": 1.1636, ""mV_16"": 0.8846, ""mV_17"": 0.3987, ""mV_18"": 0.9581, ""mV_19"": 2.021, ""mV_20"": 1.4834}"
test_0040,8,ok,nie_dotyczy,0.7913717196610174,brak,,1.2567224775718016,brak istotnego odchylenia,0.0,Werdykt OK: brak pasma przekraczającego próg anomalii.,"{""mV_0"": 0.4179, ""mV_1"": 0.9562, ""mV_2"": 1.2567, ""mV_3"": 0.598, ""mV_4"": 0.046, ""mV_5"": 0.0615, ""mV_6"": 0.0783, ""mV_7"": 0.1025, ""mV_8"": 0.1622, ""mV_9"": 0.2073, ""mV_10"": 0.1984, ""mV_11"": 0.1493, ""mV_12"": 0.1347, ""mV_13"": 0.1585, ""mV_14"": 0.1379, ""mV_15"": 0.1231, ""mV_16"": 0.305, ""mV_17"": 0.5739, ""mV_18"": 0.4922, ""mV_19"": 0.1836, ""mV_20"": 0.0565}"
test_0040,9,ok,nie_dotyczy,0.6738615680309967,1–9 kHz,"mV_1,mV_2,mV_3,mV_4,mV_5,mV_6,mV_7,mV_8,mV_9",3.6474104976463355,podwyższona,0.0,"Werdykt OK, ale najsilniejsze lokalne odstępstwo występuje w paśmie 1–9 kHz; amplituda jest podwyższona.","{""mV_0"": 1.2934, ""mV_1"": 2.6045, ""mV_2"": 3.4218, ""mV_3"": 3.6474, ""mV_4"": 3.4646, ""mV_5"": 3.0764, ""mV_6"": 2.7121, ""mV_7"": 2.4983, ""mV_8"": 2.3137, ""mV_9"": 2.0896, ""mV_10"": 1.9849, ""mV_11"": 1.9325, ""mV_12"": 1.8662, ""mV_13"": 1.8997, ""mV_14"": 1.8995, ""mV_15"": 1.7543, ""mV_16"": 1.5605, ""mV_17"": 1.3983, ""mV_18"": 2.0207, ""mV_19"": 3.1013, ""mV_20"": 2.5022}"
test_0040,10,ok,nie_dotyczy,0.8378327282425974,brak,,0.5604053518413513,brak istotnego odchylenia,0.0,Werdykt OK: brak pasma przekraczającego próg anomalii.,"{""mV_0"": 0.2226, ""mV_1"": 0.2166, ""mV_2"": 0.2128, ""mV_3"": 0.1285, ""mV_4"": 0.0623, ""mV_5"": 0.1731, ""mV_6"": 0.2864, ""mV_7"": 0.264, ""mV_8"": 0.1658, ""mV_9"": 0.0988, ""mV_10"": 0.0534, ""mV_11"": 0.0204, ""mV_12"": 0.0239, ""mV_13"": 0.0305, ""mV_14"": 0.0593, ""mV_15"": 0.1541, ""mV_16"": 0.2502, ""mV_17"": 0.4314, ""mV_18"": 0.5604, ""mV_19"": 0.5361, ""mV_20"": 0.4654}"
test_0040,11,ok,nie_dotyczy,0.7317955431925249,brak,,1.7059431043148787,brak istotnego odchylenia,0.0,Werdykt OK: brak pasma przekraczającego próg anomalii.,"{""mV_0"": 0.1399, ""mV_1"": 0.2406, ""mV_2"": 0.4419, ""mV_3"": 0.7124, ""mV_4"": 0.7916, ""mV_5"": 0.6208, ""mV_6"": 0.5272, ""mV_7"": 0.6911, ""mV_8"": 0.8252, ""mV_9"": 0.8672, ""mV_10"": 0.8716, ""mV_11"": 0.7732, ""mV_12"": 0.6417, ""mV_13"": 0.5799, ""mV_14"": 0.818, ""mV_15"": 1.3686, ""mV_16"": 1.7059, ""mV_17"": 1.567, ""mV_18"": 1.1094, ""mV_19"": 1.1883, ""mV_20"": 1.4377}"
test_0040,12,ok,nie_dotyczy,0.8051338841000213,brak,,1.4578561592080488,brak istotnego odchylenia,0.0,Werdykt OK: brak pasma przekraczającego próg anomalii.,"{""mV_0"": 0.3771, ""mV_1"": 0.4393, ""mV_2"": 0.7487, ""mV_3"": 1.1801, ""mV_4"": 1.345, ""mV_5"": 1.4036, ""mV_6"": 1.4579, ""mV_7"": 1.45, ""mV_8"": 1.1992, ""mV_9"": 0.8649, ""mV_10"": 0.8505, ""mV_11"": 0.9341, ""mV_12"": 0.8825, ""mV_13"": 0.7085, ""mV_14"": 0.5376, ""mV_15"": 0.5147, ""mV_16"": 0.3779, ""mV_17"": 0.1982, ""mV_18"": 0.1805, ""mV_19"": 0.1282, ""mV_20"": 0.0339}"
test_0041,1,ok,nie_dotyczy,0.7879896068578786,brak,,1.595212416033921,brak istotnego odchylenia,0.0,Werdykt OK: brak pasma przekraczającego próg anomalii.,"{""mV_0"": 1.2646, ""mV_1"": 1.4906, ""mV_2"": 1.1666, ""mV_3"": 0.9434, ""mV_4"": 0.8525, ""mV_5"": 0.829, ""mV_6"": 0.9021, ""mV_7"": 1.0493, ""mV_8"": 1.2118, ""mV_9"": 1.4059, ""mV_10"": 1.5729, ""mV_11"": 1.5952, ""mV_12"": 1.5698, ""mV_13"": 1.5231, ""mV_14"": 1.3774, ""mV_15"": 1.1932, ""mV_16"": 1.0213, ""mV_17"": 1.1044, ""mV_18"": 1.2464, ""mV_19"": 0.9732, ""mV_20"": 0.5095}"
test_0041,2,ok,nie_dotyczy,0.7773078062219512,brak,,0.9902652992158659,brak istotnego odchylenia,0.0,Werdykt OK: brak pasma przekraczającego próg anomalii.,"{""mV_0"": 0.115, ""mV_1"": 0.244, ""mV_2"": 0.3298, ""mV_3"": 0.4504, ""mV_4"": 0.6035, ""mV_5"": 0.7121, ""mV_6"": 0.7707, ""mV_7"": 0.7789, ""mV_8"": 0.8977, ""mV_9"": 0.9903, ""mV_10"": 0.7303, ""mV_11"": 0.4424, ""mV_12"": 0.4534, ""mV_13"": 0.5619, ""mV_14"": 0.5844, ""mV_15"": 0.601, ""mV_16"": 0.6494, ""mV_17"": 0.6839, ""mV_18"": 0.6886, ""mV_19"": 0.7518, ""mV_20"": 0.6588}"
test_0041,3,ok,nie_dotyczy,0.7611640352848179,16–18 kHz,"mV_16,mV_17,mV_18",2.864238234332182,podwyższona,0.0,"Werdykt OK, ale najsilniejsze lokalne odstępstwo występuje w paśmie 16–18 kHz; amplituda jest podwyższona.","{""mV_0"": 0.5517, ""mV_1"": 0.8167, ""mV_2"": 0.806, ""mV_3"": 0.7935, ""mV_4"": 0.897, ""mV_5"": 0.9825, ""mV_6"": 1.0495, ""mV_7"": 1.1777, ""mV_8"": 1.1996, ""mV_9"": 0.9841, ""mV_10"": 0.5922, ""mV_11"": 0.2732, ""mV_12"": 0.2595, ""mV_13"": 0.533, ""mV_14"": 0.9787, ""mV_15"": 1.689, ""mV_16"": 2.5266, ""mV_17"": 2.8642, ""mV_18"": 2.4826, ""mV_19"": 1.9816, ""mV_20"": 1.3885}"
test_0041,4,ok,nie_dotyczy,0.7441642739930355,15–19 kHz,"mV_15,mV_16,mV_17,mV_18,mV_19",3.2162086884568453,podwyższona,0.0,"Werdykt OK, ale najsilniejsze lokalne odstępstwo występuje w paśmie 15–19 kHz; amplituda jest podwyższona.","{""mV_0"": 1.6567, ""mV_1"": 2.1904, ""mV_2"": 2.6044, ""mV_3"": 3.0685, ""mV_4"": 3.0863, ""mV_5"": 2.9063, ""mV_6"": 2.698, ""mV_7"": 2.4818, ""mV_8"": 2.3442, ""mV_9"": 2.1383, ""mV_10"": 1.8062, ""mV_11"": 1.6301, ""mV_12"": 1.5868, ""mV_13"": 1.6185, ""mV_14"": 1.8906, ""mV_15"": 2.4327, ""mV_16"": 3.0506, ""mV_17"": 3.2162, ""mV_18"": 2.7767, ""mV_19"": 2.2616, ""mV_20"": 1.5527}"
test_0041,5,ok,nie_dotyczy,0.7965764659295375,brak,,1.0537142311407492,brak istotnego odchylenia,0.0,Werdykt OK: brak pasma przekraczającego próg anomalii.,"{""mV_0"": 0.0296, ""mV_1"": 0.183, ""mV_2"": 0.5978, ""mV_3"": 1.0537, ""mV_4"": 1.033, ""mV_5"": 0.5755, ""mV_6"": 0.2249, ""mV_7"": 0.1577, ""mV_8"": 0.1577, ""mV_9"": 0.1307, ""mV_10"": 0.209, ""mV_11"": 0.3765, ""mV_12"": 0.3716, ""mV_13"": 0.2094, ""mV_14"": 0.1806, ""mV_15"": 0.2416, ""mV_16"": 0.1924, ""mV_17"": 0.1002, ""mV_18"": 0.0604, ""mV_19"": 0.109, ""mV_20"": 0.1572}"
test_0041,6,ok,nie_dotyczy,0.717300697199023,brak,,1.9766829072972396,brak istotnego odchylenia,0.0,Werdykt OK: brak pasma przekraczającego próg anomalii.,"{""mV_0"": 0.8488, ""mV_1"": 1.7766, ""mV_2"": 1.9767, ""mV_3"": 0.8441, ""mV_4"": 0.0827, ""mV_5"": 0.0697, ""mV_6"": 0.0594, ""mV_7"": 0.0974, ""mV_8"": 0.1473, ""mV_9"": 0.2991, ""mV_10"": 0.5986, ""mV_11"": 0.8307, ""mV_12"": 0.71, ""mV_13"": 0.3195, ""mV_14"": 0.1058, ""mV_15"": 0.4511, ""mV_16"": 1.2727, ""mV_17"": 1.854, ""mV_18"": 1.6584, ""mV_19"": 1.066, ""mV_20"": 0.5588}"
test_0041,7,ok,nie_dotyczy,0.7649467623209396,brak,,1.2396780810172643,brak istotnego odchylenia,0.0,Werdykt OK: brak pasma przekraczającego próg anomalii.,"{""mV_0"": 1.1122, ""mV_1"": 1.0537, ""mV_2"": 0.5487, ""mV_3"": 0.6111, ""mV_4"": 0.7007, ""mV_5"": 0.4503, ""mV_6"": 0.4212, ""mV_7"": 0.7186, ""mV_8"": 1.0089, ""mV_9"": 1.1746, ""mV_10"": 1.0725, ""mV_11"": 0.8986, ""mV_12"": 0.9529, ""mV_13"": 1.1332, ""mV_14"": 1.2397, ""mV_15"": 1.0732, ""mV_16"": 0.6358, ""mV_17"": 0.2936, ""mV_18"": 0.2639, ""mV_19"": 0.3115, ""mV_20"": 0.2077}"
test_0041,8,ok,nie_dotyczy,0.8238189022774884,brak,,0.4164243844510694,brak istotnego odchylenia,0.0,Werdykt OK: brak pasma przekraczającego próg anomalii.,"{""mV_0"": 0.2447, ""mV_1"": 0.1806, ""mV_2"": 0.0418, ""mV_3"": 0.0101, ""mV_4"": 0.0204, ""mV_5"": 0.0766, ""mV_6"": 0.205, ""mV_7"": 0.3391, ""mV_8"": 0.4059, ""mV_9"": 0.4164, ""mV_10"": 0.4079, ""mV_11"": 0.3429, ""mV_12"": 0.2067, ""mV_13"": 0.2165, ""mV_14"": 0.3725, ""mV_15"": 0.3204, ""mV_16"": 0.1291, ""mV_17"": 0.0604, ""mV_18"": 0.0986, ""mV_19"": 0.1331, ""mV_20"": 0.0942}"
test_0042,1,ok,nie_dotyczy,0.8660358909591609,brak,,1.021992846620109,brak istotnego odchylenia,0.0,Werdykt OK: brak pasma przekraczającego próg anomalii.,"{""mV_0"": 0.5851, ""mV_1"": 0.7332, ""mV_2"": 0.389, ""mV_3"": 0.1244, ""mV_4"": 0.0977, ""mV_5"": 0.1616, ""mV_6"": 0.3644, ""mV_7"": 0.5276, ""mV_8"": 0.4568, ""mV_9"": 0.3425, ""mV_10"": 0.2914, ""mV_11"": 0.2022, ""mV_12"": 0.0916, ""mV_13"": 0.0469, ""mV_14"": 0.1765, ""mV_15"": 0.41, ""mV_16"": 0.5974, ""mV_17"": 0.7348, ""mV_18"": 0.9406, ""mV_19"": 1.022, ""mV_20"": 0.6044}"
test_0042,2,ok,nie_dotyczy,0.8003365721921435,brak,,0.9141470527413789,brak istotnego odchylenia,0.0,Werdykt OK: brak pasma przekraczającego próg anomalii.,"{""mV_0"": 0.0474, ""mV_1"": 0.0343, ""mV_2"": 0.0383, ""mV_3"": 0.1474, ""mV_4"": 0.2851, ""mV_5"": 0.3876, ""mV_6"": 0.6258, ""mV_7"": 0.9141, ""mV_8"": 0.8921, ""mV_9"": 0.6083, ""mV_10"": 0.3843, ""mV_11"": 0.2707, ""mV_12"": 0.2347, ""mV_13"": 0.2687, ""mV_14"": 0.2676, ""mV_15"": 0.2251, ""mV_16"": 0.223, ""mV_17"": 0.3424, ""mV_18"": 0.6198, ""mV_19"": 0.7106, ""mV_20"": 0.3733}"
test_0042,3,ok,nie_dotyczy,0.833608718820505,brak,,1.0430875218584157,brak istotnego odchylenia,0.0,Werdykt OK: brak pasma przekraczającego próg anomalii.,"{""mV_0"": 0.7921, ""mV_1"": 0.7166, ""mV_2"": 0.339, ""mV_3"": 0.2332, ""mV_4"": 0.3563, ""mV_5"": 0.4749, ""mV_6"": 0.6613, ""mV_7"": 0.9425, ""mV_8"": 1.0431, ""mV_9"": 0.977, ""mV_10"": 0.9046, ""mV_11"": 0.7843, ""mV_12"": 0.5513, ""mV_13"": 0.3061, ""mV_14"": 0.2296, ""mV_15"": 0.224, ""mV_16"": 0.0975, ""mV_17"": 0.0031, ""mV_18"": 0.2235, ""mV_19"": 0.6179, ""mV_20"": 0.5735}"
test_0042,4,iglica,srednie,0.7892789623450674,7–15 kHz,"mV_7,mV_8,mV_9,mV_10,mV_11,mV_12,mV_13,mV_14,mV_15",6.277753721319779,obniżona,0.96153103139513,Podejrzenie iglica: najbardziej nietypowe jest pasmo 7–15 kHz; amplituda jest obniżona względem zdrowej referencji.,"{""mV_0"": 1.9029, ""mV_1"": 1.1631, ""mV_2"": 0.4542, ""mV_3"": 0.8291, ""mV_4"": 1.0637, ""mV_5"": 1.5837, ""mV_6"": 2.6703, ""mV_7"": 3.6421, ""mV_8"": 4.7632, ""mV_9"": 5.8153, ""mV_10"": 6.0413, ""mV_11"": 5.8667, ""mV_12"": 5.8298, ""mV_13"": 6.2095, ""mV_14"": 6.2778, ""mV_15"": 4.8826, ""mV_16"": 3.1888, ""mV_17"": 2.0022, ""mV_18"": 1.3709, ""mV_19"": 2.4419, ""mV_20"": 2.8721}"
test_0042,5,ok,nie_dotyczy,0.7356987334264677,18 kHz,mV_18,2.4245402788862798,obniżona,0.0,"Werdykt OK, ale najsilniejsze lokalne odstępstwo występuje w paśmie 18 kHz; amplituda jest obniżona.","{""mV_0"": 0.1577, ""mV_1"": 0.1677, ""mV_2"": 0.2165, ""mV_3"": 0.4257, ""mV_4"": 0.7049, ""mV_5"": 1.0435, ""mV_6"": 1.1549, ""mV_7"": 0.8942, ""mV_8"": 0.7298, ""mV_9"": 0.8529, ""mV_10"": 0.9858, ""mV_11"": 0.9312, ""mV_12"": 0.7356, ""mV_13"": 0.5977, ""mV_14"": 0.5124, ""mV_15"": 0.3262, ""mV_16"": 0.6477, ""mV_17"": 1.6844, ""mV_18"": 2.4245, ""mV_19"": 1.9924, ""mV_20"": 0.7353}"
test_0042,6,unknown,nie_dotyczy,0.6983994695124864,12–15 kHz,"mV_12,mV_13,mV_14,mV_15",9.979710145782365,obniżona,0.2641319905227102,Podejrzenie unknown: najbardziej nietypowe jest pasmo 12–15 kHz; amplituda jest obniżona względem zdrowej referencji.,"{""mV_0"": 4.0124, ""mV_1"": 4.5214, ""mV_2"": 5.5401, ""mV_3"": 7.7969, ""mV_4"": 9.3352, ""mV_5"": 9.6634, ""mV_6"": 7.684, ""mV_7"": 4.3488, ""mV_8"": 2.4634, ""mV_9"": 2.1921, ""mV_10"": 2.4508, ""mV_11"": 4.5853, ""mV_12"": 8.3348, ""mV_13"": 9.9797, ""mV_14"": 8.7476, ""mV_15"": 6.4596, ""mV_16"": 4.217, ""mV_17"": 2.7889, ""mV_18"": 2.4878, ""mV_19"": 2.3556, ""mV_20"": 1.4466}"
test_0042,7,ok,nie_dotyczy,0.7530803655621122,18 kHz,mV_18,2.1965545984358266,obniżona,0.0,"Werdykt OK, ale najsilniejsze lokalne odstępstwo występuje w paśmie 18 kHz; amplituda jest obniżona.","{""mV_0"": 0.1982, ""mV_1"": 0.418, ""mV_2"": 0.3333, ""mV_3"": 0.1712, ""mV_4"": 0.3684, ""mV_5"": 0.7432, ""mV_6"": 0.7874, ""mV_7"": 0.4375, ""mV_8"": 0.1302, ""mV_9"": 0.0377, ""mV_10"": 0.0965, ""mV_11"": 0.2708, ""mV_12"": 0.3383, ""mV_13"": 0.1988, ""mV_14"": 0.1464, ""mV_15"": 0.3322, ""mV_16"": 0.9171, ""mV_17"": 1.866, ""mV_18"": 2.1966, ""mV_19"": 1.6001, ""mV_20"": 0.8041}"
test_0042,8,ok,nie_dotyczy,0.7273484940309061,brak,,1.5786150443070832,brak istotnego odchylenia,0.0,Werdykt OK: brak pasma przekraczającego próg anomalii.,"{""mV_0"": 1.5786, ""mV_1"": 0.8486, ""mV_2"": 0.0882, ""mV_3"": 0.0892, ""mV_4"": 0.1008, ""mV_5"": 0.07, ""mV_6"": 0.1781, ""mV_7"": 0.4612, ""mV_8"": 0.5683, ""mV_9"": 0.4248, ""mV_10"": 0.2409, ""mV_11"": 0.2236, ""mV_12"": 0.3776, ""mV_13"": 0.4477, ""mV_14"": 0.4585, ""mV_15"": 0.5129, ""mV_16"": 0.4935, ""mV_17"": 0.6544, ""mV_18"": 0.9404, ""mV_19"": 0.8569, ""mV_20"": 0.5054}"
test_0042,9,ok,nie_dotyczy,0.8196286607923131,14 kHz,mV_14,2.0162572411378563,podwyższona,0.0,"Werdykt OK, ale najsilniejsze lokalne odstępstwo występuje w paśmie 14 kHz; amplituda jest podwyższona.","{""mV_0"": 0.612, ""mV_1"": 0.5294, ""mV_2"": 0.348, ""mV_3"": 0.4603, ""mV_4"": 0.7258, ""mV_5"": 1.1406, ""mV_6"": 1.3418, ""mV_7"": 1.1196, ""mV_8"": 0.9595, ""mV_9"": 1.0003, ""mV_10"": 1.0398, ""mV_11"": 1.2345, ""mV_12"": 1.6112, ""mV_13"": 1.9102, ""mV_14"": 2.0163, ""mV_15"": 1.898, ""mV_16"": 1.6185, ""mV_17"": 1.5062, ""mV_18"": 1.4113, ""mV_19"": 1.0588, ""mV_20"": 0.6548}"
test_0042,10,ok,nie_dotyczy,0.7691414152751218,brak,,1.032350257126323,brak istotnego odchylenia,0.0,Werdykt OK: brak pasma przekraczającego próg anomalii.,"{""mV_0"": 0.1235, ""mV_1"": 0.2403, ""mV_2"": 0.2714, ""mV_3"": 0.5317, ""mV_4"": 0.7763, ""mV_5"": 0.6281, ""mV_6"": 0.572, ""mV_7"": 0.8369, ""mV_8"": 0.9536, ""mV_9"": 0.9091, ""mV_10"": 1.0029, ""mV_11"": 1.0324, ""mV_12"": 0.8548, ""mV_13"": 0.7861, ""mV_14"": 0.9039, ""mV_15"": 0.762, ""mV_16"": 0.3139, ""mV_17"": 0.062, ""mV_18"": 0.1879, ""mV_19"": 0.3759, ""mV_20"": 0.2675}"
test_0042,11,ok,nie_dotyczy,0.7795251347061636,13–18 kHz,"mV_13,mV_14,mV_15,mV_16,mV_17,mV_18",3.343769430533115,podwyższona,0.0,"Werdykt OK, ale najsilniejsze lokalne odstępstwo występuje w paśmie 13–18 kHz; amplituda jest podwyższona.","{""mV_0"": 0.8298, ""mV_1"": 0.9785, ""mV_2"": 1.0354, ""mV_3"": 1.2351, ""mV_4"": 1.4566, ""mV_5"": 1.9014, ""mV_6"": 2.1728, ""mV_7"": 1.9255, ""mV_8"": 1.674, ""mV_9"": 1.63, ""mV_10"": 1.5913, ""mV_11"": 1.6647, ""mV_12"": 1.893, ""mV_13"": 2.2251, ""mV_14"": 2.7202, ""mV_15"": 3.222, ""mV_16"": 3.3438, ""mV_17"": 2.9283, ""mV_18"": 2.1313, ""mV_19"": 1.5567, ""mV_20"": 1.1989}"
test_0042,12,ok,nie_dotyczy,0.807557494852086,brak,,1.7963170405751867,brak istotnego odchylenia,0.0,Werdykt OK: brak pasma przekraczającego próg anomalii.,"{""mV_0"": 1.1257, ""mV_1"": 1.116, ""mV_2"": 0.8268, ""mV_3"": 0.8317, ""mV_4"": 0.8765, ""mV_5"": 1.0977, ""mV_6"": 1.3292, ""mV_7"": 1.2839, ""mV_8"": 1.2278, ""mV_9"": 1.187, ""mV_10"": 0.9884, ""mV_11"": 0.8243, ""mV_12"": 0.9746, ""mV_13"": 1.4547, ""mV_14"": 1.7963, ""mV_15"": 1.5845, ""mV_16"": 1.0744, ""mV_17"": 0.6225, ""mV_18"": 0.6868, ""mV_19"": 1.1637, ""mV_20"": 0.9797}"
test_0043,1,ok,nie_dotyczy,0.7653970280075892,brak,,1.327731952746852,brak istotnego odchylenia,0.0,Werdykt OK: brak pasma przekraczającego próg anomalii.,"{""mV_0"": 0.1389, ""mV_1"": 0.6517, ""mV_2"": 1.1309, ""mV_3"": 0.5745, ""mV_4"": 0.0444, ""mV_5"": 0.1572, ""mV_6"": 0.5163, ""mV_7"": 0.7902, ""mV_8"": 0.6248, ""mV_9"": 0.4758, ""mV_10"": 0.6639, ""mV_11"": 0.8407, ""mV_12"": 0.7314, ""mV_13"": 0.6181, ""mV_14"": 0.6419, ""mV_15"": 0.5581, ""mV_16"": 0.4681, ""mV_17"": 0.6334, ""mV_18"": 1.0159, ""mV_19"": 1.3277, ""mV_20"": 1.0744}"
test_0043,2,ok,nie_dotyczy,0.7638432832911622,brak,,1.934441039627878,brak istotnego odchylenia,0.0,Werdykt OK: brak pasma przekraczającego próg anomalii.,"{""mV_0"": 0.1587, ""mV_1"": 0.5015, ""mV_2"": 1.2076, ""mV_3"": 1.8702, ""mV_4"": 1.9252, ""mV_5"": 1.6979, ""mV_6"": 1.6072, ""mV_7"": 1.4336, ""mV_8"": 1.0291, ""mV_9"": 0.5615, ""mV_10"": 0.2051, ""mV_11"": 0.1671, ""mV_12"": 0.4651, ""mV_13"": 1.0333, ""mV_14"": 1.6375, ""mV_15"": 1.8915, ""mV_16"": 1.9344, ""mV_17"": 1.9065, ""mV_18"": 1.7284, ""mV_19"": 1.6241, ""mV_20"": 1.2456}"
test_0043,3,ok,nie_dotyczy,0.712485959485388,13–14 kHz,"mV_13,mV_14",2.163497552039677,obniżona,0.0,"Werdykt OK, ale najsilniejsze lokalne odstępstwo występuje w paśmie 13–14 kHz; amplituda jest obniżona.","{""mV_0"": 0.3992, ""mV_1"": 0.5783, ""mV_2"": 0.9799, ""mV_3"": 1.2831, ""mV_4"": 1.3089, ""mV_5"": 1.3444, ""mV_6"": 1.4676, ""mV_7"": 1.5546, ""mV_8"": 1.4418, ""mV_9"": 1.2485, ""mV_10"": 1.1572, ""mV_11"": 1.2569, ""mV_12"": 1.5509, ""mV_13"": 2.0038, ""mV_14"": 2.1635, ""mV_15"": 1.6636, ""mV_16"": 1.1228, ""mV_17"": 1.1252, ""mV_18"": 1.5006, ""mV_19"": 1.8911, ""mV_20"": 1.5876}"
test_0043,4,ok,nie_dotyczy,0.7671055503526699,brak,,1.7968277375409527,brak istotnego odchylenia,0.0,Werdykt OK: brak pasma przekraczającego próg anomalii.,"{""mV_0"": 0.0371, ""mV_1"": 0.0292, ""mV_2"": 0.3253, ""mV_3"": 1.0139, ""mV_4"": 1.4418, ""mV_5"": 1.466, ""mV_6"": 1.3243, ""mV_7"": 1.225, ""mV_8"": 1.321, ""mV_9"": 1.2126, ""mV_10"": 0.7004, ""mV_11"": 0.2405, ""mV_12"": 0.1759, ""mV_13"": 0.2638, ""mV_14"": 0.4511, ""mV_15"": 1.0925, ""mV_16"": 1.7968, ""mV_17"": 1.7158, ""mV_18"": 1.1422, ""mV_19"": 0.8688, ""mV_20"": 0.6434}"
test_0043,5,ok,nie_dotyczy,0.7658879914718812,3 kHz,mV_3,2.0139259039092257,obniżona,0.0,"Werdykt OK, ale najsilniejsze lokalne odstępstwo występuje w paśmie 3 kHz; amplituda jest obniżona.","{""mV_0"": 0.4323, ""mV_1"": 0.589, ""mV_2"": 1.2843, ""mV_3"": 2.0139, ""mV_4"": 1.9578, ""mV_5"": 1.6127, ""mV_6"": 1.5644, ""mV_7"": 1.5691, ""mV_8"": 1.2706, ""mV_9"": 0.8626, ""mV_10"": 0.6333, ""mV_11"": 0.7206, ""mV_12"": 1.0422, ""mV_13"": 1.468, ""mV_14"": 1.7514, ""mV_15"": 1.6938, ""mV_16"": 1.6218, ""mV_17"": 1.6082, ""mV_18"": 1.4957, ""mV_19"": 1.3794, ""mV_20"": 0.9639}"
test_0043,6,ok,nie_dotyczy,0.7693136214726457,brak,,1.4371766402829809,brak istotnego odchylenia,0.0,Werdykt OK: brak pasma przekraczającego próg anomalii.,"{""mV_0"": 0.3072, ""mV_1"": 0.592, ""mV_2"": 0.9841, ""mV_3"": 1.4042, ""mV_4"": 1.4162, ""mV_5"": 1.2487, ""mV_6"": 1.06, ""mV_7"": 0.9425, ""mV_8"": 1.1256, ""mV_9"": 1.1849, ""mV_10"": 0.8467, ""mV_11"": 0.399, ""mV_12"": 0.1654, ""mV_13"": 0.1358, ""mV_14"": 0.5499, ""mV_15"": 1.2721, ""mV_16"": 1.4372, ""mV_17"": 1.0371, ""mV_18"": 0.5942, ""mV_19"": 0.5258, ""mV_20"": 0.5397}"
test_0043,7,ok,nie_dotyczy,0.8241762219278347,brak,,0.7757087179723077,brak istotnego odchylenia,0.0,Werdykt OK: brak pasma przekraczającego próg anomalii.,"{""mV_0"": 0.5591, ""mV_1"": 0.7757, ""mV_2"": 0.3963, ""mV_3"": 0.3299, ""mV_4"": 0.5506, ""mV_5"": 0.3751, ""mV_6"": 0.1513, ""mV_7"": 0.1415, ""mV_8"": 0.2104, ""mV_9"": 0.3996, ""mV_10"": 0.6276, ""mV_11"": 0.7167, ""mV_12"": 0.731, ""mV_13"": 0.7083, ""mV_14"": 0.4993, ""mV_15"": 0.1921, ""mV_16"": 0.0768, ""mV_17"": 0.0708, ""mV_18"": 0.048, ""mV_19"": 0.1297, ""mV_20"": 0.1951}"
test_0043,8,unknown,nie_dotyczy,0.7127587894115304,14–20 kHz,"mV_14,mV_15,mV_16,mV_17,mV_18,mV_19,mV_20",9.148749652751807,podwyższona,0.27009850935893,Podejrzenie unknown: najbardziej nietypowe jest pasmo 14–20 kHz; amplituda jest podwyższona względem zdrowej referencji.,"{""mV_0"": 1.9363, ""mV_1"": 1.2813, ""mV_2"": 0.5392, ""mV_3"": 1.4357, ""mV_4"": 3.0836, ""mV_5"": 4.6219, ""mV_6"": 5.6691, ""mV_7"": 5.883, ""mV_8"": 5.296, ""mV_9"": 4.2516, ""mV_10"": 2.7091, ""mV_11"": 1.5152, ""mV_12"": 1.939, ""mV_13"": 3.6649, ""mV_14"": 5.77, ""mV_15"": 7.6763, ""mV_16"": 8.6609, ""mV_17"": 8.4868, ""mV_18"": 8.3424, ""mV_19"": 9.1487, ""mV_20"": 7.4647}"
test_0043,9,ok,nie_dotyczy,0.8515844080611926,brak,,0.9398255713208005,brak istotnego odchylenia,0.0,Werdykt OK: brak pasma przekraczającego próg anomalii.,"{""mV_0"": 0.0796, ""mV_1"": 0.1944, ""mV_2"": 0.2062, ""mV_3"": 0.1248, ""mV_4"": 0.2521, ""mV_5"": 0.617, ""mV_6"": 0.8341, ""mV_7"": 0.7969, ""mV_8"": 0.7912, ""mV_9"": 0.8854, ""mV_10"": 0.9398, ""mV_11"": 0.9098, ""mV_12"": 0.8805, ""mV_13"": 0.7197, ""mV_14"": 0.3712, ""mV_15"": 0.198, ""mV_16"": 0.3391, ""mV_17"": 0.4043, ""mV_18"": 0.1998, ""mV_19"": 0.1064, ""mV_20"": 0.1403}"
test_0043,10,zakoksowany,male,0.7230635682057366,13–18 kHz,"mV_13,mV_14,mV_15,mV_16,mV_17,mV_18",5.5699038086055666,podwyższona,0.9883607222353276,Podejrzenie zakoksowany: najbardziej nietypowe jest pasmo 13–18 kHz; amplituda jest podwyższona względem zdrowej referencji.,"{""mV_0"": 1.335, ""mV_1"": 1.6814, ""mV_2"": 1.1464, ""mV_3"": 0.9988, ""mV_4"": 0.8589, ""mV_5"": 0.3826, ""mV_6"": 0.202, ""mV_7"": 0.4742, ""mV_8"": 1.938, ""mV_9"": 3.1713, ""mV_10"": 2.2903, ""mV_11"": 1.7334, ""mV_12"": 2.6446, ""mV_13"": 3.4915, ""mV_14"": 4.285, ""mV_15"": 5.2953, ""mV_16"": 5.5699, ""mV_17"": 4.5839, ""mV_18"": 3.2636, ""mV_19"": 2.4852, ""mV_20"": 1.7124}"
test_0043,11,ok,nie_dotyczy,0.7808715108676632,3–6 kHz,"mV_3,mV_4,mV_5,mV_6",2.7315479880683324,podwyższona,0.0,"Werdykt OK, ale najsilniejsze lokalne odstępstwo występuje w paśmie 3–6 kHz; amplituda jest podwyższona.","{""mV_0"": 0.2718, ""mV_1"": 0.4275, ""mV_2"": 1.1211, ""mV_3"": 2.2013, ""mV_4"": 2.7315, ""mV_5"": 2.622, ""mV_6"": 2.1171, ""mV_7"": 1.5831, ""mV_8"": 1.4123, ""mV_9"": 1.2627, ""mV_10"": 0.9178, ""mV_11"": 0.6862, ""mV_12"": 0.6908, ""mV_13"": 0.6245, ""mV_14"": 0.5126, ""mV_15"": 0.7523, ""mV_16"": 1.1617, ""mV_17"": 1.276, ""mV_18"": 1.0368, ""mV_19"": 0.6933, ""mV_20"": 0.3603}"
test_0043,12,ok,nie_dotyczy,0.7628325739772177,brak,,1.3326886693713969,brak istotnego odchylenia,0.0,Werdykt OK: brak pasma przekraczającego próg anomalii.,"{""mV_0"": 0.0626, ""mV_1"": 0.2506, ""mV_2"": 0.4798, ""mV_3"": 0.4033, ""mV_4"": 0.1876, ""mV_5"": 0.17, ""mV_6"": 0.2086, ""mV_7"": 0.1827, ""mV_8"": 0.1829, ""mV_9"": 0.1805, ""mV_10"": 0.3334, ""mV_11"": 0.6367, ""mV_12"": 0.8331, ""mV_13"": 1.0443, ""mV_14"": 1.0948, ""mV_15"": 0.6406, ""mV_16"": 0.1527, ""mV_17"": 0.2744, ""mV_18"": 0.8606, ""mV_19"": 1.3327, ""mV_20"": 1.1398}"
test_0044,1,ok,nie_dotyczy,0.8048449897146481,brak,,1.910384447189498,brak istotnego odchylenia,0.0,Werdykt OK: brak pasma przekraczającego próg anomalii.,"{""mV_0"": 0.2443, ""mV_1"": 0.9237, ""mV_2"": 1.5672, ""mV_3"": 1.7064, ""mV_4"": 1.7758, ""mV_5"": 1.9104, ""mV_6"": 1.8254, ""mV_7"": 1.5391, ""mV_8"": 1.2296, ""mV_9"": 0.784, ""mV_10"": 0.3766, ""mV_11"": 0.4019, ""mV_12"": 0.6582, ""mV_13"": 0.7742, ""mV_14"": 0.5617, ""mV_15"": 0.4622, ""mV_16"": 0.8493, ""mV_17"": 1.0308, ""mV_18"": 0.7016, ""mV_19"": 0.4087, ""mV_20"": 0.2381}"
test_0044,2,lejacy,duze,0.7120328260132913,4–20 kHz,"mV_4,mV_5,mV_6,mV_7,mV_8,mV_9,mV_10,mV_11,mV_12,mV_13,mV_14,mV_15,mV_16,mV_17,mV_18,mV_19,mV_20",15.457417360637466,obniżona,0.9922746608949496,Podejrzenie lejacy: najbardziej nietypowe jest pasmo 4–20 kHz; amplituda jest obniżona względem zdrowej referencji.,"{""mV_0"": 0.5852, ""mV_1"": 1.0432, ""mV_2"": 3.1778, ""mV_3"": 6.7183, ""mV_4"": 9.4185, ""mV_5"": 10.7833, ""mV_6"": 11.0549, ""mV_7"": 11.2415, ""mV_8"": 12.2074, ""mV_9"": 13.1255, ""mV_10"": 13.7479, ""mV_11"": 14.6054, ""mV_12"": 15.0016, ""mV_13"": 14.7419, ""mV_14"": 14.9431, ""mV_15"": 15.4574, ""mV_16"": 15.2713, ""mV_17"": 13.982, ""mV_18"": 13.1342, ""mV_19"": 14.5067, ""mV_20"": 12.1949}"
test_0044,3,ok,nie_dotyczy,0.7670437306793266,19 kHz,mV_19,2.1381358124357766,obniżona,0.0,"Werdykt OK, ale najsilniejsze lokalne odstępstwo występuje w paśmie 19 kHz; amplituda jest obniżona.","{""mV_0"": 1.0254, ""mV_1"": 1.2374, ""mV_2"": 1.0986, ""mV_3"": 0.9942, ""mV_4"": 1.0226, ""mV_5"": 1.2196, ""mV_6"": 1.5275, ""mV_7"": 1.7857, ""mV_8"": 1.9052, ""mV_9"": 1.995, ""mV_10"": 2.0315, ""mV_11"": 1.9305, ""mV_12"": 1.7952, ""mV_13"": 1.8336, ""mV_14"": 1.8946, ""mV_15"": 1.6522, ""mV_16"": 1.2643, ""mV_17"": 1.2581, ""mV_18"": 1.7154, ""mV_19"": 2.1381, ""mV_20"": 1.7422}"
test_0044,4,ok,nie_dotyczy,0.8425688462113298,brak,,1.6861389660682695,brak istotnego odchylenia,0.0,Werdykt OK: brak pasma przekraczającego próg anomalii.,"{""mV_0"": 0.6131, ""mV_1"": 0.77, ""mV_2"": 1.1092, ""mV_3"": 1.6124, ""mV_4"": 1.6861, ""mV_5"": 1.5032, ""mV_6"": 1.3589, ""mV_7"": 1.2715, ""mV_8"": 1.2913, ""mV_9"": 1.3901, ""mV_10"": 1.3343, ""mV_11"": 1.0652, ""mV_12"": 0.8898, ""mV_13"": 0.9972, ""mV_14"": 1.0277, ""mV_15"": 0.6465, ""mV_16"": 0.2445, ""mV_17"": 0.4061, ""mV_18"": 0.9907, ""mV_19"": 1.3761, ""mV_20"": 1.0945}"
test_0044,5,ok,nie_dotyczy,0.8466836542857817,brak,,1.3415326704084243,brak istotnego odchylenia,0.0,Werdykt OK: brak pasma przekraczającego próg anomalii.,"{""mV_0"": 0.1243, ""mV_1"": 0.1565, ""mV_2"": 0.2998, ""mV_3"": 0.6815, ""mV_4"": 0.9366, ""mV_5"": 0.857, ""mV_6"": 0.7464, ""mV_7"": 0.8482, ""mV_8"": 0.9932, ""mV_9"": 1.0904, ""mV_10"": 1.2093, ""mV_11"": 1.3415, ""mV_12"": 1.2673, ""mV_13"": 1.0695, ""mV_14"": 0.9315, ""mV_15"": 0.7056, ""mV_16"": 0.3938, ""mV_17"": 0.3047, ""mV_18"": 0.596, ""mV_19"": 0.9067, ""mV_20"": 0.7602}"
test_0044,6,ok,nie_dotyczy,0.8177373390276517,brak,,0.6983425541684115,brak istotnego odchylenia,0.0,Werdykt OK: brak pasma przekraczającego próg anomalii.,"{""mV_0"": 0.4998, ""mV_1"": 0.6393, ""mV_2"": 0.5388, ""mV_3"": 0.5381, ""mV_4"": 0.5956, ""mV_5"": 0.6022, ""mV_6"": 0.5477, ""mV_7"": 0.3954, ""mV_8"": 0.2476, ""mV_9"": 0.1798, ""mV_10"": 0.1491, ""mV_11"": 0.1105, ""mV_12"": 0.0799, ""mV_13"": 0.0643, ""mV_14"": 0.086, ""mV_15"": 0.2663, ""mV_16"": 0.5937, ""mV_17"": 0.6983, ""mV_18"": 0.4673, ""mV_19"": 0.3036, ""mV_20"": 0.2253}"
test_0044,7,ok,nie_dotyczy,0.8024216720053862,brak,,1.0382826613930376,brak istotnego odchylenia,0.0,Werdykt OK: brak pasma przekraczającego próg anomalii.,"{""mV_0"": 0.5174, ""mV_1"": 0.6988, ""mV_2"": 0.8159, ""mV_3"": 0.9937, ""mV_4"": 0.9587, ""mV_5"": 0.7974, ""mV_6"": 0.7026, ""mV_7"": 0.7117, ""mV_8"": 0.6473, ""mV_9"": 0.5237, ""mV_10"": 0.6022, ""mV_11"": 0.7246, ""mV_12"": 0.8096, ""mV_13"": 0.9742, ""mV_14"": 1.0383, ""mV_15"": 0.7373, ""mV_16"": 0.2787, ""mV_17"": 0.2179, ""mV_18"": 0.4327, ""mV_19"": 0.5096, ""mV_20"": 0.4197}"
test_0044,8,ok,nie_dotyczy,0.7829470610928855,16–17 kHz,"mV_16,mV_17",2.4441229544117764,obniżona,0.0,"Werdykt OK, ale najsilniejsze lokalne odstępstwo występuje w paśmie 16–17 kHz; amplituda jest obniżona.","{""mV_0"": 0.6889, ""mV_1"": 0.9992, ""mV_2"": 1.1747, ""mV_3"": 1.2905, ""mV_4"": 1.4135, ""mV_5"": 1.628, ""mV_6"": 1.7853, ""mV_7"": 1.7547, ""mV_8"": 1.5668, ""mV_9"": 1.2181, ""mV_10"": 0.8089, ""mV_11"": 0.653, ""mV_12"": 0.8457, ""mV_13"": 1.2011, ""mV_14"": 1.3849, ""mV_15"": 1.6995, ""mV_16"": 2.4131, ""mV_17"": 2.4441, ""mV_18"": 1.7163, ""mV_19"": 1.3844, ""mV_20"": 1.1019}"
test_0044,9,ok,nie_dotyczy,0.8285391387302365,brak,,0.7728871392588818,brak istotnego odchylenia,0.0,Werdykt OK: brak pasma przekraczającego próg anomalii.,"{""mV_0"": 0.1668, ""mV_1"": 0.1056, ""mV_2"": 0.0478, ""mV_3"": 0.1012, ""mV_4"": 0.2041, ""mV_5"": 0.2804, ""mV_6"": 0.3189, ""mV_7"": 0.2942, ""mV_8"": 0.2198, ""mV_9"": 0.2315, ""mV_10"": 0.3739, ""mV_11"": 0.5439, ""mV_12"": 0.679, ""mV_13"": 0.7729, ""mV_14"": 0.7305, ""mV_15"": 0.5006, ""mV_16"": 0.2682, ""mV_17"": 0.1439, ""mV_18"": 0.1514, ""mV_19"": 0.3359, ""mV_20"": 0.3632}"
test_0044,10,ok,nie_dotyczy,0.7621794352182767,brak,,1.9497474022343366,brak istotnego odchylenia,0.0,Werdykt OK: brak pasma przekraczającego próg anomalii.,"{""mV_0"": 1.0152, ""mV_1"": 1.1064, ""mV_2"": 0.937, ""mV_3"": 1.1965, ""mV_4"": 1.4513, ""mV_5"": 1.5544, ""mV_6"": 1.7138, ""mV_7"": 1.636, ""mV_8"": 1.1151, ""mV_9"": 0.7906, ""mV_10"": 1.1333, ""mV_11"": 1.4308, ""mV_12"": 1.4265, ""mV_13"": 1.5807, ""mV_14"": 1.8497, ""mV_15"": 1.9497, ""mV_16"": 1.8641, ""mV_17"": 1.7277, ""mV_18"": 1.6187, ""mV_19"": 1.5942, ""mV_20"": 1.2223}"
test_0044,11,ok,nie_dotyczy,0.8166073155005167,brak,,0.7134077910653748,brak istotnego odchylenia,0.0,Werdykt OK: brak pasma przekraczającego próg anomalii.,"{""mV_0"": 0.4171, ""mV_1"": 0.3664, ""mV_2"": 0.2744, ""mV_3"": 0.3637, ""mV_4"": 0.5623, ""mV_5"": 0.6971, ""mV_6"": 0.5457, ""mV_7"": 0.251, ""mV_8"": 0.0848, ""mV_9"": 0.1209, ""mV_10"": 0.2438, ""mV_11"": 0.3481, ""mV_12"": 0.4101, ""mV_13"": 0.3881, ""mV_14"": 0.2626, ""mV_15"": 0.2271, ""mV_16"": 0.5005, ""mV_17"": 0.7134, ""mV_18"": 0.5698, ""mV_19"": 0.4251, ""mV_20"": 0.3142}"
test_0044,12,ok,nie_dotyczy,0.8062810048476041,brak,,1.6813792493235171,brak istotnego odchylenia,0.0,Werdykt OK: brak pasma przekraczającego próg anomalii.,"{""mV_0"": 0.7663, ""mV_1"": 0.9835, ""mV_2"": 0.4407, ""mV_3"": 0.0882, ""mV_4"": 0.2459, ""mV_5"": 0.4331, ""mV_6"": 0.5114, ""mV_7"": 0.5406, ""mV_8"": 0.5796, ""mV_9"": 0.7301, ""mV_10"": 0.9468, ""mV_11"": 1.0584, ""mV_12"": 1.0154, ""mV_13"": 0.975, ""mV_14"": 1.0943, ""mV_15"": 1.4093, ""mV_16"": 1.6814, ""mV_17"": 1.481, ""mV_18"": 0.9583, ""mV_19"": 0.5123, ""mV_20"": 0.2066}"
test_0044,13,pompa,male,0.6465337764542592,8–15 kHz,"mV_8,mV_9,mV_10,mV_11,mV_12,mV_13,mV_14,mV_15",4.003527084667338,obniżona,0.990365600133856,Podejrzenie pompa: najbardziej nietypowe jest pasmo 8–15 kHz; amplituda jest obniżona względem zdrowej referencji.,"{""mV_0"": 0.3207, ""mV_1"": 0.9347, ""mV_2"": 2.1216, ""mV_3"": 3.0454, ""mV_4"": 2.6367, ""mV_5"": 1.911, ""mV_6"": 1.809, ""mV_7"": 2.0344, ""mV_8"": 2.3634, ""mV_9"": 2.6793, ""mV_10"": 3.0218, ""mV_11"": 3.4817, ""mV_12"": 3.9232, ""mV_13"": 4.0035, ""mV_14"": 3.5655, ""mV_15"": 2.9079, ""mV_16"": 2.1983, ""mV_17"": 1.2369, ""mV_18"": 0.569, ""mV_19"": 0.9625, ""mV_20"": 1.2258}"
test_0044,14,ok,nie_dotyczy,0.8490746764335573,brak,,0.8524313251638734,brak istotnego odchylenia,0.0,Werdykt OK: brak pasma przekraczającego próg anomalii.,"{""mV_0"": 0.1544, ""mV_1"": 0.1235, ""mV_2"": 0.2185, ""mV_3"": 0.3771, ""mV_4"": 0.2774, ""mV_5"": 0.1406, ""mV_6"": 0.1096, ""mV_7"": 0.0958, ""mV_8"": 0.0773, ""mV_9"": 0.0423, ""mV_10"": 0.0422, ""mV_11"": 0.0493, ""mV_12"": 0.0398, ""mV_13"": 0.0637, ""mV_14"": 0.1368, ""mV_15"": 0.3083, ""mV_16"": 0.5819, ""mV_17"": 0.7509, ""mV_18"": 0.767, ""mV_19"": 0.8524, ""mV_20"": 0.7216}"
test_0044,15,ok,nie_dotyczy,0.7944145682710573,2–3 kHz,"mV_2,mV_3",2.323577297791968,podwyższona,0.0,"Werdykt OK, ale najsilniejsze lokalne odstępstwo występuje w paśmie 2–3 kHz; amplituda jest podwyższona.","{""mV_0"": 1.0129, ""mV_1"": 1.6308, ""mV_2"": 2.2402, ""mV_3"": 2.3236, ""mV_4"": 1.8331, ""mV_5"": 1.3914, ""mV_6"": 1.1, ""mV_7"": 0.8889, ""mV_8"": 0.6221, ""mV_9"": 0.2941, ""mV_10"": 0.1066, ""mV_11"": 0.0445, ""mV_12"": 0.0665, ""mV_13"": 0.2647, ""mV_14"": 0.5064, ""mV_15"": 0.5638, ""mV_16"": 0.5496, ""mV_17"": 0.6235, ""mV_18"": 0.6423, ""mV_19"": 0.5665, ""mV_20"": 0.3924}"
test_0044,16,ok,nie_dotyczy,0.7979071579683935,17–19 kHz,"mV_17,mV_18,mV_19",2.165902815304614,obniżona,0.0,"Werdykt OK, ale najsilniejsze lokalne odstępstwo występuje w paśmie 17–19 kHz; amplituda jest obniżona.","{""mV_0"": 1.1448, ""mV_1"": 1.0889, ""mV_2"": 0.4522, ""mV_3"": 0.2332, ""mV_4"": 0.4703, ""mV_5"": 0.7354, ""mV_6"": 0.9505, ""mV_7"": 1.1637, ""mV_8"": 1.3466, ""mV_9"": 1.514, ""mV_10"": 1.6059, ""mV_11"": 1.5632, ""mV_12"": 1.3887, ""mV_13"": 1.1171, ""mV_14"": 0.8894, ""mV_15"": 0.9369, ""mV_16"": 1.4286, ""mV_17"": 2.002, ""mV_18"": 2.1659, ""mV_19"": 2.0698, ""mV_20"": 1.485}"
test_0045,1,ok,nie_dotyczy,0.8040981528609613,brak,,1.3716896015228246,brak istotnego odchylenia,0.0,Werdykt OK: brak pasma przekraczającego próg anomalii.,"{""mV_0"": 0.2593, ""mV_1"": 0.4781, ""mV_2"": 0.7884, ""mV_3"": 0.8628, ""mV_4"": 0.5922, ""mV_5"": 0.3678, ""mV_6"": 0.3789, ""mV_7"": 0.4308, ""mV_8"": 0.3595, ""mV_9"": 0.4452, ""mV_10"": 0.8677, ""mV_11"": 1.2129, ""mV_12"": 1.2119, ""mV_13"": 1.1203, ""mV_14"": 1.1068, ""mV_15"": 1.2821, ""mV_16"": 1.3717, ""mV_17"": 0.8874, ""mV_18"": 0.3853, ""mV_19"": 0.2404, ""mV_20"": 0.1125}"
test_0045,2,zakoksowany,male,0.7235538313948647,14–19 kHz,"mV_14,mV_15,mV_16,mV_17,mV_18,mV_19",6.29682797720972,podwyższona,0.9759960616163778,Podejrzenie zakoksowany: najbardziej nietypowe jest pasmo 14–19 kHz; amplituda jest podwyższona względem zdrowej referencji.,"{""mV_0"": 0.6766, ""mV_1"": 1.0715, ""mV_2"": 1.3167, ""mV_3"": 0.9073, ""mV_4"": 0.4929, ""mV_5"": 0.4406, ""mV_6"": 0.2543, ""mV_7"": 0.5022, ""mV_8"": 1.9485, ""mV_9"": 2.8345, ""mV_10"": 1.856, ""mV_11"": 1.4066, ""mV_12"": 2.2784, ""mV_13"": 3.2291, ""mV_14"": 4.3423, ""mV_15"": 5.6329, ""mV_16"": 6.2968, ""mV_17"": 5.7611, ""mV_18"": 4.5929, ""mV_19"": 3.8145, ""mV_20"": 2.6983}"
test_0045,3,ok,nie_dotyczy,0.8218424476552213,brak,,1.3027569024717145,brak istotnego odchylenia,0.0,Werdykt OK: brak pasma przekraczającego próg anomalii.,"{""mV_0"": 0.7956, ""mV_1"": 1.0723, ""mV_2"": 0.9296, ""mV_3"": 0.4771, ""mV_4"": 0.2387, ""mV_5"": 0.3316, ""mV_6"": 0.499, ""mV_7"": 0.6213, ""mV_8"": 0.5923, ""mV_9"": 0.6069, ""mV_10"": 0.8327, ""mV_11"": 1.0393, ""mV_12"": 1.0878, ""mV_13"": 1.1878, ""mV_14"": 1.3028, ""mV_15"": 1.2245, ""mV_16"": 0.8494, ""mV_17"": 0.425, ""mV_18"": 0.3639, ""mV_19"": 0.5557, ""mV_20"": 0.5565}"
test_0045,4,ok,nie_dotyczy,0.7255829198819674,brak,,1.3001471477181026,brak istotnego odchylenia,0.0,Werdykt OK: brak pasma przekraczającego próg anomalii.,"{""mV_0"": 0.2025, ""mV_1"": 0.3176, ""mV_2"": 0.4537, ""mV_3"": 0.6233, ""mV_4"": 0.9125, ""mV_5"": 1.1729, ""mV_6"": 1.1522, ""mV_7"": 0.9368, ""mV_8"": 0.7651, ""mV_9"": 0.679, ""mV_10"": 0.5496, ""mV_11"": 0.3437, ""mV_12"": 0.2032, ""mV_13"": 0.4264, ""mV_14"": 0.6324, ""mV_15"": 0.4803, ""mV_16"": 0.9033, ""mV_17"": 1.3001, ""mV_18"": 0.7231, ""mV_19"": 0.5197, ""mV_20"": 0.6294}"
test_0045,5,ok,nie_dotyczy,0.7915223367343311,1–2 kHz,"mV_1,mV_2",2.4673435063946516,podwyższona,0.0,"Werdykt OK, ale najsilniejsze lokalne odstępstwo występuje w paśmie 1–2 kHz; amplituda jest podwyższona.","{""mV_0"": 1.8223, ""mV_1"": 2.4673, ""mV_2"": 2.089, ""mV_3"": 1.2997, ""mV_4"": 1.0299, ""mV_5"": 1.2414, ""mV_6"": 1.3524, ""mV_7"": 1.4118, ""mV_8"": 1.6431, ""mV_9"": 1.9407, ""mV_10"": 1.9405, ""mV_11"": 1.7234, ""mV_12"": 1.571, ""mV_13"": 1.528, ""mV_14"": 1.6726, ""mV_15"": 1.8778, ""mV_16"": 1.8706, ""mV_17"": 1.4979, ""mV_18"": 1.1328, ""mV_19"": 1.2408, ""mV_20"": 1.0559}"
test_0045,6,ok,nie_dotyczy,0.7824563134644492,brak,,1.375758463438688,brak istotnego odchylenia,0.0,Werdykt OK: brak pasma przekraczającego próg anomalii.,"{""mV_0"": 0.3007, ""mV_1"": 0.2259, ""mV_2"": 0.2716, ""mV_3"": 0.5106, ""mV_4"": 0.5161, ""mV_5"": 0.4082, ""mV_6"": 0.4228, ""mV_7"": 0.5303, ""mV_8"": 0.6131, ""mV_9"": 0.5443, ""mV_10"": 0.491, ""mV_11"": 0.5234, ""mV_12"": 0.4007, ""mV_13"": 0.1974, ""mV_14"": 0.3781, ""mV_15"": 0.9095, ""mV_16"": 1.3758, ""mV_17"": 1.3424, ""mV_18"": 0.9675, ""mV_19"": 0.855, ""mV_20"": 0.5567}"
test_0045,7,ok,nie_dotyczy,0.8681690255770906,brak,,0.7160373741851238,brak istotnego odchylenia,0.0,Werdykt OK: brak pasma przekraczającego próg anomalii.,"{""mV_0"": 0.0649, ""mV_1"": 0.1536, ""mV_2"": 0.2524, ""mV_3"": 0.2131, ""mV_4"": 0.2104, ""mV_5"": 0.3162, ""mV_6"": 0.3167, ""mV_7"": 0.2992, ""mV_8"": 0.4943, ""mV_9"": 0.716, ""mV_10"": 0.6551, ""mV_11"": 0.447, ""mV_12"": 0.2753, ""mV_13"": 0.1468, ""mV_14"": 0.0748, ""mV_15"": 0.0388, ""mV_16"": 0.0567, ""mV_17"": 0.1579, ""mV_18"": 0.1949, ""mV_19"": 0.1052, ""mV_20"": 0.0468}"
test_0045,8,lejacy,duze,0.7010819887914055,5–17 kHz,"mV_5,mV_6,mV_7,mV_8,mV_9,mV_10,mV_11,mV_12,mV_13,mV_14,mV_15,mV_16,mV_17",16.403512440775856,obniżona,0.9879110424581091,Podejrzenie lejacy: najbardziej nietypowe jest pasmo 5–17 kHz; amplituda jest obniżona względem zdrowej referencji.,"{""mV_0"": 0.3601, ""mV_1"": 0.7388, ""mV_2"": 1.0807, ""mV_3"": 3.601, ""mV_4"": 8.2995, ""mV_5"": 11.2387, ""mV_6"": 11.4251, ""mV_7"": 11.0081, ""mV_8"": 11.4622, ""mV_9"": 12.3498, ""mV_10"": 13.2274, ""mV_11"": 14.4382, ""mV_12"": 15.3279, ""mV_13"": 15.8873, ""mV_14"": 16.4035, ""mV_15"": 16.2319, ""mV_16"": 14.5214, ""mV_17"": 10.5647, ""mV_18"": 7.6232, ""mV_19"": 8.324, ""mV_20"": 7.1065}"
test_0045,9,ok,nie_dotyczy,0.830010610897427,brak,,0.7412028580336332,brak istotnego odchylenia,0.0,Werdykt OK: brak pasma przekraczającego próg anomalii.,"{""mV_0"": 0.6141, ""mV_1"": 0.5386, ""mV_2"": 0.4606, ""mV_3"": 0.5843, ""mV_4"": 0.5009, ""mV_5"": 0.2629, ""mV_6"": 0.1917, ""mV_7"": 0.3313, ""mV_8"": 0.4187, ""mV_9"": 0.4126, ""mV_10"": 0.5181, ""mV_11"": 0.7238, ""mV_12"": 0.7412, ""mV_13"": 0.5608, ""mV_14"": 0.438, ""mV_15"": 0.2889, ""mV_16"": 0.2765, ""mV_17"": 0.3938, ""mV_18"": 0.2589, ""mV_19"": 0.2164, ""mV_20"": 0.2859}"
test_0045,10,ok,nie_dotyczy,0.7737043503377883,brak,,1.6919723157743205,brak istotnego odchylenia,0.0,Werdykt OK: brak pasma przekraczającego próg anomalii.,"{""mV_0"": 0.9143, ""mV_1"": 1.4302, ""mV_2"": 1.3386, ""mV_3"": 0.6612, ""mV_4"": 0.2602, ""mV_5"": 0.19, ""mV_6"": 0.1527, ""mV_7"": 0.1537, ""mV_8"": 0.1906, ""mV_9"": 0.368, ""mV_10"": 0.3889, ""mV_11"": 0.204, ""mV_12"": 0.2161, ""mV_13"": 0.4638, ""mV_14"": 0.8591, ""mV_15"": 1.2839, ""mV_16"": 1.6713, ""mV_17"": 1.692, ""mV_18"": 1.2151, ""mV_19"": 1.0096, ""mV_20"": 0.801}"
test_0045,11,ok,nie_dotyczy,0.7860387018809537,brak,,1.064762626741839,brak istotnego odchylenia,0.0,Werdykt OK: brak pasma przekraczającego próg anomalii.,"{""mV_0"": 0.8392, ""mV_1"": 1.0648, ""mV_2"": 0.9643, ""mV_3"": 0.8984, ""mV_4"": 0.7836, ""mV_5"": 0.6184, ""mV_6"": 0.4143, ""mV_7"": 0.2051, ""mV_8"": 0.1158, ""mV_9"": 0.1109, ""mV_10"": 0.0931, ""mV_11"": 0.0769, ""mV_12"": 0.0666, ""mV_13"": 0.0423, ""mV_14"": 0.1473, ""mV_15"": 0.4377, ""mV_16"": 0.8529, ""mV_17"": 1.0621, ""mV_18"": 0.8837, ""mV_19"": 0.6817, ""mV_20"": 0.409}"
test_0045,12,ok,nie_dotyczy,0.8019789138313422,brak,,1.1229943389697497,brak istotnego odchylenia,0.0,Werdykt OK: brak pasma przekraczającego próg anomalii.,"{""mV_0"": 0.3389, ""mV_1"": 0.7986, ""mV_2"": 1.123, ""mV_3"": 0.8291, ""mV_4"": 0.3686, ""mV_5"": 0.1231, ""mV_6"": 0.0828, ""mV_7"": 0.1875, ""mV_8"": 0.2327, ""mV_9"": 0.2913, ""mV_10"": 0.4774, ""mV_11"": 0.622, ""mV_12"": 0.7032, ""mV_13"": 0.8882, ""mV_14"": 0.9973, ""mV_15"": 0.8864, ""mV_16"": 0.9688, ""mV_17"": 1.0719, ""mV_18"": 0.8926, ""mV_19"": 1.0145, ""mV_20"": 0.9926}"
test_0045,13,ok,nie_dotyczy,0.7472925050557979,2–7 kHz,"mV_2,mV_3,mV_4,mV_5,mV_6,mV_7",2.547676393142474,obniżona,0.0,"Werdykt OK, ale najsilniejsze lokalne odstępstwo występuje w paśmie 2–7 kHz; amplituda jest obniżona.","{""mV_0"": 1.4443, ""mV_1"": 1.8289, ""mV_2"": 2.0237, ""mV_3"": 2.4096, ""mV_4"": 2.5477, ""mV_5"": 2.5, ""mV_6"": 2.3447, ""mV_7"": 2.1157, ""mV_8"": 1.9809, ""mV_9"": 1.998, ""mV_10"": 2.197, ""mV_11"": 2.3513, ""mV_12"": 2.174, ""mV_13"": 1.8806, ""mV_14"": 1.5951, ""mV_15"": 1.4176, ""mV_16"": 1.3457, ""mV_17"": 1.3976, ""mV_18"": 1.8743, ""mV_19"": 2.2929, ""mV_20"": 1.7785}"
test_0045,14,ok,nie_dotyczy,0.7152246128525901,2–4 kHz,"mV_2,mV_3,mV_4",3.3072279444723023,podwyższona,0.0,"Werdykt OK, ale najsilniejsze lokalne odstępstwo występuje w paśmie 2–4 kHz; amplituda jest podwyższona.","{""mV_0"": 0.7124, ""mV_1"": 1.2363, ""mV_2"": 2.4128, ""mV_3"": 3.3072, ""mV_4"": 2.1398, ""mV_5"": 0.6166, ""mV_6"": 0.171, ""mV_7"": 0.1201, ""mV_8"": 0.2222, ""mV_9"": 0.3774, ""mV_10"": 0.3885, ""mV_11"": 0.417, ""mV_12"": 0.5802, ""mV_13"": 0.5196, ""mV_14"": 0.2455, ""mV_15"": 0.1713, ""mV_16"": 0.3866, ""mV_17"": 0.5395, ""mV_18"": 0.4224, ""mV_19"": 0.4401, ""mV_20"": 0.4705}"
test_0045,15,ok,nie_dotyczy,0.7430601303566201,17–18 kHz,"mV_17,mV_18",2.786150835076946,podwyższona,0.0,"Werdykt OK, ale najsilniejsze lokalne odstępstwo występuje w paśmie 17–18 kHz; amplituda jest podwyższona.","{""mV_0"": 0.5545, ""mV_1"": 1.2149, ""mV_2"": 1.2778, ""mV_3"": 0.5726, ""mV_4"": 0.2246, ""mV_5"": 0.4427, ""mV_6"": 0.7112, ""mV_7"": 0.8851, ""mV_8"": 0.979, ""mV_9"": 1.072, ""mV_10"": 1.1201, ""mV_11"": 1.2329, ""mV_12"": 1.4621, ""mV_13"": 1.3621, ""mV_14"": 1.0955, ""mV_15"": 1.1487, ""mV_16"": 1.2213, ""mV_17"": 2.0814, ""mV_18"": 2.7862, ""mV_19"": 1.5815, ""mV_20"": 0.437}"
test_0045,16,ok,nie_dotyczy,0.8267234208326125,brak,,1.710688061723761,brak istotnego odchylenia,0.0,Werdykt OK: brak pasma przekraczającego próg anomalii.,"{""mV_0"": 0.8512, ""mV_1"": 0.81, ""mV_2"": 0.4354, ""mV_3"": 0.4726, ""mV_4"": 0.8576, ""mV_5"": 1.3779, ""mV_6"": 1.7107, ""mV_7"": 1.6696, ""mV_8"": 1.5978, ""mV_9"": 1.5855, ""mV_10"": 1.3703, ""mV_11"": 1.1531, ""mV_12"": 1.1635, ""mV_13"": 1.2165, ""mV_14"": 1.1497, ""mV_15"": 0.9127, ""mV_16"": 0.5831, ""mV_17"": 0.3216, ""mV_18"": 0.1892, ""mV_19"": 0.1621, ""mV_20"": 0.1254}"
test_0046,1,ok,nie_dotyczy,0.7717129370614734,brak,,1.8637960359212826,brak istotnego odchylenia,0.0,Werdykt OK: brak pasma przekraczającego próg anomalii.,"{""mV_0"": 0.5698, ""mV_1"": 0.4389, ""mV_2"": 0.2231, ""mV_3"": 0.3795, ""mV_4"": 0.5997, ""mV_5"": 0.578, ""mV_6"": 0.3451, ""mV_7"": 0.1933, ""mV_8"": 0.1783, ""mV_9"": 0.2381, ""mV_10"": 0.4793, ""mV_11"": 0.739, ""mV_12"": 0.8325, ""mV_13"": 0.8871, ""mV_14"": 1.0741, ""mV_15"": 1.4933, ""mV_16"": 1.8294, ""mV_17"": 1.8638, ""mV_18"": 1.4427, ""mV_19"": 0.7244, ""mV_20"": 0.383}"
test_0046,2,ok,nie_dotyczy,0.779676320174998,19 kHz,mV_19,2.3750081002602705,podwyższona,0.0,"Werdykt OK, ale najsilniejsze lokalne odstępstwo występuje w paśmie 19 kHz; amplituda jest podwyższona.","{""mV_0"": 0.8452, ""mV_1"": 0.7352, ""mV_2"": 0.7613, ""mV_3"": 1.0655, ""mV_4"": 1.1398, ""mV_5"": 1.0712, ""mV_6"": 1.0093, ""mV_7"": 1.051, ""mV_8"": 1.0416, ""mV_9"": 0.85, ""mV_10"": 0.665, ""mV_11"": 0.5784, ""mV_12"": 0.4761, ""mV_13"": 0.3239, ""mV_14"": 0.1868, ""mV_15"": 0.103, ""mV_16"": 0.0906, ""mV_17"": 0.2435, ""mV_18"": 1.1635, ""mV_19"": 2.375, ""mV_20"": 1.9735}"
test_0046,3,ok,nie_dotyczy,0.7667512767676181,brak,,1.7466249168057753,brak istotnego odchylenia,0.0,Werdykt OK: brak pasma przekraczającego próg anomalii.,"{""mV_0"": 0.7178, ""mV_1"": 1.1152, ""mV_2"": 0.5915, ""mV_3"": 0.2405, ""mV_4"": 0.3828, ""mV_5"": 0.6506, ""mV_6"": 1.0323, ""mV_7"": 1.2825, ""mV_8"": 1.4197, ""mV_9"": 1.5264, ""mV_10"": 1.4647, ""mV_11"": 1.3286, ""mV_12"": 1.3763, ""mV_13"": 1.5379, ""mV_14"": 1.7065, ""mV_15"": 1.7466, ""mV_16"": 1.4619, ""mV_17"": 0.898, ""mV_18"": 0.3626, ""mV_19"": 0.1803, ""mV_20"": 0.1514}"
test_0046,4,ok,nie_dotyczy,0.7497146030481157,brak,,1.8723018502208917,brak istotnego odchylenia,0.0,Werdykt OK: brak pasma przekraczającego próg anomalii.,"{""mV_0"": 0.6025, ""mV_1"": 1.3185, ""mV_2"": 0.9959, ""mV_3"": 0.3835, ""mV_4"": 0.2541, ""mV_5"": 0.252, ""mV_6"": 0.2167, ""mV_7"": 0.1458, ""mV_8"": 0.1734, ""mV_9"": 0.3416, ""mV_10"": 0.448, ""mV_11"": 0.5222, ""mV_12"": 0.7443, ""mV_13"": 0.9681, ""mV_14"": 1.042, ""mV_15"": 1.0393, ""mV_16"": 0.8984, ""mV_17"": 0.72, ""mV_18"": 1.2441, ""mV_19"": 1.8723, ""mV_20"": 1.2575}"
test_0046,5,iglica,male,0.8050044557095937,7–15 kHz,"mV_7,mV_8,mV_9,mV_10,mV_11,mV_12,mV_13,mV_14,mV_15",4.865607171040754,obniżona,0.9685587670684777,Podejrzenie iglica: najbardziej nietypowe jest pasmo 7–15 kHz; amplituda jest obniżona względem zdrowej referencji.,"{""mV_0"": 0.2256, ""mV_1"": 0.644, ""mV_2"": 1.0586, ""mV_3"": 1.0237, ""mV_4"": 0.7363, ""mV_5"": 1.1063, ""mV_6"": 2.2873, ""mV_7"": 3.4338, ""mV_8"": 4.374, ""mV_9"": 4.8656, ""mV_10"": 4.6367, ""mV_11"": 4.2591, ""mV_12"": 4.0855, ""mV_13"": 4.113, ""mV_14"": 3.8275, ""mV_15"": 2.678, ""mV_16"": 1.5424, ""mV_17"": 0.984, ""mV_18"": 0.8577, ""mV_19"": 1.5109, ""mV_20"": 1.6299}"
test_0046,6,ok,nie_dotyczy,0.6778705036216839,3 kHz,mV_3,2.075389548297563,obniżona,0.0,"Werdykt OK, ale najsilniejsze lokalne odstępstwo występuje w paśmie 3 kHz; amplituda jest obniżona.","{""mV_0"": 0.6486, ""mV_1"": 1.1618, ""mV_2"": 1.9614, ""mV_3"": 2.0754, ""mV_4"": 1.2101, ""mV_5"": 0.8507, ""mV_6"": 1.1895, ""mV_7"": 1.3692, ""mV_8"": 1.2575, ""mV_9"": 1.0642, ""mV_10"": 0.7667, ""mV_11"": 0.435, ""mV_12"": 0.27, ""mV_13"": 0.2573, ""mV_14"": 0.2665, ""mV_15"": 0.2031, ""mV_16"": 0.1469, ""mV_17"": 0.3596, ""mV_18"": 0.6633, ""mV_19"": 0.5473, ""mV_20"": 0.192}"
test_0046,7,ok,nie_dotyczy,0.719745670637227,brak,,1.580259987870661,brak istotnego odchylenia,0.0,Werdykt OK: brak pasma przekraczającego próg anomalii.,"{""mV_0"": 0.4152, ""mV_1"": 1.1836, ""mV_2"": 1.5803, ""mV_3"": 1.2325, ""mV_4"": 0.7207, ""mV_5"": 0.475, ""mV_6"": 0.4182, ""mV_7"": 0.3467, ""mV_8"": 0.2396, ""mV_9"": 0.181, ""mV_10"": 0.1974, ""mV_11"": 0.2076, ""mV_12"": 0.1592, ""mV_13"": 0.1474, ""mV_14"": 0.2716, ""mV_15"": 0.6091, ""mV_16"": 0.9908, ""mV_17"": 1.2843, ""mV_18"": 1.2866, ""mV_19"": 0.7112, ""mV_20"": 0.143}"
test_0046,8,ok,nie_dotyczy,0.7971820705260281,brak,,1.4897475101185313,brak istotnego odchylenia,0.0,Werdykt OK: brak pasma przekraczającego próg anomalii.,"{""mV_0"": 1.0168, ""mV_1"": 0.9092, ""mV_2"": 0.6378, ""mV_3"": 0.9791, ""mV_4"": 1.333, ""mV_5"": 1.3234, ""mV_6"": 1.1059, ""mV_7"": 0.964, ""mV_8"": 0.983, ""mV_9"": 0.9797, ""mV_10"": 0.941, ""mV_11"": 0.9319, ""mV_12"": 0.9771, ""mV_13"": 1.1539, ""mV_14"": 1.3338, ""mV_15"": 1.2355, ""mV_16"": 0.9073, ""mV_17"": 0.5489, ""mV_18"": 0.7785, ""mV_19"": 1.4897, ""mV_20"": 1.2448}"
test_0047,1,ok,nie_dotyczy,0.778112968146396,brak,,1.2882519046699976,brak istotnego odchylenia,0.0,Werdykt OK: brak pasma przekraczającego próg anomalii.,"{""mV_0"": 0.1252, ""mV_1"": 0.3232, ""mV_2"": 0.3588, ""mV_3"": 0.4061, ""mV_4"": 0.6702, ""mV_5"": 0.7771, ""mV_6"": 0.535, ""mV_7"": 0.32, ""mV_8"": 0.2656, ""mV_9"": 0.2301, ""mV_10"": 0.2365, ""mV_11"": 0.3333, ""mV_12"": 0.4441, ""mV_13"": 0.6309, ""mV_14"": 0.8315, ""mV_15"": 0.9303, ""mV_16"": 1.2536, ""mV_17"": 1.2883, ""mV_18"": 0.7011, ""mV_19"": 0.5093, ""mV_20"": 0.5438}"
test_0047,2,ok,nie_dotyczy,0.8447125338624186,brak,,1.0092315738509383,brak istotnego odchylenia,0.0,Werdykt OK: brak pasma przekraczającego próg anomalii.,"{""mV_0"": 0.2453, ""mV_1"": 0.2206, ""mV_2"": 0.0709, ""mV_3"": 0.0695, ""mV_4"": 0.2335, ""mV_5"": 0.3741, ""mV_6"": 0.5028, ""mV_7"": 0.677, ""mV_8"": 0.8575, ""mV_9"": 0.8992, ""mV_10"": 0.5803, ""mV_11"": 0.2057, ""mV_12"": 0.0643, ""mV_13"": 0.058, ""mV_14"": 0.1072, ""mV_15"": 0.2661, ""mV_16"": 0.6723, ""mV_17"": 1.0092, ""mV_18"": 0.8762, ""mV_19"": 0.6386, ""mV_20"": 0.4913}"
test_0047,3,ok,nie_dotyczy,0.8064230703194067,brak,,1.0319708800994913,brak istotnego odchylenia,0.0,Werdykt OK: brak pasma przekraczającego próg anomalii.,"{""mV_0"": 0.7936, ""mV_1"": 0.6605, ""mV_2"": 0.2392, ""mV_3"": 0.2622, ""mV_4"": 0.6621, ""mV_5"": 0.8911, ""mV_6"": 0.7686, ""mV_7"": 0.6789, ""mV_8"": 0.809, ""mV_9"": 0.99, ""mV_10"": 0.9474, ""mV_11"": 0.8905, ""mV_12"": 1.032, ""mV_13"": 0.9655, ""mV_14"": 0.7621, ""mV_15"": 0.6409, ""mV_16"": 0.5564, ""mV_17"": 0.4692, ""mV_18"": 0.3274, ""mV_19"": 0.4661, ""mV_20"": 0.5569}"
test_0047,4,ok,nie_dotyczy,0.8601097205702469,brak,,1.240196913140744,brak istotnego odchylenia,0.0,Werdykt OK: brak pasma przekraczającego próg anomalii.,"{""mV_0"": 0.2007, ""mV_1"": 0.2613, ""mV_2"": 0.4113, ""mV_3"": 0.5252, ""mV_4"": 0.3896, ""mV_5"": 0.1643, ""mV_6"": 0.1284, ""mV_7"": 0.3537, ""mV_8"": 0.7188, ""mV_9"": 0.9783, ""mV_10"": 0.9479, ""mV_11"": 0.8329, ""mV_12"": 0.8503, ""mV_13"": 1.0184, ""mV_14"": 1.2402, ""mV_15"": 1.1736, ""mV_16"": 1.0152, ""mV_17"": 1.1691, ""mV_18"": 1.1918, ""mV_19"": 0.9163, ""mV_20"": 0.5598}"
test_0047,5,ok,nie_dotyczy,0.8114564562017325,brak,,0.8205358829906255,brak istotnego odchylenia,0.0,Werdykt OK: brak pasma przekraczającego próg anomalii.,"{""mV_0"": 0.0893, ""mV_1"": 0.2174, ""mV_2"": 0.2521, ""mV_3"": 0.1615, ""mV_4"": 0.0907, ""mV_5"": 0.1882, ""mV_6"": 0.4525, ""mV_7"": 0.5648, ""mV_8"": 0.3645, ""mV_9"": 0.1468, ""mV_10"": 0.0832, ""mV_11"": 0.0905, ""mV_12"": 0.1665, ""mV_13"": 0.377, ""mV_14"": 0.4735, ""mV_15"": 0.3316, ""mV_16"": 0.4653, ""mV_17"": 0.8205, ""mV_18"": 0.7404, ""mV_19"": 0.3603, ""mV_20"": 0.1366}"
test_0047,6,ok,nie_dotyczy,0.8390798449344108,brak,,0.5200458303976596,brak istotnego odchylenia,0.0,Werdykt OK: brak pasma przekraczającego próg anomalii.,"{""mV_0"": 0.2901, ""mV_1"": 0.4657, ""mV_2"": 0.4745, ""mV_3"": 0.3873, ""mV_4"": 0.252, ""mV_5"": 0.2166, ""mV_6"": 0.2918, ""mV_7"": 0.4007, ""mV_8"": 0.52, ""mV_9"": 0.5019, ""mV_10"": 0.2773, ""mV_11"": 0.0825, ""mV_12"": 0.0554, ""mV_13"": 0.0587, ""mV_14"": 0.103, ""mV_15"": 0.218, ""mV_16"": 0.2279, ""mV_17"": 0.3394, ""mV_18"": 0.4845, ""mV_19"": 0.2601, ""mV_20"": 0.0369}"
test_0047,7,zakoksowany,male,0.7495647153915127,14–18 kHz,"mV_14,mV_15,mV_16,mV_17,mV_18",7.87515217878587,podwyższona,0.9811015148995451,Podejrzenie zakoksowany: najbardziej nietypowe jest pasmo 14–18 kHz; amplituda jest podwyższona względem zdrowej referencji.,"{""mV_0"": 0.5427, ""mV_1"": 0.886, ""mV_2"": 0.7657, ""mV_3"": 0.6481, ""mV_4"": 0.4247, ""mV_5"": 0.2292, ""mV_6"": 0.2609, ""mV_7"": 0.5211, ""mV_8"": 1.9752, ""mV_9"": 3.1568, ""mV_10"": 1.9758, ""mV_11"": 1.2069, ""mV_12"": 2.5568, ""mV_13"": 4.1878, ""mV_14"": 5.7627, ""mV_15"": 7.3312, ""mV_16"": 7.8752, ""mV_17"": 6.7638, ""mV_18"": 5.0718, ""mV_19"": 4.272, ""mV_20"": 3.1035}"
test_0047,8,zakoksowany,male,0.5804498176122969,14–19 kHz,"mV_14,mV_15,mV_16,mV_17,mV_18,mV_19",7.573677914420929,podwyższona,0.9763148514715168,Podejrzenie zakoksowany: najbardziej nietypowe jest pasmo 14–19 kHz; amplituda jest podwyższona względem zdrowej referencji.,"{""mV_0"": 0.1573, ""mV_1"": 0.1757, ""mV_2"": 0.2273, ""mV_3"": 0.3507, ""mV_4"": 0.3972, ""mV_5"": 0.5047, ""mV_6"": 0.6456, ""mV_7"": 1.1099, ""mV_8"": 2.6574, ""mV_9"": 3.7324, ""mV_10"": 2.3625, ""mV_11"": 1.3625, ""mV_12"": 2.6216, ""mV_13"": 4.0991, ""mV_14"": 5.3875, ""mV_15"": 6.8273, ""mV_16"": 7.5737, ""mV_17"": 6.9067, ""mV_18"": 5.4789, ""mV_19"": 4.274, ""mV_20"": 2.6369}"
test_0047,9,ok,nie_dotyczy,0.7780827883270341,brak,,1.4915175466569033,brak istotnego odchylenia,0.0,Werdykt OK: brak pasma przekraczającego próg anomalii.,"{""mV_0"": 0.5531, ""mV_1"": 0.6128, ""mV_2"": 0.5759, ""mV_3"": 0.738, ""mV_4"": 0.905, ""mV_5"": 1.1253, ""mV_6"": 1.3885, ""mV_7"": 1.3541, ""mV_8"": 1.0687, ""mV_9"": 0.957, ""mV_10"": 1.1631, ""mV_11"": 1.4068, ""mV_12"": 1.4897, ""mV_13"": 1.4915, ""mV_14"": 1.3028, ""mV_15"": 0.8669, ""mV_16"": 0.5268, ""mV_17"": 0.4275, ""mV_18"": 0.825, ""mV_19"": 1.138, ""mV_20"": 0.5478}"
test_0047,10,ok,nie_dotyczy,0.8125377934332744,15–17 kHz,"mV_15,mV_16,mV_17",2.5573684335083824,podwyższona,0.0,"Werdykt OK, ale najsilniejsze lokalne odstępstwo występuje w paśmie 15–17 kHz; amplituda jest podwyższona.","{""mV_0"": 1.0593, ""mV_1"": 1.2216, ""mV_2"": 1.0421, ""mV_3"": 1.0233, ""mV_4"": 1.1057, ""mV_5"": 1.1364, ""mV_6"": 1.0417, ""mV_7"": 0.9618, ""mV_8"": 0.9922, ""mV_9"": 1.0307, ""mV_10"": 1.0328, ""mV_11"": 1.1905, ""mV_12"": 1.4551, ""mV_13"": 1.6385, ""mV_14"": 1.8739, ""mV_15"": 2.2002, ""mV_16"": 2.5574, ""mV_17"": 2.1426, ""mV_18"": 0.9387, ""mV_19"": 0.6373, ""mV_20"": 0.7729}"
test_0047,11,iglica,duze,0.7489855983474918,7–15 kHz,"mV_7,mV_8,mV_9,mV_10,mV_11,mV_12,mV_13,mV_14,mV_15",7.80833464013414,obniżona,0.956268767047006,Podejrzenie iglica: najbardziej nietypowe jest pasmo 7–15 kHz; amplituda jest obniżona względem zdrowej referencji.,"{""mV_0"": 0.3163, ""mV_1"": 2.1215, ""mV_2"": 4.1948, ""mV_3"": 3.1676, ""mV_4"": 1.7224, ""mV_5"": 2.5913, ""mV_6"": 4.2039, ""mV_7"": 5.2533, ""mV_8"": 6.5851, ""mV_9"": 7.8083, ""mV_10"": 7.5838, ""mV_11"": 6.8476, ""mV_12"": 6.7265, ""mV_13"": 7.5506, ""mV_14"": 7.611, ""mV_15"": 5.2254, ""mV_16"": 2.7807, ""mV_17"": 2.423, ""mV_18"": 3.3394, ""mV_19"": 4.9272, ""mV_20"": 4.6808}"
test_0047,12,ok,nie_dotyczy,0.7695523432931354,3–4 kHz,"mV_3,mV_4",2.1812496525994014,obniżona,0.0,"Werdykt OK, ale najsilniejsze lokalne odstępstwo występuje w paśmie 3–4 kHz; amplituda jest obniżona.","{""mV_0"": 0.2608, ""mV_1"": 0.3656, ""mV_2"": 1.0175, ""mV_3"": 2.0695, ""mV_4"": 2.1812, ""mV_5"": 1.7012, ""mV_6"": 1.3408, ""mV_7"": 1.0168, ""mV_8"": 0.8184, ""mV_9"": 0.7387, ""mV_10"": 0.7773, ""mV_11"": 0.8429, ""mV_12"": 0.8608, ""mV_13"": 0.9229, ""mV_14"": 0.9247, ""mV_15"": 0.8116, ""mV_16"": 0.6072, ""mV_17"": 0.7147, ""mV_18"": 1.251, ""mV_19"": 1.4916, ""mV_20"": 1.1181}"
test_0047,13,ok,nie_dotyczy,0.7487902721260075,3–5 kHz,"mV_3,mV_4,mV_5",2.709849931472451,obniżona,0.0,"Werdykt OK, ale najsilniejsze lokalne odstępstwo występuje w paśmie 3–5 kHz; amplituda jest obniżona.","{""mV_0"": 0.4663, ""mV_1"": 0.3825, ""mV_2"": 1.1205, ""mV_3"": 2.4706, ""mV_4"": 2.7098, ""mV_5"": 2.3212, ""mV_6"": 1.9535, ""mV_7"": 1.3789, ""mV_8"": 0.8353, ""mV_9"": 0.5809, ""mV_10"": 0.7065, ""mV_11"": 0.9425, ""mV_12"": 1.0072, ""mV_13"": 1.0209, ""mV_14"": 0.9897, ""mV_15"": 0.853, ""mV_16"": 0.6582, ""mV_17"": 0.5852, ""mV_18"": 0.6696, ""mV_19"": 0.6884, ""mV_20"": 0.5443}"
test_0047,14,unknown,nie_dotyczy,0.6978934412095125,6–14 kHz,"mV_6,mV_7,mV_8,mV_9,mV_10,mV_11,mV_12,mV_13,mV_14",15.81429274918223,obniżona,0.9737582951003472,Podejrzenie unknown: najbardziej nietypowe jest pasmo 6–14 kHz; amplituda jest obniżona względem zdrowej referencji.,"{""mV_0"": 5.0703, ""mV_1"": 5.5687, ""mV_2"": 7.8668, ""mV_3"": 9.4414, ""mV_4"": 6.5421, ""mV_5"": 5.6567, ""mV_6"": 9.5599, ""mV_7"": 13.1843, ""mV_8"": 14.466, ""mV_9"": 14.9365, ""mV_10"": 15.3646, ""mV_11"": 15.8143, ""mV_12"": 15.394, ""mV_13"": 13.3483, ""mV_14"": 8.8309, ""mV_15"": 4.6314, ""mV_16"": 5.4784, ""mV_17"": 7.7384, ""mV_18"": 6.2388, ""mV_19"": 4.2134, ""mV_20"": 3.4303}"
test_0047,15,ok,nie_dotyczy,0.8087520646531792,brak,,1.2162284865894122,brak istotnego odchylenia,0.0,Werdykt OK: brak pasma przekraczającego próg anomalii.,"{""mV_0"": 0.2535, ""mV_1"": 0.4774, ""mV_2"": 0.5104, ""mV_3"": 0.4822, ""mV_4"": 0.5436, ""mV_5"": 0.4404, ""mV_6"": 0.1891, ""mV_7"": 0.1389, ""mV_8"": 0.2803, ""mV_9"": 0.3544, ""mV_10"": 0.2401, ""mV_11"": 0.1321, ""mV_12"": 0.1285, ""mV_13"": 0.1154, ""mV_14"": 0.0701, ""mV_15"": 0.2632, ""mV_16"": 0.9687, ""mV_17"": 1.2162, ""mV_18"": 0.5039, ""mV_19"": 0.0233, ""mV_20"": 0.0095}"
test_0047,16,ok,nie_dotyczy,0.8017805462017706,brak,,1.6018517070703626,brak istotnego odchylenia,0.0,Werdykt OK: brak pasma przekraczającego próg anomalii.,"{""mV_0"": 0.1377, ""mV_1"": 0.0802, ""mV_2"": 0.0249, ""mV_3"": 0.0256, ""mV_4"": 0.0211, ""mV_5"": 0.0683, ""mV_6"": 0.1203, ""mV_7"": 0.0757, ""mV_8"": 0.0498, ""mV_9"": 0.0909, ""mV_10"": 0.0932, ""mV_11"": 0.0952, ""mV_12"": 0.1098, ""mV_13"": 0.0824, ""mV_14"": 0.3162, ""mV_15"": 0.9391, ""mV_16"": 1.6019, ""mV_17"": 1.5956, ""mV_18"": 0.74, ""mV_19"": 0.4099, ""mV_20"": 0.6145}"
test_0048,1,ok,nie_dotyczy,0.8178581589534564,brak,,1.693420190112228,brak istotnego odchylenia,0.0,Werdykt OK: brak pasma przekraczającego próg anomalii.,"{""mV_0"": 0.3686, ""mV_1"": 0.5008, ""mV_2"": 0.7714, ""mV_3"": 1.2191, ""mV_4"": 1.1759, ""mV_5"": 0.8558, ""mV_6"": 0.9374, ""mV_7"": 1.1282, ""mV_8"": 1.1105, ""mV_9"": 0.9543, ""mV_10"": 0.8156, ""mV_11"": 0.7807, ""mV_12"": 0.7417, ""mV_13"": 0.5886, ""mV_14"": 0.3946, ""mV_15"": 0.5589, ""mV_16"": 1.2291, ""mV_17"": 1.6934, ""mV_18"": 1.4192, ""mV_19"": 0.8019, ""mV_20"": 0.308}"
test_0048,2,ok,nie_dotyczy,0.814017511214636,brak,,1.9388762752452475,brak istotnego odchylenia,0.0,Werdykt OK: brak pasma przekraczającego próg anomalii.,"{""mV_0"": 0.9947, ""mV_1"": 0.5827, ""mV_2"": 0.3749, ""mV_3"": 0.9868, ""mV_4"": 1.6603, ""mV_5"": 1.9389, ""mV_6"": 1.8732, ""mV_7"": 1.7388, ""mV_8"": 1.6078, ""mV_9"": 1.4668, ""mV_10"": 1.159, ""mV_11"": 0.7372, ""mV_12"": 0.4304, ""mV_13"": 0.2707, ""mV_14"": 0.402, ""mV_15"": 0.8143, ""mV_16"": 1.0079, ""mV_17"": 1.0579, ""mV_18"": 1.2499, ""mV_19"": 1.2479, ""mV_20"": 0.8043}"
test_0048,3,ok,nie_dotyczy,0.8132210311479197,brak,,1.4040212110613643,brak istotnego odchylenia,0.0,Werdykt OK: brak pasma przekraczającego próg anomalii.,"{""mV_0"": 0.2906, ""mV_1"": 0.7952, ""mV_2"": 0.8786, ""mV_3"": 0.7967, ""mV_4"": 1.1585, ""mV_5"": 1.404, ""mV_6"": 1.2754, ""mV_7"": 1.077, ""mV_8"": 0.8476, ""mV_9"": 0.5733, ""mV_10"": 0.3141, ""mV_11"": 0.3845, ""mV_12"": 0.6936, ""mV_13"": 0.8558, ""mV_14"": 0.7917, ""mV_15"": 0.5429, ""mV_16"": 0.4108, ""mV_17"": 0.6183, ""mV_18"": 0.6669, ""mV_19"": 0.3219, ""mV_20"": 0.0904}"
test_0048,4,ok,nie_dotyczy,0.8485315493343769,brak,,1.1692245781992465,brak istotnego odchylenia,0.0,Werdykt OK: brak pasma przekraczającego próg anomalii.,"{""mV_0"": 0.3744, ""mV_1"": 0.6339, ""mV_2"": 0.5075, ""mV_3"": 0.1714, ""mV_4"": 0.0319, ""mV_5"": 0.1596, ""mV_6"": 0.3796, ""mV_7"": 0.5577, ""mV_8"": 0.7659, ""mV_9"": 1.0067, ""mV_10"": 1.1692, ""mV_11"": 1.1492, ""mV_12"": 1.0155, ""mV_13"": 0.8617, ""mV_14"": 0.6479, ""mV_15"": 0.3884, ""mV_16"": 0.2044, ""mV_17"": 0.1268, ""mV_18"": 0.2504, ""mV_19"": 0.7741, ""mV_20"": 0.956}"
test_0048,5,ok,nie_dotyczy,0.826597126317585,brak,,0.708448673994178,brak istotnego odchylenia,0.0,Werdykt OK: brak pasma przekraczającego próg anomalii.,"{""mV_0"": 0.1679, ""mV_1"": 0.2332, ""mV_2"": 0.2444, ""mV_3"": 0.3848, ""mV_4"": 0.4804, ""mV_5"": 0.4679, ""mV_6"": 0.3553, ""mV_7"": 0.2778, ""mV_8"": 0.413, ""mV_9"": 0.5888, ""mV_10"": 0.7084, ""mV_11"": 0.6424, ""mV_12"": 0.3961, ""mV_13"": 0.2542, ""mV_14"": 0.2948, ""mV_15"": 0.3391, ""mV_16"": 0.2884, ""mV_17"": 0.3007, ""mV_18"": 0.3887, ""mV_19"": 0.3022, ""mV_20"": 0.1005}"
test_0048,6,ok,nie_dotyczy,0.7750815698526776,brak,,1.706786183781827,brak istotnego odchylenia,0.0,Werdykt OK: brak pasma przekraczającego próg anomalii.,"{""mV_0"": 0.4985, ""mV_1"": 1.4637, ""mV_2"": 1.7068, ""mV_3"": 1.0595, ""mV_4"": 0.8664, ""mV_5"": 0.8857, ""mV_6"": 0.4862, ""mV_7"": 0.3868, ""mV_8"": 0.7998, ""mV_9"": 1.1904, ""mV_10"": 1.4882, ""mV_11"": 1.6829, ""mV_12"": 1.6408, ""mV_13"": 1.3829, ""mV_14"": 0.9856, ""mV_15"": 0.5984, ""mV_16"": 0.4969, ""mV_17"": 0.6505, ""mV_18"": 0.7779, ""mV_19"": 0.8985, ""mV_20"": 0.7488}"
test_0048,7,ok,nie_dotyczy,0.8399208127150987,brak,,1.0982960384251226,brak istotnego odchylenia,0.0,Werdykt OK: brak pasma przekraczającego próg anomalii.,"{""mV_0"": 0.7182, ""mV_1"": 1.0983, ""mV_2"": 1.0129, ""mV_3"": 0.7795, ""mV_4"": 0.5566, ""mV_5"": 0.3121, ""mV_6"": 0.2322, ""mV_7"": 0.299, ""mV_8"": 0.3373, ""mV_9"": 0.3564, ""mV_10"": 0.4171, ""mV_11"": 0.4938, ""mV_12"": 0.4568, ""mV_13"": 0.272, ""mV_14"": 0.1039, ""mV_15"": 0.1153, ""mV_16"": 0.2876, ""mV_17"": 0.3915, ""mV_18"": 0.2638, ""mV_19"": 0.0863, ""mV_20"": 0.0184}"
test_0048,8,ok,nie_dotyczy,0.8410571850238362,brak,,0.732513488461892,brak istotnego odchylenia,0.0,Werdykt OK: brak pasma przekraczającego próg anomalii.,"{""mV_0"": 0.0605, ""mV_1"": 0.0698, ""mV_2"": 0.122, ""mV_3"": 0.1382, ""mV_4"": 0.0989, ""mV_5"": 0.1486, ""mV_6"": 0.2171, ""mV_7"": 0.1901, ""mV_8"": 0.192, ""mV_9"": 0.3237, ""mV_10"": 0.3761, ""mV_11"": 0.2454, ""mV_12"": 0.2148, ""mV_13"": 0.33, ""mV_14"": 0.5067, ""mV_15"": 0.7325, ""mV_16"": 0.7221, ""mV_17"": 0.3894, ""mV_18"": 0.0975, ""mV_19"": 0.0393, ""mV_20"": 0.05}"
test_0048,9,ok,nie_dotyczy,0.7898515813608562,brak,,1.513613083927502,brak istotnego odchylenia,0.0,Werdykt OK: brak pasma przekraczającego próg anomalii.,"{""mV_0"": 0.1638, ""mV_1"": 0.3362, ""mV_2"": 0.7238, ""mV_3"": 1.5006, ""mV_4"": 1.5136, ""mV_5"": 0.7955, ""mV_6"": 0.3405, ""mV_7"": 0.1575, ""mV_8"": 0.1855, ""mV_9"": 0.3239, ""mV_10"": 0.3488, ""mV_11"": 0.2476, ""mV_12"": 0.2023, ""mV_13"": 0.3154, ""mV_14"": 0.4132, ""mV_15"": 0.7593, ""mV_16"": 1.324, ""mV_17"": 1.3259, ""mV_18"": 0.9142, ""mV_19"": 0.7713, ""mV_20"": 0.6748}"
test_0048,10,ok,nie_dotyczy,0.8121602876830976,brak,,1.0391919500376299,brak istotnego odchylenia,0.0,Werdykt OK: brak pasma przekraczającego próg anomalii.,"{""mV_0"": 0.2917, ""mV_1"": 0.6314, ""mV_2"": 0.8303, ""mV_3"": 1.0392, ""mV_4"": 0.907, ""mV_5"": 0.3967, ""mV_6"": 0.2539, ""mV_7"": 0.571, ""mV_8"": 0.8158, ""mV_9"": 0.7847, ""mV_10"": 0.7113, ""mV_11"": 0.6992, ""mV_12"": 0.4795, ""mV_13"": 0.2471, ""mV_14"": 0.3502, ""mV_15"": 0.4931, ""mV_16"": 0.4892, ""mV_17"": 0.5398, ""mV_18"": 0.6496, ""mV_19"": 0.6979, ""mV_20"": 0.5542}"
test_0048,11,ok,nie_dotyczy,0.810580621443917,brak,,0.9280659794611492,brak istotnego odchylenia,0.0,Werdykt OK: brak pasma przekraczającego próg anomalii.,"{""mV_0"": 0.102, ""mV_1"": 0.1498, ""mV_2"": 0.177, ""mV_3"": 0.1222, ""mV_4"": 0.0787, ""mV_5"": 0.1415, ""mV_6"": 0.2254, ""mV_7"": 0.1957, ""mV_8"": 0.1199, ""mV_9"": 0.113, ""mV_10"": 0.2226, ""mV_11"": 0.3596, ""mV_12"": 0.3696, ""mV_13"": 0.2979, ""mV_14"": 0.1878, ""mV_15"": 0.2563, ""mV_16"": 0.6687, ""mV_17"": 0.9281, ""mV_18"": 0.6643, ""mV_19"": 0.2559, ""mV_20"": 0.0651}"
test_0048,12,ok,nie_dotyczy,0.8373296645405133,1 kHz,mV_1,2.0960403598687205,obniżona,0.0,"Werdykt OK, ale najsilniejsze lokalne odstępstwo występuje w paśmie 1 kHz; amplituda jest obniżona.","{""mV_0"": 1.8125, ""mV_1"": 2.096, ""mV_2"": 1.5947, ""mV_3"": 1.1702, ""mV_4"": 1.2086, ""mV_5"": 1.5652, ""mV_6"": 1.8022, ""mV_7"": 1.8193, ""mV_8"": 1.6732, ""mV_9"": 1.5963, ""mV_10"": 1.6271, ""mV_11"": 1.5903, ""mV_12"": 1.479, ""mV_13"": 1.4888, ""mV_14"": 1.7202, ""mV_15"": 1.8839, ""mV_16"": 1.7003, ""mV_17"": 1.4651, ""mV_18"": 1.6004, ""mV_19"": 1.8191, ""mV_20"": 1.3458}"
test_0049,1,ok,nie_dotyczy,0.8251585235413909,brak,,1.0536899720027024,brak istotnego odchylenia,0.0,Werdykt OK: brak pasma przekraczającego próg anomalii.,"{""mV_0"": 0.6384, ""mV_1"": 0.8973, ""mV_2"": 0.6535, ""mV_3"": 0.678, ""mV_4"": 0.7787, ""mV_5"": 0.5462, ""mV_6"": 0.4144, ""mV_7"": 0.52, ""mV_8"": 0.6552, ""mV_9"": 0.6994, ""mV_10"": 0.569, ""mV_11"": 0.3429, ""mV_12"": 0.2064, ""mV_13"": 0.3362, ""mV_14"": 0.6602, ""mV_15"": 0.9201, ""mV_16"": 1.0537, ""mV_17"": 0.9311, ""mV_18"": 0.7029, ""mV_19"": 0.66, ""mV_20"": 0.4976}"
test_0049,2,ok,nie_dotyczy,0.8349624443390434,brak,,0.6068268997935813,brak istotnego odchylenia,0.0,Werdykt OK: brak pasma przekraczającego próg anomalii.,"{""mV_0"": 0.1793, ""mV_1"": 0.1813, ""mV_2"": 0.2639, ""mV_3"": 0.348, ""mV_4"": 0.2416, ""mV_5"": 0.1091, ""mV_6"": 0.1131, ""mV_7"": 0.1952, ""mV_8"": 0.2121, ""mV_9"": 0.1895, ""mV_10"": 0.239, ""mV_11"": 0.2524, ""mV_12"": 0.2571, ""mV_13"": 0.3759, ""mV_14"": 0.4651, ""mV_15"": 0.448, ""mV_16"": 0.3647, ""mV_17"": 0.4669, ""mV_18"": 0.6068, ""mV_19"": 0.4322, ""mV_20"": 0.2309}"
test_0049,3,ok,nie_dotyczy,0.8309810205812826,brak,,1.2339205601687067,brak istotnego odchylenia,0.0,Werdykt OK: brak pasma przekraczającego próg anomalii.,"{""mV_0"": 0.0937, ""mV_1"": 0.1539, ""mV_2"": 0.1889, ""mV_3"": 0.1657, ""mV_4"": 0.3426, ""mV_5"": 0.7982, ""mV_6"": 1.1165, ""mV_7"": 1.2339, ""mV_8"": 1.1884, ""mV_9"": 1.0034, ""mV_10"": 0.9099, ""mV_11"": 0.826, ""mV_12"": 0.5954, ""mV_13"": 0.313, ""mV_14"": 0.128, ""mV_15"": 0.2145, ""mV_16"": 0.4361, ""mV_17"": 0.4648, ""mV_18"": 0.3869, ""mV_19"": 0.4074, ""mV_20"": 0.3561}"
test_0049,4,ok,nie_dotyczy,0.7886602265090142,brak,,1.6290650854290545,brak istotnego odchylenia,0.0,Werdykt OK: brak pasma przekraczającego próg anomalii.,"{""mV_0"": 0.4927, ""mV_1"": 0.9852, ""mV_2"": 1.1589, ""mV_3"": 1.478, ""mV_4"": 1.6291, ""mV_5"": 1.2009, ""mV_6"": 0.7325, ""mV_7"": 0.6137, ""mV_8"": 0.6069, ""mV_9"": 0.5845, ""mV_10"": 0.6387, ""mV_11"": 0.6345, ""mV_12"": 0.4783, ""mV_13"": 0.2305, ""mV_14"": 0.1113, ""mV_15"": 0.3875, ""mV_16"": 0.8076, ""mV_17"": 0.7825, ""mV_18"": 0.421, ""mV_19"": 0.2659, ""mV_20"": 0.2685}"
test_0049,5,ok,nie_dotyczy,0.8073657149209764,brak,,0.6527696715774395,brak istotnego odchylenia,0.0,Werdykt OK: brak pasma przekraczającego próg anomalii.,"{""mV_0"": 0.3432, ""mV_1"": 0.3048, ""mV_2"": 0.2714, ""mV_3"": 0.3702, ""mV_4"": 0.5581, ""mV_5"": 0.6528, ""mV_6"": 0.5311, ""mV_7"": 0.3289, ""mV_8"": 0.1845, ""mV_9"": 0.1595, ""mV_10"": 0.1528, ""mV_11"": 0.1081, ""mV_12"": 0.0536, ""mV_13"": 0.036, ""mV_14"": 0.0514, ""mV_15"": 0.0805, ""mV_16"": 0.2619, ""mV_17"": 0.3834, ""mV_18"": 0.3502, ""mV_19"": 0.4728, ""mV_20"": 0.428}"
test_0049,6,ok,nie_dotyczy,0.8424773729596953,brak,,1.302543333144926,brak istotnego odchylenia,0.0,Werdykt OK: brak pasma przekraczającego próg anomalii.,"{""mV_0"": 0.7262, ""mV_1"": 0.8087, ""mV_2"": 0.4308, ""mV_3"": 0.3132, ""mV_4"": 0.368, ""mV_5"": 0.27, ""mV_6"": 0.3183, ""mV_7"": 0.5685, ""mV_8"": 0.9165, ""mV_9"": 1.2303, ""mV_10"": 1.3025, ""mV_11"": 1.2722, ""mV_12"": 1.2065, ""mV_13"": 1.0809, ""mV_14"": 0.9741, ""mV_15"": 0.8604, ""mV_16"": 0.6755, ""mV_17"": 0.5097, ""mV_18"": 0.3786, ""mV_19"": 0.2692, ""mV_20"": 0.2284}"
test_0049,7,ok,nie_dotyczy,0.8147682569099177,brak,,1.281486124398878,brak istotnego odchylenia,0.0,Werdykt OK: brak pasma przekraczającego próg anomalii.,"{""mV_0"": 0.2897, ""mV_1"": 0.2406, ""mV_2"": 0.4629, ""mV_3"": 1.0904, ""mV_4"": 1.2815, ""mV_5"": 1.1759, ""mV_6"": 1.1573, ""mV_7"": 1.108, ""mV_8"": 0.9627, ""mV_9"": 0.7411, ""mV_10"": 0.7282, ""mV_11"": 0.7441, ""mV_12"": 0.5184, ""mV_13"": 0.3017, ""mV_14"": 0.1641, ""mV_15"": 0.0872, ""mV_16"": 0.226, ""mV_17"": 0.7608, ""mV_18"": 1.2246, ""mV_19"": 1.0919, ""mV_20"": 0.6238}"
test_0049,8,ok,nie_dotyczy,0.763922036684023,5–6 kHz,"mV_5,mV_6",2.046703507707263,obniżona,0.0,"Werdykt OK, ale najsilniejsze lokalne odstępstwo występuje w paśmie 5–6 kHz; amplituda jest obniżona.","{""mV_0"": 0.8629, ""mV_1"": 1.0535, ""mV_2"": 1.2464, ""mV_3"": 1.6905, ""mV_4"": 1.9264, ""mV_5"": 2.0108, ""mV_6"": 2.0467, ""mV_7"": 1.922, ""mV_8"": 1.6864, ""mV_9"": 1.574, ""mV_10"": 1.72, ""mV_11"": 1.7925, ""mV_12"": 1.6064, ""mV_13"": 1.1792, ""mV_14"": 0.6632, ""mV_15"": 0.3625, ""mV_16"": 0.1692, ""mV_17"": 0.628, ""mV_18"": 1.5665, ""mV_19"": 1.7593, ""mV_20"": 1.2128}"
test_0049,9,ok,nie_dotyczy,0.8191138935084605,brak,,0.8159198224901434,brak istotnego odchylenia,0.0,Werdykt OK: brak pasma przekraczającego próg anomalii.,"{""mV_0"": 0.7847, ""mV_1"": 0.4788, ""mV_2"": 0.0953, ""mV_3"": 0.1042, ""mV_4"": 0.1149, ""mV_5"": 0.1556, ""mV_6"": 0.2971, ""mV_7"": 0.3157, ""mV_8"": 0.2223, ""mV_9"": 0.2144, ""mV_10"": 0.2275, ""mV_11"": 0.1593, ""mV_12"": 0.1294, ""mV_13"": 0.1695, ""mV_14"": 0.1383, ""mV_15"": 0.1455, ""mV_16"": 0.3186, ""mV_17"": 0.6457, ""mV_18"": 0.8159, ""mV_19"": 0.6193, ""mV_20"": 0.3621}"
test_0049,10,ok,nie_dotyczy,0.7846878264066421,brak,,1.2899034708880155,brak istotnego odchylenia,0.0,Werdykt OK: brak pasma przekraczającego próg anomalii.,"{""mV_0"": 0.1177, ""mV_1"": 0.2358, ""mV_2"": 0.3482, ""mV_3"": 0.5412, ""mV_4"": 0.7494, ""mV_5"": 0.7329, ""mV_6"": 0.5232, ""mV_7"": 0.3024, ""mV_8"": 0.1768, ""mV_9"": 0.1697, ""mV_10"": 0.2126, ""mV_11"": 0.3111, ""mV_12"": 0.417, ""mV_13"": 0.6045, ""mV_14"": 0.8545, ""mV_15"": 1.1606, ""mV_16"": 1.2899, ""mV_17"": 0.7466, ""mV_18"": 0.327, ""mV_19"": 0.5855, ""mV_20"": 0.6216}"
test_0049,11,ok,nie_dotyczy,0.8325071456091357,brak,,1.763439840299576,brak istotnego odchylenia,0.0,Werdykt OK: brak pasma przekraczającego próg anomalii.,"{""mV_0"": 0.6359, ""mV_1"": 0.7356, ""mV_2"": 0.62, ""mV_3"": 0.7006, ""mV_4"": 0.5257, ""mV_5"": 0.2221, ""mV_6"": 0.235, ""mV_7"": 0.4198, ""mV_8"": 0.6698, ""mV_9"": 0.9058, ""mV_10"": 1.016, ""mV_11"": 1.1621, ""mV_12"": 1.345, ""mV_13"": 1.4956, ""mV_14"": 1.6878, ""mV_15"": 1.7634, ""mV_16"": 1.3337, ""mV_17"": 0.5673, ""mV_18"": 0.1686, ""mV_19"": 0.1248, ""mV_20"": 0.1072}"
test_0049,12,ok,nie_dotyczy,0.7696631245322958,16–17 kHz,"mV_16,mV_17",2.3998401417305804,podwyższona,0.0,"Werdykt OK, ale najsilniejsze lokalne odstępstwo występuje w paśmie 16–17 kHz; amplituda jest podwyższona.","{""mV_0"": 0.487, ""mV_1"": 0.7619, ""mV_2"": 0.7925, ""mV_3"": 0.5288, ""mV_4"": 0.2053, ""mV_5"": 0.1057, ""mV_6"": 0.143, ""mV_7"": 0.249, ""mV_8"": 0.374, ""mV_9"": 0.368, ""mV_10"": 0.2761, ""mV_11"": 0.3359, ""mV_12"": 0.5788, ""mV_13"": 0.8587, ""mV_14"": 1.1794, ""mV_15"": 1.7155, ""mV_16"": 2.3998, ""mV_17"": 2.381, ""mV_18"": 1.3755, ""mV_19"": 0.3982, ""mV_20"": 0.0546}"
test_0049,13,ok,nie_dotyczy,0.8511324768103598,brak,,1.7334952553209315,brak istotnego odchylenia,0.0,Werdykt OK: brak pasma przekraczającego próg anomalii.,"{""mV_0"": 0.1027, ""mV_1"": 0.2243, ""mV_2"": 0.342, ""mV_3"": 0.4505, ""mV_4"": 0.3369, ""mV_5"": 0.1425, ""mV_6"": 0.1543, ""mV_7"": 0.2933, ""mV_8"": 0.507, ""mV_9"": 0.7719, ""mV_10"": 0.9938, ""mV_11"": 1.2606, ""mV_12"": 1.4769, ""mV_13"": 1.6174, ""mV_14"": 1.7294, ""mV_15"": 1.7335, ""mV_16"": 1.6541, ""mV_17"": 1.5209, ""mV_18"": 1.157, ""mV_19"": 0.4599, ""mV_20"": 0.049}"
test_0049,14,pompa,male,0.5151456635304074,17 kHz,mV_17,3.2632755515238068,podwyższona,-0.09016472566439508,Podejrzenie pompa: najbardziej nietypowe jest pasmo 17 kHz; amplituda jest podwyższona względem zdrowej referencji.,"{""mV_0"": 0.3239, ""mV_1"": 0.3896, ""mV_2"": 0.3434, ""mV_3"": 0.3034, ""mV_4"": 0.4392, ""mV_5"": 0.4736, ""mV_6"": 0.2789, ""mV_7"": 0.1741, ""mV_8"": 0.2442, ""mV_9"": 0.4094, ""mV_10"": 0.4134, ""mV_11"": 0.211, ""mV_12"": 0.0685, ""mV_13"": 0.0794, ""mV_14"": 0.1739, ""mV_15"": 0.3995, ""mV_16"": 1.9176, ""mV_17"": 3.2633, ""mV_18"": 1.8589, ""mV_19"": 0.2559, ""mV_20"": 0.0379}"
test_0049,15,ok,nie_dotyczy,0.8415836598137654,brak,,0.6550476990556507,brak istotnego odchylenia,0.0,Werdykt OK: brak pasma przekraczającego próg anomalii.,"{""mV_0"": 0.3959, ""mV_1"": 0.3938, ""mV_2"": 0.1564, ""mV_3"": 0.0826, ""mV_4"": 0.1467, ""mV_5"": 0.2478, ""mV_6"": 0.2735, ""mV_7"": 0.1735, ""mV_8"": 0.1961, ""mV_9"": 0.2771, ""mV_10"": 0.1891, ""mV_11"": 0.0586, ""mV_12"": 0.0462, ""mV_13"": 0.1103, ""mV_14"": 0.2208, ""mV_15"": 0.5063, ""mV_16"": 0.655, ""mV_17"": 0.4381, ""mV_18"": 0.2619, ""mV_19"": 0.3186, ""mV_20"": 0.3751}"
test_0049,16,ok,nie_dotyczy,0.7092493736531416,15 kHz,mV_15,2.168150630168173,obniżona,0.0,"Werdykt OK, ale najsilniejsze lokalne odstępstwo występuje w paśmie 15 kHz; amplituda jest obniżona.","{""mV_0"": 0.8068, ""mV_1"": 0.907, ""mV_2"": 0.6113, ""mV_3"": 0.2747, ""mV_4"": 0.129, ""mV_5"": 0.3891, ""mV_6"": 0.8511, ""mV_7"": 1.1779, ""mV_8"": 1.376, ""mV_9"": 1.5136, ""mV_10"": 1.6222, ""mV_11"": 1.7282, ""mV_12"": 1.7067, ""mV_13"": 1.6993, ""mV_14"": 1.85, ""mV_15"": 2.1682, ""mV_16"": 1.917, ""mV_17"": 0.7289, ""mV_18"": 0.2085, ""mV_19"": 0.6013, ""mV_20"": 0.604}"
