engine_id,cylinder,frequency_khz,column,amplitude_mv,imputed_value_mv,was_imputed,signed_deviation,anomaly_score,is_suspicious
test_0000,1,0,mV_0,31.388,,False,-1.7636340868681228,1.1368594410817114,False
test_0000,1,1,mV_1,27.459,,False,-1.0201695905906,1.1877425847080776,False
test_0000,1,2,mV_2,21.718,,False,-0.9469970707829872,1.142562723702968,False
test_0000,1,3,mV_3,23.7,,False,-1.6560871626552975,1.4302517578266118,False
test_0000,1,4,mV_4,32.478,,False,-1.4618356352128652,1.5052250977385975,False
test_0000,1,5,mV_5,40.316,,False,-1.441141957873362,1.4025501705403955,False
test_0000,1,6,mV_6,46.006,,False,-1.2660811312019928,1.3166634955854355,False
test_0000,1,7,mV_7,50.194,,False,-1.2933497620643943,1.261667930101708,False
test_0000,1,8,mV_8,51.718,,False,-1.19389106507605,1.2465538990840352,False
test_0000,1,9,mV_9,51.414,,False,-1.305083704119647,1.3153820190563925,False
test_0000,1,10,mV_10,47.32,,False,-1.4574696029102268,1.435444021048908,False
test_0000,1,11,mV_11,40.234,,False,-1.5217531742555315,1.4786599470544648,False
test_0000,1,12,mV_12,33.746,,False,-1.4136638367965697,1.3850644326522095,False
test_0000,1,13,mV_13,28.787,,False,-1.1911768827601668,1.2444128105286827,False
test_0000,1,14,mV_14,24.923,,False,-1.181633639797828,1.2486900983315516,False
test_0000,1,15,mV_15,22.882,,False,-1.440316230970384,1.295328397197984,False
test_0000,1,16,mV_16,24.746,,False,-1.1190474870533398,1.1746422628753064,False
test_0000,1,17,mV_17,28.283,,False,-1.0201578464241619,0.9542619228046358,False
test_0000,1,18,mV_18,31.456,,False,-0.6576845113168803,0.7296941460040698,False
test_0000,1,19,mV_19,30.684,,False,-0.5832497149583566,0.5662969267411873,False
test_0000,1,20,mV_20,30.51,,False,-0.4410037657311553,0.3663143116051668,False
test_0000,2,0,mV_0,37.032,,False,0.511814715574139,0.39445691610219885,False
test_0000,2,1,mV_1,31.706,,False,0.5541982332605173,0.6708378580311922,False
test_0000,2,2,mV_2,26.391,,False,1.063140250029595,1.1444209460661352,False
test_0000,2,3,mV_3,31.481,,False,1.8972050509448337,1.6498484665634958,False
test_0000,2,4,mV_4,40.384,,False,1.741843514334721,1.6150869466577749,False
test_0000,2,5,mV_5,46.839,,False,1.0794557070168238,1.1947170902524096,False
test_0000,2,6,mV_6,51.663,,False,0.8781134326412693,0.8569471809111148,False
test_0000,2,7,mV_7,55.515,,False,0.5921061513450967,0.6267239363378139,False
test_0000,2,8,mV_8,56.546,,False,0.44457001001979257,0.4638239031522239,False
test_0000,2,9,mV_9,56.444,,False,0.3740494412242138,0.30528675362673574,False
test_0000,2,10,mV_10,51.535,,False,-0.02847812203872281,0.16465775774072153,False
test_0000,2,11,mV_11,43.938,,False,-0.22762534566122675,0.24739922074215587,False
test_0000,2,12,mV_12,36.174,,False,-0.5058680696074471,0.44010363222742177,False
test_0000,2,13,mV_13,30.475,,False,-0.5210530440335662,0.41214207804517755,False
test_0000,2,14,mV_14,27.255,,False,-0.10059415450613055,0.263912544960078,False
test_0000,2,15,mV_15,26.465,,False,0.3334088267944845,0.4425760826746147,False
test_0000,2,16,mV_16,28.765,,False,1.0028925226033591,0.8558014641671927,False
test_0000,2,17,mV_17,32.468,,False,1.0840119846675682,0.7927291229846238,False
test_0000,2,18,mV_18,,34.16894248114726,True,,,False
test_0000,2,19,mV_19,33.366,,False,0.6557805706007019,0.5614997800918268,False
test_0000,2,20,mV_20,33.317,,False,0.9344379791659032,0.6311641322331271,False
test_0000,3,0,mV_0,33.684,,False,-0.8379731282558924,0.5983132499739502,False
test_0000,3,1,mV_1,28.276,,False,-0.7173067433840158,0.7451036921358816,False
test_0000,3,2,mV_2,22.274,,False,-0.7078281535196024,0.6530576299163479,False
test_0000,3,3,mV_3,26.277,,False,-0.47926746924217084,0.4424742799169173,False
test_0000,3,4,mV_4,35.83,,False,-0.10353402766372505,0.21017727249314955,False
test_0000,3,5,mV_5,43.646,,False,-0.15437356540297717,0.14090592453639766,False
test_0000,3,6,mV_6,48.947,,False,-0.15134253967591124,0.2010785493272692,False
test_0000,3,7,mV_7,52.864,,False,-0.34725555255427726,0.2917235694935826,False
test_0000,3,8,mV_8,54.29,,False,-0.3210406331898644,0.3257410432051994,False
test_0000,3,9,mV_9,54.384,,False,-0.3136273538867915,0.3014886350903486,False
test_0000,3,10,mV_10,50.859,,False,-0.2576591993979469,0.24702283300900169,False
test_0000,3,11,mV_11,44.134,,False,-0.15914557935332144,0.15445640397478613,False
test_0000,3,12,mV_12,37.415,,False,-0.04187525779455486,0.06494207218730788,False
test_0000,3,13,mV_13,31.745,,False,-0.016872193806800388,0.07464890710946873,False
test_0000,3,14,mV_14,26.991,,False,-0.22297598302971924,0.28494752869761336,False
test_0000,3,15,mV_15,24.424,,False,-0.6769659549242145,0.5681294342000485,False
test_0000,3,16,mV_16,25.548,,False,-0.6956098439220455,0.7577564003301089,False
test_0000,3,17,mV_17,28.397,,False,-0.9628399585521304,0.742770951514298,False
test_0000,3,18,mV_18,32.143,,False,-0.3497940450308856,0.4603613219646364,False
test_0000,3,19,mV_19,31.559,,False,-0.17901723924464397,0.25535780034336014,False
test_0000,3,20,mV_20,30.77,,False,-0.31360267785326695,0.20155564873779447,False
test_0000,4,0,mV_0,35.548,,False,-0.08647834304108207,0.3098659803985528,False
test_0000,4,1,mV_1,33.088,,False,1.066507235512047,0.8955060926492846,False
test_0000,4,2,mV_2,27.087,,False,1.362531556531962,1.0536670774376735,False
test_0000,4,3,mV_3,26.4,,False,-0.4230979611747234,0.7403564845788342,False
test_0000,4,4,mV_4,34.228,,False,-0.7526984594339278,0.6559630384979159,False
test_0000,4,5,mV_5,42.246,,False,-0.6953572739490846,0.6448524945585382,False
test_0000,4,6,mV_6,48.196,,False,-0.435996970902056,0.5435849369805121,False
test_0000,4,7,mV_7,52.131,,False,-0.6069885321688518,0.586333957384473,False
test_0000,4,8,mV_8,53.187,,False,-0.6953617942981325,0.692753672894513,False
test_0000,4,9,mV_9,53.007,,False,-0.7733025708129346,0.6322803332869419,False
test_0000,4,10,mV_10,50.772,,False,-0.2871543972237656,0.34515709886115875,False
test_0000,4,11,mV_11,44.684,,False,0.03301703018416903,0.11437567896204637,False
test_0000,4,12,mV_12,37.806,,False,0.10431425825608177,0.09539637677347987,False
test_0000,4,13,mV_13,32.14,,False,0.13993996039758688,0.18343102459878527,False
test_0000,4,14,mV_14,28.226,,False,0.34952991934388555,0.2940922346490087,False
test_0000,4,15,mV_15,26.473,,False,0.3373691395106767,0.43155344190523004,False
test_0000,4,16,mV_16,28.195,,False,0.7019455692556812,0.5341130078112503,False
test_0000,4,17,mV_17,31.098,,False,0.3951917532229618,0.4172827015854535,False
test_0000,4,18,mV_18,33.318,,False,0.1768017306402093,0.2380743480692425,False
test_0000,4,19,mV_19,31.506,,False,-0.20350217777358962,0.21210208640652048,False
test_0000,4,20,mV_20,30.87,,False,-0.2646022594386934,0.1831766741627441,False
test_0000,5,0,mV_0,37.273,,False,0.6089768632333525,0.6322809317909991,False
test_0000,5,1,mV_1,33.748,,False,1.3111700006972913,1.2044904352783843,False
test_0000,5,2,mV_2,27.608,,False,1.5866448764856016,1.3122853474800147,False
test_0000,5,3,mV_3,29.001,,False,0.7646816362515648,0.9428633775075306,False
test_0000,5,4,mV_4,37.703,,False,0.6554453610413906,0.5188930895835865,False
test_0000,5,5,mV_5,,46.39940344561165,True,,,False
test_0000,5,6,mV_6,51.824,,False,0.9391378846085254,0.7012202866740158,False
test_0000,5,7,mV_7,56.459,,False,0.9266053774790124,0.9396312092287269,False
test_0000,5,8,mV_8,58.083,,False,0.9661761973483571,0.9537989308589162,False
test_0000,5,9,mV_9,58.188,,False,0.956237951259938,0.9504544723225211,False
test_0000,5,10,mV_10,54.342,,False,0.923165789421851,0.9043784219560002,False
test_0000,5,11,mV_11,46.922,,False,0.8149441577203604,0.8163268434000834,False
test_0000,5,12,mV_12,39.432,,False,0.7122532687377621,0.780044802977727,False
test_0000,5,13,mV_13,34.006,,False,0.8807285167150236,0.6184275755419524,False
test_0000,5,14,mV_14,,29.681938351698413,True,,,False
test_0000,5,15,mV_15,28.757,,False,1.4680384199837346,1.2297237202099396,False
test_0000,5,16,mV_16,30.621,,False,1.9828180408722886,1.8159561514281286,False
test_0000,5,17,mV_17,33.952,,False,1.8301501039842023,1.758949003252286,False
test_0000,5,18,mV_18,36.031,,False,1.392677764168451,1.4401307483821149,False
test_0000,5,19,mV_19,34.425,,False,1.1450173612073544,1.2052480515884212,False
test_0000,5,20,mV_20,33.733,,False,1.1382797197705246,0.8553942001871009,False
test_0000,6,0,mV_0,35.813,,False,0.020359703140208036,0.017223173598164124,False
test_0000,6,1,mV_1,30.135,,False,-0.028173288112240423,0.08063566885916881,False
test_0000,6,2,mV_2,24.491,,False,0.24583639607198637,0.24955005604098862,False
test_0000,6,3,mV_3,28.374,,False,0.47835414390774134,0.43045892679482534,False
test_0000,6,4,mV_4,37.367,,False,0.5192910232918325,0.47308506063223504,False
test_0000,6,5,mV_5,45.017,,False,0.37540405203753363,0.31752478184172495,False
test_0000,6,6,mV_6,,49.48544788391953,True,,,False
test_0000,6,7,mV_7,54.204,,False,0.12756326420361142,0.06522393938622074,False
test_0000,6,8,mV_8,55.219,,False,-0.005769229137660148,0.036736644780546966,False
test_0000,6,9,mV_9,55.347,,False,0.00784485664325616,0.05181119655014644,False
test_0000,6,10,mV_10,52.167,,False,0.1857858437764133,0.13420379768385715,False
test_0000,6,11,mV_11,45.04,,False,0.1573986465393458,0.1367362573533406,False
test_0000,6,12,mV_12,37.403,,False,-0.046361892558257456,0.09344642185995697,False
test_0000,6,13,mV_13,31.476,,False,-0.12366325578396721,0.08396826239106145,False
test_0000,6,14,mV_14,27.381,,False,-0.04218464543805387,0.14290968947888294,False
test_0000,6,15,mV_15,25.057,,False,-0.36360621125545683,0.3042144174092404,False
test_0000,6,16,mV_16,26.018,,False,-0.447460601687994,0.49387595038049015,False
test_0000,6,17,mV_17,28.886,,False,-0.7169763868905158,0.52396527549675,False
test_0000,6,18,mV_18,32.445,,False,-0.21444772651797428,0.3003851066454739,False
test_0000,6,19,mV_19,32.067,,False,0.05566858665543116,0.11623652203155554,False
test_0000,6,20,mV_20,31.694,,False,0.13916118829738555,0.08349774081255057,False
test_0000,7,0,mV_0,37.615,,False,0.746858417172979,0.4768548320511614,False
test_0000,7,1,mV_1,31.327,,False,0.4137024938586878,0.4744896867624705,False
test_0000,7,2,mV_2,24.672,,False,0.32369534215952744,0.27903025739428833,False
test_0000,7,3,mV_3,27.206,,False,-0.05502785139941068,0.11021060417903482,False
test_0000,7,4,mV_4,36.103,,False,0.007091371757790462,0.030199313923552944,False
test_0000,7,5,mV_5,44.179,,False,0.05158666077922017,0.0275661733290577,False
test_0000,7,6,mV_6,,49.06657001914237,True,,,False
test_0000,7,7,mV_7,54.427,,False,0.20658161952973708,0.16081341793155188,False
test_0000,7,8,mV_8,55.914,,False,0.23009043266673335,0.21313384166231478,False
test_0000,7,9,mV_9,55.88,,False,0.1857728817860553,0.25262516566297516,False
test_0000,7,10,mV_10,52.825,,False,0.4088644664130567,0.25087545365304215,False
test_0000,7,11,mV_11,,45.78021637408722,True,,,False
test_0000,7,12,mV_12,38.167,,False,0.23928718739746452,0.1771579249401515,False
test_0000,7,13,mV_13,32.367,,False,0.23005732496567696,0.29143769370221434,False
test_0000,7,14,mV_14,28.478,,False,0.46634893748003886,0.3627788673933862,False
test_0000,7,15,mV_15,26.374,,False,0.2883602696477902,0.36326092589323467,False
test_0000,7,16,mV_16,27.642,,False,0.4099742267973195,0.37285838817571476,False
test_0000,7,17,mV_17,31.074,,False,0.38312482946042986,0.5532643388795622,False
test_0000,7,18,mV_18,35.237,,False,1.0368334698000692,0.9765634829942202,False
test_0000,7,19,mV_19,35.084,,False,1.449462162916313,1.2748794332446993,False
test_0000,7,20,mV_20,33.785,,False,1.1637599373461025,0.9442455094021295,False
test_0000,8,0,mV_0,33.889,,False,-0.7553248283797981,0.6076824835799672,False
test_0000,8,1,mV_1,27.729,,False,-0.9200802775602726,0.781736992133589,False
test_0000,8,2,mV_2,22.684,,False,-0.5314625850340129,0.5049416980847772,False
test_0000,8,3,mV_3,27.407,,False,0.03676134471081031,0.18918515751808154,False
test_0000,8,4,mV_4,35.711,,False,-0.1517553556166926,0.08506801398604888,False
test_0000,8,5,mV_5,,42.87508254881285,True,,,False
test_0000,8,6,mV_6,48.061,,False,-0.4871665424273939,0.4286385899090749,False
test_0000,8,7,mV_7,51.755,,False,-0.7402212747815119,0.7206352399848865,False
test_0000,8,8,mV_8,52.54,,False,-0.9149318679491284,0.8905105241107618,False
test_0000,8,9,mV_9,52.352,,False,-0.9919570857632787,0.9838115666319225,False
test_0000,8,10,mV_10,48.562,,False,-1.0364002270520045,1.056136558766686,False
test_0000,8,11,mV_11,41.27,,False,-1.1597886951994563,1.25541019336886,False
test_0000,8,12,mV_12,33.072,,False,-1.665663156024522,1.569147526200881,False
test_0000,8,13,mV_13,27.29,,False,-1.7854750975550235,1.649759582131015,False
test_0000,8,14,mV_14,24.533,,False,-1.3624249773894914,1.1275812630835016,False
test_0000,8,15,mV_15,,24.59253408234609,True,,,False
test_0000,8,16,mV_16,26.177,,False,-0.3635122410173266,0.2748976883007164,False
test_0000,8,17,mV_17,29.571,,False,-0.37256627116821256,0.37951124713110773,False
test_0000,8,18,mV_18,32.01,,False,-0.40940020517067943,0.44492454404065396,False
test_0000,8,19,mV_19,30.673,,False,-0.5883314946530446,0.4569088143151531,False
test_0000,8,20,mV_20,30.917,,False,-0.24157206278384388,0.26786890505518307,False
test_0000,9,0,mV_0,31.919,,False,-1.5495548320671237,0.9742146397754742,False
test_0000,9,1,mV_1,28.059,,False,-0.7977488949676491,0.9284847800873076,False
test_0000,9,2,mV_2,22.597,,False,-0.5688864983468087,0.7886457204479456,False
test_0000,9,3,mV_3,24.657,,False,-1.2190609901305156,1.1093092142107828,False
test_0000,9,4,mV_4,32.556,,False,-1.4302283782352911,1.4881684593604991,False
test_0000,9,5,mV_5,39.198,,False,-1.873156090840898,1.7907912662421197,False
test_0000,9,6,mV_6,44.105,,False,-1.9866245050513918,2.004808175302966,True
test_0000,9,7,mV_7,47.712,,False,-2.1728276002681826,2.1358129827478827,True
test_0000,9,8,mV_8,48.721,,False,-2.2109722254037742,2.1866081563232993,True
test_0000,9,9,mV_9,48.878,,False,-2.1516605742174666,2.0860879350222152,True
test_0000,9,10,mV_10,46.221,,False,-1.8300583662501533,1.8353042463387008,False
test_0000,9,11,mV_11,40.212,,False,-1.5294396786370306,1.6354721869295616,False
test_0000,9,12,mV_12,33.106,,False,-1.6529510241940324,1.6693966985825157,False
test_0000,9,13,mV_13,27.147,,False,-1.8422450673049666,1.8126460911374014,False
test_0000,9,14,mV_14,23.345,,False,-1.9131432057456397,1.9175555093217413,False
test_0000,9,15,mV_15,21.748,,False,-2.00169055849072,1.9244137767863274,False
test_0000,9,16,mV_16,23.492,,False,-1.78113078441823,1.842366398824053,False
test_0000,9,17,mV_17,26.721,,False,-1.8055134679690321,1.7643301970052352,False
test_0000,9,18,mV_18,29.208,,False,-1.665163067664646,1.768172659233078,False
test_0000,9,19,mV_19,27.754,,False,-1.9368510336339881,1.867615407208771,False
test_0000,9,20,mV_20,27.468,,False,-1.9315964939024615,1.4500110053597277,False
test_0000,10,0,mV_0,39.2,,False,1.3858708820686187,0.9685517530270822,False
test_0000,10,1,mV_1,33.185,,False,1.102465247971091,1.404267423985242,False
test_0000,10,2,mV_2,28.63,,False,2.0262683179301675,2.1369442924763686,True
test_0000,10,3,mV_3,34.756,,False,3.3927752860740483,2.9810301623152986,True
test_0000,10,4,mV_4,43.766,,False,3.1123017591829294,2.404344701109977,True
test_0000,10,5,mV_5,,50.23206130734314,True,,,False
test_0000,10,6,mV_6,56.208,,False,2.600822340661003,1.86027216322413,False
test_0000,10,7,mV_7,60.164,,False,2.2394439715745142,2.2266299304823822,False
test_0000,10,8,mV_8,60.619,,False,1.8268094381194968,1.8350888606431535,False
test_0000,10,9,mV_9,59.659,,False,1.4472925947591055,1.375457695400898,False
test_0000,10,10,mV_10,53.921,,False,0.7804361539658834,0.8968182826310781,False
test_0000,10,11,mV_11,46.247,,False,0.5791082278334404,0.6069239497190826,False
test_0000,10,12,mV_12,38.835,,False,0.4890431892435661,0.5203558981794429,False
test_0000,10,13,mV_13,33.108,,False,0.5242289863971991,0.6808267274065927,False
test_0000,10,14,mV_14,30.03,,False,1.1858057475884063,1.2128731011847473,False
test_0000,10,15,mV_15,29.742,,False,1.955651923164978,1.948702160817293,False
test_0000,10,16,mV_16,31.975,,False,2.6976990493508097,2.4608431418299523,False
test_0000,10,17,mV_17,35.269,,False,2.4923225454532125,1.9205860350643087,False
test_0000,10,18,mV_18,,37.003544979643834,True,,,False
test_0000,10,19,mV_19,36.484,,False,2.0962341240582525,1.675199916689622,False
test_0000,10,20,mV_20,36.529,,False,2.508331418641984,1.778224240335555,False
test_0000,11,0,mV_0,32.839,,False,-1.1786453887207597,0.5959953152290686,False
test_0000,11,1,mV_1,30.139,,False,-0.026690483474754962,0.37699348659043674,False
test_0000,11,2,mV_2,23.278,,False,-0.2759475906914771,0.6734047020160273,False
test_0000,11,3,mV_3,22.695,,False,-2.1150331432064,1.5817188834707343,False
test_0000,11,4,mV_4,31.592,,False,-1.8208616567786595,1.8167667614860123,False
test_0000,11,5,mV_5,40.137,,False,-1.51031058918033,1.5320079487378622,False
test_0000,11,6,mV_6,45.952,,False,-1.286548959812129,1.3647414269500495,False
test_0000,11,7,mV_7,49.962,,False,-1.3755571989956104,1.3341046616542236,False
test_0000,11,8,mV_8,51.409,,False,-1.2987552888135443,1.3253797847071604,False
test_0000,11,9,mV_9,51.344,,False,-1.3284513622059433,1.2291139016924701,False
test_0000,11,10,mV_10,48.785,,False,-0.9607975935444498,0.9827939133661373,False
test_0000,11,11,mV_11,42.64,,False,-0.6811291041697064,0.7479845669764578,False
test_0000,11,12,mV_12,35.738,,False,-0.6688824660219683,0.6831221465106179,False
test_0000,11,13,mV_13,29.99,,False,-0.7135945498288284,0.6983192835595622,False
test_0000,11,14,mV_14,25.968,,False,-0.6972055685586237,0.7810183545485756,False
test_0000,11,15,mV_15,23.739,,False,-1.0160677312482267,0.9288345715255184,False
test_0000,11,16,mV_16,24.998,,False,-0.9859972550469965,0.9967757427954873,False
test_0000,11,17,mV_17,28.325,,False,-0.9990407298397296,0.8907214753367672,False
test_0000,11,18,mV_18,31.632,,False,-0.5788071866206133,0.6318485077017406,False
test_0000,11,19,mV_19,31.144,,False,-0.37073892772600625,0.33007126051815644,False
test_0000,11,20,mV_20,,30.14439664061287,True,,,False
test_0000,12,0,mV_0,36.761,,False,0.40255769476233194,0.2909885279490896,False
test_0000,12,1,mV_1,29.243,,False,-0.35883872227169455,0.3749628178682185,False
test_0000,12,2,mV_2,23.037,,False,-0.37961613216715284,0.38768971594805995,False
test_0000,12,3,mV_3,28.274,,False,0.4326878771862395,0.31124797163490797,False
test_0000,12,4,mV_4,,37.71860007079748,True,,,False
test_0000,12,5,mV_5,46.366,,False,0.896680496915175,0.6553604891339334,False
test_0000,12,6,mV_6,51.531,,False,0.8280809627053834,0.7588641929740683,False
test_0000,12,7,mV_7,55.206,,False,0.4826143495703311,0.5781350710588935,False
test_0000,12,8,mV_8,56.766,,False,0.5192306223895282,0.5063290683707417,False
test_0000,12,9,mV_9,56.834,,False,0.504240679133579,0.4532080565765637,False
test_0000,12,10,mV_10,52.46,,False,0.2851202456495686,0.30229242259758976,False
test_0000,12,11,mV_11,44.975,,False,0.13468851995764292,0.1673200895673943,False
test_0000,12,12,mV_12,37.834,,False,0.11478307270472277,0.20723368311154156,False
test_0000,12,13,mV_13,32.958,,False,0.46468006707907783,0.4578202191712626,False
test_0000,12,14,mV_14,29.17,,False,0.787137669822172,0.5726706959366072,False
test_0000,12,15,mV_15,26.3,,False,0.25172737702300735,0.38725930494234884,False
test_0000,12,16,mV_16,27.355,,False,0.25844479590120856,0.27385737184850795,False
test_0000,12,17,mV_17,30.962,,False,0.3268125185686072,0.4465547051631108,False
test_0000,12,18,mV_18,34.874,,False,0.8741489876140203,0.7702679708396217,False
test_0000,12,19,mV_19,34.124,,False,1.0059613895618393,1.0223805107499018,False
test_0000,12,20,mV_20,33.866,,False,1.203450276261908,0.8532154855214138,False
test_0001,1,0,mV_0,37.541,,False,0.8353525724061591,0.4627628147116486,False
test_0001,1,1,mV_1,30.803,,False,-0.18034611403427603,0.4314466864540455,False
test_0001,1,2,mV_2,25.586,,False,0.5297419453414708,0.6800255101236821,False
test_0001,1,3,mV_3,33.977,,False,1.4802720357775108,1.1461464961085543,False
test_0001,1,4,mV_4,41.424,,False,1.0942999675377252,1.0956943144166218,False
test_0001,1,5,mV_5,47.753,,False,0.7139052868135262,0.6375871409923753,False
test_0001,1,6,mV_6,51.157,,False,0.028238022804724077,0.1925953331057436,False
test_0001,1,7,mV_7,,53.550551854262245,True,,,False
test_0001,1,8,mV_8,53.936,,False,-0.2859162087341022,0.24172818774252136,False
test_0001,1,9,mV_9,53.16,,False,-0.3950803335018811,0.34860539927481893,False
test_0001,1,10,mV_10,51.71,,False,-0.31834472136141134,0.25794244405617595,False
test_0001,1,11,mV_11,,51.11068889514256,True,,,False
test_0001,1,12,mV_12,46.711,,False,0.039258054182396834,0.048361380662192276,False
test_0001,1,13,mV_13,42.828,,False,0.11492941428397543,0.11734451417450936,False
test_0001,1,14,mV_14,36.873,,False,0.20026117394768972,0.2046658011282171,False
test_0001,1,15,mV_15,31.329,,False,0.3032114423335136,0.296574900380425,False
test_0001,1,16,mV_16,24.464,,False,0.3796155429069832,0.37182470057166755,False
test_0001,1,17,mV_17,12.489,,False,0.4248562741391903,0.34716283093486744,False
test_0001,1,18,mV_18,17.952,,False,0.15932323255410577,0.3503983024273316,False
test_0001,1,19,mV_19,19.753,,False,0.6580904704619245,0.542582526649149,False
test_0001,1,20,mV_20,19.61,,False,0.694825933118641,0.5119355841748017,False
test_0001,2,0,mV_0,32.604,,False,-1.1550603860731912,0.7938806571748367,False
test_0001,2,1,mV_1,28.955,,False,-0.8654018565529642,0.9755292293967339,False
test_0001,2,2,mV_2,21.992,,False,-1.0162528184078161,0.844407906319496,False
test_0001,2,3,mV_3,29.685,,False,-0.47972413190938723,0.6938513014708951,False
test_0001,2,4,mV_4,36.75,,False,-0.7997041236569901,0.7518747661954887,False
test_0001,2,5,mV_5,43.503,,False,-0.9283666855585874,0.9646358479391173,False
test_0001,2,6,mV_6,47.911,,False,-1.2021058969823046,1.1383907483384883,False
test_0001,2,7,mV_7,50.211,,False,-1.220984513830757,1.164483025995712,False
test_0001,2,8,mV_8,51.791,,False,-1.0138571793390296,1.0563250171681315,False
test_0001,2,9,mV_9,51.418,,False,-0.9766011961637102,1.0516339827188799,False
test_0001,2,10,mV_10,48.993,,False,-1.2394763592090694,1.2171483799698986,False
test_0001,2,11,mV_11,47.052,,False,-1.4130396052977456,1.3382114651892119,False
test_0001,2,12,mV_12,43.163,,False,-1.287290290952287,1.335589525422399,False
test_0001,2,13,mV_13,39.126,,False,-1.3547379144872764,1.259484699360478,False
test_0001,2,14,mV_14,34.195,,False,-1.0411726775150723,1.108584878840933,False
test_0001,2,15,mV_15,28.702,,False,-0.9972562458463106,0.8800920393076985,False
test_0001,2,16,mV_16,22.827,,False,-0.48468298802310084,0.5167949799784054,False
test_0001,2,17,mV_17,11.844,,False,0.10055769802110939,0.5732869895151358,False
test_0001,2,18,mV_18,14.01,,False,-1.6073495739952235,0.9277356730596874,False
test_0001,2,19,mV_19,17.472,,False,-0.3956858462271931,0.7785318438255936,False
test_0001,2,20,mV_20,16.732,,False,-0.7154061088527647,0.4566245159831806,False
test_0001,3,0,mV_0,33.89,,False,-0.6365934902651198,0.4553171611652818,False
test_0001,3,1,mV_1,29.811,,False,-0.5480816641308877,0.5643342111976847,False
test_0001,3,2,mV_2,23.135,,False,-0.5245800262638436,0.5532628308495102,False
test_0001,3,3,mV_3,32.084,,False,0.6158096067394663,0.5133572554262441,False
test_0001,3,4,mV_4,39.457,,False,0.2972297819622003,0.37004534988372706,False
test_0001,3,5,mV_5,46.604,,False,0.2699122288710414,0.26588174323420044,False
test_0001,3,6,mV_6,51.68,,False,0.22647273323251862,0.2466419599687839,False
test_0001,3,7,mV_7,54.401,,False,0.263710144539057,0.276496420729478,False
test_0001,3,8,mV_8,55.816,,False,0.35209266060727945,0.2642983255029904,False
test_0001,3,9,mV_9,54.611,,False,0.08929783625834593,0.14072393326217825,False
test_0001,3,10,mV_10,52.744,,False,0.032207399924741635,0.07121323562727785,False
test_0001,3,11,mV_11,50.721,,False,-0.1311403064012822,0.1054958043156288,False
test_0001,3,12,mV_12,46.265,,False,-0.12749520453520916,0.1603988948366109,False
test_0001,3,13,mV_13,41.895,,False,-0.25546486387474304,0.31768276158080866,False
test_0001,3,14,mV_14,35.077,,False,-0.6323061140385395,0.567824727576163,False
test_0001,3,15,mV_15,29.199,,False,-0.75122181835283,0.960820920595298,False
test_0001,3,16,mV_16,20.509,,False,-1.7085339316369925,1.3003800071984308,False
test_0001,3,17,mV_17,9.589,,False,-1.033230347166908,1.0036349207684894,False
test_0001,3,18,mV_18,18.131,,False,0.23954505710314916,0.40527918620918124,False
test_0001,3,19,mV_19,18.093,,False,-0.10879628346351888,0.11783693634260349,False
test_0001,3,20,mV_20,18.163,,False,-0.014210121340227016,0.03430413153599323,False
test_0001,4,0,mV_0,39.385,,False,1.5787841088525691,1.218895685203186,False
test_0001,4,1,mV_1,35.924,,False,1.7180145231076054,1.6379974100981973,False
test_0001,4,2,mV_2,27.928,,False,1.5371764853250092,1.8178401956836006,False
test_0001,4,3,mV_3,36.164,,False,2.4789932889767785,2.1337110478601096,True
test_0001,4,4,mV_4,43.757,,False,2.039681128161873,2.108747347138377,True
test_0001,4,5,mV_5,50.762,,False,1.8766338432529823,1.8221067304321885,False
test_0001,4,6,mV_6,55.028,,False,1.495478107060916,1.503934708431394,False
test_0001,4,7,mV_7,56.897,,False,1.148148776350762,1.238399149540373,False
test_0001,4,8,mV_8,58.202,,False,1.1618209383990517,1.1821174806652959,False
test_0001,4,9,mV_9,58.108,,False,1.256679269512318,1.3263032347195156,False
test_0001,4,10,mV_10,57.457,,False,1.6300334614543752,1.4540859651667775,False
test_0001,4,11,mV_11,54.816,,False,1.2995976682460413,1.2755632864292226,False
test_0001,4,12,mV_12,48.941,,False,0.873024347770432,0.9406042139948414,False
test_0001,4,13,mV_13,44.344,,False,0.7167704921924606,0.711075917401871,False
test_0001,4,14,mV_14,37.601,,False,0.537738337452131,0.5692844888213958,False
test_0001,4,15,mV_15,31.696,,False,0.4848907881888608,0.3768799784574631,False
test_0001,4,16,mV_16,,25.16148155414097,True,,,False
test_0001,4,17,mV_17,13.598,,False,0.9824487096662445,0.9736196978441657,False
test_0001,4,18,mV_18,21.902,,False,1.9295813720441737,1.5988702725995259,False
test_0001,4,19,mV_19,21.692,,False,1.5538696366435116,1.684653793171291,False
test_0001,4,20,mV_20,21.664,,False,1.7012945273539677,1.2391146728378617,False
test_0001,5,0,mV_0,35.64,,False,0.06894077696981335,0.1116225672791177,False
test_0001,5,1,mV_1,30.457,,False,-0.3086087151768441,0.30386749818545944,False
test_0001,5,2,mV_2,23.124,,False,-0.5293117854183362,0.3509984076810814,False
test_0001,5,3,mV_3,30.655,,False,-0.03676134471080921,0.229068276633561,False
test_0001,5,4,mV_4,37.95,,False,-0.3134386316942893,0.25908443539854653,False
test_0001,5,5,mV_5,44.941,,False,-0.37269913349479844,0.44820899366878264,False
test_0001,5,6,mV_6,49.146,,False,-0.7339990759912444,0.6785179760883004,False
test_0001,5,7,mV_7,51.192,,False,-0.8733746188759148,0.8050145148533476,False
test_0001,5,8,mV_8,52.6,,False,-0.7393097456703168,0.7559535700493911,False
test_0001,5,9,mV_9,52.331,,False,-0.6718201699810163,0.635158547456518,False
test_0001,5,10,mV_10,51.299,,False,-0.4576841041937224,0.5015558031282961,False
test_0001,5,11,mV_11,49.897,,False,-0.41903483414472303,0.3954441846672991,False
test_0001,5,12,mV_12,45.841,,False,-0.2860229661860279,0.3290048423989998,False
test_0001,5,13,mV_13,41.72,,False,-0.32493860307922035,0.31973503655908597,False
test_0001,5,14,mV_14,35.701,,False,-0.3430399738918752,0.3565272068572335,False
test_0001,5,15,mV_15,29.878,,False,-0.4150902765659633,0.5632334298243722,False
test_0001,5,16,mV_16,21.7,,False,-1.0797131922736867,0.9520899039580896,False
test_0001,5,17,mV_17,9.19,,False,-1.2338429547190217,0.9990594923076357,False
test_0001,5,18,mV_18,16.595,,False,-0.4488388675188124,0.6575570174485766,False
test_0001,5,19,mV_19,17.249,,False,-0.4987073800376602,0.38361359518509125,False
test_0001,5,20,mV_20,18.012,,False,-0.0882007531462323,0.1687772215825312,False
test_0001,6,0,mV_0,38.118,,False,1.0679772993744792,1.0482901706703907,False
test_0001,6,1,mV_1,36.839,,False,2.0572060839326043,1.6763426687753056,False
test_0001,6,2,mV_2,27.895,,False,1.5229812078615346,1.2804158344194705,False
test_0001,6,3,mV_3,30.776,,False,0.018494838022208547,0.44424171492357656,False
test_0001,6,4,mV_4,39.259,,False,0.21699597578835467,0.2223327835624755,False
test_0001,6,5,mV_5,47.036,,False,0.4368443446509841,0.4189308582158404,False
test_0001,6,6,mV_6,52.626,,False,0.5850387677730388,0.5429557663042166,False
test_0001,6,7,mV_7,55.251,,False,0.5649011850198046,0.594533201358445,False
test_0001,6,8,mV_8,56.733,,False,0.663291667621132,0.698661126324355,False
test_0001,6,9,mV_9,57.049,,False,0.903159985035351,0.8689596540983213,False
test_0001,6,10,mV_10,55.617,,False,1.006226978701451,1.0551131022815565,False
test_0001,6,11,mV_11,54.831,,False,1.3048384666879729,1.3132879286496184,False
test_0001,6,12,mV_12,50.985,,False,1.637247802521077,1.4856022087304845,False
test_0001,6,13,mV_13,45.972,,False,1.3630747631918108,1.4134923346974533,False
test_0001,6,14,mV_14,39.225,,False,1.2905720098851148,1.2748481245916343,False
test_0001,6,15,mV_15,33.05,,False,1.1551737154044972,1.1069328991833798,False
test_0001,6,16,mV_16,25.311,,False,0.8268121560394106,0.8055225415875202,False
test_0001,6,17,mV_17,12.466,,False,0.4132921388667627,0.7950190041503804,False
test_0001,6,18,mV_18,21.003,,False,1.5266795828285857,1.1478353867381363,False
test_0001,6,19,mV_19,20.763,,False,1.1246902424286107,1.3443484353685116,False
test_0001,6,20,mV_20,21.46,,False,1.601333673788239,1.0818393975012723,False
test_0001,7,0,mV_0,34.843,,False,-0.2523796864508949,0.15756042883726762,False
test_0001,7,1,mV_1,31.628,,False,0.12548234244728057,0.23429016345692305,False
test_0001,7,2,mV_2,23.346,,False,-0.43381628248223614,0.3975503361988503,False
test_0001,7,3,mV_3,29.428,,False,-0.5970864373836483,0.736695423394176,False
test_0001,7,4,mV_4,35.469,,False,-1.3187925363271715,1.1805458750181126,False
test_0001,7,5,mV_5,42.056,,False,-1.4875119900344584,1.462485010390277,False
test_0001,7,6,mV_6,46.977,,False,-1.5561235251650196,1.5023134278240367,False
test_0001,7,7,mV_7,49.679,,False,-1.409494670931648,1.387881640370363,False
test_0001,7,8,mV_8,51.312,,False,-1.1764136944531365,1.2329683367642619,False
test_0001,7,9,mV_9,50.84,,False,-1.1695512872191267,1.181289601253069,False
test_0001,7,10,mV_10,49.081,,False,-1.2096421361208858,1.2513422575966495,False
test_0001,7,11,mV_11,47.042,,False,-1.4165334709256991,1.3751228724863154,False
test_0001,7,12,mV_12,42.707,,False,-1.4577824119729776,1.4582323895215137,False
test_0001,7,13,mV_13,38.758,,False,-1.5008312632144003,1.4905827195185064,False
test_0001,7,14,mV_14,33.199,,False,-1.5028859396722474,1.411731421319418,False
test_0001,7,15,mV_15,28.413,,False,-1.1403225427187773,1.4058828143549318,False
test_0001,7,16,mV_16,20.26,,False,-1.840000232309925,1.5674655560782327,False
test_0001,7,17,mV_17,8.761,,False,-1.449539216974303,1.2340119736726003,False
test_0001,7,18,mV_18,17.157,,False,-0.19696922843187017,0.5482413807102032,False
test_0001,7,19,mV_19,17.572,,False,-0.3494878490027696,0.36510743664332257,False
test_0001,7,20,mV_20,17.04,,False,-0.564484820135881,0.36961437231863287,False
test_0001,8,0,mV_0,35.134,,False,-0.13505941687068737,0.2801731609798687,False
test_0001,8,1,mV_1,33.584,,False,0.8505738101781001,0.5599780312724082,False
test_0001,8,2,mV_2,25.293,,False,0.4037050878627451,0.8946197082190972,False
test_0001,8,3,mV_3,26.53,,False,-1.9204948469727987,1.404953267738632,False
test_0001,8,4,mV_4,35.33,,False,-1.3751182891461857,1.3713728830072691,False
test_0001,8,5,mV_5,43.797,,False,-0.814760106763906,0.8225601296395039,False
test_0001,8,6,mV_6,50.329,,False,-0.2856020158840179,0.3920041834760988,False
test_0001,8,7,mV_7,53.143,,False,-0.1820525953724531,0.17265021505558664,False
test_0001,8,8,mV_8,54.658,,False,-0.04089365359342245,0.13009585149453437,False
test_0001,8,9,mV_9,55.112,,False,0.25654350341883947,0.16849890082714108,False
test_0001,8,10,mV_10,53.003,,False,0.12001494287746296,0.1734641129500493,False
test_0001,8,11,mV_11,51.661,,False,0.1972830626264318,0.24772803138585064,False
test_0001,8,12,mV_12,47.88,,False,0.4763310574130761,0.287486294363146,False
test_0001,8,13,mV_13,,43.253179661482015,True,,,False
test_0001,8,14,mV_14,38.234,,False,0.8311765853893723,0.5881712952800268,False
test_0001,8,15,mV_15,32.111,,False,0.6903320103413623,0.6774307554684015,False
test_0001,8,16,mV_16,24.688,,False,0.4978824158015091,0.4581020731412738,False
test_0001,8,17,mV_17,11.353,,False,-0.1463114506207148,0.2695010505571198,False
test_0001,8,18,mV_18,16.955,,False,-0.28749888518554045,0.18396539752937213,False
test_0001,8,19,mV_19,18.297,,False,-0.014552369125692797,0.13317386716129814,False
test_0001,8,20,mV_20,17.751,,False,-0.2160918452082665,0.11168401488555645,False
test_0002,1,0,mV_0,39.655,,False,0.01874705338652783,0.2918941477793328,False
test_0002,1,1,mV_1,30.801,,False,-1.1300824843442756,0.7066801710470612,False
test_0002,1,2,mV_2,25.597,,False,-0.5478086621131654,0.8422957818192587,False
test_0002,1,3,mV_3,33.233,,False,1.1434833187064284,0.8915499109216458,False
test_0002,1,4,mV_4,43.287,,False,0.731424344160561,0.7375607697222515,False
test_0002,1,5,mV_5,50.827,,False,0.3439110718614558,0.4016223040699745,False
test_0002,1,6,mV_6,56.564,,False,0.18724272839642545,0.1916910665828778,False
test_0002,1,7,mV_7,60.065,,False,-0.04836773767720445,0.11859069132341506,False
test_0002,1,8,mV_8,60.859,,False,-0.19038456154282585,0.18598314938849048,False
test_0002,1,9,mV_9,60.279,,False,-0.3147957367911058,0.33454403716276004,False
test_0002,1,10,mV_10,53.634,,False,-0.5182001135260029,0.4882099062442144,False
test_0002,1,11,mV_11,45.068,,False,-0.6016436611337459,0.5821229326748503,False
test_0002,1,12,mV_12,37.446,,False,-0.6070042949059063,0.6045718286112378,False
test_0002,1,13,mV_13,32.154,,False,-0.6026350634993929,0.5994400537955784,False
test_0002,1,14,mV_14,29.09,,False,-0.5854857932776214,0.5002073980365503,False
test_0002,1,15,mV_15,29.083,,False,-0.22722294209156557,0.30393701386728295,False
test_0002,1,16,mV_16,32.403,,False,-0.1758163780083792,0.23854682649302955,False
test_0002,1,17,mV_17,37.078,,False,0.37533160786379427,0.24472877199857018,False
test_0002,1,18,mV_18,37.742,,False,0.05243549425831299,0.13431428073814616,False
test_0002,1,19,mV_19,36.732,,False,-0.057054526572164456,0.07563017712577083,False
test_0002,1,20,mV_20,37.071,,False,-0.13597616110044142,0.08225171219326183,False
test_0002,2,0,mV_0,33.443,,False,-2.4856980140782756,1.6085920384041272,False
test_0002,2,1,mV_1,29.903,,False,-1.462972125459958,1.6932208354401865,False
test_0002,2,2,mV_2,23.706,,False,-1.361241076762555,1.582713872390317,False
test_0002,2,3,mV_3,26.031,,False,-2.1454012105762,2.0043299737675464,True
test_0002,2,4,mV_4,35.645,,False,-2.36527639715523,1.718988501221665,False
test_0002,2,5,mV_5,,46.066760921800935,True,,,False
test_0002,2,6,mV_6,51.065,,False,-1.8970644850690352,1.359347963190246,False
test_0002,2,7,mV_7,55.564,,False,-1.6432628826229139,1.7343589770409835,False
test_0002,2,8,mV_8,56.252,,False,-1.7538456578490709,1.7091909543509651,False
test_0002,2,9,mV_9,56.172,,False,-1.6858096190828047,1.6075509045572878,False
test_0002,2,10,mV_10,51.314,,False,-1.3047387222144708,1.371586464020349,False
test_0002,2,11,mV_11,43.381,,False,-1.1910587925696503,1.2021754853486322,False
test_0002,2,12,mV_12,36.069,,False,-1.1218456340407574,1.168044151020435,False
test_0002,2,13,mV_13,30.555,,False,-1.2374265434305747,1.3080412437020104,False
test_0002,2,14,mV_14,26.825,,False,-1.6354662539061349,1.4757210416080622,False
test_0002,2,15,mV_15,26.725,,False,-1.3945251151894045,1.3917647381959615,False
test_0002,2,16,mV_16,30.572,,False,-1.1425424684989025,1.0251738531626522,False
test_0002,2,17,mV_17,35.494,,False,-0.42108536046339967,0.4961782973564255,False
test_0002,2,18,mV_18,,35.257687755387785,True,,,False
test_0002,2,19,mV_19,35.035,,False,-0.8410345394706458,0.7908991824264751,False
test_0002,2,20,mV_20,34.325,,False,-1.4815276507646087,0.9510224602499657,False
test_0002,3,0,mV_0,36.369,,False,-1.3060447192614673,0.656868384159214,False
test_0002,3,1,mV_1,33.808,,False,-0.015384098113921664,0.3993186872369766,False
test_0002,3,2,mV_2,26.265,,False,-0.26046183345859564,0.7683813860194517,False
test_0002,3,3,mV_3,25.173,,False,-2.537217779046694,2.0743674753336827,True
test_0002,3,4,mV_4,34.171,,False,-2.9625725097827478,2.73781856871474,True
test_0002,3,5,mV_5,43.496,,False,-2.4889114762467694,2.5015325041118412,True
test_0002,3,6,mV_6,50.62,,False,-2.065734554171077,2.052180098781043,True
test_0002,3,7,mV_7,55.719,,False,-1.5883398105352469,1.6380072973726783,False
test_0002,3,8,mV_8,57.561,,False,-1.3096150142491423,1.3572576773932332,False
test_0002,3,9,mV_9,57.563,,False,-1.2214608705394014,1.127776444967811,False
test_0002,3,10,mV_10,52.925,,False,-0.7585690245432987,0.8067603336035052,False
test_0002,3,11,mV_11,45.392,,False,-0.488442414788022,0.5143892103825363,False
test_0002,3,12,mV_12,38.208,,False,-0.32210298741080245,0.361071933510283,False
test_0002,3,13,mV_13,32.887,,False,-0.31163934443150504,0.3149201157909842,False
test_0002,3,14,mV_14,29.675,,False,-0.31429878689012436,0.2966915961986897,False
test_0002,3,15,mV_15,29.044,,False,-0.2465294665830048,0.36868019713309647,False
test_0002,3,16,mV_16,31.472,,False,-0.6673630684762519,0.5532523353382831,False
test_0002,3,17,mV_17,35.075,,False,-0.6317537378176237,0.6665779908951656,False
test_0002,3,18,mV_18,35.984,,False,-0.7354414194691629,0.6595755886432875,False
test_0002,3,19,mV_19,35.696,,False,-0.5356657778172009,0.5719280204606497,False
test_0002,3,20,mV_20,36.367,,False,-0.48093910673903434,0.37438599782381743,False
test_0002,4,0,mV_0,39.182,,False,-0.17194877998611366,0.1584001290052799,False
test_0002,4,1,mV_1,34.631,,False,0.2897029560488922,0.24542633273075068,False
test_0002,4,2,mV_2,27.406,,False,0.23035063883910467,0.292519306224428,False
test_0002,4,3,mV_3,29.81,,False,-0.41967299117061063,0.39679103721932474,False
test_0002,4,4,mV_4,40.205,,False,-0.517467527696973,0.4714623364156846,False
test_0002,4,5,mV_5,48.821,,False,-0.43124129909818176,0.40847570355106894,False
test_0002,4,6,mV_6,55.4,,False,-0.25395268831093915,0.3036619730399508,False
test_0002,4,7,mV_7,60.979,,False,0.27550121643974307,0.32044123527428753,False
test_0002,4,8,mV_8,62.825,,False,0.47680981990672483,0.39566003518253967,False
test_0002,4,9,mV_9,62.281,,False,0.3535192844769658,0.49111351386443086,False
test_0002,4,10,mV_10,57.465,,False,0.7806056665970671,0.6954770166323445,False
test_0002,4,11,mV_11,49.272,,False,0.8671774488582782,0.7264646545253,False
test_0002,4,12,mV_12,40.115,,False,0.39089805378757597,0.46295921872762474,False
test_0002,4,13,mV_13,33.161,,False,-0.2028633184770687,0.23925476422819472,False
test_0002,4,14,mV_14,30.007,,False,-0.16039436617106553,0.1597490396695788,False
test_0002,4,15,mV_15,29.775,,False,0.11534410785911538,0.11545787869538947,False
test_0002,4,16,mV_16,32.87,,False,0.07074893289226157,0.1880850076606644,False
test_0002,4,17,mV_17,37.317,,False,0.4954980569990191,0.5242524833821995,False
test_0002,4,18,mV_18,39.935,,False,1.0352648866384981,0.8258947139909871,False
test_0002,4,19,mV_19,38.452,,False,0.737551025687933,0.7307988657892853,False
test_0002,4,20,mV_20,38.191,,False,0.4128285251427769,0.3908020189933717,False
test_0002,5,0,mV_0,39.398,,False,-0.08486569328740165,0.052302765011969274,False
test_0002,5,1,mV_1,33.743,,False,-0.03947967347307378,0.11768603634769705,False
test_0002,5,2,mV_2,26.157,,False,-0.30691910515723897,0.486874970668735,False
test_0002,5,3,mV_3,27.895,,False,-1.2941819988873882,1.1160749392495815,False
test_0002,5,4,mV_4,37.61,,False,-1.5690166540663109,1.3662769433520991,False
test_0002,5,5,mV_5,47.264,,False,-1.0328924663883872,1.029991232918981,False
test_0002,5,6,mV_6,54.79,,False,-0.48516334483283935,0.5436359266818818,False
test_0002,5,7,mV_7,59.718,,False,-0.17132455067346145,0.24105943674111524,False
test_0002,5,8,mV_8,61.018,,False,-0.13642530078469878,0.11588423152144726,False
test_0002,5,9,mV_9,61.28,,False,0.019361773842930082,0.24054899876314356,False
test_0002,5,10,mV_10,57.484,,False,0.7870471465820152,0.6331517869502752,False
test_0002,5,11,mV_11,49.478,,False,0.93915108079414,0.8430453066421457,False
test_0002,5,12,mV_12,40.96,,False,0.7068319183982876,0.5882037293976788,False
test_0002,5,13,mV_13,,33.98745087583886,True,,,False
test_0002,5,14,mV_14,30.391,,False,0.017615566226879566,0.1647450963135331,False
test_0002,5,15,mV_15,28.282,,False,-0.6237492528003733,0.6580117031398617,False
test_0002,5,16,mV_16,30.147,,False,-1.3669327407318206,1.1224107549341658,False
test_0002,5,17,mV_17,34.08,,False,-1.1320282854726487,0.9302677004532985,False
test_0002,5,18,mV_18,37.424,,False,-0.09008149013607619,0.34462134794046223,False
test_0002,5,19,mV_19,36.712,,False,-0.0662941260170478,0.06405875719603872,False
test_0002,5,20,mV_20,37.417,,False,0.0335652866139831,0.0333561748112535,False
test_0002,6,0,mV_0,41.389,,False,0.7178307216067422,0.6849006928257574,False
test_0002,6,1,mV_1,37.367,,False,1.303941328089545,1.1684048742327962,False
test_0002,6,2,mV_2,30.004,,False,1.3479061191453523,1.1002900127155648,False
test_0002,6,3,mV_3,31.608,,False,0.40140648448201,0.6429359899751027,False
test_0002,6,4,mV_4,42.521,,False,0.4210248717910385,0.5763324911382912,False
test_0002,6,5,mV_5,52.685,,False,1.061873736489078,0.6361930861922986,False
test_0002,6,6,mV_6,,59.13145343352605,True,,,False
test_0002,6,7,mV_7,64.491,,False,1.5199517272260874,1.1559316339875418,False
test_0002,6,8,mV_8,66.087,,False,1.583823081497993,1.6213930670297745,False
test_0002,6,9,mV_9,66.608,,False,1.7979743778970245,1.8937887071342572,False
test_0002,6,10,mV_10,62.228,,False,2.3953829912449858,2.2265553578522854,False
test_0002,6,11,mV_11,53.423,,False,2.3174810710221454,2.2263928803504345,False
test_0002,6,12,mV_12,44.085,,False,1.8752263881124605,1.8498619208000686,False
test_0002,6,13,mV_13,37.026,,False,1.331513835953208,1.3921911710728412,False
test_0002,6,14,mV_14,32.576,,False,1.0305106242724886,0.8481337711245462,False
test_0002,6,15,mV_15,,32.118396936873964,True,,,False
test_0002,6,16,mV_16,35.152,,False,1.275592700505248,1.158873771685763,False
test_0002,6,17,mV_17,40.477,,False,2.0843096857325567,1.9518486616338018,False
test_0002,6,18,mV_18,42.898,,False,2.3631825745648456,2.2461303985643832,True
test_0002,6,19,mV_19,41.561,,False,2.1738467593952846,2.1339741693015446,True
test_0002,6,20,mV_20,41.073,,False,1.8250205838507645,1.4559719817742034,False
test_0002,7,0,mV_0,40.906,,False,0.523103263849899,0.2615516319249495,False
test_0002,7,1,mV_1,,33.43444705395986,True,,,False
test_0002,7,2,mV_2,27.415,,False,0.23422207814732507,0.39407694673957705,False
test_0002,7,3,mV_3,33.155,,False,1.107863630663658,0.7442855442527172,False
test_0002,7,4,mV_4,42.783,,False,0.527192837536228,0.6226759250526346,False
test_0002,7,5,mV_5,50.787,,False,0.3284543944744246,0.3479530458729097,False
test_0002,7,6,mV_6,56.618,,False,0.20771055700656152,0.1942516307351074,False
test_0002,7,7,mV_7,60.295,,False,0.03313101445288194,0.0830010609272002,False
test_0002,7,8,mV_8,61.249,,False,-0.058031657796475344,0.03955189239835081,False
test_0002,7,9,mV_9,61.249,,False,0.009013239547570615,0.07703023224523746,False
test_0002,7,10,mV_10,55.847,,False,0.23206279208933325,0.20886317233627663,False
test_0002,7,11,mV_11,47.827,,False,0.3623138656188694,0.29763909009626555,False
test_0002,7,12,mV_12,39.695,,False,0.23386583705799013,0.2230933521552877,False
test_0002,7,13,mV_13,33.829,,False,0.0623278688863011,0.12509330992755147,False
test_0002,7,14,mV_14,30.659,,False,0.1418516648796136,0.17586235532048283,False
test_0002,7,15,mV_15,30.264,,False,0.3574182226364031,0.3015522394311597,False
test_0002,7,16,mV_16,33.398,,False,0.349520847572219,0.501493995336293,False
test_0002,7,17,mV_17,38.22,,False,0.9495160635643308,0.8819051253274136,False
test_0002,7,18,mV_18,40.479,,False,1.2790675266087739,1.224032980840487,False
test_0002,7,19,mV_19,39.861,,False,1.38848080658007,1.3345312718965532,False
test_0002,7,20,mV_20,39.965,,False,1.2820959478172995,0.9881681755536673,False
test_0002,8,0,mV_0,45.582,,False,2.408290825901641,2.516844555930521,False
test_0002,8,1,mV_1,48.014,,False,5.250796571918802,5.695997481338751,True
test_0002,8,2,mV_2,49.825,,False,9.874105955615759,8.803523921520819,True
test_0002,8,3,mV_3,53.098,,False,10.215087202932954,8.996269242833977,True
test_0002,8,4,mV_4,55.501,,False,5.680796609854239,5.967033211317219,True
test_0002,8,5,mV_5,55.867,,False,2.291452422627444,2.5667781899693707,False
test_0002,8,6,mV_6,56.061,,False,-0.0034113047683547878,0.9424204626281893,False
test_0002,8,7,mV_7,56.049,,False,-1.4714068183486038,0.7365562353663906,False
test_0002,8,8,mV_8,,45.93640689517956,True,,,False
test_0002,8,9,mV_9,53.935,,False,-2.4325732067834425,2.706345009646852,False
test_0002,8,10,mV_10,37.582,,False,-5.960233625020522,6.032219120960216,False
test_0002,8,11,mV_11,18.81,,False,-9.775836027016373,8.419815859257017,False
test_0002,8,12,mV_12,17.225,,False,-8.167357757974798,7.588204138797245,False
test_0002,8,13,mV_13,44.358,,False,4.242265012223006,5.582415729465913,False
test_0002,8,14,mV_14,42.601,,False,5.677775135442839,5.070840066363585,False
test_0002,8,15,mV_15,39.007,,False,4.6855449823456565,4.152391360163247,False
test_0002,8,16,mV_16,35.692,,False,1.5607003405188373,2.1658614640695344,False
test_0002,8,17,mV_17,34.628,,False,-0.856500192894806,1.3145456272519231,False
test_0002,8,18,mV_18,33.197,,False,-1.9844817826992431,1.6459976306602506,False
test_0002,8,19,mV_19,33.049,,False,-1.7585267643477107,1.7175904999514393,False
test_0002,8,20,mV_20,34.555,,False,-1.368826688411093,1.124045035292474,False
test_0003,1,0,mV_0,37.177,,False,-0.5097989033820421,0.3383535501945493,False
test_0003,1,1,mV_1,30.365,,False,-0.33381639401411295,0.5002432160633359,False
test_0003,1,2,mV_2,24.663,,False,-0.8235411728430753,0.6857070613183864,False
test_0003,1,3,mV_3,30.829,,False,-0.7619295055732823,0.58685004599741,False
test_0003,1,4,mV_4,,43.005958348843265,True,,,False
test_0003,1,5,mV_5,51.561,,False,-0.4204216249272598,0.2572110114943112,False
test_0003,1,6,mV_6,59.656,,False,-0.18800079612272516,0.2079643643073174,False
test_0003,1,7,mV_7,65.513,,False,-0.03543424005655954,0.10921674086342269,False
test_0003,1,8,mV_8,67.639,,False,-0.17799768721784653,0.14200558622181583,False
test_0003,1,9,mV_9,68.096,,False,-0.17659273039501072,0.15716322773450378,False
test_0003,1,10,mV_10,65.826,,False,-0.09746976293014721,0.1281711069061655,False
test_0003,1,11,mV_11,57.833,,False,-0.14115217136935693,0.19042472248225734,False
test_0003,1,12,mV_12,48.233,,False,-0.38192478426016824,0.36609114717114666,False
test_0003,1,13,mV_13,40.233,,False,-0.5593628487948933,0.49661731392150454,False
test_0003,1,14,mV_14,34.995,,False,-0.4858187738360632,0.44425870599012535,False
test_0003,1,15,mV_15,31.964,,False,-0.24603442749348162,0.28466416479100554,False
test_0003,1,16,mV_16,31.358,,False,-0.1607690303409957,0.1896580286038953,False
test_0003,1,17,mV_17,34.183,,False,-0.1910596262401082,0.19667273069787222,False
test_0003,1,18,mV_18,38.799,,False,-0.24380263997027682,0.2950937890094768,False
test_0003,1,19,mV_19,41.81,,False,-0.5017102498572453,0.5255088597317481,False
test_0003,1,20,mV_20,40.285,,False,-0.8548122992422251,0.5528337120854239,False
test_0003,2,0,mV_0,40.498,,False,0.82910355461065,0.6393356928192693,False
test_0003,2,1,mV_1,33.691,,False,0.8991356620557771,0.7889565860735672,False
test_0003,2,2,mV_2,27.806,,False,0.5284514655720649,0.7862430004923056,False
test_0003,2,3,mV_3,35.101,,False,1.1889334087693153,1.03029289263271,False
test_0003,2,4,mV_4,46.516,,False,1.214853287420144,1.2514691947739236,False
test_0003,2,5,mV_5,56.239,,False,1.3872367954860911,1.3507807969860686,False
test_0003,2,6,mV_6,63.882,,False,1.4137963095519486,1.4018487622031868,False
test_0003,2,7,mV_7,69.543,,False,1.392565634222759,1.3373025145302992,False
test_0003,2,8,mV_8,71.553,,False,1.150282480123731,1.191259613314331,False
test_0003,2,9,mV_9,71.836,,False,1.0719078587871023,0.961295940418353,False
test_0003,2,10,mV_10,67.739,,False,0.5510855639754767,0.5844853211722795,False
test_0003,2,11,mV_11,58.706,,False,0.16386229795106252,0.22769435814224523,False
test_0003,2,12,mV_12,49.169,,False,-0.03196727269137919,0.0816620123504757,False
test_0003,2,13,mV_13,41.891,,False,0.09885120606808191,0.11177071436745695,False
test_0003,2,14,mV_14,36.512,,False,0.2174131726422848,0.20062094424105975,False
test_0003,2,15,mV_15,33.004,,False,0.2688062256115875,0.4200763777829464,False
test_0003,2,16,mV_16,33.415,,False,0.9252798872663258,0.8636930574661457,False
test_0003,2,17,mV_17,37.219,,False,1.3354062297203437,1.3012526259659525,False
test_0003,2,18,mV_18,42.933,,False,1.6089181571567968,1.365027307387347,False
test_0003,2,19,mV_19,44.859,,False,0.9068666855154507,1.2071796336484661,False
test_0003,2,20,mV_20,44.899,,False,1.4060670064061669,0.9297501745819461,False
test_0003,3,0,mV_0,36.681,,False,-0.709767472838344,0.5648396055582532,False
test_0003,3,1,mV_1,29.0,,False,-0.8398234765563247,0.6277336510591989,False
test_0003,3,2,mV_2,26.295,,False,-0.12152017828580194,0.6335945688864715,False
test_0003,3,3,mV_3,35.676,,False,1.4515144424179576,1.081732534773787,False
test_0003,3,4,mV_4,46.732,,False,1.3023810759734307,1.3061037469724341,False
test_0003,3,5,mV_5,55.672,,False,1.1681383935249174,1.1833269149505903,False
test_0003,3,6,mV_6,63.04,,False,1.0946497967790958,1.0990038907852107,False
test_0003,3,7,mV_7,68.544,,False,1.0385775760577334,0.9934743705598588,False
test_0003,3,8,mV_8,70.527,,False,0.8020925333448725,0.8566451649248108,False
test_0003,3,9,mV_9,70.973,,False,0.7838180169517646,0.5924321418121004,False
test_0003,3,10,mV_10,,67.09522394787754,True,,,False
test_0003,3,11,mV_11,58.721,,False,0.1691030963929919,0.09534751309665508,False
test_0003,3,12,mV_12,49.37,,False,0.04318385960063655,0.09006922839853984,False
test_0003,3,13,mV_13,41.378,,False,-0.1048060979998944,0.11349609115317161,False
test_0003,3,14,mV_14,35.609,,False,-0.2011883090122611,0.12679567900610414,False
test_0003,3,15,mV_15,,32.60617729724074,True,,,False
test_0003,3,16,mV_16,32.037,,False,0.1977274281205358,0.2259435049344458,False
test_0003,3,17,mV_17,35.574,,False,0.5083191634967116,0.5054905000038765,False
test_0003,3,18,mV_18,41.145,,False,0.8075962449015475,0.763831314329111,False
test_0003,3,19,mV_19,44.913,,False,0.9318136040166375,0.9028241200546004,False
test_0003,3,20,mV_20,43.948,,False,0.9400730272835793,0.7029899146459491,False
test_0003,4,0,mV_0,36.068,,False,-0.9569060475897805,0.5704332489639647,False
test_0003,4,1,mV_1,30.273,,False,-0.36792090067629823,0.7533884732325467,False
test_0003,4,2,mV_2,23.507,,False,-1.3208060439878095,1.3319422160235037,False
test_0003,4,3,mV_3,27.421,,False,-2.3182358754420975,2.042851667068874,True
test_0003,4,4,mV_4,38.054,,False,-2.214128873403492,1.6866234055622704,False
test_0003,4,5,mV_5,,46.95619437605027,True,,,False
test_0003,4,6,mV_6,55.554,,False,-1.7427977027667167,1.2368144519666213,False
test_0003,4,7,mV_7,61.488,,False,-1.461662402333052,1.4711544094872246,False
test_0003,4,8,mV_8,64.573,,False,-1.2184951305160778,1.2549081510333844,False
test_0003,4,9,mV_9,65.267,,False,-1.1209799407683296,1.113237866907095,False
test_0003,4,10,mV_10,63.186,,False,-0.9924964555756427,1.04255108054863,False
test_0003,4,11,mV_11,55.191,,False,-1.0642314702749047,1.0989311245906004,False
test_0003,4,12,mV_12,45.845,,False,-1.2747651022369497,1.2361203812777757,False
test_0003,4,13,mV_13,38.29,,False,-1.3307198503622988,1.325121012620046,False
test_0003,4,14,mV_14,33.1,,False,-1.3642792475186365,1.4021876739025054,False
test_0003,4,15,mV_15,29.331,,False,-1.5494723502104502,1.5525090550334775,False
test_0003,4,16,mV_16,28.354,,False,-1.746812272194373,1.6187596286049508,False
test_0003,4,17,mV_17,31.715,,False,-1.4319416198206065,1.4486879288786911,False
test_0003,4,18,mV_18,36.701,,False,-1.1840562036791782,0.9500135067947407,False
test_0003,4,19,mV_19,,40.14140681504874,True,,,False
test_0003,4,20,mV_20,37.911,,False,-2.0180822324041814,1.0090411162020907,False
test_0003,5,0,mV_0,36.144,,False,-0.9262657022698632,0.5591907890570936,False
test_0003,5,1,mV_1,30.229,,False,-0.38423175168864804,0.4236823014117898,False
test_0003,5,2,mV_2,,24.700865114987433,True,,,False
test_0003,5,3,mV_3,30.169,,False,-1.0633268659352006,0.8009329491419452,False
test_0003,5,4,mV_4,40.86,,False,-1.0770780646973799,1.0270435074394144,False
test_0003,5,5,mV_5,50.344,,False,-0.8906910344276975,0.9871403809935153,False
test_0003,5,6,mV_6,57.276,,False,-1.090101390421286,1.0718378191029836,False
test_0003,5,7,mV_7,62.18,,False,-1.2164574611416654,1.2190599779765199,False
test_0003,5,8,mV_8,64.176,,False,-1.353223599201462,1.3149671314419207,False
test_0003,5,9,mV_9,64.62,,False,-1.3369638662230936,1.3218694361230525,False
test_0003,5,10,mV_10,62.396,,False,-1.2603264128445604,1.2872373570010391,False
test_0003,5,11,mV_11,54.541,,False,-1.2913327360919418,1.3148649671380819,False
test_0003,5,12,mV_12,45.466,,False,-1.4164679835238836,1.4133712378072703,False
test_0003,5,13,mV_13,37.79,,False,-1.5292162480893718,1.5649088697512394,False
test_0003,5,14,mV_14,32.193,,False,-1.7847349993023298,1.7457012553556939,False
test_0003,5,15,mV_15,28.655,,False,-1.8841187747287447,1.8372216730724666,False
test_0003,5,16,mV_16,28.261,,False,-1.795914143530047,1.6939138271779213,False
test_0003,5,17,mV_17,31.978,,False,-1.2997082469228463,1.2938971796510368,False
test_0003,5,18,mV_18,37.602,,False,-0.7802580812284076,0.9204062000074809,False
test_0003,5,19,mV_19,41.118,,False,-0.8214003906502622,0.7921500571766642,False
test_0003,5,20,mV_20,40.508,,False,-0.7455413661777248,0.5781207807514279,False
test_0003,6,0,mV_0,37.31,,False,-0.45617829907218616,0.33526812223940183,False
test_0003,6,1,mV_1,32.422,,False,0.42871589081323497,0.4422335898344182,False
test_0003,6,2,mV_2,25.519,,False,-0.4553242786390165,0.8767254108381013,False
test_0003,6,3,mV_3,27.751,,False,-2.1675371952611373,1.7827391426187718,False
test_0003,6,4,mV_4,37.742,,False,-2.3405579013137956,2.151422699964888,True
test_0003,6,5,mV_5,48.102,,False,-1.7570378019708237,1.8243090971017104,False
test_0003,6,6,mV_6,56.346,,False,-1.4426028831513988,1.473976745368668,False
test_0003,6,7,mV_7,62.075,,False,-1.253663413201051,1.3447928467010373,False
test_0003,6,8,mV_8,63.952,,False,-1.429241677250649,1.44556666837466,False
test_0003,6,9,mV_9,63.622,,False,-1.6701199057962905,1.5519490411074481,False
test_0003,6,10,mV_10,61.871,,False,-1.4383146755865623,1.445195649190726,False
test_0003,6,11,mV_11,54.705,,False,-1.2340333397934893,1.299025476655708,False
test_0003,6,12,mV_12,45.805,,False,-1.2897205514492909,1.2893237638260893,False
test_0003,6,13,mV_13,38.257,,False,-1.3438206126122862,1.332397067088264,False
test_0003,6,14,mV_14,33.126,,False,-1.3522264916791937,1.3840902747700339,False
test_0003,6,15,mV_15,29.455,,False,-1.488087503109462,1.5354347215239152,False
test_0003,6,16,mV_16,28.228,,False,-1.8133373881975428,1.6938681655807946,False
test_0003,6,17,mV_17,31.26,,False,-1.6607103828186314,1.5678271740122969,False
test_0003,6,18,mV_18,36.807,,False,-1.1365505422143811,1.3402169003774647,False
test_0003,6,19,mV_19,39.807,,False,-1.427056134262465,1.448775804713989,False
test_0003,6,20,mV_20,38.347,,False,-1.8044404081166443,1.2589842376239384,False
test_0003,7,0,mV_0,42.919,,False,1.8051598180253772,1.3684122534080054,False
test_0003,7,1,mV_1,36.292,,False,1.863329377581267,1.6364801479950122,False
test_0003,7,2,mV_2,28.935,,False,1.014102018792138,0.9833264736351818,False
test_0003,7,3,mV_3,32.406,,False,-0.041772479375184524,0.32486178917675673,False
test_0003,7,4,mV_4,44.016,,False,0.2018001791645199,0.3973883453198109,False
test_0003,7,5,mV_5,55.61,,False,1.1441805435750192,0.9800640079954962,False
test_0003,7,6,mV_6,63.925,,False,1.4300947656674263,1.3439187912746737,False
test_0003,7,7,mV_7,69.483,,False,1.3713050901888233,1.390899554462818,False
test_0003,7,8,mV_8,72.262,,False,1.3908932718061995,1.4068142588398918,False
test_0003,7,9,mV_9,73.041,,False,1.4741654015583452,1.5919454330720415,False
test_0003,7,10,mV_10,72.097,,False,2.028557657365276,1.3828201790722243,False
test_0003,7,11,mV_11,,63.56356255193568,True,,,False
test_0003,7,12,mV_12,55.442,,False,2.313421050034064,1.6925515506812658,False
test_0003,7,13,mV_13,47.041,,False,2.143364102656935,2.1328428987131858,False
test_0003,7,14,mV_14,40.209,,False,1.9312223395048087,1.8264453576892135,False
test_0003,7,15,mV_15,35.087,,False,1.2999726490903014,1.3634519098490137,False
test_0003,7,16,mV_16,33.41,,False,0.922640001710643,1.12267866300851,False
test_0003,7,17,mV_17,37.239,,False,1.345461999522453,1.343042452047054,False
test_0003,7,18,mV_18,43.267,,False,1.7586058074326674,1.8331046365013777,False
test_0003,7,19,mV_19,48.242,,False,2.469744931617723,2.3099980939810196,True
test_0003,7,20,mV_20,47.217,,False,2.5418967052559647,1.888384585532413,False
test_0003,8,0,mV_0,39.709,,False,0.5110083906973025,0.3467430181989821,False
test_0003,8,1,mV_1,32.25,,False,0.36495529140132354,0.3330819892915652,False
test_0003,8,2,mV_2,26.79,,False,0.09140898366631094,0.17182396456078156,False
test_0003,8,3,mV_3,32.803,,False,0.1395225995091808,0.1421518426648678,False
test_0003,8,4,mV_4,43.029,,False,-0.19815318797479867,0.15578980067387627,False
test_0003,8,5,mV_5,52.423,,False,-0.08733022723672693,0.1283588014192864,False
test_0003,8,6,mV_6,59.781,,False,-0.14062156322889305,0.138207850497155,False
test_0003,8,7,mV_7,65.093,,False,-0.18425804829410694,0.19435170367958954,False
test_0003,8,8,mV_8,67.373,,False,-0.2682691549012512,0.2709991323737605,False
test_0003,8,9,mV_9,67.537,,False,-0.36320017139843264,0.2662543099097505,False
test_0003,8,10,mV_10,65.906,,False,-0.07034774194088553,0.17960475120915087,False
test_0003,8,11,mV_11,58.851,,False,0.21452334955639984,0.22350783928608667,False
test_0003,8,12,mV_12,50.31,,False,0.3946369160906614,0.34354786497411066,False
test_0003,8,13,mV_13,42.575,,False,0.3703942781587199,0.37007992910728077,False
test_0003,8,14,mV_14,36.787,,False,0.3448942440210219,0.31034176824164617,False
test_0003,8,15,mV_15,32.827,,False,0.1811843067658211,0.3134957890335698,False
test_0003,8,16,mV_16,30.627,,False,-0.5467202985816152,0.5760839329163043,False
test_0003,8,17,mV_17,32.515,,False,-1.029710827736166,0.953711830425177,False
test_0003,8,18,mV_18,36.646,,False,-1.2087053676467614,1.0017603223474278,False
test_0003,8,19,mV_19,41.684,,False,-0.5599197263600222,0.6070651679601153,False
test_0003,8,20,mV_20,41.826,,False,-0.09971585147365558,0.18983785732683334,False
test_0003,9,0,mV_0,38.433,,False,-0.0034268807265701337,0.011676034021396263,False
test_0003,9,1,mV_1,31.373,,False,0.039850374632444785,0.04395677335679436,False
test_0003,9,2,mV_2,26.793,,False,0.09269946343571775,0.05631232537597007,False
test_0003,9,3,mV_3,,32.54894676738055,True,,,False
test_0003,9,4,mV_4,43.65,,False,0.05348920411589639,0.11446124622935254,False
test_0003,9,5,mV_5,51.741,,False,-0.3508665766856174,0.3879878844574528,False
test_0003,9,6,mV_6,58.05,,False,-0.7967291803426801,0.7218961019191437,False
test_0003,9,7,mV_7,62.951,,False,-0.9432594703055969,0.959655274343884,False
test_0003,9,8,mV_8,64.759,,False,-1.1553729764216623,1.100172446953044,False
test_0003,9,9,mV_9,65.19,,False,-1.1466843646632547,1.041487412070713,False
test_0003,9,10,mV_10,63.998,,False,-0.7172079425346797,0.7017883389653153,False
test_0003,9,11,mV_11,57.59,,False,-0.22605310612864707,0.30639600811335177,False
test_0003,9,12,mV_12,49.104,,False,-0.05626987766143313,0.09358055326059662,False
test_0003,9,13,mV_13,41.552,,False,-0.035729351590873135,0.046998090010100635,False
test_0003,9,14,mV_14,36.173,,False,0.06026377919722313,0.06059842789062804,False
test_0003,9,15,mV_15,32.635,,False,0.08613680157719276,0.06466806233821354,False
test_0003,9,16,mV_16,31.613,,False,-0.026134867001245524,0.04428031232945293,False
test_0003,9,17,mV_17,34.486,,False,-0.03871471373812794,0.06656219416588785,False
test_0003,9,18,mV_18,38.98,,False,-0.16268448218605003,0.1341005519393326,False
test_0003,9,19,mV_19,43.269,,False,0.17231852964710237,0.22685248945881006,False
test_0003,9,20,mV_20,42.846,,False,0.4000884163549855,0.24312384058926834,False
test_0003,10,0,mV_0,39.527,,False,0.43763282690486854,0.41227608099947965,False
test_0003,10,1,mV_1,33.353,,False,0.7738386701881814,0.5510116220489187,False
test_0003,10,2,mV_2,27.086,,False,0.21873632091444348,0.35870888323595806,False
test_0003,10,3,mV_3,32.008,,False,-0.2235242209267638,0.2548857270427084,False
test_0003,10,4,mV_4,42.645,,False,-0.35375814540286266,0.25575193554633147,False
test_0003,10,5,mV_5,52.411,,False,-0.09196723045283663,0.16360875903973415,False
test_0003,10,6,mV_6,59.844,,False,-0.11674242985040077,0.14541041144064012,False
test_0003,10,7,mV_7,64.89,,False,-0.2561895556089223,0.2975659790776948,False
test_0003,10,8,mV_8,66.51,,False,-0.5611423752425339,0.5021833567625245,False
test_0003,10,9,mV_9,66.737,,False,-0.6302591209561081,0.5682681884986767,False
test_0003,10,10,mV_10,64.782,,False,-0.4514121368399567,0.3987312040627032,False
test_0003,10,11,mV_11,58.06,,False,-0.061841421614791024,0.20177284649399663,False
test_0003,10,12,mV_12,49.875,,False,0.2319964059064478,0.21145260664093224,False
test_0003,10,13,mV_13,42.448,,False,0.3199761931360423,0.2769761665280674,False
test_0003,10,14,mV_14,36.552,,False,0.23595587393373713,0.2107192418061254,False
test_0003,10,15,mV_15,32.358,,False,-0.05098902622098497,0.08494546156617117,False
test_0003,10,16,mV_16,31.666,,False,0.0018479198889775948,0.10769266414947329,False
test_0003,10,17,mV_17,35.311,,False,0.376085790598953,0.3986950189225672,False
test_0003,10,18,mV_18,41.219,,False,0.8407605746033854,0.5891269954619373,False
test_0003,10,19,mV_19,43.543,,False,0.2989010420420253,0.3603144204250594,False
test_0003,10,20,mV_20,42.024,,False,-0.002695023012801744,0.0760727720169072,False
test_0003,11,0,mV_0,37.144,,False,-0.5231032638499015,0.4856868204099949,False
test_0003,11,1,mV_1,28.847,,False,-0.8965407539401765,0.8935468667350674,False
test_0003,11,2,mV_2,23.653,,False,-1.2580026952100154,0.994527675757757,False
test_0003,11,3,mV_3,31.259,,False,-0.5655645586708207,0.7266498350621575,False
test_0003,11,4,mV_4,42.241,,False,-0.517467527696973,0.5231986972104309,False
test_0003,11,5,mV_5,51.375,,False,-0.49229517477695695,0.5006904026182255,False
test_0003,11,6,mV_6,58.831,,False,-0.5007037332220151,0.434283967602387,False
test_0003,11,7,mV_7,64.926,,False,-0.24343322918856072,0.28409559167720355,False
test_0003,11,8,mV_8,67.725,,False,-0.1488121751096775,0.16756183656411028,False
test_0003,11,9,mV_9,68.238,,False,-0.12918976684852532,0.14209955526540657,False
test_0003,11,10,mV_10,66.589,,False,0.16120651225489815,0.17544089257996437,False
test_0003,11,11,mV_11,58.953,,False,0.2501607789615358,0.2122580036694255,False
test_0003,11,12,mV_12,49.756,,False,0.18750394449973223,0.17554631756977604,False
test_0003,11,13,mV_13,41.836,,False,0.07701660231810396,0.09998666455100391,False
test_0003,11,14,mV_14,36.169,,False,0.0584095090680755,0.06702287097071784,False
test_0003,11,15,mV_15,32.311,,False,-0.07425586342861641,0.2169211476280895,False
test_0003,11,16,mV_16,30.411,,False,-0.6607633545870497,0.5777144061487038,False
test_0003,11,17,mV_17,32.743,,False,-0.9150750519920997,0.9075382501227962,False
test_0003,11,18,mV_18,36.801,,False,-1.1392395419199355,0.7983885339579927,False
test_0003,11,19,mV_19,,41.92154646578437,True,,,False
test_0003,11,20,mV_20,40.498,,False,-0.7504414080191844,0.3752207040095922,False
test_0003,12,0,mV_0,38.286,,False,-0.06269175917430389,0.13917357931936167,False
test_0003,12,1,mV_1,30.102,,False,-0.4313107989288389,0.3270926921460547,False
test_0003,12,2,mV_2,27.468,,False,0.3830574115522371,0.7566500225595243,False
test_0003,12,3,mV_3,36.503,,False,1.8291744682047844,1.35144656854012,False
test_0003,12,4,mV_4,46.885,,False,1.3643799261986742,1.3665035292725611,False
test_0003,12,5,mV_5,54.999,,False,0.9080797964881118,0.9155728898098459,False
test_0003,12,6,mV_6,61.423,,False,0.48175204006448563,0.4678959691542708,False
test_0003,12,7,mV_7,,66.12309742790724,True,,,False
test_0003,12,8,mV_8,67.733,,False,-0.14609724375077449,0.07338244556233432,False
test_0003,12,9,mV_9,68.629,,False,0.0013352947477883403,0.0843588479382184,False
test_0003,12,10,mV_10,65.557,,False,-0.18866755850652248,0.11073938482879858,False
test_0003,12,11,mV_11,58.053,,False,-0.06428712755436103,0.1083333720315105,False
test_0003,12,12,mV_12,48.944,,False,-0.11609167451079752,0.13733872182006152,False
test_0003,12,13,mV_13,41.005,,False,-0.2528844107042901,0.21271571421720475,False
test_0003,12,14,mV_14,35.549,,False,-0.22900236094944135,0.19294473515365948,False
test_0003,12,15,mV_15,32.338,,False,-0.06088980801146511,0.1322435629952164,False
test_0003,12,16,mV_16,32.0,,False,0.178192275008494,0.15874544356103967,False
test_0003,12,17,mV_17,34.996,,False,0.21770741621570563,0.1696478167477018,False
test_0003,12,18,mV_18,39.488,,False,0.06498415955090192,0.08922883369059878,False
test_0003,12,19,mV_19,42.876,,False,-0.009239599444885612,0.05792240603618904,False
test_0003,12,20,mV_20,42.332,,False,0.148226265704083,0.07642303271326291,False
test_0003,13,0,mV_0,36.184,,False,-0.910139204733065,0.6652108220852994,False
test_0003,13,1,mV_1,28.998,,False,-0.8405648788750674,0.8074603420944935,False
test_0003,13,2,mV_2,25.093,,False,-0.6385724058947744,0.5912511699091364,False
test_0003,13,3,mV_3,33.039,,False,0.24729498897192925,0.32107747689759286,False
test_0003,13,4,mV_4,43.891,,False,0.15114752375173865,0.14126167846560908,False
test_0003,13,5,mV_5,52.609,,False,-0.015456677387029803,0.04551521963144956,False
test_0003,13,6,mV_6,,58.236608537199,True,,,False
test_0003,13,7,mV_7,63.493,,False,-0.7512058891990481,0.6334790028924926,False
test_0003,13,8,mV_8,65.124,,False,-1.0315042331718745,0.9927283577036162,False
test_0003,13,9,mV_9,65.16,,False,-1.1566990752716682,1.1777511696044687,False
test_0003,13,10,mV_10,62.084,,False,-1.366102294702664,1.2576747379731221,False
test_0003,13,11,mV_11,54.969,,False,-1.1417952872154926,1.094272132549726,False
test_0003,13,12,mV_12,47.309,,False,-0.7273956610652547,0.7630835846318405,False
test_0003,13,13,mV_13,40.494,,False,-0.4557477291813599,0.5589915252531881,False
test_0003,13,14,mV_14,34.755,,False,-0.5970749815847776,0.6260837902173804,False
test_0003,13,15,mV_15,30.735,,False,-0.8544374685186067,0.807543462916511,False
test_0003,13,16,mV_16,29.912,,False,-0.9242239330440533,0.802801124525856,False
test_0003,13,17,mV_17,33.552,,False,-0.5083191634967108,0.510873103866535,False
test_0003,13,18,mV_18,39.114,,False,-0.10263015542866512,0.2069221318745919,False
test_0003,13,19,mV_19,42.649,,False,-0.11410905314432664,0.1778341276766191,False
test_0003,13,20,mV_20,41.253,,False,-0.380488248989158,0.21877138778066066,False
test_0003,14,0,mV_0,38.819,,False,0.15219382050353628,0.0872642826778368,False
test_0003,14,1,mV_1,31.386,,False,0.04466948970427466,0.16109439198213982,False
test_0003,14,2,mV_2,27.514,,False,0.4028447680164737,0.6560693278022468,False
test_0003,14,3,mV_3,36.382,,False,1.7739182854717652,1.3997803391783887,False
test_0003,14,4,mV_4,47.586,,False,1.6484400177535514,1.6391428587018217,False
test_0003,14,5,mV_5,56.494,,False,1.485773113828419,1.4799233405384982,False
test_0003,14,6,mV_6,63.581,,False,1.2997071167436025,1.3037077300796787,False
test_0003,14,7,mV_7,68.801,,False,1.1296435730030914,1.0918836895180115,False
test_0003,14,8,mV_8,70.546,,False,0.8085404953222605,0.8807996148716348,False
test_0003,14,9,mV_9,70.951,,False,0.7764738958389266,0.8151034425407041,False
test_0003,14,10,mV_10,68.765,,False,0.8989254831627029,0.849369901027597,False
test_0003,14,11,mV_11,60.593,,False,0.8231547419460555,0.797967800593357,False
test_0003,14,12,mV_12,50.984,,False,0.6466362353186141,0.6401655376741187,False
test_0003,14,13,mV_13,42.761,,False,0.44423493811319104,0.5139231125756331,False
test_0003,14,14,mV_14,37.166,,False,0.5205863387575359,0.5436255070614544,False
test_0003,14,15,mV_15,33.853,,False,0.6890944126175548,0.5943466038094206,False
test_0003,14,16,mV_16,32.569,,False,0.47861125124503706,0.4115792287769072,False
test_0003,14,17,mV_17,,35.23981840734608,True,,,False
test_0003,14,18,mV_18,40.35,,False,0.4513037839155703,0.5320601085487794,False
test_0003,14,19,mV_19,45.549,,False,1.225632866363977,1.1282420669596154,False
test_0003,14,20,mV_20,45.316,,False,1.6103987511949367,1.1116075921884625,False
test_0003,15,0,mV_0,41.063,,False,1.0568903323179304,0.8864961484669935,False
test_0003,15,1,mV_1,35.129,,False,1.4322039292321134,1.1652395446534485,False
test_0003,15,2,mV_2,28.297,,False,0.7396599878316362,0.7414065690713442,False
test_0003,15,3,mV_3,32.379,,False,-0.054102371389990765,0.24944914765836218,False
test_0003,15,4,mV_4,43.148,,False,-0.14993186002183098,0.16026846847444198,False
test_0003,15,5,mV_5,53.392,,False,0.2871077824641153,0.3003377646641849,False
test_0003,15,6,mV_6,61.411,,False,0.47720363370667795,0.4489266410905125,False
test_0003,15,7,mV_7,67.177,,False,0.5541915144845788,0.5048666576174903,False
test_0003,15,8,mV_8,69.442,,False,0.4338799677941256,0.46022504429785616,False
test_0003,15,9,mV_9,69.88,,False,0.41894872711859443,0.5556434425839937,False
test_0003,15,10,mV_10,68.918,,False,0.9507963483046603,0.897465701590936,False
test_0003,15,11,mV_11,61.87,,False,1.2693213826358287,1.245918858251095,False
test_0003,15,12,mV_12,53.251,,False,1.4942363194280623,1.4638232575998593,False
test_0003,15,13,mV_13,45.666,,False,1.5974990089074839,1.6130454156319753,False
test_0003,15,14,mV_14,39.846,,False,1.7629473252848717,1.677003446260972,False
test_0003,15,15,mV_15,35.662,,False,1.58462012556666,1.498817372422772,False
test_0003,15,16,mV_16,33.676,,False,1.0630819132728955,1.1386157596273916,False
test_0003,15,17,mV_17,36.241,,False,0.8436790863971148,0.9127017052025753,False
test_0003,15,18,mV_18,41.352,,False,0.9003667347431762,1.0848542685118987,False
test_0003,15,19,mV_19,46.565,,False,1.6950045181641273,1.528236583500367,False
test_0003,15,20,mV_20,45.749,,False,1.8225705629300373,1.3350364110060504,False
test_0003,16,0,mV_0,38.734,,False,0.11792501323783919,0.08264104317377963,False
test_0003,16,1,mV_1,31.01,,False,-0.0947141462194401,0.21045675254317053,False
test_0003,16,2,mV_2,25.335,,False,-0.5344737044959628,0.3616440580565163,False
test_0003,16,3,mV_3,33.117,,False,0.28291467701469947,0.37546932765947283,False
test_0003,16,4,mV_4,44.509,,False,0.40157425211252973,0.4276282369189598,False
test_0003,16,5,mV_5,54.265,,False,0.6244497664360802,0.4126184462461725,False
test_0003,16,6,mV_6,,61.10900456002701,True,,,False
test_0003,16,7,mV_7,67.562,,False,0.6906133387023268,0.43740223154133245,False
test_0003,16,8,mV_8,69.249,,False,0.3683822487606762,0.4105066167326642,False
test_0003,16,9,mV_9,69.268,,False,0.21464863070697773,0.28371003339933487,False
test_0003,16,10,mV_10,65.119,,False,-0.3371606234227079,0.38060192897513084,False
test_0003,16,11,mV_11,56.424,,False,-0.6334378383481298,0.6071605952661102,False
test_0003,16,12,mV_12,47.049,,False,-0.8246060809454732,0.7432551178834592,False
test_0003,16,13,mV_13,39.903,,False,-0.6903704712947608,0.6698941522659744,False
test_0003,16,14,mV_14,35.02,,False,-0.47422958552890265,0.5077251503139145,False
test_0003,16,15,mV_15,31.669,,False,-0.3920709589030918,0.3343260203624896,False
test_0003,16,16,mV_16,31.513,,False,-0.07893257811487212,0.13924378849857827,False
test_0003,16,17,mV_17,34.549,,False,-0.00703903886147705,0.0482379528902347,False
test_0003,16,18,mV_18,39.566,,False,0.09994115572311257,0.1859355195138776,False
test_0003,16,19,mV_19,41.734,,False,-0.5368207277478082,0.37087756442272596,False
test_0003,16,20,mV_20,41.397,,False,-0.30992764647217474,0.28916900517303945,False
test_0004,1,0,mV_0,29.4,,False,-2.0061063860108708,1.269262963079154,False
test_0004,1,1,mV_1,24.757,,False,-1.0648390802948753,1.3069363778700753,False
test_0004,1,2,mV_2,27.095,,False,1.0919609648796793,1.209429690157231,False
test_0004,1,3,mV_3,35.31,,False,1.5889577505746901,1.3252404799029085,False
test_0004,1,4,mV_4,43.077,,False,1.0310854535825746,0.9127821644349599,False
test_0004,1,5,mV_5,,48.758056567394284,True,,,False
test_0004,1,6,mV_6,53.331,,False,0.09646411817184346,0.06209570550805044,False
test_0004,1,7,mV_7,55.589,,False,-0.055454585688514864,0.0742415060981388,False
test_0004,1,8,mV_8,55.723,,False,-0.089592734843682,0.05866001384396972,False
test_0004,1,9,mV_9,,54.42306478597016,True,,,False
test_0004,1,10,mV_10,51.225,,False,-0.31325934242592546,0.34381352223061845,False
test_0004,1,11,mV_11,44.401,,False,-0.7487354040706229,0.5982177527893895,False
test_0004,1,12,mV_12,37.438,,False,-0.582140860590387,0.5652949517161703,False
test_0004,1,13,mV_13,32.209,,False,-0.34816268161328434,0.3749318503650181,False
test_0004,1,14,mV_14,28.932,,False,-0.22126117764311648,0.2604174638220601,False
test_0004,1,15,mV_15,26.767,,False,-0.25098481838872305,0.24965749996828124,False
test_0004,1,16,mV_16,26.301,,False,-0.27539918545256237,0.2443769416464345,False
test_0004,1,17,mV_17,28.064,,False,-0.17572457729189014,0.1587848556154507,False
test_0004,1,18,mV_18,31.537,,False,-0.008291082425460073,0.10865380939622865,False
test_0004,1,19,mV_19,33.826,,False,-0.24230849544210428,0.21302028507212178,False
test_0004,1,20,mV_20,32.935,,False,-0.35917306697881846,0.2401636573499353,False
test_0004,2,0,mV_0,34.072,,False,-0.12253147371280823,0.0873538309471796,False
test_0004,2,1,mV_1,27.348,,False,-0.10435237636310193,0.12888993837565238,False
test_0004,2,2,mV_2,24.128,,False,-0.18432352706359745,0.30862110701783874,False
test_0004,2,3,mV_3,30.163,,False,-0.761484997581058,0.669500252639063,False
test_0004,2,4,mV_4,38.137,,False,-0.9707074883305383,0.9295043154088591,False
test_0004,2,5,mV_5,45.001,,False,-1.0151172873933023,1.0003504862258252,False
test_0004,2,6,mV_6,50.437,,False,-1.0004598817861583,0.8995996965737909,False
test_0004,2,7,mV_7,54.102,,False,-0.5823617353295443,0.6006001199822725,False
test_0004,2,8,mV_8,55.288,,False,-0.23721712748384272,0.2701243680176187,False
test_0004,2,9,mV_9,55.367,,False,-0.023701481773244996,0.08971665587210671,False
test_0004,2,10,mV_10,51.93,,False,-0.07424653245809416,0.1397413679259959,False
test_0004,2,11,mV_11,45.437,,False,-0.3867709250145503,0.2550374836648571,False
test_0004,2,12,mV_12,38.534,,False,-0.1723615521722337,0.21244947060108849,False
test_0004,2,13,mV_13,32.788,,False,-0.11830385304533614,0.19429533591019638,False
test_0004,2,14,mV_14,28.615,,False,-0.3682120853778795,0.36949555937798634,False
test_0004,2,15,mV_15,26.015,,False,-0.6232542137108501,0.40368012819989496,False
test_0004,2,16,mV_16,,26.381081832329897,True,,,False
test_0004,2,17,mV_17,28.233,,False,-0.09075332246405189,0.05271538959510188,False
test_0004,2,18,mV_18,31.49,,False,-0.029354913452303726,0.1145741902034835,False
test_0004,2,19,mV_19,33.682,,False,-0.30883361144527466,0.20328338869206386,False
test_0004,2,20,mV_20,33.329,,False,-0.1661114184254025,0.16026411207401992,False
test_0004,3,0,mV_0,33.343,,False,-0.41643689132095996,0.2205905968545066,False
test_0004,3,1,mV_1,27.763,,False,0.049488604776106546,0.26688109055442377,False
test_0004,3,2,mV_2,23.273,,False,-0.5521102613445219,0.6278988921072588,False
test_0004,3,3,mV_3,28.857,,False,-1.3578864409638847,1.1583190306448057,False
test_0004,3,4,mV_4,37.163,,False,-1.3653929793069313,1.338353756692903,False
test_0004,3,5,mV_5,44.355,,False,-1.2647426271938638,1.2522620686065031,False
test_0004,3,6,mV_6,50.137,,False,-1.114170040731354,1.0011439909682494,False
test_0004,3,7,mV_7,54.302,,False,-0.5114932552164259,0.5946963605265649,False
test_0004,3,8,mV_8,55.275,,False,-0.24162889094205373,0.31920801314270586,False
test_0004,3,9,mV_9,54.593,,False,-0.28208101547029024,0.2544204277153025,False
test_0004,3,10,mV_10,51.524,,False,-0.2118907889785757,0.33063246919034717,False
test_0004,3,11,mV_11,44.779,,False,-0.6166672833339472,0.48524962425889684,False
test_0004,3,12,mV_12,37.669,,False,-0.49577314138911743,0.44324139405641305,False
test_0004,3,13,mV_13,32.671,,False,-0.16475201011346996,0.20631929040401434,False
test_0004,3,14,mV_14,,29.055601701943424,True,,,False
test_0004,3,15,mV_15,26.937,,False,-0.16682817316962473,0.21020937089515934,False
test_0004,3,16,mV_16,25.862,,False,-0.5071811372413879,0.38309705199778193,False
test_0004,3,17,mV_17,27.715,,False,-0.35119776033872735,0.3023941644797107,False
test_0004,3,18,mV_18,,31.04389088919127,True,,,False
test_0004,3,19,mV_19,33.838,,False,-0.23676473577517337,0.13492000910250507,False
test_0004,3,20,mV_20,33.533,,False,-0.06615056485967348,0.09226646637363009,False
test_0004,4,0,mV_0,35.175,,False,0.3221566958644074,0.2348015410022274,False
test_0004,4,1,mV_1,28.425,,False,0.2948927722800947,0.38429492217554223,False
test_0004,4,2,mV_2,26.01,,False,0.6252374482775721,0.6065104056398551,False
test_0004,4,3,mV_3,33.759,,False,0.8806739537241816,0.8574568616518945,False
test_0004,4,4,mV_4,43.107,,False,1.0432420908816427,1.0388475524038823,False
test_0004,4,5,mV_5,50.703,,False,1.1882320741280625,1.1963886912502897,False
test_0004,4,6,mV_6,56.68,,False,1.3658485258633903,0.9799822814637108,False
test_0004,4,7,mV_7,,58.80284851443369,True,,,False
test_0004,4,8,mV_8,60.659,,False,1.585519913597305,1.1591314532230834,False
test_0004,4,9,mV_9,59.828,,False,1.4654859856977234,1.5447679429085586,False
test_0004,4,10,mV_10,57.053,,False,1.662579886641483,1.544602296601043,False
test_0004,4,11,mV_11,50.516,,False,1.387763427423483,1.5010790400627259,False
test_0004,4,12,mV_12,43.184,,False,1.5662094187624551,1.5231676819355666,False
test_0004,4,13,mV_13,37.047,,False,1.5724884627938736,1.550470015860116,False
test_0004,4,14,mV_14,32.625,,False,1.4906937190902616,1.4421754566666376,False
test_0004,4,15,mV_15,29.728,,False,1.2148259256921534,1.2109956011031229,False
test_0004,4,16,mV_16,28.572,,False,0.9236368339379236,0.7655248983920002,False
test_0004,4,17,mV_17,,29.674279733910165,True,,,False
test_0004,4,18,mV_18,34.429,,False,1.2878067756518268,1.1064030875389308,False
test_0004,4,19,mV_19,38.355,,False,1.8499987988520696,1.7689280505002287,False
test_0004,4,20,mV_20,37.929,,False,2.0879078286449486,1.5064536140354918,False
test_0004,5,0,mV_0,31.027,,False,-1.3501610987015924,1.2275642897492212,False
test_0004,5,1,mV_1,21.668,,False,-2.2099349615936994,1.556231285151218,False
test_0004,5,2,mV_2,23.499,,False,-0.45489411871588026,0.8220008479735492,False
test_0004,5,3,mV_3,32.199,,False,0.16828019286873733,0.32079762080015917,False
test_0004,5,4,mV_4,41.746,,False,0.49173597874728175,0.3760410986969063,False
test_0004,5,5,mV_5,48.54,,False,0.35241224442432423,0.3334900607470109,False
test_0004,5,6,mV_6,53.439,,False,0.1373997753921132,0.1978623744676754,False
test_0004,5,7,mV_7,55.282,,False,-0.16423770266215104,0.5612084884088269,False
test_0004,5,8,mV_8,50.745,,False,-1.778958772918892,2.061700375345197,False
test_0004,5,9,mV_9,41.884,,False,-4.524646252880852,2.9070877244659235,False
test_0004,5,10,mV_10,49.789,,False,-0.8000996191830978,1.9604327652059583,False
test_0004,5,11,mV_11,51.458,,False,1.7168855695767862,1.9128911973967484,False
test_0004,5,12,mV_12,48.136,,False,3.4176940312503237,3.1292601700694984,True
test_0004,5,13,mV_13,43.073,,False,3.9647670482005606,4.030458561364498,True
test_0004,5,14,mV_14,39.709,,False,4.77460611780655,4.773391215459963,True
test_0004,5,15,mV_15,38.545,,False,5.57958557802619,5.457739623675145,True
test_0004,5,16,mV_16,37.992,,False,5.897181220841653,5.652433990355911,True
test_0004,5,17,mV_17,38.827,,False,5.235787941714149,5.125269350445221,True
test_0004,5,18,mV_18,40.776,,False,4.132320297510931,4.040993516677549,True
test_0004,5,19,mV_19,40.116,,False,2.663545529974183,2.9011624189123237,False
test_0004,5,20,mV_20,38.046,,False,2.1452383181899974,1.7385055415885444,False
test_0004,6,0,mV_0,35.747,,False,0.5527656106406266,0.4410204577262178,False
test_0004,6,1,mV_1,29.406,,False,0.6585506096236179,0.5810826971701517,False
test_0004,6,2,mV_2,25.613,,False,0.4544639587927443,0.3988908203107077,False
test_0004,6,3,mV_3,31.769,,False,-0.028084754033724447,0.15192098865777037,False
test_0004,6,4,mV_4,40.293,,False,-0.09705048777088832,0.057768329768260684,False
test_0004,6,5,mV_5,47.605,,False,-0.008887589497541646,0.03955626102418007,False
test_0004,6,6,mV_6,52.962,,False,-0.043399377330748674,0.09607455735492776,False
test_0004,6,7,mV_7,56.56,,False,0.28861188526067205,0.1551557869630232,False
test_0004,6,8,mV_8,,57.516427589660694,True,,,False
test_0004,6,9,mV_9,,57.73239873402397,True,,,False
test_0004,6,10,mV_10,56.575,,False,1.5005258112306712,1.0811319805826165,False
test_0004,6,11,mV_11,50.332,,False,1.3234762998691232,1.3971089856445031,False
test_0004,6,12,mV_12,42.849,,False,1.4409575316090955,1.3643766599874232,False
test_0004,6,13,mV_13,36.24,,False,1.2521152768623791,1.1898841937045939,False
test_0004,6,14,mV_14,31.166,,False,0.814348689484522,0.7949540664759953,False
test_0004,6,15,mV_15,27.878,,False,0.29900361007255793,0.35308897740740947,False
test_0004,6,16,mV_16,,27.065142124329384,True,,,False
test_0004,6,17,mV_17,28.503,,False,0.04499956986444652,0.03420813781682507,False
test_0004,6,18,mV_18,31.451,,False,-0.046833411538407255,0.0630206190318054,False
test_0004,6,19,mV_19,34.596,,False,0.11341608318596057,0.07748147188427819,False
test_0004,6,20,mV_20,33.594,,False,-0.036260309626784344,0.046484175609882314,False
test_0004,7,0,mV_0,35.36,,False,0.39674174697210124,0.24012109156027495,False
test_0004,7,1,mV_1,28.08,,False,0.16700087229689725,0.19306348103711976,False
test_0004,7,2,mV_2,24.46,,False,-0.04151043258258332,0.4762988936957328,False
test_0004,7,3,mV_3,28.206,,False,-1.6551738373208673,2.4063226963520243,False
test_0004,7,4,mV_4,25.051,,False,-6.27343267818378,5.625375529163769,False
test_0004,7,5,mV_5,26.15,,False,-8.299462922966645,7.813341447293203,False
test_0004,7,6,mV_6,30.965,,False,-8.38100726505574,8.20765293916973,False
test_0004,7,7,mV_7,33.82,,False,-7.769134303600791,8.08575728652068,False
test_0004,7,8,mV_8,31.165,,False,-8.4237532738254,8.435511289409307,False
test_0004,7,9,mV_9,28.102,,False,-9.12540430638564,8.944940839488197,False
test_0004,7,10,mV_10,25.292,,False,-9.105201471356114,6.833951812274467,False
test_0004,7,11,mV_11,,17.245978320542115,True,,,False
test_0004,7,12,mV_12,10.497,,False,-10.655009791332638,7.977134060726154,True
test_0004,7,13,mV_13,6.389,,False,-10.598516660239342,10.788489753423582,True
test_0004,7,14,mV_14,5.029,,False,-11.301915901883005,11.023920907245824,True
test_0004,7,15,mV_15,5.269,,False,-10.89333516497794,10.933363970001983,True
test_0004,7,16,mV_16,6.661,,False,-10.644869648169047,10.46110167323481,True
test_0004,7,17,mV_17,9.198,,False,-9.661332231623206,9.553618031260605,True
test_0004,7,18,mV_18,13.154,,False,-8.246938013626957,8.908701574835716,True
test_0004,7,19,mV_19,13.831,,False,-9.479598040465742,9.537104382679175,True
test_0004,7,20,mV_20,11.337,,False,-10.94228343615826,7.841041228195565,True
test_0004,8,0,mV_0,,34.51585163515244,True,,,False
test_0004,8,1,mV_1,27.024,,False,-0.22445955199949433,0.11507958549052028,False
test_0004,8,2,mV_2,24.583,,False,0.011399237963092461,0.06426906881770075,False
test_0004,8,3,mV_3,31.852,,False,0.009818247345123739,0.007910891129573421,False
test_0004,8,4,mV_4,40.534,,False,0.0006078318649537472,0.02623330655031164,False
test_0004,8,5,mV_5,47.385,,False,-0.09389931512621533,0.10059276946648238,False
test_0004,8,6,mV_6,52.512,,False,-0.21396461574854514,0.15503964069506435,False
test_0004,8,7,mV_7,56.023,,False,0.09833001615695179,0.1987817004416475,False
test_0004,8,8,mV_8,57.12,,False,0.3845021537041413,0.36747151962618274,False
test_0004,8,9,mV_9,57.243,,False,0.6025517549394966,0.5743726028506887,False
test_0004,8,10,mV_10,54.237,,False,0.7078847478196201,0.5697409066060336,False
test_0004,8,11,mV_11,47.29,,False,0.2606423758453979,0.3283234753324594,False
test_0004,8,12,mV_12,39.22,,False,0.08412440181942181,0.11278069400741812,False
test_0004,8,13,mV_13,33.03,,False,-0.022231596545431,0.03744305916322812,False
test_0004,8,14,mV_14,29.455,,False,0.021184641742628667,0.029887554741965777,False
test_0004,8,15,mV_15,27.385,,False,0.054949338937174776,0.07717212387983548,False
test_0004,8,16,mV_16,27.159,,False,0.1776051759023637,0.2941651859769532,False
test_0004,8,17,mV_17,29.938,,False,0.7665010531659107,0.7246182255407255,False
test_0004,8,18,mV_18,34.206,,False,1.1878656199287172,1.0245749613957018,False
test_0004,8,19,mV_19,36.42,,False,0.9560675525594622,0.7750001812619104,False
test_0004,8,20,mV_20,,34.867295940647224,True,,,False
test_0005,1,0,mV_0,34.848,,False,-0.07256923891559289,0.03628461945779647,False
test_0005,1,1,mV_1,34.307,,False,1.2184379324734252e-16,0.06255632179264739,False
test_0005,1,2,mV_2,22.912,,False,-0.1776560482549964,0.35962898578600944,False
test_0005,1,3,mV_3,26.864,,False,-1.0832038466340448,1.6788976285669388,False
test_0005,1,4,mV_4,25.414,,False,-4.371526772744669,3.8980118199626332,False
test_0005,1,5,mV_5,26.79,,False,-5.765789887727148,5.227772866269253,True
test_0005,1,6,mV_6,31.512,,False,-5.007984916878046,5.1367390810723155,True
test_0005,1,7,mV_7,35.162,,False,-4.765196602806023,4.985612248094883,True
test_0005,1,8,mV_8,35.306,,False,-5.4040708698894395,5.384817090964954,True
test_0005,1,9,mV_9,33.827,,False,-5.965930021274912,5.802597786520314,True
test_0005,1,10,mV_10,33.713,,False,-5.8744602336419955,6.07978249794992,True
test_0005,1,11,mV_11,29.412,,False,-6.604279503240779,6.524421437514285,True
test_0005,1,12,mV_12,26.021,,False,-7.0146665099335825,6.959311323255289,True
test_0005,1,13,mV_13,22.771,,False,-7.203632769913211,7.289834432787741,True
test_0005,1,14,mV_14,20.75,,False,-7.737405681390956,7.502678901795353,True
test_0005,1,15,mV_15,18.831,,False,-7.332271474486286,7.340963704451619,True
test_0005,1,16,mV_16,14.288,,False,-6.96190618744295,6.9065406561911145,True
test_0005,1,17,mV_17,11.067,,False,-6.3700787753922725,5.964926362408099,True
test_0005,1,18,mV_18,1.0,,False,-4.157641711404902,3.671340549550519,False
test_0005,1,19,mV_19,,6.251059268407609,True,,,False
test_0005,1,20,mV_20,9.141,,False,-7.772446368919544,3.886223184459772,False
test_0005,2,0,mV_0,35.92,,False,0.3596208950706072,0.38860787555134835,False
test_0005,2,1,mV_1,36.56,,False,0.8351897120641791,0.5075000797997413,False
test_0005,2,2,mV_2,,25.772962653046537,True,,,False
test_0005,2,3,mV_3,34.962,,False,2.61485043247325,1.7832562611842921,False
test_0005,2,4,mV_4,40.899,,False,1.9033241797906686,1.9302390344849023,False
test_0005,2,5,mV_5,45.074,,False,1.2994573458850225,1.509947434357838,False
test_0005,2,6,mV_6,48.781,,False,1.537550865870639,1.4632188931964825,False
test_0005,2,7,mV_7,52.782,,False,1.478316495159629,1.5169564862730038,False
test_0005,2,8,mV_8,55.867,,False,1.5736420889021183,1.6001770320762536,False
test_0005,2,9,mV_9,57.016,,False,1.7751074553411486,1.8078518857702264,False
test_0005,2,10,mV_10,57.257,,False,2.1075505434964903,2.066047746572061,True
test_0005,2,11,mV_11,54.823,,False,2.273982443954115,2.23101753345044,True
test_0005,2,12,mV_12,50.85,,False,2.268554702397039,2.26744558962114,True
test_0005,2,13,mV_13,46.606,,False,2.258690509736366,2.3672661496857472,True
test_0005,2,14,mV_14,43.229,,False,2.683128876873217,2.558265426660137,True
test_0005,2,15,mV_15,38.911,,False,2.608113443157749,2.6412780493289456,True
test_0005,2,16,mV_16,32.523,,False,2.6657564341270663,2.4758166898797773,True
test_0005,2,17,mV_17,27.642,,False,1.9636404481072267,2.28107059662588,True
test_0005,2,18,mV_18,15.925,,False,2.5312450561620006,2.0051933601682705,True
test_0005,2,19,mV_19,21.349,,False,0.9946428802418552,1.557293851690466,False
test_0005,2,20,mV_20,28.49,,False,1.708644590116153,1.1029830151185402,False
test_0005,3,0,mV_0,31.202,,False,-1.5424994893947723,1.2040433482637107,False
test_0005,3,1,mV_1,29.637,,False,-1.731174414265298,2.111209305810158,False
test_0005,3,2,mV_2,15.328,,False,-3.4399889053152632,3.954778941054455,True
test_0005,3,3,mV_3,13.452,,False,-7.2079635393219945,5.690077172911595,True
test_0005,3,4,mV_4,24.099,,False,-4.904392707687128,5.23096834665821,True
test_0005,3,5,mV_5,31.6,,False,-3.9071244319365896,4.0303545194988315,True
test_0005,3,6,mV_6,35.747,,False,-3.4027765064350164,3.6573059995645156,True
test_0005,3,7,mV_7,37.557,,False,-3.9165465534514405,2.8089674033344743,False
test_0005,3,8,mV_8,,41.33101479633999,True,,,False
test_0005,3,9,mV_9,36.122,,False,-5.19980465973134,3.8723065176820093,False
test_0005,3,10,mV_10,36.028,,False,-5.089616751265356,5.121811100903191,False
test_0005,3,11,mV_11,33.694,,False,-5.108206241350709,5.205259518533206,False
test_0005,3,12,mV_12,30.032,,False,-5.515008840166049,5.470032304683464,False
test_0005,3,13,mV_13,26.453,,False,-5.741905297051046,5.383127475007086,False
test_0005,3,14,mV_14,27.661,,False,-4.533690465760202,4.329226684138951,False
test_0005,3,15,mV_15,28.577,,False,-2.5076205079843548,2.763680550672393,False
test_0005,3,16,mV_16,24.622,,False,-1.5057907209606616,1.4965102657421707,False
test_0005,3,17,mV_17,22.808,,False,-0.4668391130630043,0.6476252743038293,False
test_0005,3,18,mV_18,9.94,,False,-0.1510321501286469,0.7040996625766955,False
test_0005,3,19,mV_19,14.764,,False,-2.0474952369864843,2.223918081865108,False
test_0005,3,20,mV_20,15.514,,False,-4.649649703358817,2.8366986609260296,False
test_0005,4,0,mV_0,35.639,,False,0.24633224987459845,0.27747048252572104,False
test_0005,4,1,mV_1,35.972,,False,0.6172174303536871,0.9618767519184889,False
test_0005,4,2,mV_2,28.827,,False,2.366739897091983,1.3379026374680207,False
test_0005,4,3,mV_3,29.238,,False,0.000913325334430338,0.7067179434839221,False
test_0005,4,4,mV_4,37.333,,False,0.45830522617484476,0.27341677361665456,False
test_0005,4,5,mV_5,42.167,,False,0.17614331678249845,0.3764823704224304,False
test_0005,4,6,mV_6,46.559,,False,0.6953376219498799,0.6026269541072302,False
test_0005,4,7,mV_7,50.991,,False,0.8436892557466626,0.8994119791376824,False
test_0005,4,8,mV_8,54.81,,False,1.2149317831075246,1.1933139338928782,False
test_0005,4,9,mV_9,56.191,,False,1.499702913609801,1.4775778713279086,False
test_0005,4,10,mV_10,56.043,,False,1.6959738749845081,1.6596895427093523,False
test_0005,4,11,mV_11,53.315,,False,1.747107507258592,1.7410230273001348,False
test_0005,4,12,mV_12,49.527,,False,1.773903219698847,1.7472701753142137,False
test_0005,4,13,mV_13,45.184,,False,1.6941667546005688,1.831426600520059,False
test_0005,4,14,mV_14,42.108,,False,2.163469673180252,2.1482704226458904,True
test_0005,4,15,mV_15,38.838,,False,2.571975589622489,1.8268552131063076,False
test_0005,4,16,mV_16,,29.702581971912558,True,,,False
test_0005,4,17,mV_17,27.622,,False,1.9535846783051156,1.0592549967895633,False
test_0005,4,18,mV_18,11.013,,False,0.3298506305480218,1.0364183768338284,False
test_0005,4,19,mV_19,22.513,,False,1.5323875679341545,1.0019052501956591,False
test_0005,4,20,mV_20,26.254,,False,0.6129952343663061,0.6895945091666917,False
test_0005,5,0,mV_0,35.136,,False,0.043541543349357656,0.03548671457142772,False
test_0005,5,1,mV_1,34.159,,False,-0.05486377158699557,0.07520348503971348,False
test_0005,5,2,mV_2,23.668,,False,0.14754485363550512,0.4156004961084989,False
test_0005,5,3,mV_3,32.11,,False,1.3124485055759898,0.8628981671405141,False
test_0005,5,4,mV_4,37.878,,False,0.6791508037745717,0.7379997090348616,False
test_0005,5,5,mV_5,42.439,,False,0.28124872301431303,0.4873734973092625,False
test_0005,5,6,mV_6,46.592,,False,0.7078457394338521,0.5997231243506114,False
test_0005,5,7,mV_7,50.591,,False,0.7019522955204283,0.6413708084576968,False
test_0005,5,8,mV_8,52.567,,False,0.4537329033560786,0.479259157438582,False
test_0005,5,9,mV_9,52.62,,False,0.3076185275217426,0.3303435665577099,False
test_0005,5,10,mV_10,51.785,,False,0.252404307831276,0.2998431903700609,False
test_0005,5,11,mV_11,49.422,,False,0.38694561829594903,0.3532702124193387,False
test_0005,5,12,mV_12,45.817,,False,0.38678530525418076,0.38158627245382676,False
test_0005,5,13,mV_13,41.838,,False,0.3658288610109965,0.40720772008085326,False
test_0005,5,14,mV_14,38.542,,False,0.5103878530472392,0.45475530295119493,False
test_0005,5,15,mV_15,34.516,,False,0.4324166446993047,0.47830745467342883,False
test_0005,5,16,mV_16,28.493,,False,0.5380086762478667,0.48237983941460927,False
test_0005,5,17,mV_17,24.574,,False,0.42108536046339884,0.3733913878563867,False
test_0005,5,18,mV_18,10.53,,False,0.11338615425088248,0.6099694953251454,False
test_0005,5,19,mV_19,23.075,,False,1.792020312335418,1.0431827093857684,False
test_0005,5,20,mV_20,25.973,,False,0.47530405862135533,0.6856571073945321,False
test_0005,6,0,mV_0,31.505,,False,-1.420341270553525,0.9956105279928824,False
test_0005,6,1,mV_1,31.227,,False,-1.1417595708644797,1.1454542038505529,False
test_0005,6,2,mV_2,21.284,,False,-0.8779564031197268,0.729213052281741,False
test_0005,6,3,mV_3,29.194,,False,-0.019179832023031047,0.3677659873116421,False
test_0005,6,4,mV_4,34.833,,False,-0.5547478820807795,0.2821688990461475,False
test_0005,6,5,mV_5,,40.9893250656171,True,,,False
test_0005,6,6,mV_6,42.211,,False,-0.9527016150291737,0.7067619534823605,False
test_0005,6,7,mV_7,46.009,,False,-0.9216445838710945,0.8941333871137415,False
test_0005,6,8,mV_8,48.93,,False,-0.7805427656836033,0.7740327850008946,False
test_0005,6,9,mV_9,49.861,,False,-0.6134010247652776,0.636471611120526,False
test_0005,6,10,mV_10,49.452,,False,-0.5385416292679457,0.5508896126915676,False
test_0005,6,11,mV_11,46.846,,False,-0.5130741674651013,0.5486253297882189,False
test_0005,6,12,mV_12,43.098,,False,-0.6298113549547271,0.6275277487326583,False
test_0005,6,13,mV_13,39.059,,False,-0.7374141175560777,0.6894515607645767,False
test_0005,6,14,mV_14,36.032,,False,-0.6531666529914246,0.6470107256176704,False
test_0005,6,15,mV_15,32.543,,False,-0.5442954789317547,0.4354394027137335,False
test_0005,6,16,mV_16,,25.65631297747145,True,,,False
test_0005,6,17,mV_17,22.344,,False,-0.7001329724719789,0.6312910387752345,False
test_0005,6,18,mV_18,7.767,,False,-1.1248982101569802,0.7879536601641682,False
test_0005,6,19,mV_19,18.759,,False,-0.20188524787073373,0.5265959097515653,False
test_0005,6,20,mV_20,23.824,,False,-0.5777149331078135,0.3393287785215902,False
test_0005,7,0,mV_0,35.044,,False,0.006450599014718758,0.11851336007192202,False
test_0005,7,1,mV_1,35.551,,False,0.4611522422582506,0.48512280568652827,False
test_0005,7,2,mV_2,25.677,,False,1.0117361392148931,0.9405916658889211,False
test_0005,7,3,mV_3,32.034,,False,1.2777421428676474,1.1640124764258337,False
test_0005,7,4,mV_4,38.889,,False,1.0888294807531473,1.0689253628152464,False
test_0005,7,5,mV_5,43.834,,False,0.8203003468870431,0.9871481488378306,False
test_0005,7,6,mV_6,47.941,,False,1.219162420824089,1.1287808352351982,False
test_0005,7,7,mV_7,52.156,,False,1.2564981524055718,1.3210203409165389,False
test_0005,7,8,mV_8,55.803,,False,1.5519226380309221,1.5573138349601743,False
test_0005,7,9,mV_9,57.297,,False,1.8689119113732804,1.8271180963835387,False
test_0005,7,10,mV_10,56.995,,False,2.018725924756672,1.929090212362099,False
test_0005,7,11,mV_11,53.495,,False,1.8099970885617709,1.8517537570311082,False
test_0005,7,12,mV_12,49.512,,False,1.768294926244219,1.8177523792535462,False
test_0005,7,13,mV_13,45.764,,False,1.9244225759639757,1.985019245614729,False
test_0005,7,14,mV_14,42.452,,False,2.3229369042867463,2.204505342630417,True
test_0005,7,15,mV_15,38.183,,False,2.2477249859841995,2.314410282426187,True
test_0005,7,16,mV_16,32.094,,False,2.4392542534496022,1.781558373220851,False
test_0005,7,17,mV_17,,27.526423596610364,True,,,False
test_0005,7,18,mV_18,15.6,,False,2.385590905444463,1.212429601542612,False
test_0005,7,19,mV_19,19.366,,False,0.07853659528152146,0.8730730512204816,False
test_0005,7,20,mV_20,26.941,,False,0.9496281088744202,0.4944482032575904,False
test_0005,8,0,mV_0,27.396,,False,-3.0769357300211473,1.5384678650105736,False
test_0005,8,1,mV_1,,32.144453088101415,True,,,False
test_0005,8,2,mV_2,20.761,,False,-1.1029300429196367,0.8291159231265552,False
test_0005,8,3,mV_3,26.804,,False,-1.1106036066669476,1.2050535216313594,False
test_0005,8,4,mV_4,32.51,,False,-1.496076830271906,1.02568931680269,False
test_0005,8,5,mV_5,,39.40068344964418,True,,,False
test_0005,8,6,mV_6,40.177,,False,-1.7236564926776086,1.2895195238214692,False
test_0005,8,7,mV_7,43.782,,False,-1.7107651099306598,1.6763135361616368,False
test_0005,8,8,mV_8,46.633,,False,-1.5600674321076193,1.513716130584351,False
test_0005,8,9,mV_9,48.032,,False,-1.2239645481915047,1.2224926871337616,False
test_0005,8,10,mV_10,48.439,,False,-0.8819742200444182,0.9087005523240234,False
test_0005,8,11,mV_11,46.463,,False,-0.6468892210157525,0.662693779420729,False
test_0005,8,12,mV_12,43.512,,False,-0.47502245560699297,0.5258246107078757,False
test_0005,8,13,mV_13,39.641,,False,-0.5063643106017641,0.537663161994989,False
test_0005,8,14,mV_14,36.011,,False,-0.6629015711694345,0.6463423569128897,False
test_0005,8,15,mV_15,32.121,,False,-0.7532019747109255,0.7030954104888176,False
test_0005,8,16,mV_16,26.256,,False,-0.6430761213639846,0.7780133652697716,False
test_0005,8,17,mV_17,21.603,,False,-1.0726992436401916,1.0240561996947637,False
test_0005,8,18,mV_18,7.359,,False,-1.3077501901346875,1.1932321496847624,False
test_0005,8,19,mV_19,16.848,,False,-1.0847289748294828,1.2687779460732183,False
test_0005,8,20,mV_20,21.742,,False,-1.5979036444992198,1.0701340659569807,False
test_0006,1,0,mV_0,43.006,,False,0.17416617339742319,0.4692759820108148,False
test_0006,1,1,mV_1,41.012,,False,1.5287715812484126,1.1081251903318075,False
test_0006,1,2,mV_2,31.944,,False,1.2007914254329812,0.9892672995366134,False
test_0006,1,3,mV_3,37.386,,False,-0.02671476603207877,0.3435188091025657,False
test_0006,1,4,mV_4,45.819,,False,-0.11985427891312402,0.10292902282410551,False
test_0006,1,5,mV_5,53.838,,False,-0.14529276743809524,0.11720275717862928,False
test_0006,1,6,mV_6,60.29,,False,0.058371214925202655,0.17668372749957817,False
test_0006,1,7,mV_7,63.896,,False,0.4446997127098121,0.3996688584102447,False
test_0006,1,8,mV_8,65.874,,False,0.6509047932961518,0.6014944982165231,False
test_0006,1,9,mV_9,65.84,,False,0.6594686935639767,0.5551802186436842,False
test_0006,1,10,mV_10,63.054,,False,0.2508786941506313,0.4071326524010346,False
test_0006,1,11,mV_11,61.696,,False,0.467304527738899,0.49827050177371623,False
test_0006,1,12,mV_12,57.919,,False,0.8075942574664355,0.7195166511904696,False
test_0006,1,13,mV_13,52.94,,False,0.7955735620901084,0.9653242365024981,False
test_0006,1,14,mV_14,47.956,,False,1.46255556436334,1.2218424904096814,False
test_0006,1,15,mV_15,40.849,,False,1.1666852708219368,1.2670217388225191,False
test_0006,1,16,mV_16,32.59,,False,1.2721608492828624,1.1443278844598817,False
test_0006,1,17,mV_17,18.106,,False,0.8663045684518645,0.7910233046851745,False
test_0006,1,18,mV_18,17.312,,False,-0.15932323255410635,0.3551402048511603,False
test_0006,1,19,mV_19,23.683,,False,0.23560978584456396,0.20724862470556354,False
test_0006,1,20,mV_20,23.782,,False,0.19845169457901995,0.15812829375065096,False
test_0006,2,0,mV_0,44.147,,False,0.6341745156345985,0.3932663460681597,False
test_0006,2,1,mV_1,37.71,,False,0.3047163530034419,0.4505424704582594,False
test_0006,2,2,mV_2,30.451,,False,0.5585626601915552,0.5515399510820902,False
test_0006,2,3,mV_3,39.162,,False,0.7843181309418086,0.588148285613891,False
test_0006,2,4,mV_4,46.671,,False,0.22539422038039117,0.33022278280015394,False
test_0006,2,5,mV_5,53.992,,False,-0.08578455949802478,0.1727734042953371,False
test_0006,2,6,mV_6,59.36,,False,-0.29413027780490775,0.19225221961485484,False
test_0006,2,7,mV_7,62.373,,False,-0.09496376335157913,0.15325426101394785,False
test_0006,2,8,mV_8,64.336,,False,0.1289592395477254,0.13649981133648018,False
test_0006,2,9,mV_9,64.443,,False,0.19311700289889075,0.16371791336004607,False
test_0006,2,10,mV_10,61.902,,False,-0.13967840809467738,0.12121926051687078,False
test_0006,2,11,mV_11,60.394,,False,0.012403222979237618,0.1073925478354765,False
test_0006,2,12,mV_12,56.468,,False,0.2650853372887534,0.1577758227357547,False
test_0006,2,13,mV_13,51.159,,False,0.08852939338627439,0.2935293143853507,False
test_0006,2,14,mV_14,46.38,,False,0.7319731334801005,0.5380852934158284,False
test_0006,2,15,mV_15,39.704,,False,0.5998655133168384,0.9350724385777741,False
test_0006,2,16,mV_16,33.606,,False,1.8085855941973192,1.8896422517382412,False
test_0006,2,17,mV_17,23.029,,False,3.341532305241488,2.3466037141758918,True
test_0006,2,18,mV_18,15.671,,False,-0.8947646520232716,1.4717152109699034,False
test_0006,2,19,mV_19,24.809,,False,0.7557992345915822,0.8169476192336567,False
test_0006,2,20,mV_20,25.135,,False,0.8614273557281911,0.6196634865119911,False
test_0006,3,0,mV_0,41.753,,False,-0.330996361942789,0.1814383308243727,False
test_0006,3,1,mV_1,37.06,,False,0.06376059941191277,0.20469412409816617,False
test_0006,3,2,mV_2,29.99,,False,0.36025893562605016,0.4310796427815367,False
test_0006,3,3,mV_3,39.503,,False,0.9400401004621337,0.7741657081880782,False
test_0006,3,4,mV_4,48.228,,False,0.8563236962019951,0.8907714477405727,False
test_0006,3,5,mV_5,56.57,,False,0.9103982980961668,0.8219359614825096,False
test_0006,3,6,mV_6,61.747,,False,0.6106235535357096,0.6563110922888626,False
test_0006,3,7,mV_7,64.034,,False,0.49359896398786474,0.5127189130069477,False
test_0006,3,8,mV_8,65.291,,False,0.4530541705163516,0.4015443138493361,False
test_0006,3,9,mV_9,64.483,,False,0.2064699503767765,0.22141438412177872,False
test_0006,3,10,mV_10,62.372,,False,0.019663465217210248,0.12193676888675978,False
test_0006,3,11,mV_11,61.051,,False,0.24195019473584214,0.2417022235102923,False
test_0006,3,12,mV_12,56.998,,False,0.4632450393522746,0.39056428163272583,False
test_0006,3,13,mV_13,51.928,,False,0.39381685309051195,0.359076439611957,False
test_0006,3,14,mV_14,45.201,,False,0.1854270129145294,0.20994873933521416,False
test_0006,3,15,mV_15,38.644,,False,0.07512407842128588,0.1759848011936639,False
test_0006,3,16,mV_16,30.878,,False,0.36826403501755434,0.2162369321018957,False
test_0006,3,17,mV_17,16.277,,False,-0.053295579951188256,0.3469986695661225,False
test_0006,3,18,mV_18,19.705,,False,0.9131394833445592,0.5144747039816463,False
test_0006,3,19,mV_19,23.559,,False,0.17832426928627845,0.3410897073643104,False
test_0006,3,20,mV_20,23.57,,False,0.09457080754012552,0.09186647109163237,False
test_0006,4,0,mV_0,24.853,,False,-7.144441571240142,4.858553808639468,False
test_0006,4,1,mV_1,23.008,,False,-5.145332092077587,5.229904053188778,False
test_0006,4,2,mV_2,21.052,,False,-3.4845104573597974,4.530152184335709,False
test_0006,4,3,mV_3,24.292,,False,-6.006255730545652,5.715558006902113,True
test_0006,4,4,mV_4,27.939,,False,-7.365210109157352,7.410220343648653,True
test_0006,4,5,mV_5,31.171,,False,-8.90420542573426,8.57717902410496,True
test_0006,4,6,mV_6,36.035,,False,-9.13509513579397,6.824781055580321,True
test_0006,4,7,mV_7,62.289,,False,-0.12472852499908706,2.467376699943891,False
test_0006,4,8,mV_8,62.527,,False,-0.48495461398342155,0.3648350327389064,False
test_0006,4,9,mV_9,62.772,,False,-0.3647023779896955,0.31308254983694306,False
test_0006,4,10,mV_10,62.426,,False,0.03797082938495969,0.22497816838855492,False
test_0006,4,11,mV_11,61.673,,False,0.4592686367946048,2.1924021644329077,False
test_0006,4,12,mV_12,34.862,,False,-7.813100554757461,6.02082165088219,False
test_0006,4,13,mV_13,30.79,,False,-7.997816857219232,7.888157474009722,False
test_0006,4,14,mV_14,28.096,,False,-7.7438956268429635,7.08167930763694,False
test_0006,4,15,mV_15,28.713,,False,-4.841109119642603,4.885759523307268,False
test_0006,4,16,mV_16,26.171,,False,-2.116924227100903,3.0884103294556757,False
test_0006,4,17,mV_17,22.904,,False,3.2786837439782945,2.6951126836082704,False
test_0006,4,18,mV_18,22.367,,False,2.106159019375588,1.9716141597426358,False
test_0006,4,19,mV_19,22.317,,False,-0.39545485624107163,1.1050004340456638,False
test_0006,4,20,mV_20,20.269,,False,-1.522933004324924,0.86033021622273,False
test_0006,5,0,mV_0,43.421,,False,0.34147858534170694,0.3313455699685923,False
test_0006,5,1,mV_1,38.621,,False,0.6424251091909555,0.45879286160148597,False
test_0006,5,2,mV_2,29.638,,False,0.20884264268232597,0.3713729172666009,False
test_0006,5,3,mV_3,38.376,,False,0.42538127451079616,0.3451579063759098,False
test_0006,5,4,mV_4,46.907,,False,0.3210264337997212,0.2668585355275596,False
test_0006,5,5,mV_5,,55.06032813350308,True,,,False
test_0006,5,6,mV_6,60.399,,False,0.0996859060086249,0.10485461069211983,False
test_0006,5,7,mV_7,62.02,,False,-0.22004663075122954,0.2079934137531606,False
test_0006,5,8,mV_8,63.095,,False,-0.2921944875015584,0.2497219758502568,False
test_0006,5,9,mV_9,63.282,,False,-0.1944522976466808,0.23858836106542247,False
test_0006,5,10,mV_10,61.508,,False,-0.2732543614667699,0.22590011639037416,False
test_0006,5,11,mV_11,59.893,,False,-0.16263944498127608,0.16757985191214003,False
test_0006,5,12,mV_12,55.567,,False,-0.07178615621923815,0.08350031327538569,False
test_0006,5,13,mV_13,50.866,,False,-0.02778949568179038,0.07842982389048044,False
test_0006,5,14,mV_14,45.203,,False,0.18635414797910282,0.15566211991248582,False
test_0006,5,15,mV_15,38.941,,False,0.22215068800994722,0.3223267425353761,False
test_0006,5,16,mV_16,31.428,,False,0.6586514461425071,0.5199878017896067,False
test_0006,5,17,mV_17,17.458,,False,0.5404976268634654,0.7681795759745242,False
test_0006,5,18,mV_18,20.642,,False,1.3330716040286592,1.0443151891514846,False
test_0006,5,19,mV_19,25.274,,False,0.9706199216851549,1.1386730951429391,False
test_0006,5,20,mV_20,25.99,,False,1.2803809331727871,0.8828454470076823,False
test_0006,6,0,mV_0,36.971,,False,-2.2589191424670476,1.9344371388089185,False
test_0006,6,1,mV_1,28.202,,False,-3.219910270301579,2.3703539158038502,False
test_0006,6,2,mV_2,27.333,,False,-0.7826759801451962,1.3751560746960783,False
test_0006,6,3,mV_3,35.878,,False,-0.7153620681923415,0.798688689675897,False
test_0006,6,4,mV_4,43.693,,False,-0.9813546421737089,1.0349716541045693,False
test_0006,6,5,mV_5,50.431,,False,-1.461815263878518,1.5185489921854876,False
test_0006,6,6,mV_6,54.413,,False,-2.1692107988112057,2.033129635505907,True
test_0006,6,7,mV_7,56.059,,False,-2.3322816805226996,2.352561004863056,True
test_0006,6,8,mV_8,56.364,,False,-2.5764698595956195,2.5876492541560703,True
test_0006,6,9,mV_9,55.281,,False,-2.8653756169103435,2.0768052733540765,True
test_0006,6,10,mV_10,,56.117886845268416,True,,,False
test_0006,6,11,mV_11,52.663,,False,-2.688704293992299,1.9998681802845886,False
test_0006,6,12,mV_12,48.746,,False,-2.6220641331537564,2.54664016502325,False
test_0006,6,13,mV_13,45.259,,False,-2.2537280997931886,2.2807151803928267,False
test_0006,6,14,mV_14,40.501,,False,-1.9933403888311731,2.0606172046693483,False
test_0006,6,15,mV_15,34.448,,False,-2.002059941221859,1.916664977033058,False
test_0006,6,16,mV_16,27.019,,False,-1.66919963685734,1.582989529356171,False
test_0006,6,17,mV_17,14.411,,False,-0.9914989024881457,1.2928145480407867,False
test_0006,6,18,mV_18,14.278,,False,-1.5190607503295153,1.2802042743970194,False
test_0006,6,19,mV_19,20.811,,False,-1.0911966944409015,1.1417003821031684,False
test_0006,6,20,mV_20,21.611,,False,-0.8653473892013558,0.7054728682109033,False
test_0006,7,0,mV_0,43.774,,False,0.48379492610395414,0.30130232384127353,False
test_0006,7,1,mV_1,36.247,,False,-0.2376194431571858,0.28562425490891297,False
test_0006,7,2,mV_2,29.579,,False,0.18346320721732604,0.15113646439795947,False
test_0006,7,3,mV_3,,37.99633285306275,True,,,False
test_0006,7,4,mV_4,46.317,,False,0.08194590025139532,0.04609297451015126,False
test_0006,7,5,mV_5,54.161,,False,-0.02048009753781442,0.109376050435517,False
test_0006,7,6,mV_6,59.306,,False,-0.3145981064150438,0.2197339608834596,False
test_0006,7,7,mV_7,61.994,,False,-0.22925953316593622,0.20388449380742996,False
test_0006,7,8,mV_8,63.831,,False,-0.04242080248280357,0.08148796975454123,False
test_0006,7,9,mV_9,63.9,,False,0.01185074088662152,0.03271902734197529,False
test_0006,7,10,mV_10,62.123,,False,-0.06475382511185457,0.03948856321077839,False
test_0006,7,11,mV_11,60.311,,False,-0.016595861732782914,0.028599135677748536,False
test_0006,7,12,mV_12,55.715,,False,-0.016450994133573742,0.04056095097722691,False
test_0006,7,13,mV_13,50.652,,False,-0.11274595390897722,0.06558496834303175,False
test_0006,7,14,mV_14,44.845,,False,0.02039697142059881,0.03838497418754371,False
test_0006,7,15,mV_15,,38.38049233763133,True,,,False
test_0006,7,16,mV_16,29.787,,False,-0.20775899323212466,0.10576495345395805,False
test_0006,7,17,mV_17,16.398,,False,0.0075418273515828515,0.24892649499335573,False
test_0006,7,18,mV_18,15.943,,False,-0.7728633320381326,0.4730904477637805,False
test_0006,7,19,mV_19,22.439,,False,-0.3390932996272741,0.4850185267675292,False
test_0006,7,20,mV_20,22.379,,False,-0.4890241757774361,0.3292854127955366,False
test_0006,8,0,mV_0,40.204,,False,-0.9554949790553097,0.8349180565821763,False
test_0006,8,1,mV_1,33.034,,False,-1.4286822682180857,0.9532148788728703,False
test_0006,8,2,mV_2,,30.92297008341066,True,,,False
test_0006,8,3,mV_3,41.779,,False,1.9794043310435387,1.3710381577452713,False
test_0006,8,4,mV_4,49.879,,False,1.5253439688940078,1.5144903287672906,False
test_0006,8,5,mV_5,56.874,,False,1.0278690462376079,0.9958092475430184,False
test_0006,8,6,mV_6,61.197,,False,0.4021549288028496,0.536177225285539,False
test_0006,8,7,mV_7,63.523,,False,0.3125299972988487,0.3194168353147565,False
test_0006,8,8,mV_8,64.694,,False,0.2504524178584791,0.20335870825395175,False
test_0006,8,9,mV_9,,63.84845398702442,True,,,False
test_0006,8,10,mV_10,62.369,,False,0.018646389430113038,0.03364923414968901,False
test_0006,8,11,mV_11,60.637,,False,0.09730415773852996,0.07733586652411659,False
test_0006,8,12,mV_12,56.016,,False,0.09608876118929338,0.07683658897813848,False
test_0006,8,13,mV_13,50.891,,False,-0.017864675795437237,0.13656187166103445,False
test_0006,8,14,mV_14,43.907,,False,-0.41442937386397,0.39722722047659687,False
test_0006,8,15,mV_15,36.993,,False,-0.7421854583830102,0.5688779898564309,False
test_0006,8,16,mV_16,29.467,,False,-0.3767116687957335,0.4156336436723802,False
test_0006,8,17,mV_17,16.051,,False,-0.16692577871504347,0.2080601157255406,False
test_0006,8,18,mV_18,17.939,,False,0.12167723667634196,0.10984624757977877,False
test_0006,8,19,mV_19,23.236,,False,0.02910473825138772,0.05869179545085983,False
test_0006,8,20,mV_20,23.489,,False,0.05488046862432188,0.03471641887500787,False
test_0006,9,0,mV_0,47.318,,False,1.9126026078642975,1.401328045757735,False
test_0006,9,1,mV_1,41.69,,False,1.7801069673023455,1.5573131918257281,False
test_0006,9,2,mV_2,30.911,,False,0.7564362248339239,1.033024266994451,False
test_0006,9,3,mV_3,39.282,,False,0.8391176510076107,0.7757431415397242,False
test_0006,9,4,mV_4,47.764,,False,0.6683010393097516,0.7430312579984804,False
test_0006,9,5,mV_5,56.275,,False,0.7964053023668077,0.8383718094108903,False
test_0006,9,6,mV_6,63.018,,False,1.092375593600194,1.1219550941930185,False
test_0006,9,7,mV_7,66.893,,False,1.506663887204878,1.4578454032526096,False
test_0006,9,8,mV_8,69.041,,False,1.7256782450004886,1.6380488485554205,False
test_0006,9,9,mV_9,68.64,,False,1.5941750170158264,1.5101523064683562,False
test_0006,9,10,mV_10,65.637,,False,1.126580946841283,1.2209480373077657,False
test_0006,9,11,mV_11,63.325,,False,1.0364552385326704,1.0801005855929031,False
test_0006,9,12,mV_12,58.757,,False,1.1209109184649886,1.1299183867119411,False
test_0006,9,13,mV_13,54.063,,False,1.2413964713851164,1.3061998804101205,False
test_0006,9,14,mV_14,48.298,,False,1.6210956604052609,1.510090966390643,False
test_0006,9,15,mV_15,41.637,,False,1.556776073366934,1.5098858093281098,False
test_0006,9,16,mV_16,32.652,,False,1.3048954301733107,1.116808612699169,False
test_0006,9,17,mV_17,16.981,,False,0.3006675170831199,0.9190661301302055,False
test_0006,9,18,mV_18,21.617,,False,1.7700340561812717,1.2862262727727902,False
test_0006,9,19,mV_19,25.996,,False,1.3041694616454973,1.4827990597575198,False
test_0006,9,20,mV_20,26.546,,False,1.5528232595578126,1.1024539951902805,False
test_0006,10,0,mV_0,43.084,,False,0.2056128435941812,0.23653686504038973,False
test_0006,10,1,mV_1,38.331,,False,0.5349217729731965,0.32171390687591683,False
test_0006,10,2,mV_2,29.126,,False,-0.011399237963093129,0.152958693741091,False
test_0006,10,3,mV_3,37.326,,False,-0.05411452606498118,0.0808408415924364,False
test_0006,10,4,mV_4,45.612,,False,-0.2037350762766901,0.12012977710436835,False
test_0006,10,5,mV_5,54.165,,False,-0.018934429799112005,0.0775522662762962,False
test_0006,10,6,mV_6,60.317,,False,0.06860512923027069,0.11176494978100021,False
test_0006,10,7,mV_7,63.462,,False,0.29091511086434746,0.2784176285177977,False
test_0006,10,8,mV_8,65.321,,False,0.4632351631122251,0.4202249066037079,False
test_0006,10,9,mV_9,65.253,,False,0.46351418932603405,0.38926599271205614,False
test_0006,10,10,mV_10,62.806,,False,0.16680042908393136,0.30370167082896116,False
test_0006,10,11,mV_11,61.554,,False,0.4176916358219478,0.41449503717224945,False
test_0006,10,12,mV_12,57.513,,False,0.6557964479611709,0.5423873854757346,False
test_0006,10,13,mV_13,52.045,,False,0.44026501015864905,0.5890943582232424,False
test_0006,10,14,mV_14,46.57,,False,0.8200509646145004,0.6451823989275358,False
test_0006,10,15,mV_15,39.503,,False,0.500362656322493,0.7599028595793955,False
test_0006,10,16,mV_16,32.489,,False,1.2188351610580954,1.1613756727092832,False
test_0006,10,17,mV_17,19.779,,False,1.707469712398449,1.3592783119723528,False
test_0006,10,18,mV_18,15.875,,False,-0.8033386620344174,0.8458610080759801,False
test_0006,10,19,mV_19,23.323,,False,0.06929699583663684,0.25863586112780856,False
test_0006,10,20,mV_20,23.188,,False,-0.09261079080354306,0.06362964436093074,False
test_0006,11,0,mV_0,43.092,,False,0.20883814310153923,0.14751308132771632,False
test_0006,11,1,mV_1,37.353,,False,0.17237603910778684,0.1430755444933777,False
test_0006,11,2,mV_2,29.109,,False,-0.01871195665639786,0.14566625505041336,False
test_0006,11,3,mV_3,38.261,,False,0.3728650677810708,0.27845850326235455,False
test_0006,11,4,mV_4,46.977,,False,0.34939192083087867,0.3507020556149957,False
test_0006,11,5,mV_5,55.071,,False,0.3311593130171545,0.2859983412761914,False
test_0006,11,6,mV_6,59.787,,False,-0.13228281823957788,0.2583344535487031,False
test_0006,11,7,mV_7,61.406,,False,-0.437612864698502,0.3692979181815483,False
test_0006,11,8,mV_8,62.572,,False,-0.46968312508961124,0.42089904283465673,False
test_0006,11,9,mV_9,62.946,,False,-0.30661705646090237,0.3073440378383522,False
test_0006,11,10,mV_10,61.882,,False,-0.14645891334199262,0.1772668926453142,False
test_0006,11,11,mV_11,60.045,,False,-0.10953268743636914,0.15737199170313929,False
test_0006,11,12,mV_12,55.053,,False,-0.2639636785978262,0.22546431160112046,False
test_0006,11,13,mV_13,50.27,,False,-0.2643972017724603,0.24524162506274744,False
test_0006,11,14,mV_14,44.395,,False,-0.18820841810824296,0.2499598102700746,False
test_0006,11,15,mV_15,37.767,,False,-0.3590252030913522,0.2963236818816171,False
test_0006,11,16,mV_16,29.652,,False,-0.279035903235521,0.3053210115190631,False
test_0006,11,17,mV_17,15.778,,False,-0.30418703651385803,0.4463279486524136,False
test_0006,11,18,mV_18,19.671,,False,0.8979018183464174,0.5631110160118232,False
test_0006,11,19,mV_19,22.843,,False,-0.1524533908406001,0.30315217092763314,False
test_0006,11,20,mV_20,23.357,,False,-0.009800083682915003,0.04301338955160753,False
test_0006,12,0,mV_0,44.308,,False,0.6990836682202132,0.5048656198868002,False
test_0006,12,1,mV_1,38.564,,False,0.6212951431067745,0.5335426300092343,False
test_0006,12,2,mV_2,28.705,,False,-0.19249656560317518,0.27651726677490235,False
test_0006,12,3,mV_3,37.226,,False,-0.09978079278648463,0.11582147022324993,False
test_0006,12,4,mV_4,45.939,,False,-0.07122772971685527,0.08925052045472705,False
test_0006,12,5,mV_5,54.511,,False,0.11476582959871301,0.08675038005466605,False
test_0006,12,6,mV_6,60.258,,False,0.04624213130438292,0.06049391186572692,False
test_0006,12,7,mV_7,62.543,,False,-0.034725555255428794,0.1000205754149904,False
test_0006,12,8,mV_8,63.118,,False,-0.28438905984472107,0.27543388192835044,False
test_0006,12,9,mV_9,62.372,,False,-0.4982318527685309,0.4480257152573223,False
test_0006,12,10,mV_10,60.806,,False,-0.5112500956475066,0.4765700290270774,False
test_0006,12,11,mV_11,59.255,,False,-0.3855480720447655,0.40433707552337117,False
test_0006,12,12,mV_12,54.863,,False,-0.3350020623564471,0.3239332095018542,False
test_0006,12,13,mV_13,50.331,,False,-0.24018064124975746,0.24463477905518657,False
test_0006,12,14,mV_14,44.449,,False,-0.16317577136478426,0.15577212584286285,False
test_0006,12,15,mV_15,38.378,,False,-0.05655631939212531,0.09474498956626044,False
test_0006,12,16,mV_16,30.375,,False,0.1026915481160069,0.10847326981005932,False
test_0006,12,17,mV_17,16.041,,False,-0.17195366361609815,0.5277164024444158,False
test_0006,12,18,mV_18,21.381,,False,1.6642667344294597,1.0447839279254527,False
test_0006,12,19,mV_19,24.642,,False,0.6786485792267928,0.9422050684263203,False
test_0006,12,20,mV_20,24.902,,False,0.747256380822236,0.5432903352178162,False
test_0006,13,0,mV_0,,38.774756637216335,True,,,False
test_0006,13,1,mV_1,34.171,,False,-1.0071950500125946,0.9156369613797946,False
test_0006,13,2,mV_2,25.321,,False,-1.6481577454939893,1.5090792579369994,False
test_0006,13,3,mV_3,33.65,,False,-1.732806490747424,1.73601596847019,False
test_0006,13,4,mV_4,41.598,,False,-1.8302931468919217,1.3483481961328168,False
test_0006,13,5,mV_5,,49.85985010050487,True,,,False
test_0006,13,6,mV_6,53.63,,False,-2.4659943136581677,1.8631951162349814,False
test_0006,13,7,mV_7,55.527,,False,-2.5207918376235905,2.4763004363083656,True
test_0006,13,8,mV_8,56.891,,False,-2.397623756328115,2.4077349268536032,True
test_0006,13,9,mV_9,56.93,,False,-2.3149003571345927,2.373797338839343,True
test_0006,13,10,mV_10,55.035,,False,-2.467764884760071,2.4298425681621754,True
test_0006,13,11,mV_11,53.292,,False,-2.4689401459939666,2.445236099474532,True
test_0006,13,12,mV_12,49.406,,False,-2.3752992211501245,2.3301061154593894,True
test_0006,13,13,mV_13,45.644,,False,-2.100885873543343,2.1579005678324443,True
test_0006,13,14,mV_14,40.369,,False,-2.054531303092966,2.1150057512006777,True
test_0006,13,15,mV_15,33.947,,False,-2.250074525073435,2.1731809161965474,True
test_0006,13,16,mV_16,26.131,,False,-2.1380433115463537,2.128798103755925,True
test_0006,13,17,mV_17,12.427,,False,-1.9890312668575576,1.6949041306517625,False
test_0006,13,18,mV_18,16.187,,False,-0.6635106773455813,1.1687994249728204,False
test_0006,13,19,mV_19,20.231,,False,-1.3591450783425616,1.125855102885069,False
test_0006,13,20,mV_20,21.088,,False,-1.1216195775095714,0.9005960583404261,False
test_0006,14,0,mV_0,40.398,,False,-0.877281466001836,0.6553155606536092,False
test_0006,14,1,mV_1,34.55,,False,-0.866699310610765,0.7472514349052781,False
test_0006,14,2,mV_2,28.273,,False,-0.37832565239774674,0.40794971868743407,False
test_0006,14,3,mV_3,37.463,,False,0.008448259343477727,0.09880554277117555,False
test_0006,14,4,mV_4,,46.05254983058836,True,,,False
test_0006,14,5,mV_5,54.001,,False,-0.08230680708594258,0.18518627154022027,False
test_0006,14,6,mV_6,58.616,,False,-0.576131471988996,0.5382563133324847,False
test_0006,14,7,mV_7,60.049,,False,-0.9184555022660041,0.8310603284629117,False
test_0006,14,8,mV_8,61.271,,False,-0.9111988373306421,0.8659370927528028,False
test_0006,14,9,mV_9,61.699,,False,-0.7228951940839229,0.7883398916988904,False
test_0006,14,10,mV_10,59.965,,False,-0.7963703412970738,0.6801000524191463,False
test_0006,14,11,mV_11,59.2,,False,-0.40476433299851444,0.4289553897512029,False
test_0006,14,12,mV_12,56.053,,False,0.10992255171070894,0.18384260658791013,False
test_0006,14,13,mV_13,51.215,,False,0.11076098993170817,0.22529225718850338,False
test_0006,14,14,mV_14,46.03,,False,0.5697244971798882,0.34927868267344175,False
test_0006,14,15,mV_15,38.789,,False,0.14690474640228252,0.4250284306449714,False
test_0006,14,16,mV_16,31.765,,False,0.8365797325954325,0.9050117515427547,False
test_0006,14,17,mV_17,19.963,,False,1.7999827945778715,1.5427935537856616,False
test_0006,14,18,mV_18,13.797,,False,-1.7346288933914706,1.4207936591229133,False
test_0006,14,19,mV_19,22.277,,False,-0.41393405513084086,0.755162728957352,False
test_0006,14,20,mV_20,22.442,,False,-0.45815391217625573,0.3325604698708381,False
test_0006,15,0,mV_0,41.978,,False,-0.2402848132982972,0.14979849939887563,False
test_0006,15,1,mV_1,36.568,,False,-0.11862437099890816,0.3548421767503686,False
test_0006,15,2,mV_2,26.963,,False,-0.9418351517053609,0.6931140656669434,False
test_0006,15,3,mV_3,35.758,,False,-0.7701615882581436,0.7613311618268586,False
test_0006,15,4,mV_4,44.725,,False,-0.563166319085786,0.5180784829267997,False
test_0006,15,5,mV_5,53.759,,False,-0.17581970527748306,0.259971726120117,False
test_0006,15,6,mV_6,59.806,,False,-0.12508117483971593,0.11349377615039949,False
test_0006,15,7,mV_7,62.562,,False,-0.02799304964468307,0.05095120606496602,False
test_0006,15,8,mV_8,64.023,,False,0.022737550130781988,0.046199587375775404,False
test_0006,15,9,mV_9,63.531,,False,-0.11133019959685457,0.16543024287739896,False
test_0006,15,10,mV_10,61.086,,False,-0.41632302218510475,0.39160210139678464,False
test_0006,15,11,mV_11,58.577,,False,-0.6224321616200745,0.601772593722695,False
test_0006,15,12,mV_12,53.764,,False,-0.7459030294655263,0.718520607762591,False
test_0006,15,13,mV_13,49.022,,False,-0.7598442104992368,0.8399027066649278,False
test_0006,15,14,mV_14,42.441,,False,-1.0940193761957113,1.1103844397928155,False
test_0006,15,15,mV_15,35.475,,False,-1.4936547962806024,1.020332242189229,False
test_0006,15,16,mV_16,,28.490177022939022,True,,,False
test_0006,15,17,mV_17,14.003,,False,-1.19663660645121,0.8143906337323514,False
test_0006,15,18,mV_18,19.596,,False,0.8642893220269859,0.8116883277967936,False
test_0006,15,19,mV_19,22.477,,False,-0.3215380606819927,0.5891356736288798,False
test_0006,15,20,mV_20,21.644,,False,-0.8491772511245478,0.5049731407327721,False
test_0006,16,0,mV_0,39.519,,False,-1.2316612493729844,1.100059014115624,False
test_0006,16,1,mV_1,31.663,,False,-1.936913557716527,3.3860376642295886,False
test_0006,16,2,mV_2,9.535,,False,-8.438662292112316,7.7833496460168385,True
test_0006,16,3,mV_3,10.468,,False,-12.319160442126197,10.128884582639941,True
test_0006,16,4,mV_4,27.758,,False,-7.438555154195059,8.225429197751094,True
test_0006,16,5,mV_5,39.449,,False,-5.7054460404880585,6.165956673975561,True
test_0006,16,6,mV_6,44.796,,False,-5.814379460731068,5.968132734296605,True
test_0006,16,7,mV_7,44.189,,False,-6.538325975236225,6.539386298324502,True
test_0006,16,8,mV_8,42.544,,False,-7.266513782094493,7.199050141806085,True
test_0006,16,9,mV_9,40.724,,False,-7.724847027799127,7.635058210642202,True
test_0006,16,10,mV_10,39.236,,False,-7.824025004876064,7.953300732070516,True
test_0006,16,11,mV_11,36.201,,False,-8.440305890730809,8.41171843915673,True
test_0006,16,12,mV_12,31.842,,False,-8.942236970289237,8.894571225137495,True
test_0006,16,13,mV_13,27.627,,False,-9.253505069240697,8.868632056927847,True
test_0006,16,14,mV_14,27.489,,False,-8.02528111894076,7.903860630662853,True
test_0006,16,15,mV_15,25.743,,False,-6.311375215529197,6.4616895437006265,True
test_0006,16,16,mV_16,20.334,,False,-5.198726624803352,4.873066386590057,False
test_0006,16,17,mV_17,10.847,,False,-2.7834370812243265,3.099623964612499,False
test_0006,16,18,mV_18,14.024,,False,-1.6328950711979913,2.422984826191541,False
test_0006,16,19,mV_19,15.288,,False,-3.6427120811458553,4.110583370261841,False
test_0006,16,20,mV_20,8.022,,False,-7.524014247557659,4.6726851440652934,False
test_0007,1,0,mV_0,42.328,,False,0.8573249253000504,0.626014492370472,False
test_0007,1,1,mV_1,35.403,,False,0.7894081188817872,0.6608695615037442,False
test_0007,1,2,mV_2,31.774,,False,0.20733708295135195,0.3652958416066383,False
test_0007,1,3,mV_3,40.968,,False,0.2571010816420619,0.44798306456258075,False
test_0007,1,4,mV_4,52.254,,False,1.0703930120148473,0.8503046691393625,False
test_0007,1,5,mV_5,60.941,,False,1.0033315708856938,1.1614693283417008,False
test_0007,1,6,mV_6,67.521,,False,1.5688211595805683,1.432284132345448,False
test_0007,1,7,mV_7,72.234,,False,1.5881626393349613,1.546566485049082,False
test_0007,1,8,mV_8,73.692,,False,1.4411195019458363,1.4144531244243577,False
test_0007,1,9,mV_9,73.53,,False,1.187410854470797,1.0915220608257186,False
test_0007,1,10,mV_10,66.997,,False,0.5501470324154437,0.5999645014897554,False
test_0007,1,11,mV_11,57.508,,False,0.11215308665733767,0.226515289699681,False
test_0007,1,12,mV_12,48.866,,False,0.13160795306860498,0.1561701170849379,False
test_0007,1,13,mV_13,42.793,,False,0.24931147554520394,0.35005414382164723,False
test_0007,1,14,mV_14,38.931,,False,0.769985671127576,0.7526360629140809,False
test_0007,1,15,mV_15,36.889,,False,1.2212614338559675,1.1476981968651914,False
test_0007,1,16,mV_16,38.594,,False,1.378284248621255,1.3059978009562712,False
test_0007,1,17,mV_17,42.918,,False,1.246161272726607,1.3999084011865086,False
test_0007,1,18,mV_18,48.801,,False,1.7290268106715654,1.4900769558951283,False
test_0007,1,19,mV_19,48.891,,False,1.2560929295107757,1.3187191240371328,False
test_0007,1,20,mV_20,48.249,,False,1.033663826455414,0.830855145605401,False
test_0007,2,0,mV_0,40.184,,False,-0.007055342672349887,0.11626716143005797,False
test_0007,2,1,mV_1,34.49,,False,0.4509579603755321,0.6043855284649765,False
test_0007,2,2,mV_2,27.785,,False,-1.5085708504364919,1.580902829836021,False
test_0007,2,3,mV_3,34.152,,False,-2.855511658095568,2.17572635747589,True
test_0007,2,4,mV_4,45.952,,False,-1.4833112632759304,1.7179589469235539,False
test_0007,2,5,mV_5,55.628,,False,-1.0497016030467865,1.0057879545876414,False
test_0007,2,6,mV_6,62.22,,False,-0.44043734898106224,0.5605994033766573,False
test_0007,2,7,mV_7,66.872,,False,-0.311821312497718,0.3341902230839915,False
test_0007,2,8,mV_8,68.642,,False,-0.27268091835946795,0.27538552201548105,False
test_0007,2,9,mV_9,69.241,,False,-0.24435893884527032,0.19034969901250215,False
test_0007,2,10,mV_10,,65.5385366467589,True,,,False
test_0007,2,11,mV_11,58.27,,False,0.3783856475074621,0.25621193053653635,False
test_0007,2,12,mV_12,49.231,,False,0.2680764271312211,0.24074290570382756,False
test_0007,2,13,mV_13,42.043,,False,-0.04843312104540585,0.1352745828727083,False
test_0007,2,14,mV_14,36.89,,False,-0.17615566226880044,0.2260497999072557,False
test_0007,2,15,mV_15,33.405,,False,-0.5034547540460161,0.6309657610228512,False
test_0007,2,16,mV_16,33.444,,False,-1.340797873730572,1.2396592250886225,False
test_0007,2,17,mV_17,36.912,,False,-1.7735863988473297,1.5321239672302642,False
test_0007,2,18,mV_18,42.175,,False,-1.240525197495826,1.3520578498885447,False
test_0007,2,19,mV_19,43.675,,False,-1.1535946057151967,1.2924683151351632,False
test_0007,2,20,mV_20,42.829,,False,-1.6221588516144334,1.0994780772360158,False
test_0007,3,0,mV_0,42.473,,False,0.9157834788709432,0.6210465872038898,False
test_0007,3,1,mV_1,35.034,,False,0.6526193910736727,0.6574185469992732,False
test_0007,3,2,mV_2,32.242,,False,0.40865192697880365,0.43563771433966303,False
test_0007,3,3,mV_3,41.002,,False,0.2726276123273721,0.40669453099222264,False
test_0007,3,4,mV_4,51.273,,False,0.6728709723353429,0.4833731418065414,False
test_0007,3,5,mV_5,59.16,,False,0.3151230102281078,0.4945440757657193,False
test_0007,3,6,mV_6,65.163,,False,0.6750593102713187,0.5524664751100133,False
test_0007,3,7,mV_7,69.289,,False,0.5446242696693081,0.5363965055813461,False
test_0007,3,8,mV_8,70.569,,False,0.38127817271544967,0.393226067477523,False
test_0007,3,9,mV_9,70.769,,False,0.26572365480988447,0.26197639840375525,False
test_0007,3,10,mV_10,65.773,,False,0.13518011127980234,0.15131560420074658,False
test_0007,3,11,mV_11,57.385,,False,0.06917853943349717,0.08651777970666315,False
test_0007,3,12,mV_12,48.708,,False,0.07253392867985592,0.07172401959032945,False
test_0007,3,13,mV_13,41.982,,False,-0.07264968156810878,0.06280253853517213,False
test_0007,3,14,mV_14,37.342,,False,0.033376862324615064,0.09178034684960618,False
test_0007,3,15,mV_15,34.882,,False,0.22771798118108583,0.24053607620511586,False
test_0007,3,16,mV_16,36.88,,False,0.47333148013367665,0.46008107414831056,False
test_0007,3,17,mV_17,41.764,,False,0.6659433551448032,0.7131458939341934,False
test_0007,3,18,mV_18,47.28,,False,1.0473653853134905,0.8688316319530772,False
test_0007,3,19,mV_19,47.719,,False,0.7146524020405246,0.6897894003886382,False
test_0007,3,20,mV_20,46.716,,False,0.2824874121600134,0.3199068065901378,False
test_0007,4,0,mV_0,38.349,,False,-0.7468584171729801,0.6195284407643007,False
test_0007,4,1,mV_1,30.618,,False,-0.9843969287112426,0.7695692724496904,False
test_0007,4,2,mV_2,30.449,,False,-0.36262481520329637,0.5456872705881513,False
test_0007,4,3,mV_3,39.369,,False,-0.47310252323476953,0.3528880872544998,False
test_0007,4,4,mV_4,49.359,,False,-0.10272248734516372,0.26628941026705616,False
test_0007,4,5,mV_5,57.344,,False,-0.3866101431431277,0.2283667815208339,False
test_0007,4,6,mV_6,63.481,,False,0.03752435245191648,0.16307376488781203,False
test_0007,4,7,mV_7,67.214,,False,-0.19063621150428744,0.2165628500122786,False
test_0007,4,8,mV_8,68.127,,False,-0.44745462458862295,0.4338750447918797,False
test_0007,4,9,mV_9,68.026,,False,-0.6499547184859855,0.6741814411471815,False
test_0007,4,10,mV_10,62.574,,False,-0.9493617030281318,0.8613010111688357,False
test_0007,4,11,mV_11,54.621,,False,-0.896525920133094,0.8565628646321574,False
test_0007,4,12,mV_12,46.685,,False,-0.6838379152343096,0.7408265158491157,False
test_0007,4,13,mV_13,40.404,,False,-0.6991043127947499,0.6992169189023281,False
test_0007,4,14,mV_14,35.728,,False,-0.714821134785503,0.715103589170596,False
test_0007,4,15,mV_15,32.944,,False,-0.7316677743166279,0.7762551255046225,False
test_0007,4,16,mV_16,34.228,,False,-0.9268638185997312,0.9042164997419069,False
test_0007,4,17,mV_17,38.388,,False,-1.0314705874515373,0.9091273556721677,False
test_0007,4,18,mV_18,43.5,,False,-0.6467044291858653,0.7907354326239117,False
test_0007,4,19,mV_19,44.358,,False,-0.8380622846723785,1.0184647376438454,False
test_0007,4,20,mV_20,42.566,,False,-1.7510299520447592,1.0850305471904742,False
test_0007,5,0,mV_0,36.747,,False,-1.3927246435217575,0.9597918331393107,False
test_0007,5,1,mV_1,30.431,,False,-1.053718045513728,1.3018663673685862,False
test_0007,5,2,mV_2,27.323,,False,-1.7073047349251316,1.7033225778782892,False
test_0007,5,3,mV_3,35.27,,False,-2.3449627961491664,1.9852298889378577,False
test_0007,5,4,mV_4,45.803,,False,-1.5436892285279658,1.737884857970743,False
test_0007,5,5,mV_5,54.413,,False,-1.519198178677874,1.4116979268684766,False
test_0007,5,6,mV_6,60.573,,False,-1.0647061215901925,1.1801240458922904,False
test_0007,5,7,mV_7,64.727,,False,-1.071885761710902,1.0617771432502452,False
test_0007,5,8,mV_8,66.385,,False,-1.038630927988984,1.0520090881712596,False
test_0007,5,9,mV_9,66.801,,False,-1.058888734996168,1.023984592100211,False
test_0007,5,10,mV_10,62.603,,False,-0.9395299704195249,0.9702357522050264,False
test_0007,5,11,mV_11,54.488,,False,-0.9429943329848884,0.9487514078948334,False
test_0007,5,12,mV_12,45.921,,False,-0.9694869951900316,1.040865266772734,False
test_0007,5,13,mV_13,38.937,,False,-1.281492743725985,1.2380949585087493,False
test_0007,5,14,mV_14,34.207,,False,-1.4199073513929952,1.3702949563586735,False
test_0007,5,15,mV_15,31.675,,False,-1.3598723789227185,1.034913027309608,False
test_0007,5,16,mV_16,,32.36877180087831,True,,,False
test_0007,5,17,mV_17,35.266,,False,-2.601176253561066,1.9016916026263693,False
test_0007,5,18,mV_18,39.578,,False,-2.4044139033833445,2.4162397299683063,True
test_0007,5,19,mV_19,41.291,,False,-2.254954859545471,2.497336220020202,True
test_0007,5,20,mV_20,39.864,,False,-3.0750212576065197,2.1012493436896276,True
test_0007,6,0,mV_0,40.206,,False,0.0018142309728915286,0.132923065867651,False
test_0007,6,1,mV_1,34.698,,False,0.528063801524821,0.40826641281370246,False
test_0007,6,2,mV_2,29.955,,False,-0.5751238172322762,0.7347892650425165,False
test_0007,6,3,mV_3,37.644,,False,-1.260845624180693,0.8833599643549704,False
test_0007,6,4,mV_4,48.535,,False,-0.43662479182622,0.576077966889454,False
test_0007,6,5,mV_5,57.904,,False,-0.17021665972468344,0.4098400374858325,False
test_0007,6,6,mV_6,65.657,,False,0.862302038667743,0.7819830727571034,False
test_0007,6,7,mV_7,71.232,,False,1.2331115539682442,1.1278467007586888,False
test_0007,6,8,mV_8,72.931,,False,1.1828616564305232,1.1708570064300956,False
test_0007,6,9,mV_9,73.222,,False,1.0845931588910915,1.255414105739939,False
test_0007,6,10,mV_10,70.299,,False,1.6696084487470495,1.5628627915920326,False
test_0007,6,11,mV_11,62.418,,False,1.8276411099829402,1.7348328527962966,False
test_0007,6,12,mV_12,52.832,,False,1.6144407424722562,1.5025248224020782,False
test_0007,6,13,mV_13,44.567,,False,0.9535766946808599,0.880398532958494,False
test_0007,6,14,mV_14,,40.52723566929402,True,,,False
test_0007,6,15,mV_15,,35.76755985133597,True,,,False
test_0007,6,16,mV_16,35.907,,False,-0.04039024900192446,0.09291090988247777,False
test_0007,6,17,mV_17,39.861,,False,-0.2908631415260622,0.16471654867415655,False
test_0007,6,18,mV_18,45.025,,False,0.036749662642577424,0.09109061670280426,False
test_0007,6,19,mV_19,,46.19613253830538,True,,,False
test_0007,6,20,mV_20,46.005,,False,-0.06590556276760005,0.03295278138380003,False
test_0007,7,0,mV_0,38.348,,False,-0.7472615796113992,0.6176911656069664,False
test_0007,7,1,mV_1,30.64,,False,-0.9762415032050671,1.1565001804556694,False
test_0007,7,2,mV_2,26.814,,False,-1.926256135801144,1.765686885705818,False
test_0007,7,3,mV_3,35.513,,False,-2.233993768015917,1.9151903924855507,False
test_0007,7,4,mV_4,46.487,,False,-1.266517898109225,1.4775610163681734,False
test_0007,7,5,mV_5,55.386,,False,-1.143214501238327,0.9619588115292723,False
test_0007,7,6,mV_6,62.604,,False,-0.2948883455312103,0.4405118172867815,False
test_0007,7,7,mV_7,67.67,,False,-0.02905607684637847,0.10178236079800598,False
test_0007,7,8,mV_8,69.286,,False,-0.054128943968056675,0.049684380795189206,False
test_0007,7,9,mV_9,69.789,,False,-0.06142355839826501,0.12101049501595249,False
test_0007,7,10,mV_10,66.28,,False,0.3070659192992233,0.22968211117558462,False
test_0007,7,11,mV_11,57.883,,False,0.24317304770562698,0.2079805741080638,False
test_0007,7,12,mV_12,48.411,,False,-0.03851028172177791,0.181083069230376,False
test_0007,7,13,mV_13,41.147,,False,-0.40413866577232127,0.2879537623777043,False
test_0007,7,14,mV_14,36.612,,False,-0.30502743624439665,0.29525542785768477,False
test_0007,7,15,mV_15,34.085,,False,-0.16682817316962467,0.41593783596368117,False
test_0007,7,16,mV_16,34.042,,False,-1.0250675612710787,0.9569115559412285,False
test_0007,7,17,mV_17,37.236,,False,-1.6106829280531318,1.349555406147467,False
test_0007,7,18,mV_18,42.373,,False,-1.151788207212526,1.1004197070542954,False
test_0007,7,19,mV_19,45.117,,False,-0.48741948573899774,0.8474032408315344,False
test_0007,7,20,mV_20,43.562,,False,-1.2629857846356158,0.7533477637525574,False
test_0007,8,0,mV_0,40.055,,False,-0.059063297228524145,0.0697063867611574,False
test_0007,8,1,mV_1,33.707,,False,0.16069895258758132,0.18534134447861045,False
test_0007,8,2,mV_2,32.131,,False,0.36090417551075504,0.2906103796529757,False
test_0007,8,3,mV_3,41.018,,False,0.27993421500281146,0.2301931513790945,False
test_0007,8,4,mV_4,,49.627994581567606,True,,,False
test_0007,8,5,mV_5,58.757,,False,0.1593969855537645,0.29489496858066816,False
test_0007,8,6,mV_6,65.653,,False,0.8607859032151437,0.6839992511372041,False
test_0007,8,7,mV_7,70.165,,False,0.8550282125647645,0.8262653944292635,False
test_0007,8,8,mV_8,71.609,,False,0.7342192493723811,0.7256627020406815,False
test_0007,8,9,mV_9,71.708,,False,0.5791840968531994,0.4872784233724339,False
test_0007,8,10,mV_10,65.541,,False,0.05652625041095557,0.22188592156943993,False
test_0007,8,11,mV_11,56.628,,False,-0.19530708860264923,0.1242168240618221,False
test_0007,8,12,mV_12,48.381,,False,-0.049726868631034406,0.11805415135818062,False
test_0007,8,13,mV_13,42.612,,False,0.17745577956800446,0.2024491127463216,False
test_0007,8,14,mV_14,38.144,,False,0.405158023218243,0.2606802912354163,False
test_0007,8,15,mV_15,34.533,,False,0.0549493389371747,0.145593445690616,False
test_0007,8,16,mV_16,35.856,,False,-0.06731708166987166,0.14210865739286238,False
test_0007,8,17,mV_17,41.193,,False,0.3788511272945316,0.5028290932565194,False
test_0007,8,18,mV_18,47.59,,False,1.1862970367671426,0.8623665809671368,False
test_0007,8,19,mV_19,47.683,,False,0.6980211230397307,0.7236792375598765,False
test_0007,8,20,mV_20,46.777,,False,0.31237766739290207,0.33069411445638375,False
test_0007,9,0,mV_0,39.371,,False,-0.3348264051077769,0.2861765864875598,False
test_0007,9,1,mV_1,31.992,,False,-0.4750535357346853,0.5652415855429468,False
test_0007,9,2,mV_2,29.023,,False,-0.9760328655946398,0.7578209939123618,False
test_0007,9,3,mV_3,41.728,,False,0.6041647087254821,0.8320245361085621,False
test_0007,9,4,mV_4,46.79,,False,-1.1437358613886444,1.2434610210008177,False
test_0007,9,5,mV_5,52.956,,False,-2.0822076525004998,2.6709023533980627,False
test_0007,9,6,mV_6,49.2,,False,-5.375458247202607,4.942609916294697,True
test_0007,9,7,mV_7,48.174,,False,-6.937315518273075,6.767315320147306,True
test_0007,9,8,mV_8,46.405,,False,-7.819171996840467,7.988275175496176,True
test_0007,9,9,mV_9,41.882,,False,-9.377441190030694,8.784141842903644,True
test_0007,9,10,mV_10,40.118,,False,-8.562512994712716,8.65170947251478,True
test_0007,9,11,mV_11,33.991,,False,-8.104370710602995,8.099352963880474,True
test_0007,9,12,mV_12,28.117,,False,-7.626157439603193,8.055482926273982,True
test_0007,9,13,mV_13,19.834,,False,-8.865246115286542,6.3391624175440695,True
test_0007,9,14,mV_14,,17.739565429113814,True,,,False
test_0007,9,15,mV_15,21.096,,False,-6.596890906998229,4.441581896248046,False
test_0007,9,16,mV_16,27.323,,False,-4.572545770995726,5.487917924009571,False
test_0007,9,17,mV_17,28.089,,False,-6.209689247048601,5.367837401982297,False
test_0007,9,18,mV_18,34.948,,False,-4.479425342836261,5.496617744530745,False
test_0007,9,19,mV_19,31.414,,False,-6.817931045401856,6.867918081952645,False
test_0007,9,20,mV_20,27.045,,False,-9.356384894170608,6.382675208435768,False
test_0007,10,0,mV_0,50.772,,False,4.261628555318206,3.726080379369794,False
test_0007,10,1,mV_1,50.487,,False,6.381064406842763,6.412223496948831,False
test_0007,10,2,mV_2,51.343,,False,8.625136618791592,7.485946423334819,False
test_0007,10,3,mV_3,54.228,,False,6.312448048913328,6.0749828755411475,False
test_0007,10,4,mV_4,57.139,,False,3.04989878554634,3.131607956050676,False
test_0007,10,5,mV_5,58.64,,False,0.1141862041966975,0.8195677984849338,False
test_0007,10,6,mV_6,,52.38318675656993,True,,,False
test_0007,10,7,mV_7,41.098,,False,-9.444642344675174,7.384862840170815,True
test_0007,10,8,mV_8,38.063,,False,-10.650166671332913,10.489444877051698,True
test_0007,10,9,mV_9,36.384,,False,-11.212803820865792,10.829369858068656,True
test_0007,10,10,mV_10,35.165,,False,-10.24170511921012,9.989976260630938,True
test_0007,10,11,mV_11,33.535,,False,-8.263690983237716,6.692271771421388,True
test_0007,10,12,mV_12,,32.00829416763359,True,,,False
test_0007,10,13,mV_13,43.881,,False,0.6812396369993156,2.234177296006201,False
test_0007,10,14,mV_14,53.609,,False,7.574229910026174,6.426679842809154,False
test_0007,10,15,mV_15,54.374,,False,9.87701991418495,9.475714827197251,False
test_0007,10,16,mV_16,56.012,,False,10.57458957039293,10.079369739469081,False
test_0007,10,17,mV_17,58.919,,False,9.291279902905517,8.980556117190394,False
test_0007,10,18,mV_18,60.038,,False,6.765075092557612,7.260027969844794,False
test_0007,10,19,mV_19,59.633,,False,6.218681791358433,6.231238134955092,False
test_0007,10,20,mV_20,57.818,,False,5.722513864545887,4.415927380112551,False
test_0007,11,0,mV_0,40.814,,False,0.24693699353222703,0.1300947799898803,False
test_0007,11,1,mV_1,33.345,,False,0.02650513289506721,0.13434888422330102,False
test_0007,11,2,mV_2,30.74,,False,-0.23744827757084266,0.1941923190918538,False
test_0007,11,3,mV_3,39.802,,False,-0.2753675883306626,0.2966799112129712,False
test_0007,11,4,mV_4,50.596,,False,0.3985361906197169,0.2849674311677556,False
test_0007,11,5,mV_5,58.519,,False,0.06742975510092591,0.19873226659888088,False
test_0007,11,6,mV_6,64.072,,False,0.2615333655739548,0.1733139456032139,False
test_0007,11,7,mV_7,68.042,,False,0.10275929616401998,0.1263925116390954,False
test_0007,11,8,mV_8,69.559,,False,0.038518088654386884,0.04761945786377511,False
test_0007,11,9,mV_9,69.941,,False,-0.010682357982306722,0.10042780937194092,False
test_0007,11,10,mV_10,64.366,,False,-0.34182843286876335,0.34032954302408136,False
test_0007,11,11,mV_11,55.278,,False,-0.666978948376492,0.6158911542204579,False
test_0007,11,12,mV_12,46.407,,False,-0.7877782872600845,0.6817166833376798,False
test_0007,11,13,mV_13,40.945,,False,-0.4843312104540581,0.48361266014153736,False
test_0007,11,14,mV_14,37.654,,False,0.17800993239794893,0.2978334474306363,False
test_0007,11,15,mV_15,35.131,,False,0.35098271447258916,0.23616313936433,False
test_0007,11,16,mV_16,35.861,,False,-0.06467719611419277,0.2624362679363773,False
test_0007,11,17,mV_17,39.307,,False,-0.5694079650445344,0.31947219618090084,False
test_0007,11,18,mV_18,44.777,,False,-0.07439565852034181,0.2131665172574031,False
test_0007,11,19,mV_19,45.881,,False,-0.13446678694439437,0.13587398540816525,False
test_0007,11,20,mV_20,46.548,,False,0.20016670922353047,0.13370005134786384,False
test_0007,12,0,mV_0,36.046,,False,-1.675341512854151,1.2166663542395988,False
test_0007,12,1,mV_1,29.184,,False,-1.5159823912500934,1.4430955662595109,False
test_0007,12,2,mV_2,28.816,,False,-1.0650759696837058,1.2171550726880336,False
test_0007,12,3,mV_3,37.728,,False,-1.2224859601346292,1.079565140471836,False
test_0007,12,4,mV_4,47.618,,False,-0.8082126719343806,0.9953382428430919,False
test_0007,12,5,mV_5,55.388,,False,-1.142441667368977,0.9772889785089243,False
test_0007,12,6,mV_6,61.229,,False,-0.8160599073633623,0.9501842685334114,False
test_0007,12,7,mV_7,64.856,,False,-1.0261755920379445,1.0425975903103724,False
test_0007,12,8,mV_8,65.609,,False,-1.3019792698022383,0.9075335329106053,False
test_0007,12,9,mV_9,,66.07488601008,True,,,False
test_0007,12,10,mV_10,,61.05076009856962,True,,,False
test_0007,12,11,mV_11,52.015,,False,-1.8070273027780077,0.9035136513890039,False
test_0007,12,12,mV_12,,44.80689328697672,True,,,False
test_0007,12,13,mV_13,38.442,,False,-1.4780041774757866,1.1340775181289091,False
test_0007,12,14,mV_14,33.861,,False,-1.5803017175640632,1.618305619595062,False
test_0007,12,15,mV_15,30.716,,False,-1.8346148657763353,1.9379697418367794,False
test_0007,12,16,mV_16,31.244,,False,-2.502347518230383,2.4271181052561066,True
test_0007,12,17,mV_17,34.733,,False,-2.869162518787325,2.603346079473274,True
test_0007,12,18,mV_18,40.095,,False,-2.172711762088064,2.347982066792972,True
test_0007,12,19,mV_19,41.459,,False,-2.1773422242084357,2.3398438481937935,True
test_0007,12,20,mV_20,40.36,,False,-2.8319791822702376,1.9603251471872278,False
test_0007,13,0,mV_0,39.362,,False,-0.33845486705355665,0.2253423215266521,False
test_0007,13,1,mV_1,32.668,,False,-0.22445955199949508,0.3968678570211833,False
test_0007,13,2,mV_2,33.152,,False,0.8000974570321865,0.7228546141695431,False
test_0007,13,3,mV_3,42.741,,False,1.066763990614304,1.0341314492088698,False
test_0007,13,4,mV_4,52.581,,False,1.202900358574685,1.0888335487576297,False
test_0007,13,5,mV_5,60.629,,False,0.8827694872668457,1.1270187213065863,False
test_0007,13,6,mV_6,67.444,,False,1.5396355521179688,1.3434351788390213,False
test_0007,13,7,mV_7,71.736,,False,1.4117001238533016,1.3796021940615593,False
test_0007,13,8,mV_8,72.85,,False,1.155372976421665,1.1747200902542165,False
test_0007,13,9,mV_9,72.898,,False,0.9764342843202346,0.9158684891032659,False
test_0007,13,10,mV_10,67.012,,False,0.5552324113509294,0.6230468799662008,False
test_0007,13,11,mV_11,58.347,,False,0.40528841284271006,0.453992064581957,False
test_0007,13,12,mV_12,49.718,,False,0.4501590212914785,0.41860319060064244,False
test_0007,13,13,mV_13,43.094,,False,0.3688063069769027,0.46950592270490354,False
test_0007,13,14,mV_14,38.759,,False,0.6902520555743304,0.654773524604854,False
test_0007,13,15,mV_15,36.179,,False,0.8697836802938524,0.7541664937975023,False
test_0007,13,16,mV_16,37.095,,False,0.5868465590279742,0.5721465468190643,False
test_0007,13,17,mV_17,40.927,,False,0.24510938892645598,0.4695968122840345,False
test_0007,13,18,mV_18,46.731,,False,0.8013219122552517,0.7484737273884012,False
test_0007,13,19,mV_19,48.653,,False,1.1461416961166455,1.0389223434061023,False
test_0007,13,20,mV_20,48.307,,False,1.0620840691358662,0.8175774585970945,False
test_0007,14,0,mV_0,52.189,,False,4.832909730559291,4.07168187951869,True
test_0007,14,1,mV_1,51.134,,False,6.620908056956177,6.623453965020322,True
test_0007,14,2,mV_2,50.864,,False,8.419090015609644,7.401556062889238,True
test_0007,14,3,mV_3,53.866,,False,6.147136163381488,5.884388223849902,True
test_0007,14,4,mV_4,56.582,,False,2.8241905530269857,2.9862168536719134,False
test_0007,14,5,mV_5,58.731,,False,0.14935014525219525,0.9840743784631713,False
test_0007,14,6,mV_6,61.236,,False,-0.8134066703213086,0.9043316498084019,False
test_0007,14,7,mV_7,62.556,,False,-1.841163113338795,1.6051972284171419,False
test_0007,14,8,mV_8,63.773,,False,-1.9250560166696689,1.9904025104013225,False
test_0007,14,9,mV_9,63.172,,False,-2.270334894927158,1.919288509340204,False
test_0007,14,10,mV_10,61.801,,False,-1.2114282308368312,1.2533947086710595,False
test_0007,14,11,mV_11,58.104,,False,0.3203874780834177,1.0056531884861788,False
test_0007,14,12,mV_12,54.319,,False,2.1704095669410486,1.1822730949970435,False
test_0007,14,13,mV_13,41.994,,False,-0.06788576802265882,2.209577800108223,False
test_0007,14,14,mV_14,23.179,,False,-6.532130097446527,3.6248609820453233,False
test_0007,14,15,mV_15,31.66,,False,-1.3672979652655803,3.7417577270901266,False
test_0007,14,16,mV_16,46.78,,False,5.700304880382819,4.324445156909293,False
test_0007,14,17,mV_17,49.449,,False,4.529872901605955,4.3483694321419515,False
test_0007,14,18,mV_18,50.819,,False,2.633427044973074,3.0370436088134944,False
test_0007,14,19,mV_19,51.262,,False,2.351447443701876,2.5436677922602398,False
test_0007,14,20,mV_20,51.932,,False,2.838349236664132,2.007036479257535,False
test_0007,15,0,mV_0,40.226,,False,0.009877479741289098,0.02528096599116019,False
test_0007,15,1,mV_1,33.054,,False,-0.08136890448206258,0.305228755346708,False
test_0007,15,2,mV_2,33.729,,False,1.0482997326814179,0.9106213859008729,False
test_0007,15,3,mV_3,43.612,,False,1.4645171737585938,1.426958124388205,False
test_0007,15,4,mV_4,53.883,,False,1.7304984173542148,1.6069274605047907,False
test_0007,15,5,mV_5,62.232,,False,1.50219583355214,1.7340796904093767,False
test_0007,15,6,mV_6,69.19,,False,2.201428677179012,1.949664744133166,False
test_0007,15,7,mV_7,73.096,,False,1.8936057886225008,1.855064374153426,False
test_0007,15,8,mV_8,73.664,,False,1.4316172421896904,1.5428128086491744,False
test_0007,15,9,mV_9,74.21,,False,1.4144109615948157,1.4016543784573683,False
test_0007,15,10,mV_10,69.345,,False,1.346178348450151,1.3448957266897252,False
test_0007,15,11,mV_11,60.83,,False,1.2728152482637836,1.2552363151273738,False
test_0007,15,12,mV_12,51.534,,False,1.129136415531777,1.0994308379509345,False
test_0007,15,13,mV_13,44.348,,False,0.8666352724764013,0.95144172217181,False
test_0007,15,14,mV_14,39.305,,False,0.9433599282026605,0.8862306582576913,False
test_0007,15,15,mV_15,36.021,,False,0.7915675041490432,0.7912708131050189,False
test_0007,15,16,mV_16,37.193,,False,0.638588315919329,0.672610526000804,False
test_0007,15,17,mV_17,41.676,,False,0.6216979680155144,0.746566699424521,False
test_0007,15,18,mV_18,47.407,,False,1.1042825457477266,0.9136011787433445,False
test_0007,15,19,mV_19,47.956,,False,0.8241416554624107,0.6972677920978515,False
test_0007,15,20,mV_20,46.065,,False,-0.03650531171885827,0.22428806972503182,False
test_0007,16,0,mV_0,30.076,,False,-4.082221270221321,2.1112194918768115,False
test_0007,16,1,mV_1,32.517,,False,-0.2804354270646029,1.430590842874427,False
test_0007,16,2,mV_2,33.801,,False,1.0792712471471806,1.565311111487187,False
test_0007,16,3,mV_3,32.035,,False,-3.8222665245897836,4.310540391143259,False
test_0007,16,4,mV_4,28.591,,False,-8.518357268246287,8.229232074793273,False
test_0007,16,5,mV_5,27.14,,False,-12.057947238090733,11.702529556565576,True
test_0007,16,6,mV_6,25.982,,False,-14.17586648183455,13.905665621310552,True
test_0007,16,7,mV_7,24.819,,False,-15.212982283482376,15.036245690427204,True
test_0007,16,8,mV_8,23.645,,False,-15.543151712909523,15.541564843395884,True
test_0007,16,9,mV_9,22.442,,False,-15.866973664282115,15.623160946212835,True
test_0007,16,10,mV_10,20.494,,False,-15.215544743377583,14.951074877255138,True
test_0007,16,11,mV_11,18.53,,False,-13.506236357983273,13.560993282249958,True
test_0007,16,12,mV_12,16.376,,False,-12.015955669655705,12.007170579292625,True
test_0007,16,13,mV_13,15.74,,False,-10.490534619875817,8.249256227351834,False
test_0007,16,14,mV_14,,18.09207585237615,True,,,False
test_0007,16,15,mV_15,33.768,,False,-0.32375556454876614,2.3853873886859236,False
test_0007,16,16,mV_16,52.829,,False,8.894038425646162,5.739866910798439,False
test_0007,16,17,mV_17,50.081,,False,4.847635227352667,6.192045509274555,False
test_0007,16,18,mV_18,31.156,,False,-6.178873156746726,7.390728608357174,False
test_0007,16,19,mV_19,19.423,,False,-12.357532892582574,11.229648424609708,False
test_0007,16,20,mV_20,17.518,,False,-14.02465475652696,10.101710601409124,False
test_0008,1,0,mV_0,32.013,,False,-1.7350095537403052,0.907447826792441,False
test_0008,1,1,mV_1,31.584,,False,-0.1597721996891536,0.5623516469469239,False
test_0008,1,2,mV_2,24.456,,False,-0.19485263466908329,0.6109285531588138,False
test_0008,1,3,mV_3,21.657,,False,-1.8942367436079348,1.4733341130475266,False
test_0008,1,4,mV_4,29.925,,False,-1.9100103303051537,1.7707848488268076,False
test_0008,1,5,mV_5,39.145,,False,-1.3688819910889887,1.1619435781207827,False
test_0008,1,6,mV_6,,45.72055639695812,True,,,False
test_0008,1,7,mV_7,50.504,,False,-0.8357165517339408,0.6227931726613991,False
test_0008,1,8,mV_8,51.757,,False,-0.819739587177715,0.8468422376680733,False
test_0008,1,9,mV_9,51.008,,False,-0.9121732245829228,0.7764172327636221,False
test_0008,1,10,mV_10,47.076,,False,-0.4615828947109275,0.5625152160107413,False
test_0008,1,11,mV_11,39.992,,False,-0.4147218500381873,0.3522001893336223,False
test_0008,1,12,mV_12,33.396,,False,-0.11777416254718698,0.17174800217801722,False
test_0008,1,13,mV_13,28.502,,False,0.036721833579507604,0.09532012948589826,False
test_0008,1,14,mV_14,25.15,,False,-0.19006268823739084,0.1413397342278804,False
test_0008,1,15,mV_15,23.672,,False,-0.14851172685723235,0.2706610808283936,False
test_0008,1,16,mV_16,25.344,,False,-0.5955581813617187,0.7506672668791345,False
test_0008,1,17,mV_17,28.311,,False,-1.6630409779358681,1.4051039253043829,False
test_0008,1,18,mV_18,29.613,,False,-1.6987755639840771,1.4958492751154742,False
test_0008,1,19,mV_19,29.809,,False,-0.9228049945578745,0.9872210017780311,False
test_0008,1,20,mV_20,30.513,,False,-0.4044984540122983,0.4329504756456177,False
test_0008,2,0,mV_0,36.463,,False,0.059063297228525824,0.07809350049194039,False
test_0008,2,1,mV_1,32.539,,False,0.19424740751070987,0.3642883155901243,False
test_0008,2,2,mV_2,27.256,,False,1.0095951501105518,0.9222286963758921,False
test_0008,2,3,mV_3,29.036,,False,1.4754770777717552,1.0166286651944,False
test_0008,2,4,mV_4,34.9,,False,0.1059653551235379,0.5338645559438525,False
test_0008,2,5,mV_5,41.528,,False,-0.44805043575657927,0.7329319059841721,False
test_0008,2,6,mV_6,43.983,,False,-1.929661397299992,1.5376213067246172,False
test_0008,2,7,mV_7,47.661,,False,-1.8431119965419052,2.0527975215704464,True
test_0008,2,8,mV_8,46.525,,False,-2.595304695897983,2.578426506109125,True
test_0008,2,9,mV_9,43.915,,False,-3.2799846360986296,2.878764826697958,True
test_0008,2,10,mV_10,41.477,,False,-2.359785338696589,2.5322666034325017,True
test_0008,2,11,mV_11,35.084,,False,-2.1295111002381986,2.1396323255034164,True
test_0008,2,12,mV_12,28.523,,False,-1.9397217628406798,2.2160813268058766,True
test_0008,2,13,mV_13,21.217,,False,-2.8553706813039486,2.8149499829574647,True
test_0008,2,14,mV_14,17.774,,False,-3.609336806381281,2.987931890157861,True
test_0008,2,15,mV_15,20.179,,False,-1.8776832665649332,1.9983810197186131,False
test_0008,2,16,mV_16,25.281,,False,-0.6288207393633053,1.2234738840868669,False
test_0008,2,17,mV_17,28.121,,False,-1.7585707910559234,1.4013542279162192,False
test_0008,2,18,mV_18,30.147,,False,-1.4594545901897242,1.6729859101015983,False
test_0008,2,19,mV_19,27.446,,False,-2.0144636689710205,2.0048746353341316,False
test_0008,2,20,mV_20,26.173,,False,-2.5311166132047602,1.7691742238451353,False
test_0008,3,0,mV_0,31.227,,False,-2.051895230338394,1.3054562893353718,False
test_0008,3,1,mV_1,28.999,,False,-1.1180346966646988,1.3253528980159726,False
test_0008,3,2,mV_2,22.553,,False,-1.0134469683960985,1.2536263982588052,False
test_0008,3,3,mV_3,21.711,,False,-1.8695769595783243,1.6121636003485784,False
test_0008,3,4,mV_4,30.453,,False,-1.6960535138415664,1.6796672598641316,False
test_0008,3,5,mV_5,38.917,,False,-1.4569850521950694,1.5842254746865236,False
test_0008,3,6,mV_6,44.518,,False,-1.7268782805143896,1.62131551753426,False
test_0008,3,7,mV_7,48.419,,False,-1.5745204569131912,1.5717936128346781,False
test_0008,3,8,mV_8,50.014,,False,-1.4112552569979404,1.4126764568097172,False
test_0008,3,9,mV_9,49.985,,False,-1.2536748563297966,1.12555923970503,False
test_0008,3,10,mV_10,46.716,,False,-0.5836319891625862,0.7525884915227189,False
test_0008,3,11,mV_11,39.492,,False,-0.5894151314359068,0.5958718201442192,False
test_0008,3,12,mV_12,32.05,,False,-0.6210250285424773,0.6206829673658474,False
test_0008,3,13,mV_13,26.769,,False,-0.6512666809425283,0.7152229851776176,False
test_0008,3,14,mV_14,23.538,,False,-0.9373335502829366,0.8652656554048594,False
test_0008,3,15,mV_15,22.083,,False,-0.9351288401110367,1.0272637023639828,False
test_0008,3,16,mV_16,24.007,,False,-1.3014635789509208,1.3944213887594508,False
test_0008,3,17,mV_17,27.562,,False,-2.0396295570249245,1.7103804457608178,False
test_0008,3,18,mV_18,30.144,,False,-1.4607990900425014,1.4823266922369347,False
test_0008,3,19,mV_19,29.711,,False,-0.9680790318378113,0.9568564573725366,False
test_0008,3,20,mV_20,30.46,,False,-0.43046867577202225,0.45725409584546395,False
test_0008,4,0,mV_0,35.841,,False,-0.19170373946869032,0.4684065349027872,False
test_0008,4,1,mV_1,27.995,,False,-1.4902186606737682,0.7930352652040566,False
test_0008,4,2,mV_2,,24.87695438667896,True,,,False
test_0008,4,3,mV_3,27.904,,False,0.9585349384843433,0.7453458681255116,False
test_0008,4,4,mV_4,37.265,,False,1.0643135955333596,0.9312358200583646,False
test_0008,4,5,mV_5,44.338,,False,0.6377811506823956,0.5892331051849827,False
test_0008,4,6,mV_6,49.119,,False,0.017056523841780264,0.16908086959325674,False
test_0008,4,7,mV_7,52.85,,False,-0.004429280007070865,0.032058514861111644,False
test_0008,4,8,mV_8,54.474,,False,0.10231897558852458,0.06950045563467336,False
test_0008,4,9,mV_9,53.947,,False,0.0689345913545734,0.13128472282901477,False
test_0008,4,10,mV_10,47.597,,False,-0.28495073301838764,0.2716874077237756,False
test_0008,4,11,mV_11,39.897,,False,-0.4479135735037537,0.32211427858868785,False
test_0008,4,12,mV_12,33.423,,False,-0.10767923432885634,0.1658180105403666,False
test_0008,4,13,mV_13,,27.707646256081038,True,,,False
test_0008,4,14,mV_14,25.662,,False,0.047283888293205394,0.03280016730279829,False
test_0008,4,15,mV_15,24.046,,False,0.036632892624782386,0.12411734416794931,False
test_0008,4,16,mV_16,25.76,,False,-0.3759197031290271,0.43652525630015454,False
test_0008,4,17,mV_17,29.714,,False,-0.9576287263177815,0.7786708288976666,False
test_0008,4,18,mV_18,31.566,,False,-0.8235061598260764,0.7645185971819147,False
test_0008,4,19,mV_19,30.825,,False,-0.45343334275772446,0.47160979449798507,False
test_0008,4,20,mV_20,31.02,,False,-0.15606633265041506,0.19139150201463864,False
test_0008,5,0,mV_0,38.507,,False,0.8831273213589264,1.013555549589817,False
test_0008,5,1,mV_1,38.187,,False,2.287967555641415,1.9363430586546801,False
test_0008,5,2,mV_2,30.224,,False,2.2863098019769645,1.805794329341019,False
test_0008,5,3,mV_3,26.599,,False,0.36259015776873205,0.792128337323513,False
test_0008,5,4,mV_4,35.026,,False,0.15702323177962335,0.386953400138638,False
test_0008,5,5,mV_5,44.942,,False,0.8711769792265732,0.828009099548817,False
test_0008,5,6,mV_6,52.801,,False,1.4126592079624982,1.429548990394632,False
test_0008,5,7,mV_7,58.568,,False,2.021700566426958,1.9183277112469115,False
test_0008,5,8,mV_8,60.706,,False,2.217250504171232,2.17449863611565,True
test_0008,5,9,mV_9,60.456,,False,2.2417929696931798,2.400257012616283,True
test_0008,5,10,mV_10,56.992,,False,2.90019160690754,2.7007572006794542,True
test_0008,5,11,mV_11,49.081,,False,2.760852619209557,2.774169734238479,True
test_0008,5,12,mV_12,40.865,,False,2.674782091627263,2.6526197329591428,True
test_0008,5,13,mV_13,34.707,,False,2.5000621293724867,2.5018945432092488,True
test_0008,5,14,mV_14,30.592,,False,2.3326718224647593,2.3747550105796593,True
test_0008,5,15,mV_15,28.686,,False,2.3336142680166314,1.7499750896245057,False
test_0008,5,16,mV_16,,29.59829703774349,True,,,False
test_0008,5,17,mV_17,34.417,,False,1.4069855426486237,0.9928403438074191,False
test_0008,5,18,mV_18,35.986,,False,1.1573902899324289,1.2816040570305258,False
test_0008,5,19,mV_19,34.847,,False,1.4046501056086216,0.991672625287418,False
test_0008,5,20,mV_20,,34.3472388959556,True,,,False
test_0008,6,0,mV_0,36.851,,False,0.21549032333547022,0.3898487439495102,False
test_0008,6,1,mV_1,35.059,,False,1.1284143291271003,0.9862990922293113,False
test_0008,6,2,mV_2,28.333,,False,1.4728773873275747,1.1634185071195302,False
test_0008,6,3,mV_3,27.074,,False,0.5795049246958709,0.6579718091798291,False
test_0008,6,4,mV_4,,36.63254156421126,True,,,False
test_0008,6,5,mV_5,44.491,,False,0.6969029416877911,0.4449155890157377,False
test_0008,6,6,mV_6,50.092,,False,0.3858564726873686,0.48129651754782193,False
test_0008,6,7,mV_7,54.151,,False,0.45657018312875935,0.48098502528039166,False
test_0008,6,8,mV_8,56.014,,False,0.6249432621766792,0.6524876290511037,False
test_0008,6,9,mV_9,56.447,,False,0.9034938087222972,1.08444034800254,False
test_0008,6,10,mV_10,54.059,,False,1.9058305123888866,1.7212986937556352,False
test_0008,6,11,mV_11,47.39,,False,2.1700399415224694,2.140066540260915,True
test_0008,6,12,mV_12,39.901,,False,2.314355765609836,2.1594551494208685,True
test_0008,6,13,mV_13,33.042,,False,1.839069124941333,1.7639794836393299,False
test_0008,6,14,mV_14,27.854,,False,1.063423919064817,1.2268703278364534,False
test_0008,6,15,mV_15,25.874,,False,0.9415643482748467,1.0093383318055151,False
test_0008,6,16,mV_16,28.538,,False,1.0908007116075504,0.9502770008713805,False
test_0008,6,17,mV_17,32.967,,False,0.6779422319955741,0.9350795293198062,False
test_0008,6,18,mV_18,36.29,,False,1.293632941680526,1.148869861358481,False
test_0008,6,19,mV_19,34.686,,False,1.3302713300772977,1.3815885066666722,False
test_0008,6,20,mV_20,34.547,,False,1.5721784248315673,1.118657044935108,False
test_0008,7,0,mV_0,32.176,,False,-1.6692940762778496,1.1373245347658236,False
test_0008,7,1,mV_1,28.749,,False,-1.2107099865075948,1.2498004991110139,False
test_0008,7,2,mV_2,22.797,,False,-0.9084879471510161,0.8435732113064582,False
test_0008,7,3,mV_3,25.046,,False,-0.34660696441620614,0.4510274717532251,False
test_0008,7,4,mV_4,34.139,,False,-0.2024080110294722,0.22838122264291086,False
test_0008,7,5,mV_5,42.268,,False,-0.16210190409649292,0.200258084035883,False
test_0008,7,6,mV_6,48.35,,False,-0.27442051692107394,0.23155148657055902,False
test_0008,7,7,mV_7,52.255,,False,-0.21526300834359519,0.3060018681969649,False
test_0008,7,8,mV_8,52.643,,False,-0.5190609391795953,0.4724549364668531,False
test_0008,7,9,mV_9,51.834,,False,-0.6364348591646268,0.44798266437721224,False
test_0008,7,10,mV_10,,46.48679214874853,True,,,False
test_0008,7,11,mV_11,39.075,,False,-0.7351093281216029,0.5186047011054495,False
test_0008,7,12,mV_12,32.095,,False,-0.6042001481785922,0.6069105846337797,False
test_0008,7,13,mV_13,27.19,,False,-0.48413271405633124,0.5703150832892591,False
test_0008,7,14,mV_14,24.031,,False,-0.7087947568657814,0.5343402086003425,False
test_0008,7,15,mV_15,23.496,,False,-0.23563860661347602,0.3057095290236928,False
test_0008,7,16,mV_16,26.391,,False,-0.04276614600203762,0.21436571755672024,False
test_0008,7,17,mV_17,30.552,,False,-0.5362919716093296,0.5300909322929258,False
test_0008,7,18,mV_18,31.161,,False,-1.0050136399510063,0.7844711514925238,False
test_0008,7,19,mV_19,30.526,,False,-0.5915653544587529,0.6460781829375833,False
test_0008,7,20,mV_20,30.53,,False,-0.3961683828818211,0.3459755300555988,False
test_0008,8,0,mV_0,37.755,,False,0.579949167667117,0.7559459411636394,False
test_0008,8,1,mV_1,37.043,,False,1.8638854293203237,1.4760133278938132,False
test_0008,8,2,mV_2,28.62,,False,1.5963332852674885,1.4126675324755127,False
test_0008,8,3,mV_3,24.504,,False,-0.5941181300467505,0.8682094567774653,False
test_0008,8,4,mV_4,32.94,,False,-0.6882682817488717,0.5074924232543074,False
test_0008,8,5,mV_5,42.841,,False,0.05931499947273592,0.30482178095056456,False
test_0008,8,6,mV_6,50.162,,False,0.4123888431079147,0.46326049500879085,False
test_0008,8,7,mV_7,55.597,,False,0.9689492943465983,0.887614193911155,False
test_0008,8,8,mV_8,57.709,,False,1.200169343843509,1.1284506231829274,False
test_0008,8,9,mV_9,57.169,,False,1.144514510698094,1.3223980052582114,False
test_0008,8,10,mV_10,53.748,,False,1.800393655793148,1.6918004652953984,False
test_0008,8,11,mV_11,46.966,,False,2.0219000388972037,2.034776853805336,True
test_0008,8,12,mV_12,39.849,,False,2.294913681633789,2.196960852611671,True
test_0008,8,13,mV_13,33.891,,False,2.1761160082819018,2.1159667143069196,True
test_0008,8,14,mV_14,29.479,,False,1.816721159030086,1.8791132767552972,False
test_0008,8,15,mV_15,27.42,,False,1.7068947806791148,1.710606210171843,False
test_0008,8,16,mV_16,29.525,,False,1.6119141202990552,1.4919140588020405,False
test_0008,8,17,mV_17,33.681,,False,1.0369332139309366,1.1698975056680314,False
test_0008,8,18,mV_18,35.621,,False,0.9938094745111973,1.049899555589141,False
test_0008,8,19,mV_19,34.35,,False,1.1750460594032328,1.1478018110151536,False
test_0008,8,20,mV_20,33.884,,False,1.2473056507429514,0.9174143402222839,False
test_0008,9,0,mV_0,35.154,,False,-0.46867633466320313,0.2605652743571411,False
test_0008,9,1,mV_1,32.298,,False,0.10490842810215825,0.20467887882459604,False
test_0008,9,2,mV_2,24.583,,False,-0.14022232443086458,0.3839215839196354,False
test_0008,9,3,mV_3,23.286,,False,-1.1503332587146542,0.8562421578049215,False
test_0008,9,4,mV_4,32.21,,False,-0.984079789359513,0.9183951910238636,False
test_0008,9,5,mV_5,41.251,,False,-0.5550879266617739,0.6475079839210298,False
test_0008,9,6,mV_6,47.766,,False,-0.49577629300105824,0.46324237948821084,False
test_0008,9,7,mV_7,51.998,,False,-0.3063290052889529,0.3843907853737534,False
test_0008,9,8,mV_8,52.908,,False,-0.4291288379160494,0.3848259424297902,False
test_0008,9,9,mV_9,52.618,,False,-0.3747170885981089,0.2949374008826374,False
test_0008,9,10,mV_10,48.434,,False,-0.0011865884182823744,0.11270270754612766,False
test_0008,9,11,mV_11,40.968,,False,-0.07372056474983697,0.05912274551011533,False
test_0008,9,12,mV_12,33.476,,False,-0.08786326412250499,0.10667609404128078,False
test_0008,9,13,mV_13,27.963,,False,-0.17725728317027614,0.24804223093865801,False
test_0008,9,14,mV_14,24.374,,False,-0.5497910932915747,0.43232629939461464,False
test_0008,9,15,mV_15,23.058,,False,-0.45246572782503314,0.5111182455202151,False
test_0008,9,16,mV_16,25.355,,False,-0.5897504331392197,0.6047875055688678,False
test_0008,9,17,mV_17,30.053,,False,-0.7871834281719988,0.7214724067789535,False
test_0008,9,18,mV_18,31.793,,False,-0.7217723376325965,0.5983940109133218,False
test_0008,9,19,mV_19,31.454,,False,-0.1628479402160953,0.27528091905718605,False
test_0008,9,20,mV_20,31.448,,False,0.05365545816395698,0.06753971413600232,False
test_0008,10,0,mV_0,38.782,,False,0.9939969919244155,0.6171056715986007,False
test_0008,10,1,mV_1,33.311,,False,0.4804287025455722,0.4967815504405165,False
test_0008,10,2,mV_2,24.984,,False,0.03227180474650604,0.21832819244154744,False
test_0008,10,3,mV_3,26.524,,False,0.3283404577276054,0.38199082611475665,False
test_0008,10,4,mV_4,36.709,,False,0.8390105842573097,0.7998559780134329,False
test_0008,10,5,mV_5,45.775,,False,1.193062285811507,1.1253355432771464,False
test_0008,10,6,mV_6,52.441,,False,1.2762070172282618,1.2707354278007101,False
test_0008,10,7,mV_7,56.637,,False,1.3374653909348093,1.243539467943299,False
test_0008,10,8,mV_8,57.187,,False,1.0230200726753154,1.1002917614859102,False
test_0008,10,9,mV_9,56.789,,False,1.0176615096582013,0.7645857729979295,False
test_0008,10,10,mV_10,,50.80014717946113,True,,,False
test_0008,10,11,mV_11,43.749,,False,0.8979234663842776,0.6974091332321606,False
test_0008,10,12,mV_12,36.369,,False,0.9937896001600874,0.9200209367014817,False
test_0008,10,13,mV_13,30.411,,False,0.7945810801014744,0.7152730699337071,False
test_0008,10,14,mV_14,26.16,,False,0.2781405193717923,0.5390726793751943,False
test_0008,10,15,mV_15,25.599,,False,0.8054285986557185,0.8331217846324531,False
test_0008,10,16,mV_16,29.206,,False,1.4434894218465832,1.2463149994358866,False
test_0008,10,17,mV_17,34.19,,False,1.292852555394662,1.1902066339638844,False
test_0008,10,18,mV_18,35.036,,False,0.7316320032196298,0.9605001216485034,False
test_0008,10,19,mV_19,34.157,,False,1.0858839247600918,1.0953743685538502,False
test_0008,10,20,mV_20,34.355,,False,1.4780976214755872,1.0105197919278166,False
test_0008,11,0,mV_0,38.791,,False,0.9976254538701952,0.7419926874828568,False
test_0008,11,1,mV_1,34.639,,False,0.9727198421910369,0.9370835812183544,False
test_0008,11,2,mV_2,26.781,,False,0.8052691866211488,0.892640725488056,False
test_0008,11,3,mV_3,27.967,,False,0.9873046865188893,1.0356087475656852,False
test_0008,11,4,mV_4,38.001,,False,1.362556430603814,1.369440828448218,False
test_0008,11,5,mV_5,47.256,,False,1.7653457660663545,1.668297746023002,False
test_0008,11,6,mV_6,53.77,,False,1.7799430213554845,1.739554690445958,False
test_0008,11,7,mV_7,57.471,,False,1.632986953006508,1.5596550524937585,False
test_0008,11,8,mV_8,57.687,,False,1.1927032826065336,1.2752042057863777,False
test_0008,11,9,mV_9,56.983,,False,1.0824233049259353,1.0430145213230109,False
test_0008,11,10,mV_10,50.84,,False,0.8145081928336394,0.7920219820417127,False
test_0008,11,11,mV_11,42.486,,False,0.45664823757363676,0.5820664884641054,False
test_0008,11,12,mV_12,35.317,,False,0.6004612858755086,0.6269327201974269,False
test_0008,11,13,mV_13,30.551,,False,0.8501600714650533,0.8430214989798248,False
test_0008,11,14,mV_14,27.871,,False,1.071304567113684,1.2944679367129552,False
test_0008,11,15,mV_15,28.386,,False,2.1851025411593996,2.058099164724711,True
test_0008,11,16,mV_16,31.758,,False,2.790887009466362,2.4758520504709756,True
test_0008,11,17,mV_17,35.868,,False,2.1365316417917777,1.9223417019750353,False
test_0008,11,18,mV_18,34.799,,False,0.6254165148502246,1.0776579115055867,False
test_0008,11,19,mV_19,33.805,,False,0.9232669745301196,0.9289565213410991,False
test_0008,11,20,mV_20,33.877,,False,1.2438756214539322,0.852754554359496,False
test_0008,12,0,mV_0,33.162,,False,-1.2717759119957688,0.9023294142962106,False
test_0008,12,1,mV_1,29.14,,False,-1.0657658331933046,1.0151455326055534,False
test_0008,12,2,mV_2,23.381,,False,-0.6572745520398354,0.5950787343182439,False
test_0008,12,3,mV_3,,24.64794604124317,True,,,False
test_0008,12,4,mV_4,,33.701301422622805,True,,,False
test_0008,12,5,mV_5,42.254,,False,-0.16751174118195492,0.16572194349730635,False
test_0008,12,6,mV_6,48.209,,False,-0.3278642916253156,0.2712305468125683,False
test_0008,12,7,mV_7,52.124,,False,-0.26168186281768724,0.3553833214598786,False
test_0008,12,8,mV_8,52.492,,False,-0.5703052685788245,0.5244535129324,False
test_0008,12,9,mV_9,51.657,,False,-0.695521651754264,0.6224298608710819,False
test_0008,12,10,mV_10,46.879,,False,-0.5283708713969753,0.5896122702495751,False
test_0008,12,11,mV_11,39.444,,False,-0.6061856864500859,0.5770753854763757,False
test_0008,12,12,mV_12,32.193,,False,-0.567559297608356,0.5736284355330381,False
test_0008,12,13,mV_13,27.016,,False,-0.5532094604653546,0.6118022155981614,False
test_0008,12,14,mV_14,23.892,,False,-0.7732306438535804,0.6140247231574684,False
test_0008,12,15,mV_15,23.252,,False,-0.3564281444573577,0.38709705797059385,False
test_0008,12,16,mV_16,26.354,,False,-0.06230129911407961,0.12025768567137923,False
test_0008,12,17,mV_17,,31.36827067808074,True,,,False
test_0008,12,18,mV_18,31.924,,False,-0.663062510727989,0.5093357971814976,False
test_0008,12,19,mV_19,30.267,,False,-0.711218167270012,0.7249101993065353,False
test_0008,12,20,mV_20,29.677,,False,-0.8141419519581281,0.584875517796567,False
test_0008,13,0,mV_0,39.85,,False,1.4245744761569363,1.2457262064141776,False
test_0008,13,1,mV_1,37.771,,False,2.1337558733428375,1.423021555710653,False
test_0008,13,2,mV_2,,26.022369149702204,True,,,False
test_0008,13,3,mV_3,,26.977389805304263,True,,,False
test_0008,13,4,mV_4,37.488,,False,1.154677932789761,0.9418750421446553,False
test_0008,13,5,mV_5,46.461,,False,1.4581443029990997,1.3533761205168966,False
test_0008,13,6,mV_6,52.616,,False,1.3425379432796258,1.4057828063801319,False
test_0008,13,7,mV_7,57.039,,False,1.4799110359621757,1.4976345677024172,False
test_0008,13,8,mV_8,59.147,,False,1.6881782556056915,1.7087518628881075,False
test_0008,13,9,mV_9,59.668,,False,1.9787399043788718,2.115358095235478,False
test_0008,13,10,mV_10,56.743,,False,2.8157743165784774,2.5869330642595223,False
test_0008,13,11,mV_11,49.014,,False,2.7374437195022625,2.7046266396747525,False
test_0008,13,12,mV_12,40.472,,False,2.5278448031160083,1.94828333143357,False
test_0008,13,13,mV_13,,34.922963661650584,True,,,False
test_0008,13,14,mV_14,29.998,,False,2.057312708286687,1.6878009018446893,False
test_0008,13,15,mV_15,29.298,,False,2.636578190805383,2.596468158010773,True
test_0008,13,16,mV_16,32.259,,False,3.055403542145638,2.7258814170006374,True
test_0008,13,17,mV_17,35.907,,False,2.1561403929058915,2.373278627972371,True
test_0008,13,18,mV_18,38.146,,False,2.1254301839320626,2.1641530589033398,True
test_0008,13,19,mV_19,36.676,,False,2.249611474843342,2.2481495883757443,True
test_0008,13,20,mV_20,36.171,,False,2.367945219884231,1.746375478652951,False
test_0008,14,0,mV_0,31.642,,False,-1.8845828183941102,1.2912138754555587,False
test_0008,14,1,mV_1,28.25,,False,-1.3956898650340146,1.4510655540838597,False
test_0008,14,2,mV_2,22.286,,False,-1.128299667873299,1.2003131178734054,False
test_0008,14,3,mV_3,23.289,,False,-1.1489632707130089,1.190914730704598,False
test_0008,14,4,mV_4,31.338,,False,-1.337432713519075,1.3028146754261467,False
test_0008,14,5,mV_5,39.097,,False,-1.3874300039534275,1.3609596706685463,False
test_0008,14,6,mV_6,45.561,,False,-1.331545961248255,1.2236856739493631,False
test_0008,14,7,mV_7,50.48,,False,-0.8442207693475153,0.9596772469653533,False
test_0008,14,8,mV_8,51.76,,False,-0.8187214879181278,0.8651504267890282,False
test_0008,14,9,mV_9,50.808,,False,-0.9789379619723418,0.7848809888063291,False
test_0008,14,10,mV_10,47.367,,False,-0.36292654336250463,0.4392997582791667,False
test_0008,14,11,mV_11,41.029,,False,-0.05240798441931544,0.1170290996078607,False
test_0008,14,12,mV_12,33.71,,False,-0.0003738862303073201,0.06117619517163909,False
test_0008,14,13,mV_13,27.927,,False,-0.19154902380662628,0.21268700159704212,False
test_0008,14,14,mV_14,24.552,,False,-0.4672760725446087,0.4307795777154791,False
test_0008,14,15,mV_15,22.766,,False,-0.5970171419660728,0.7538929116353258,False
test_0008,14,16,mV_16,23.907,,False,-1.354261290064549,1.451430884014195,False
test_0008,14,17,mV_17,26.646,,False,-2.5001838139616095,2.0596243237593788,True
test_0008,14,18,mV_18,29.2,,False,-1.8838683770497477,2.000837083449151,True
test_0008,14,19,mV_19,28.05,,False,-1.735427765735498,1.7749684525889386,False
test_0008,14,20,mV_20,27.777,,False,-1.7451499018350112,1.30643189235138,False
test_0008,15,0,mV_0,36.23,,False,-0.03487355092332692,0.06729608139714167,False
test_0008,15,1,mV_1,31.477,,False,-0.19943722374191286,0.2734008774964504,False
test_0008,15,2,mV_2,23.375,,False,-0.6598555115786491,1.2150230800610882,False
test_0008,15,3,mV_3,18.489,,False,-3.340944073345142,2.4556776800967395,False
test_0008,15,4,mV_4,28.516,,False,-2.480967062118025,2.4200653403082626,False
test_0008,15,5,mV_5,39.123,,False,-1.377383163651858,1.695642646234892,False
test_0008,15,6,mV_6,44.993,,False,-1.546837195517827,1.6067126086523185,False
test_0008,15,7,mV_7,47.343,,False,-1.9557928799217617,1.930626506368399,False
test_0008,15,8,mV_8,47.501,,False,-2.264083070112245,2.2139858069372,True
test_0008,15,9,mV_9,46.635,,False,-2.371984207602547,2.340009810744879,True
test_0008,15,10,mV_10,41.5,,False,-2.3519877576621764,2.477458533440176,True
test_0008,15,11,mV_11,33.068,,False,-2.833874410833804,2.710550932982229,True
test_0008,15,12,mV_12,26.162,,False,-2.822467152599132,2.8262004826181024,True
test_0008,15,13,mV_13,21.291,,False,-2.825993214440341,2.775256804853525,True
test_0008,15,14,mV_14,19.894,,False,-2.626573637934285,2.3500999550621873,True
test_0008,15,15,mV_15,21.303,,False,-1.3212593299398379,1.4488713694042068,False
test_0008,15,16,mV_16,25.475,,False,-0.5263931798028662,0.6135431017014112,False
test_0008,15,17,mV_17,31.778,,False,0.08012671726007471,0.3541214877680683,False
test_0008,15,18,mV_18,35.032,,False,0.7298393367492577,0.3948261695963683,False
test_0008,15,19,mV_19,31.892,,False,0.03949928762688304,0.38357227665769367,False
test_0008,15,20,mV_20,29.858,,False,-0.7254511946277508,0.37260041922059617,False
test_0008,16,0,mV_0,36.239,,False,-0.031245088977547113,0.1691854997584524,False
test_0008,16,1,mV_1,30.358,,False,-0.6142518210787153,0.31902124942569854,False
test_0008,16,2,mV_2,24.871,,False,-0.01633626656781637,0.5848290497283102,False
test_0008,16,3,mV_3,29.511,,False,1.6923918446988924,1.2605158451795155,False
test_0008,16,4,mV_4,38.688,,False,1.6409434247524617,1.6356379558963794,False
test_0008,16,5,mV_5,46.746,,False,1.5682731293817016,1.5601400988193497,False
test_0008,16,6,mV_6,52.934,,False,1.4630707117615336,1.4612476531651262,False
test_0008,16,7,mV_7,56.674,,False,1.3505760597557357,1.2756851663506437,False
test_0008,16,8,mV_8,56.938,,False,0.9385178341295703,0.9890454811942246,False
test_0008,16,9,mV_9,55.923,,False,0.728570196762022,0.7524506226072784,False
test_0008,16,10,mV_10,50.249,,False,0.6141442627754993,0.6163913894357944,False
test_0008,16,11,mV_11,42.635,,False,0.5087068354301573,0.6068904294906718,False
test_0008,16,12,mV_12,35.84,,False,0.7960037843268735,0.7748374452622022,False
test_0008,16,13,mV_13,30.925,,False,0.9986353769649046,0.9262779685659686,False
test_0008,16,14,mV_14,27.527,,False,0.9118373360071914,0.9813142851097482,False
test_0008,16,15,mV_15,26.2,,False,1.1029470914597055,1.0545089546336515,False
test_0008,16,16,mV_16,28.556,,False,1.1003042996080037,0.936925318693052,False
test_0008,16,17,mV_17,32.502,,False,0.4441455840964951,0.6551836204787764,False
test_0008,16,18,mV_18,34.814,,False,0.6321390141141114,0.7212139029111708,False
test_0008,16,19,mV_19,34.353,,False,1.1764319993199654,1.2005458824146182,False
test_0008,16,20,mV_20,35.047,,False,1.8171805169044313,1.202698258282207,False
test_0009,1,0,mV_0,,28.34705922384457,True,,,False
test_0009,1,1,mV_1,25.109,,False,-0.5102701458749852,0.2654051411023548,False
test_0009,1,2,mV_2,26.603,,False,0.04108027265944879,0.16968498382438077,False
test_0009,1,3,mV_3,34.445,,False,0.0863092441036403,0.12489558700411665,False
test_0009,1,4,mV_4,42.418,,False,-0.2858835871497372,0.21934200720790648,False
test_0009,1,5,mV_5,48.787,,False,-0.21929161042851125,0.36300557708111114,False
test_0009,1,6,mV_6,53.214,,False,-0.7275555003176848,0.6387810321705666,False
test_0009,1,7,mV_7,54.943,,False,-0.8807215176183856,0.7036018928652626,False
test_0009,1,8,mV_8,55.082,,False,-0.3254090359065947,0.5134099589542058,False
test_0009,1,9,mV_9,54.633,,False,-0.5221002463852481,0.41647940199618283,False
test_0009,1,10,mV_10,49.238,,False,-0.2963080793076405,0.4196129060177427,False
test_0009,1,11,mV_11,42.001,,False,-0.5637352190704416,0.4830192118882439,False
test_0009,1,12,mV_12,35.45,,False,-0.5082983301044521,0.5083251647231317,False
test_0009,1,13,mV_13,30.962,,False,-0.4529687796131807,0.5082680690366478,False
test_0009,1,14,mV_14,27.676,,False,-0.6188363868157776,0.712240384066458,False
test_0009,1,15,mV_15,25.484,,False,-1.1583199830210962,1.1278519200023798,False
test_0009,1,16,mV_16,26.937,,False,-1.5759313271515494,1.4948601061186555,False
test_0009,1,17,mV_17,30.305,,False,-1.6692577871504273,1.5506194401032563,False
test_0009,1,18,mV_18,33.914,,False,-1.2880308589606209,1.3913568189398982,False
test_0009,1,19,mV_19,33.71,,False,-1.3201077706879234,1.2404163061749527,False
test_0009,1,20,mV_20,34.361,,False,-1.033418824363343,0.8467363548536524,False
test_0009,2,0,mV_0,35.042,,False,1.9281243617434676,1.3882833201275901,False
test_0009,2,1,mV_1,31.063,,False,1.696884557023425,1.3304733689475794,False
test_0009,2,2,mV_2,,28.935633142852474,True,,,False
test_0009,2,3,mV_3,36.017,,False,0.8041829569656651,0.7447566923502975,False
test_0009,2,4,mV_4,46.506,,False,1.37066085546986,1.3827770216842352,False
test_0009,2,5,mV_5,54.493,,False,1.9856034188315557,1.8033368481098344,False
test_0009,2,6,mV_6,60.071,,False,1.8714796993063663,1.9683041789637228,False
test_0009,2,7,mV_7,63.481,,False,2.144653898410603,2.2521984630886562,True
test_0009,2,8,mV_8,64.433,,False,2.8480063562270517,2.6006908520459047,True
test_0009,2,9,mV_9,63.872,,False,2.5620967973189113,2.5789703973997717,True
test_0009,2,10,mV_10,57.025,,False,2.3436816387342123,2.2533345342650266,True
test_0009,2,11,mV_11,48.663,,False,1.763878062272771,1.9467609660663838,False
test_0009,2,12,mV_12,41.933,,False,1.9156061009857812,1.8907458878276349,False
test_0009,2,13,mV_13,37.06,,False,1.9678932870662054,1.9782259399954785,False
test_0009,2,14,mV_14,33.458,,False,2.0615110848637213,2.0685273320150657,False
test_0009,2,15,mV_15,32.234,,False,2.1831938712666146,1.6069747068492375,False
test_0009,2,16,mV_16,,34.48432705661074,True,,,False
test_0009,2,17,mV_17,39.877,,False,3.143433640139903,2.213603458116699,False
test_0009,2,18,mV_18,42.517,,False,2.567546552186989,2.5984255118585367,False
test_0009,2,19,mV_19,41.146,,False,2.1151753029202665,2.1980535468751587,False
test_0009,2,20,mV_20,40.54,,False,1.9943170294731127,1.525952340466623,False
test_0009,3,0,mV_0,30.117,,False,-0.057450647474844095,0.06593445260934494,False
test_0009,3,1,mV_1,26.084,,False,-0.14883651548769156,0.38080573743122614,False
test_0009,3,2,mV_2,23.792,,False,-1.1680992712746774,0.9619291142516724,False
test_0009,3,3,mV_3,31.272,,False,-1.3626813989696434,1.3023545142095052,False
test_0009,3,4,mV_4,39.876,,False,-1.3159559876240567,1.3102452992536304,False
test_0009,3,5,mV_5,46.129,,False,-1.2463878227967653,1.3780748327870527,False
test_0009,3,6,mV_6,50.639,,False,-1.7035676979306233,1.5233492610922235,False
test_0009,3,7,mV_7,53.365,,False,-1.4398738257108814,1.3424808374630082,False
test_0009,3,8,mV_8,53.723,,False,-0.7866080004996466,1.0215832450612672,False
test_0009,3,9,mV_9,52.982,,False,-1.073243153534894,0.9468594921827622,False
test_0009,3,10,mV_10,47.592,,False,-0.8543436611616142,0.9511025629697432,False
test_0009,3,11,mV_11,40.688,,False,-1.0224797760208502,0.988368859889557,False
test_0009,3,12,mV_12,33.99,,False,-1.054172226354914,1.1212416635061928,False
test_0009,3,13,mV_13,28.692,,False,-1.3541424252940928,1.351676211294054,False
test_0009,3,14,mV_14,25.464,,False,-1.644247768233116,1.5183073610049198,False
test_0009,3,15,mV_15,24.934,,False,-1.4305914822593542,1.4037895676925103,False
test_0009,3,16,mV_16,27.82,,False,-1.109727538018217,1.1539758119471375,False
test_0009,3,17,mV_17,31.704,,False,-0.9658566894927617,1.0707156119336871,False
test_0009,3,18,mV_18,34.018,,False,-1.2414215307310088,1.3153195430137665,False
test_0009,3,19,mV_19,32.644,,False,-1.812578421100287,1.6822710692173746,False
test_0009,3,20,mV_20,32.669,,False,-1.8625059039379155,1.3843975572440295,False
test_0009,4,0,mV_0,29.465,,False,-0.3203125573246595,0.36825864200455305,False
test_0009,4,1,mV_1,24.24,,False,-0.8324094533688932,0.6636688461057455,False
test_0009,4,2,mV_2,24.951,,False,-0.6695439203605361,0.5690182612205515,False
test_0009,4,3,mV_3,34.027,,False,-0.104575750792241,0.30968362415476675,False
test_0009,4,4,mV_4,42.235,,False,-0.36003907467404883,0.3590396748161946,False
test_0009,4,5,mV_5,47.772,,False,-0.6115047991244398,0.6768631569898373,False
test_0009,4,6,mV_6,52.167,,False,-1.1244039550364209,0.7150781772993204,False
test_0009,4,7,mV_7,,56.676019647734,True,,,False
test_0009,4,8,mV_8,55.554,,False,-0.16522808573152412,0.20738064586223717,False
test_0009,4,9,mV_9,54.702,,False,-0.49906641198590046,0.3790715519565103,False
test_0009,4,10,mV_10,49.071,,False,-0.3529252981227161,0.44399733628011967,False
test_0009,4,11,mV_11,41.98,,False,-0.5710723368891459,0.373767492975252,False
test_0009,4,12,mV_12,,35.78768678385226,True,,,False
test_0009,4,13,mV_13,29.743,,False,-0.9369029972717855,0.7570157202875116,False
test_0009,4,14,mV_14,26.521,,False,-1.1542568866064753,1.0178913811087895,False
test_0009,4,15,mV_15,26.155,,False,-0.826148753950422,0.7016385986268299,False
test_0009,4,16,mV_16,,29.19769563229715,True,,,False
test_0009,4,17,mV_17,33.263,,False,-0.18200943341821002,0.2174997445245662,False
test_0009,4,18,mV_18,35.659,,False,-0.5059801112618447,0.44823167248913987,False
test_0009,4,19,mV_19,35.271,,False,-0.59895703401466,0.5376944988080175,False
test_0009,4,20,mV_20,35.558,,False,-0.44688381594090487,0.3731811664741175,False
test_0009,5,0,mV_0,28.302,,False,-0.7891904732070755,0.5860160477740395,False
test_0009,5,1,mV_1,24.42,,False,-0.7656832446820068,0.9251812689879024,False
test_0009,5,2,mV_2,29.716,,False,1.3801681133805208,1.3760705364546373,False
test_0009,5,3,mV_3,38.588,,False,1.9782626743755005,1.7171580931089196,False
test_0009,5,4,mV_4,46.904,,False,1.5319389103041567,1.5788943758019711,False
test_0009,5,5,mV_5,52.65,,False,1.273437008224071,1.1828299305415384,False
test_0009,5,6,mV_6,56.855,,False,0.6525067954138547,0.656349371528526,False
test_0009,5,7,mV_7,57.561,,False,0.04694688706232366,0.3805372111506373,False
test_0009,5,8,mV_8,53.755,,False,-0.7757482750640473,1.4822845319887534,False
test_0009,5,9,mV_9,43.224,,False,-4.330694690764595,2.793406262607613,False
test_0009,5,10,mV_10,44.99,,False,-1.7364873938372136,2.092986680706451,False
test_0009,5,11,mV_11,45.241,,False,0.568277244386781,1.2522167433120708,False
test_0009,5,12,mV_12,42.522,,False,2.1358250906375083,1.8987643565283934,False
test_0009,5,13,mV_13,39.043,,False,2.755130000451776,2.851179228026249,True
test_0009,5,14,mV_14,37.119,,False,3.7586318205639366,3.7371510919224145,True
test_0009,5,15,mV_15,37.27,,False,4.67621072611001,4.605249857267934,True
test_0009,5,16,mV_16,39.979,,False,5.309946156287777,5.058874291370623,True
test_0009,5,17,mV_17,43.449,,False,4.939394126796927,4.762086330146893,True
test_0009,5,18,mV_18,45.4,,False,3.85961091070594,3.9009923153129944,True
test_0009,5,19,mV_19,42.943,,False,2.9453533130431704,3.2175435443120333,True
test_0009,5,20,mV_20,42.837,,False,3.1198566404558528,2.296266648488719,False
test_0009,6,0,mV_0,27.955,,False,-0.9290878393388027,0.6863622259083729,False
test_0009,6,1,mV_1,28.879,,False,0.8872732249558863,0.7688768857003219,False
test_0009,6,2,mV_2,25.643,,False,-0.37187325355071205,0.7319854267369973,False
test_0009,6,3,mV_3,31.416,,False,-1.2969219748906786,1.7568630838930424,False
test_0009,6,4,mV_4,33.1,,False,-4.0617351322401,3.6145757563016274,False
test_0009,6,5,mV_5,36.317,,False,-5.03791078583563,4.84930502648036,False
test_0009,6,6,mV_6,41.257,,False,-5.259663402010084,5.198738316207162,True
test_0009,6,7,mV_7,42.647,,False,-5.2377156749728515,5.233875602296571,True
test_0009,6,8,mV_8,40.717,,False,-5.200407657230497,5.408834925437842,True
test_0009,6,9,mV_9,38.233,,False,-5.996808712317519,5.8208144548040535,True
test_0009,6,10,mV_10,32.151,,False,-6.089232737350678,6.420854182052864,True
test_0009,6,11,mV_11,22.125,,False,-7.508142541192579,7.3671979905980765,True
test_0009,6,12,mV_12,14.441,,False,-8.363274142656469,8.219802236879888,True
test_0009,6,13,mV_13,10.328,,False,-8.644518121014034,8.752696364423572,True
test_0009,6,14,mV_14,8.823,,False,-9.358475073009753,8.98943764253858,True
test_0009,6,15,mV_15,10.459,,False,-8.596282303120779,8.583203492674667,True
test_0009,6,16,mV_16,15.183,,False,-7.781774291447352,7.6844531755166,True
test_0009,6,17,mV_17,20.542,,False,-6.577981816050915,6.624759370313387,True
test_0009,6,18,mV_18,24.379,,False,-5.561299557704367,6.055068322439132,True
test_0009,6,19,mV_19,22.455,,False,-6.519692358296878,6.592670155574234,True
test_0009,6,20,mV_20,20.613,,False,-7.769996347998814,5.514921263573626,True
test_0009,7,0,mV_0,21.352,,False,-3.5911694202258087,2.4652100168727493,False
test_0009,7,1,mV_1,19.26,,False,-2.678501227039381,2.3350656610606637,False
test_0009,7,2,mV_2,27.419,,False,0.39209076993808467,1.2109076681434485,False
test_0009,7,3,mV_3,37.28,,False,1.380947905658244,1.1058355314747177,False
test_0009,7,4,mV_4,46.256,,False,1.2693555446442977,1.2192517376515286,False
test_0009,7,5,mV_5,51.832,,False,0.9573479556592743,0.8733831513063397,False
test_0009,7,6,mV_6,55.95,,False,0.30948114926251263,0.4652569635128415,False
test_0009,7,7,mV_7,56.625,,False,-0.28471759986706635,0.6643730986885488,False
test_0009,7,8,mV_8,50.8,,False,-1.7785760457575495,2.7159627365785486,False
test_0009,7,9,mV_9,35.162,,False,-7.0219812549320295,4.736579330764836,False
test_0009,7,10,mV_10,40.898,,False,-3.1237787674377353,3.5086301672620284,False
test_0009,7,11,mV_11,45.804,,False,0.7649818792406136,1.9646270872521434,False
test_0009,7,12,mV_12,45.381,,False,3.2047658230896108,2.7735058487346556,False
test_0009,7,13,mV_13,41.976,,False,3.9195098695187873,4.039008644241794,True
test_0009,7,14,mV_14,40.039,,False,5.11224901483999,5.1623470152750865,True
test_0009,7,15,mV_15,40.965,,False,6.50538016190158,6.392815698758213,True
test_0009,7,16,mV_16,44.029,,False,7.448253456389702,5.350471768670246,True
test_0009,7,17,mV_17,,45.98316186066702,True,,,False
test_0009,7,18,mV_18,46.296,,False,4.261168200068751,2.7755658887838695,False
test_0009,7,19,mV_19,42.152,,False,2.579927154997975,3.0291338817625877,False
test_0009,7,20,mV_20,41.971,,False,2.6955130169856485,1.992738297242318,False
test_0009,8,0,mV_0,26.945,,False,-1.3362819021429635,1.0005208780930284,False
test_0009,8,1,mV_1,22.899,,False,-1.3295197080861867,1.154064291840388,False
test_0009,8,2,mV_2,25.064,,False,-0.6209358490462153,0.6428478515446543,False
test_0009,8,3,mV_3,,33.870475723379144,True,,,False
test_0009,8,4,mV_4,41.054,,False,-0.8386053630140048,0.6405746787257273,False
test_0009,8,5,mV_5,47.064,,False,-0.8850879888748996,0.9877824417779633,False
test_0009,8,6,mV_6,51.592,,False,-1.3423484263480494,1.283242455669676,False
test_0009,8,7,mV_7,53.017,,False,-1.5631849811077057,1.4361731916261853,False
test_0009,8,8,mV_8,52.281,,False,-1.2759743779412802,1.5893568605534671,False
test_0009,8,9,mV_9,49.48,,False,-2.2422937052236027,2.027077932567773,True
test_0009,8,10,mV_10,43.187,,False,-2.3477499418826064,2.337620624593179,True
test_0009,8,11,mV_11,36.709,,False,-2.4126889093839003,2.2776048157485205,True
test_0009,8,12,mV_12,31.628,,False,-1.9372915023436745,1.984094996596943,False
test_0009,8,13,mV_13,27.949,,False,-1.6491080723165223,1.7514614459979285,False
test_0009,8,14,mV_14,25.192,,False,-1.7703381370149944,1.671430247105762,False
test_0009,8,15,mV_15,24.802,,False,-1.4959366420765374,1.5325299416329816,False
test_0009,8,16,mV_16,27.331,,False,-1.367908345363857,1.2972656544913046,False
test_0009,8,17,mV_17,31.721,,False,-0.9573092851609677,1.3025228844877,False
test_0009,8,18,mV_18,32.487,,False,-1.9275646222650071,1.7435684524519788,False
test_0009,8,19,mV_19,31.888,,False,-2.1618352801169336,2.0911558071798506,False
test_0009,8,20,mV_20,32.157,,False,-2.113388046220529,1.5971528431394977,False
test_0009,9,0,mV_0,28.766,,False,-0.6021231017802134,0.5348349695188117,False
test_0009,9,1,mV_1,29.008,,False,0.9350936745148197,0.823102586066961,False
test_0009,9,2,mV_2,24.601,,False,-0.820099893457991,1.1031118429092144,False
test_0009,9,3,mV_3,30.233,,False,-1.8371539102060561,1.1236019284675258,False
test_0009,9,4,mV_4,,32.59556034858505,True,,,False
test_0009,9,5,mV_5,35.59,,False,-5.318835897344929,3.9532026613043367,False
test_0009,9,6,mV_6,41.48,,False,-5.175138850527488,5.12403660777931,True
test_0009,9,7,mV_7,43.806,,False,-4.827032832717335,4.941311433029954,True
test_0009,9,8,mV_8,41.496,,False,-4.9360412161576575,5.182994233885113,True
test_0009,9,9,mV_9,38.125,,False,-6.0328616705078035,5.812754304590141,True
test_0009,9,10,mV_10,31.679,,False,-6.249252661187299,6.508305143986165,True
test_0009,9,11,mV_11,22.143,,False,-7.50185358306226,7.324514196993931,True
test_0009,9,12,mV_12,15.292,,False,-8.045096960663907,7.898756316987551,True
test_0009,9,13,mV_13,11.944,,False,-8.002977763560134,8.139140825346775,True
test_0009,9,14,mV_14,10.663,,False,-8.505510813602926,8.232772015764924,True
test_0009,9,15,mV_15,11.831,,False,-7.917088672293707,7.94008152640512,True
test_0009,9,16,mV_16,15.867,,False,-7.420637947430139,7.288458540324146,True
test_0009,9,17,mV_17,20.905,,False,-6.395469594142601,6.436272590782245,True
test_0009,9,18,mV_18,24.441,,False,-5.533513227413638,6.006288136171368,True
test_0009,9,19,mV_19,22.362,,False,-6.5626564957155935,6.605980631250546,True
test_0009,9,20,mV_20,20.623,,False,-7.765096306157356,5.523212277007577,True
test_0009,10,0,mV_0,36.049,,False,2.3341089372323682,1.5606000869340417,False
test_0009,10,1,mV_1,30.732,,False,1.574182473271431,1.5860748224443428,False
test_0009,10,2,mV_2,28.511,,False,0.8618254060021416,1.1430946973682137,False
test_0009,10,3,mV_3,37.047,,False,1.2745455041971407,1.2160606008749857,False
test_0009,10,4,mV_4,46.71,,False,1.4533259891035193,1.515520477984649,False
test_0009,10,5,mV_5,54.222,,False,1.880884429534416,1.7568613162068039,False
test_0009,10,6,mV_6,59.915,,False,1.8123504166548638,1.8831493710667428,False
test_0009,10,7,mV_7,63.149,,False,2.0270122214228277,2.136598709473916,True
test_0009,10,8,mV_8,63.938,,False,2.6800199783951437,2.4199383150414313,True
test_0009,10,9,mV_9,63.065,,False,2.2927010819526092,2.3489642227516345,True
test_0009,10,10,mV_10,56.396,,False,2.1304347487061754,2.0075632217549706,True
test_0009,10,11,mV_11,47.841,,False,1.476682307654922,1.5755269113690957,False
test_0009,10,12,mV_12,40.068,,False,1.2183082814603625,1.2321023621379747,False
test_0009,10,13,mV_13,34.66,,False,1.0151105779762515,1.1111399848745074,False
test_0009,10,14,mV_14,31.591,,False,1.1960305020851643,1.255020105570356,False
test_0009,10,15,mV_15,31.082,,False,1.6129088401348448,1.6562942541791938,False
test_0009,10,16,mV_16,34.095,,False,2.2033288343619217,1.504891627214672,False
test_0009,10,17,mV_17,,37.97882433223364,True,,,False
test_0009,10,18,mV_18,41.591,,False,2.1525442642964046,1.6101477375729552,False
test_0009,10,19,mV_19,41.19,,False,2.135502421699012,2.22035252384235,False
test_0009,10,20,mV_20,41.486,,False,2.457860987674971,1.7628060992622383,False
test_0009,11,0,mV_0,33.463,,False,1.2915308714783478,0.9118825305230496,False
test_0009,11,1,mV_1,29.357,,False,1.0644683791355027,0.8670000753139587,False
test_0009,11,2,mV_2,26.618,,False,0.04753267150648126,0.3240189649114395,False
test_0009,11,3,mV_3,33.957,,False,-0.1365421374972929,0.17593840801083627,False
test_0009,11,4,mV_4,42.178,,False,-0.38313668554227803,0.2665191658705923,False
test_0009,11,5,mV_5,48.932,,False,-0.16326115490052026,0.18608514845540058,False
test_0009,11,6,mV_6,55.042,,False,-0.03468159847828376,0.17646128669995362,False
test_0009,11,7,mV_7,58.764,,False,0.4732207949427267,0.537570966382828,False
test_0009,11,8,mV_8,59.486,,False,1.1691606771675749,0.9202882134437609,False
test_0009,11,9,mV_9,58.802,,False,0.8696107044971673,0.9200856521421625,False
test_0009,11,10,mV_10,52.389,,False,0.7719605224067408,0.6783700283676332,False
test_0009,11,11,mV_11,44.473,,False,0.2999483641598836,0.45087722590442797,False
test_0009,11,12,mV_12,37.964,,False,0.43165165289120405,0.3909543501388817,False
test_0009,11,13,mV_13,33.112,,False,0.4005657306132351,0.38295261030720235,False
test_0009,11,14,mV_14,29.656,,False,0.2990273271111352,0.24965509620887638,False
test_0009,11,15,mV_15,,28.1557111886038,True,,,False
test_0009,11,16,mV_16,31.375,,False,0.7672310920712483,0.6693251055381036,False
test_0009,11,17,mV_17,35.898,,False,1.142838238009918,0.9578432457122802,False
test_0009,11,18,mV_18,38.525,,False,0.7784654147580365,0.7938443622378598,False
test_0009,11,19,mV_19,37.597,,False,0.4756083814254484,0.5120462243259135,False
test_0009,11,20,mV_20,37.12,,False,0.3185027196947208,0.27815345520372253,False
test_0009,12,0,mV_0,33.071,,False,1.1334911956177216,0.6286063537789937,False
test_0009,12,1,mV_1,27.153,,False,0.24744302388053127,0.6319066406734304,False
test_0009,12,2,mV_2,28.598,,False,0.8992493193149372,0.7593390782585576,False
test_0009,12,3,mV_3,36.427,,False,0.9914146505238247,0.7205196550906466,False
test_0009,12,4,mV_4,,43.83449980978381,True,,,False
test_0009,12,5,mV_5,49.511,,False,0.06047425027676327,0.08590772378863418,False
test_0009,12,6,mV_6,54.546,,False,-0.2226823946010102,0.16822700008321023,False
test_0009,12,7,mV_7,57.9,,False,0.16706896085405737,0.386020148107609,False
test_0009,12,8,mV_8,58.95,,False,0.9872602761213108,0.7336886483207408,False
test_0009,12,9,mV_9,58.573,,False,0.793165080186284,0.8865634785552812,False
test_0009,12,10,mV_10,52.981,,False,0.9726634777272459,0.8655615751178817,False
test_0009,12,11,mV_11,45.686,,False,0.7237542648307511,0.8238131823564688,False
test_0009,12,12,mV_12,39.15,,False,0.875080722037127,0.818960288930595,False
test_0009,12,13,mV_13,34.123,,False,0.8019254468173754,0.8042393489645395,False
test_0009,12,14,mV_14,30.603,,False,0.7380257801862805,0.7008212419100806,False
test_0009,12,15,mV_15,28.885,,False,0.5253079604503857,0.5164775085059587,False
test_0009,12,16,mV_16,30.447,,False,0.27726833293678266,0.3003798602323733,False
test_0009,12,17,mV_17,33.867,,False,0.1216748146055422,0.27704109945288286,False
test_0009,12,18,mV_18,38.099,,False,0.5875464356636644,0.4708128151742347,False
test_0009,12,19,mV_19,37.837,,False,0.5864835747640678,0.5150990364722462,False
test_0009,12,20,mV_20,37.082,,False,0.29988256069718505,0.2965621740396095,False
test_0009,13,0,mV_0,32.408,,False,0.8661944989452883,0.4565904354478182,False
test_0009,13,1,mV_1,26.739,,False,0.09397274390069615,0.5246958400203614,False
test_0009,13,2,mV_2,28.936,,False,1.044643373334765,0.9396864231155182,False
test_0009,13,3,mV_3,37.706,,False,1.5754862018918467,1.3326094672466022,False
test_0009,13,4,mV_4,45.924,,False,1.1348220918679504,1.2216793082615858,False
test_0009,13,5,mV_5,52.05,,False,1.0415868474185954,0.9432727198223195,False
test_0009,13,6,mV_6,56.598,,False,0.5550950925841368,0.6432273736616131,False
test_0009,13,7,mV_7,58.617,,False,0.4211324620595832,0.5803745346825502,False
test_0009,13,8,mV_8,58.764,,False,0.9241381220268976,0.626188601352769,False
test_0009,13,9,mV_9,56.902,,False,0.23534569929769758,0.3644720548555787,False
test_0009,13,10,mV_10,50.298,,False,0.06305869880002214,0.18317157996697386,False
test_0009,13,11,mV_11,42.552,,False,-0.3712232229701536,0.2661988113648245,False
test_0009,13,12,mV_12,36.116,,False,-0.25929010071896863,0.2495456143917682,False
test_0009,13,13,mV_13,31.83,,False,-0.10837903315898206,0.11901204175923319,False
test_0009,13,14,mV_14,,29.07088666684084,True,,,False
test_0009,13,15,mV_15,29.196,,False,0.6792651172923827,0.6293800857797824,False
test_0009,13,16,mV_16,32.117,,False,1.1589901085343646,1.1326875572957598,False
test_0009,13,17,mV_17,36.675,,False,1.5335048948219276,1.3172209043289471,False
test_0009,13,18,mV_18,39.115,,False,1.0428837191375684,1.1356348269067964,False
test_0009,13,19,mV_19,38.566,,False,0.9232669745301213,0.7223544170494527,False
test_0009,13,20,mV_20,,37.10891949015394,True,,,False
test_0009,14,0,mV_0,30.238,,False,-0.008667992426029525,0.1710105049954633,False
test_0009,14,1,mV_1,24.687,,False,-0.6667060351297942,0.35331788249113943,False
test_0009,14,2,mV_2,26.342,,False,-0.07119146727893978,0.31666624055928316,False
test_0009,14,3,mV_3,35.258,,False,0.45757599254945897,0.29394609590541504,False
test_0009,14,4,mV_4,43.591,,False,0.1894409312438025,0.2760128955750123,False
test_0009,14,5,mV_5,50.047,,False,0.26759372726298525,0.1818677849358508,False
test_0009,14,6,mV_6,55.126,,False,-0.002842753973630062,0.09104114498567566,False
test_0009,14,7,mV_7,57.685,,False,0.09088534473245724,0.04615336085963614,False
test_0009,14,8,mV_8,,55.5647444606246,True,,,False
test_0009,14,9,mV_9,56.849,,False,0.21765304388950035,0.1113692114124928,False
test_0009,14,10,mV_10,50.142,,False,0.010170757870970486,0.22060951867690679,False
test_0009,14,11,mV_11,41.77,,False,-0.6444435150761858,0.52614891780577,False
test_0009,14,12,mV_12,34.655,,False,-0.805537883199738,0.7930439115448211,False
test_0009,14,13,mV_13,29.794,,False,-0.9166563647036227,0.9235919037091181,False
test_0009,14,14,mV_14,26.734,,False,-1.055517002229489,0.9491036471820565,False
test_0009,14,15,mV_15,26.271,,False,-0.7687242195656255,0.7786316193932861,False
test_0009,14,16,mV_16,28.934,,False,-0.5215610362124038,0.4948187147988951,False
test_0009,14,17,mV_17,33.292,,False,-0.1674285672051472,0.4264234777400844,False
test_0009,14,18,mV_18,34.893,,False,-0.8492757403376394,0.7489380175009304,False
test_0009,14,19,mV_19,34.122,,False,-1.1297720221232956,1.017184495331428,False
test_0009,14,20,mV_20,34.511,,False,-0.9599181967414813,0.7624021039015645,False
test_0009,15,0,mV_0,33.574,,False,1.3362819021429626,0.8540939201412521,False
test_0009,15,1,mV_1,28.492,,False,0.7438118762790832,0.7808780102912658,False
test_0009,15,2,mV_2,25.811,,False,-0.2996063864639343,0.37891078435355807,False
test_0009,15,3,mV_3,33.878,,False,-0.17261848820728043,0.2096854319496551,False
test_0009,15,4,mV_4,43.602,,False,0.1938983649201254,0.3472715836149419,False
test_0009,15,5,mV_5,51.499,,False,0.8286711164122363,0.6661144377835834,False
test_0009,15,6,mV_6,57.279,,False,0.8132171533897354,0.8742614427605502,False
test_0009,15,7,mV_7,60.369,,False,1.0419403478504938,1.1543473980287238,False
test_0009,15,8,mV_8,61.11,,False,1.7202917430241724,1.508367170863754,False
test_0009,15,9,mV_9,60.843,,False,1.5509448495561782,1.6166982474681573,False
test_0009,15,10,mV_10,54.963,,False,1.6446115477361005,1.5088985174082432,False
test_0009,15,11,mV_11,47.036,,False,1.195426124604594,1.2682962572916572,False
test_0009,15,12,mV_12,39.585,,False,1.0377212322213407,0.9813774271877911,False
test_0009,15,13,mV_13,33.752,,False,0.6546411197038889,0.6732127798752934,False
test_0009,15,14,mV_14,29.757,,False,0.3458476478720547,0.435733553155529,False
test_0009,15,15,mV_15,28.625,,False,0.3965977971741177,0.43050258062624436,False
test_0009,15,16,mV_16,31.026,,False,0.5829670802846875,0.5716368458738712,False
test_0009,15,17,mV_17,35.065,,False,0.724015425751992,0.624833011793188,False
test_0009,15,18,mV_18,37.833,,False,0.4683341153840804,0.5430816189451627,False
test_0009,15,19,mV_19,37.675,,False,0.5116428192604983,0.5744191592062,False
test_0009,15,20,mV_20,38.115,,False,0.8060568829197233,0.5309391462749862,False
test_0009,16,0,mV_0,30.635,,False,0.15138749562669637,0.2151237213819852,False
test_0009,16,1,mV_1,24.981,,False,-0.5577198942745482,0.6625016292545655,False
test_0009,16,2,mV_2,23.292,,False,-1.3831792328424692,1.121228715005022,False
test_0009,16,3,mV_3,31.714,,False,-1.1608365000606011,1.1157046421401322,False
test_0009,16,4,mV_4,41.253,,False,-0.7579663355968579,0.7360907246293255,False
test_0009,16,5,mV_5,48.662,,False,-0.26759372726298514,0.4394149473534891,False
test_0009,16,6,mV_6,53.908,,False,-0.46450599929112824,0.3719253722306222,False
test_0009,16,7,mV_7,56.607,,False,-0.2910957630772472,0.3489023914514225,False
test_0009,16,8,mV_8,57.069,,False,0.3489120403600674,0.2955509396349368,False
test_0009,16,9,mV_9,56.776,,False,0.19328391474236506,0.3069361376999548,False
test_0009,16,10,mV_10,51.564,,False,0.49226468095502174,0.3557269876133524,False
test_0009,16,11,mV_11,44.316,,False,0.24509467380100117,0.2883767447307952,False
test_0009,16,12,mV_12,37.267,,False,0.17105295036615678,0.15483924774127508,False
test_0009,16,13,mV_13,32.022,,False,-0.03215641643178554,0.1014830915811584,False
test_0009,16,14,mV_14,28.643,,False,-0.17056658309490572,0.16236247702768486,False
test_0009,16,15,mV_15,27.266,,False,-0.2761603254891425,0.2862971433479937,False
test_0009,16,16,mV_16,29.122,,False,-0.4223013393187841,0.42524523042712936,False
test_0009,16,17,mV_17,32.471,,False,-0.5802179175818066,0.5393216945589705,False
test_0009,16,18,mV_18,35.506,,False,-0.574549603753485,0.6092098631452084,False
test_0009,16,19,mV_19,35.036,,False,-0.7075223274920569,0.5979719234803105,False
test_0009,16,20,mV_20,35.649,,False,-0.40229343518364336,0.37802729946483593,False
test_0010,1,0,mV_0,39.396,,False,-0.7847556863844556,0.5082682931407692,False
test_0010,1,1,mV_1,32.917,,False,-0.4635617997941653,0.44469228850509235,False
test_0010,1,2,mV_2,29.88,,False,0.06688986804758323,0.18227217884521674,False
test_0010,1,3,mV_3,37.939,,False,0.1317471794915352,0.13101999533228204,False
test_0010,1,4,mV_4,48.132,,False,0.19369575429847455,0.2004506689509568,False
test_0010,1,5,mV_5,55.92,,False,0.2826639877153429,0.1939761634342807,False
test_0010,1,6,mV_6,61.694,,False,0.016880924007962494,0.13092903501553427,False
test_0010,1,7,mV_7,66.084,,False,-0.20729030433086915,0.15396953520248086,False
test_0010,1,8,mV_8,67.535,,False,-0.1844166081402226,0.2417160365457207,False
test_0010,1,9,mV_9,66.932,,False,-0.39074062557156847,0.46595156666474175,False
test_0010,1,10,mV_10,60.725,,False,-0.8979084073756074,0.788589554816537,False
test_0010,1,11,mV_11,52.278,,False,-0.9678007789433649,0.8304513455113207,False
test_0010,1,12,mV_12,44.109,,False,-0.48829541678294563,0.6203755597683386,False
test_0010,1,13,mV_13,38.045,,False,-0.5371106265640981,0.4620185674498781,False
test_0010,1,14,mV_14,34.554,,False,-0.28555759988837065,0.2995188552723662,False
test_0010,1,15,mV_15,33.222,,False,0.08984959474862547,0.2001305637392896,False
test_0010,1,16,mV_16,35.213,,False,0.3352654655715369,0.2353743180805713,False
test_0010,1,17,mV_17,38.934,,False,0.1811167464305858,0.3159393699401835,False
test_0010,1,18,mV_18,43.632,,False,0.5662585213280256,0.37702965963203566,False
test_0010,1,19,mV_19,43.635,,False,0.19448484944150568,0.23880705505275923,False
test_0010,1,20,mV_20,,42.34581812417364,True,,,False
test_0010,2,0,mV_0,21.967,,False,-7.811473825605971,5.215192420638185,True
test_0010,2,1,mV_1,20.038,,False,-5.237822031340797,5.603464277722197,True
test_0010,2,2,mV_2,20.131,,False,-4.1267392226012225,4.987184730574335,True
test_0010,2,3,mV_3,23.51,,False,-6.4574384457541,6.322271019760029,True
test_0010,2,4,mV_4,27.301,,False,-8.24746796493069,8.064082030067961,True
test_0010,2,5,mV_5,31.111,,False,-9.303953744656367,8.951608933094999,True
test_0010,2,6,mV_6,38.034,,False,-8.95106027813657,6.804176143236618,True
test_0010,2,7,mV_7,66.699,,False,0.010630272016966,2.343482984755671,False
test_0010,2,8,mV_8,66.895,,False,-0.40161111685218237,0.22044640650376596,False
test_0010,2,9,mV_9,67.899,,False,-0.06793312029373316,0.4560619351871832,False
test_0010,2,10,mV_10,67.169,,False,1.286770383309084,1.4963631698567612,False
test_0010,2,11,mV_11,64.619,,False,3.343978792515143,3.2443314324668933,False
test_0010,2,12,mV_12,32.035,,False,-5.002597761528203,4.604390177362319,False
test_0010,2,13,mV_13,26.631,,False,-5.068386393877725,4.73307002461258,False
test_0010,2,14,mV_14,26.988,,False,-3.7929095491666645,3.6941713971364143,False
test_0010,2,15,mV_15,28.753,,False,-2.1224800963346016,2.7861217659404307,False
test_0010,2,16,mV_16,28.694,,False,-3.1066173219258553,3.2931067812522796,False
test_0010,2,17,mV_17,28.954,,False,-4.836712384822806,4.736199499966007,False
test_0010,2,18,mV_18,28.613,,False,-6.164755908292564,6.03980594003559,False
test_0010,2,19,mV_19,28.077,,False,-6.992999558734423,6.911024862963002,False
test_0010,2,20,mV_20,27.255,,False,-7.493344426090595,5.4949221027289035,False
test_0010,3,0,mV_0,44.067,,False,1.0984160634751854,0.8295044458674317,False
test_0010,3,1,mV_1,37.192,,False,1.121185656519356,1.0885072688649413,False
test_0010,3,2,mV_2,32.08,,False,1.0132416989458675,1.0493270487512079,False
test_0010,3,3,mV_3,39.949,,False,1.04963914059374,1.066140993710411,False
test_0010,3,4,mV_4,50.497,,False,1.152043994708296,1.1652922071214686,False
test_0010,3,5,mV_5,58.572,,False,1.307441698475542,1.228332306964075,False
test_0010,3,6,mV_6,64.674,,False,1.1464018361969202,1.1058456918458106,False
test_0010,3,7,mV_7,68.992,,False,0.8231373965138603,0.914225564614837,False
test_0010,3,8,mV_8,70.625,,False,0.8642256292347074,0.9053316649513058,False
test_0010,3,9,mV_9,71.307,,False,1.0697380048219483,0.9623500389624717,False
test_0010,3,10,mV_10,65.868,,False,0.845698516971283,0.8710039592970691,False
test_0010,3,11,mV_11,57.117,,False,0.7228807984237623,0.8242100467796148,False
test_0010,3,12,mV_12,48.104,,False,1.0053800732996518,0.868017042563285,False
test_0010,3,13,mV_13,41.258,,False,0.7384272252300744,0.8340314795578007,False
test_0010,3,14,mV_14,37.012,,False,0.8538913944714017,0.8916827483276727,False
test_0010,3,15,mV_15,35.304,,False,1.120520979137813,1.2068065635962886,False
test_0010,3,16,mV_16,37.859,,False,1.7322929016381268,1.573172346201276,False
test_0010,3,17,mV_17,41.97,,False,1.707582602391038,1.6576663818355808,False
test_0010,3,18,mV_18,45.678,,False,1.4832074209221207,1.4009886023724047,False
test_0010,3,19,mV_19,45.227,,False,0.9299569652543398,1.32499940519368,False
test_0010,3,20,mV_20,46.541,,False,1.9568762693439194,1.2109273759855448,False
test_0010,4,0,mV_0,40.61,,False,-0.29531648614262257,0.16568358694575466,False
test_0010,4,1,mV_1,33.973,,False,-0.07210137549777351,0.33275641945916656,False
test_0010,4,2,mV_2,27.652,,False,-0.8915064406984966,0.9689045569969145,False
test_0010,4,3,mV_3,33.226,,False,-2.020503971092891,1.5755405463114707,False
test_0010,4,4,mV_4,44.274,,False,-1.3696478023616037,1.3134584066997745,False
test_0010,4,5,mV_5,53.91,,False,-0.4940340509829997,0.6468017478418921,False
test_0010,4,6,mV_6,61.044,,False,-0.2294910870399659,0.3310031796137758,False
test_0010,4,7,mV_7,65.622,,False,-0.3709964933921718,0.3764468652106753,False
test_0010,4,8,mV_8,66.504,,False,-0.5343033870183918,0.5253521817003899,False
test_0010,4,9,mV_9,66.12,,False,-0.6618054593726043,0.5521589849202345,False
test_0010,4,10,mV_10,62.339,,False,-0.3507216339173378,0.36876310682545477,False
test_0010,4,11,mV_11,54.728,,False,-0.11180370009453931,0.2467748580917599,False
test_0010,4,12,mV_12,46.519,,False,0.4127703982606231,0.31066314550134644,False
test_0010,4,13,mV_13,40.167,,False,0.3053080853896003,0.3159945295741061,False
test_0010,4,14,mV_14,35.689,,False,0.2405915492566009,0.20943193241713715,False
test_0010,4,15,mV_15,32.937,,False,-0.05123654576574645,0.1293242718657665,False
test_0010,4,16,mV_16,34.248,,False,-0.1742324466749722,0.14778774096332947,False
test_0010,4,17,mV_17,38.193,,False,-0.191449524737627,0.1643241837955332,False
test_0010,4,18,mV_18,42.592,,False,0.10016523903190662,0.25987116069029736,False
test_0010,4,19,mV_19,41.812,,False,-0.6477046399597491,0.512482636730017,False
test_0010,4,20,mV_20,41.212,,False,-0.6543560279686635,0.4891041739742691,False
test_0010,5,0,mV_0,42.119,,False,0.3130556334330996,0.21264270471642363,False
test_0010,5,1,mV_1,34.773,,False,0.2244595519994953,0.240446005432142,False
test_0010,5,2,mV_2,29.26,,False,-0.19980928429647776,0.28656797013820906,False
test_0010,5,3,mV_3,36.507,,False,-0.5221937599603854,0.34083296243702754,False
test_0010,5,4,mV_4,47.36,,False,-0.11913504553086147,0.25749741573961876,False
test_0010,5,5,mV_5,55.886,,False,0.26952581193636665,0.21870460982298773,False
test_0010,5,6,mV_6,62.221,,False,0.21663176988835608,0.17932934753406607,False
test_0010,5,7,mV_7,66.71,,False,0.01452803842318555,0.07944354247512063,False
test_0010,5,8,mV_8,67.866,,False,-0.07208632316575532,0.09913751542612459,False
test_0010,5,9,mV_9,67.39,,False,-0.23784937694980218,0.26903898711558366,False
test_0010,5,10,mV_10,61.815,,False,-0.5283708713969749,0.4944104625022082,False
test_0010,5,11,mV_11,53.093,,False,-0.6830507302650809,0.5257752121098248,False
test_0010,5,12,mV_12,44.857,,False,-0.20862851651216224,0.3141755747532447,False
test_0010,5,13,mV_13,39.004,,False,-0.1563945357235735,0.15098315217656852,False
test_0010,5,14,mV_14,34.992,,False,-0.08251502074696478,0.13289216768012158,False
test_0010,5,15,mV_15,32.616,,False,-0.2101440935029832,0.1257008019382328,False
test_0010,5,16,mV_16,,34.74231473703197,True,,,False
test_0010,5,17,mV_17,39.178,,False,0.30379713801634045,0.36707456627973234,False
test_0010,5,18,mV_18,44.289,,False,0.8607039890862486,0.5063012790472095,False
test_0010,5,19,mV_19,,43.18003774567662,True,,,False
test_0010,5,20,mV_20,42.206,,False,-0.16729186892780984,0.08364593446390492,False
test_0010,6,0,mV_0,41.57,,False,0.09171945474054088,0.9016696914244938,False
test_0010,6,1,mV_1,43.402,,False,3.4232398562168935,3.3438318342341926,False
test_0010,6,2,mV_2,44.689,,False,6.437128169762444,5.304680357246131,False
test_0010,6,3,mV_3,48.427,,False,4.921225233242746,4.4699493315121295,False
test_0010,6,4,mV_4,51.603,,False,1.600218689800585,2.3195038224653057,False
test_0010,6,5,mV_5,52.196,,False,-1.1563526770173056,1.9115510404599574,False
test_0010,6,6,mV_6,51.8,,False,-3.7332801180046338,3.6238573794000146,False
test_0010,6,7,mV_7,50.096,,False,-5.8725166045734865,5.493566652973356,False
test_0010,6,8,mV_8,48.937,,False,-6.495953284741816,6.2690118572312725,False
test_0010,6,9,mV_9,49.495,,False,-6.211624254867972,7.0970867212458675,True
test_0010,6,10,mV_10,35.443,,False,-9.469145090505712,9.708147752018592,True
test_0010,6,11,mV_11,15.886,,False,-13.682676572194971,12.217941354919738,True
test_0010,6,12,mV_12,13.22,,False,-12.037267184783293,9.515530508588926,True
test_0010,6,13,mV_13,40.166,,False,0.3049110925941442,3.47016064334637,False
test_0010,6,14,mV_14,37.831,,False,1.2335532034138985,0.9012301918865618,False
test_0010,6,15,mV_15,34.723,,False,0.8329032681243064,1.1138270715452798,False
test_0010,6,16,mV_16,31.631,,False,-1.5559485465186083,2.3124022075681494,False
test_0010,6,17,mV_17,28.023,,False,-5.304808469111075,4.7385423311804935,False
test_0010,6,18,mV_18,27.221,,False,-6.788603839981215,6.5951054493607835,False
test_0010,6,19,mV_19,26.983,,False,-7.4984056483696255,7.038182486911044,False
test_0010,6,20,mV_20,29.553,,False,-6.367314810923711,5.058258817554262,False
test_0010,7,0,mV_0,42.339,,False,0.40175136988549104,0.9046054983647763,False
test_0010,7,1,mV_1,26.574,,False,-2.814919253688123,3.800596089637704,False
test_0010,7,2,mV_2,8.405,,False,-9.170794481289079,8.179858820371098,False
test_0010,7,3,mV_3,12.33,,False,-11.56292706521811,10.4067169346899,True
test_0010,7,4,mV_4,24.629,,False,-9.330219127034301,10.31983336144078,True
test_0010,7,5,mV_5,26.577,,False,-11.055968126476406,10.605072189563348,True
test_0010,7,6,mV_6,32.686,,False,-10.978133378266282,10.949958731456931,True
test_0010,7,7,mV_7,36.225,,False,-10.78760004281875,11.095607509195947,True
test_0010,7,8,mV_8,33.222,,False,-11.829096572880006,11.792996673554796,True
test_0010,7,9,mV_9,29.98,,False,-12.726193505640422,12.567766749768047,True
test_0010,7,10,mV_10,25.059,,False,-12.98958341491134,13.300090166539366,True
test_0010,7,11,mV_11,13.561,,False,-14.495000330694364,14.297505924427975,True
test_0010,7,12,mV_12,4.733,,False,-15.210439621411831,15.039897076920244,True
test_0010,7,13,mV_13,1.0,,False,-15.24370873416295,15.384489916990315,True
test_0010,7,14,mV_14,1.0,,False,-15.840102578223531,15.696303459626776,True
test_0010,7,15,mV_15,1.0,,False,-15.861299947897097,16.030016169812846,True
test_0010,7,16,mV_16,3.218,,False,-16.55736220523365,15.978062285984349,True
test_0010,7,17,mV_17,8.867,,False,-14.936224785572998,14.602270345329075,True
test_0010,7,18,mV_18,15.639,,False,-11.97926960493665,13.236704382518187,True
test_0010,7,19,mV_19,12.797,,False,-14.052053534626456,14.195852429048562,True
test_0010,7,20,mV_20,8.466,,False,-16.700033042004684,11.863029904658955,True
test_0010,8,0,mV_0,40.951,,False,-0.15783809464141513,0.10176350626698158,False
test_0010,8,1,mV_1,34.414,,False,0.09137783578509606,0.5975226799977738,False
test_0010,8,2,mV_2,34.489,,False,2.049496953779488,1.2956178469671797,False
test_0010,8,3,mV_3,39.823,,False,0.9920996445246474,1.1424509869294146,False
test_0010,8,4,mV_4,46.331,,False,-0.5361077048888754,0.7436300359828062,False
test_0010,8,5,mV_5,52.833,,False,-0.9102050896288265,1.4383987413841326,False
test_0010,8,6,mV_6,52.687,,False,-3.3970770813900018,2.740722992002494,False
test_0010,8,7,mV_7,57.473,,False,-3.2585327156011457,3.484283173949134,True
test_0010,8,8,mV_8,56.224,,False,-4.022990183204243,4.182078358920617,True
test_0010,8,9,mV_9,51.855,,False,-5.423800353672839,4.960895737890368,True
test_0010,8,10,mV_10,48.705,,False,-4.97299206101155,4.954368855020469,True
test_0010,8,11,mV_11,42.318,,False,-4.4476909443859345,4.379095474725949,True
test_0010,8,12,mV_12,35.658,,False,-3.6480079491203776,4.084123966887587,True
test_0010,8,13,mV_13,27.829,,False,-4.592789024923658,4.658899308265816,True
test_0010,8,14,mV_14,22.654,,False,-5.802011234095572,5.069169037356929,True
test_0010,8,15,mV_15,24.799,,False,-4.079864656312915,4.0937809804313305,True
test_0010,8,16,mV_16,30.007,,False,-2.4133833750039217,3.065783619068206,True
test_0010,8,17,mV_17,31.898,,False,-3.356503069952066,2.8303213811417356,True
test_0010,8,18,mV_18,37.471,,False,-2.194896009658889,2.8063687447786396,True
test_0010,8,19,mV_19,35.683,,False,-3.479179889844713,3.4360763581859404,True
test_0010,8,20,mV_20,33.178,,False,-4.591049643395447,3.1653197941589015,True
test_0010,9,0,mV_0,42.984,,False,0.6617911426663677,0.5377931559074491,False
test_0010,9,1,mV_1,36.4,,False,0.8275903382970609,0.5792429548151223,False
test_0010,9,2,mV_2,,30.652016394326427,True,,,False
test_0010,9,3,mV_3,39.647,,False,0.9117270150948018,0.8906659016107148,False
test_0010,9,4,mV_4,51.946,,False,1.7392095762532553,1.6444614108170765,False
test_0010,9,5,mV_5,60.85,,False,2.187699475666994,1.528652131896811,False
test_0010,9,6,mV_6,,66.33703314502124,True,,,False
test_0010,9,7,mV_7,71.008,,False,1.5374916760540818,1.0631958883239412,False
test_0010,9,8,mV_8,71.549,,False,1.1778002011876012,1.2463825234909085,False
test_0010,9,9,mV_9,71.375,,False,1.0924380155343494,1.0710791019993762,False
test_0010,9,10,mV_10,66.092,,False,0.9216401757412048,0.969154095156219,False
test_0010,9,11,mV_11,57.741,,False,0.940898013608117,1.0225881519198543,False
test_0010,9,12,mV_12,48.857,,False,1.2869164047219788,1.1268083593432008,False
test_0010,9,13,mV_13,41.898,,False,0.9925026143207284,1.095193792648078,False
test_0010,9,14,mV_14,37.562,,False,1.108853537228876,1.1888685516819937,False
test_0010,9,15,mV_15,36.162,,False,1.5452645179494942,1.6316764197541433,False
test_0010,9,16,mV_16,38.986,,False,2.327323105888709,2.1693156276173866,True
test_0010,9,17,mV_17,43.501,,False,2.4773517807426346,2.3583626287816,True
test_0010,9,18,mV_18,47.169,,False,2.151423847752422,2.0495018230479354,True
test_0010,9,19,mV_19,46.283,,False,1.4178078159442624,1.2467598699102367,False
test_0010,9,20,mV_20,,45.99571329008715,True,,,False
test_0010,10,0,mV_0,42.297,,False,0.38481854747185207,0.19671867471362056,False
test_0010,10,1,mV_1,34.214,,False,0.017237603910778124,0.40469867523924585,False
test_0010,10,2,mV_2,32.513,,False,1.199500945663575,1.1118116769191906,False
test_0010,10,3,mV_3,42.098,,False,2.0310072124388343,1.8647575432423358,False
test_0010,10,4,mV_4,53.077,,False,2.1975148024281,2.2637561080904454,False
test_0010,10,5,mV_5,61.992,,False,2.628987615066747,1.8638725081403984,False
test_0010,10,6,mV_6,,66.61597690282142,True,,,False
test_0010,10,7,mV_7,71.565,,False,1.734860393169115,1.1987015034365318,False
test_0010,10,8,mV_8,71.983,,False,1.325085227407898,1.4515712987905358,False
test_0010,10,9,mV_9,72.36,,False,1.4212543471772323,1.3003628648366554,False
test_0010,10,10,mV_10,66.423,,False,1.0338575375842591,1.04824583659464,False
test_0010,10,11,mV_11,57.063,,False,0.7040139240328104,0.869574504016285,False
test_0010,10,12,mV_12,48.187,,False,1.0364126304152597,0.9508707948982785,False
test_0010,10,13,mV_13,41.984,,False,1.0266439947297843,1.06018470063544,False
test_0010,10,14,mV_14,37.653,,False,1.1510381826669316,1.1748090198527827,False
test_0010,10,15,mV_15,35.809,,False,1.370515719347484,1.5677836210354916,False
test_0010,10,16,mV_16,39.084,,False,2.379064862780067,2.222895272007552,True
test_0010,10,17,mV_17,44.069,,False,2.7629356431225904,2.6028269894777174,True
test_0010,10,18,mV_18,47.961,,False,2.5063718088856217,2.2782756404168993,True
test_0010,10,19,mV_19,46.109,,False,1.3374233007737641,1.6981604324885828,False
test_0010,10,20,mV_20,45.836,,False,1.6114233195211811,1.1400674849540315,False
test_0010,11,0,mV_0,40.753,,False,-0.23766425744856784,0.17263013447808476,False
test_0010,11,1,mV_1,33.587,,False,-0.21519202301520332,0.43053879878068047,False
test_0010,11,2,mV_2,27.274,,False,-1.0541068916437475,1.0495585966384984,False
test_0010,11,3,mV_3,33.545,,False,-1.8748285802512956,1.473350993846522,False
test_0010,11,4,mV_4,44.965,,False,-1.0896399232397485,1.106605285822729,False
test_0010,11,5,mV_5,54.225,,False,-0.37231271656012366,0.5279734360050233,False
test_0010,11,6,mV_6,60.917,,False,-0.2776283876600977,0.30594993468828796,False
test_0010,11,7,mV_7,65.833,,False,-0.29623024687283284,0.21752222035144084,False
test_0010,11,8,mV_8,,67.65882885133406,True,,,False
test_0010,11,9,mV_9,68.016,,False,-0.028875748920922855,0.11576404975001561,False
test_0010,11,10,mV_10,64.569,,False,0.40530470115821676,0.31197951078630604,False
test_0010,11,11,mV_11,56.217,,False,0.4084328919078678,0.46593981404584994,False
test_0010,11,12,mV_12,47.131,,False,0.6415887712094474,0.4229026085816906,False
test_0010,11,13,mV_13,,39.43789609037949,True,,,False
test_0010,11,14,mV_14,35.682,,False,0.2373465765305978,0.18964951772581706,False
test_0010,11,15,mV_15,33.614,,False,0.2839049178420727,0.21858035344339943,False
test_0010,11,16,mV_16,34.709,,False,0.06916500155885456,0.2052083259052237,False
test_0010,11,17,mV_17,37.781,,False,-0.3985983826611129,0.25104325044768755,False
test_0010,11,18,mV_18,42.061,,False,-0.13781123490966982,0.16855521312011312,False
test_0010,11,19,mV_19,,43.354126322991874,True,,,False
test_0010,11,20,mV_20,42.54,,False,-0.0036304714231386506,0.0018152357115693253,False
test_0010,12,0,mV_0,41.95,,False,0.24492118134012733,0.3142521029999371,False
test_0010,12,1,mV_1,36.237,,False,0.7671660493194938,0.6290830770679844,False
test_0010,12,2,mV_2,31.438,,False,0.7370790282928226,0.5802529353335406,False
test_0010,12,3,mV_3,37.825,,False,0.07968763542902325,0.2555182211436415,False
test_0010,12,4,mV_4,47.964,,False,0.12561858542369686,0.22681641608634018,False
test_0010,12,5,mV_5,56.68,,False,0.5763408580689438,0.4963504725917228,False
test_0010,12,6,mV_6,63.515,,False,0.707101588805307,0.6474342587589913,False
test_0010,12,7,mV_7,68.36,,False,0.5991929993564072,0.4763718968795304,False
test_0010,12,8,mV_8,,70.87448306673578,True,,,False
test_0010,12,9,mV_9,70.459,,False,0.7866555182908168,0.6546738582715811,False
test_0010,12,10,mV_10,66.457,,False,1.0453843965046907,0.9823568129693161,False
test_0010,12,11,mV_11,58.059,,False,1.0520029405770657,1.138146325001689,False
test_0010,12,12,mV_12,49.168,,False,1.4031950223479335,1.2518276902506487,False
test_0010,12,13,mV_13,42.292,,False,1.1489177757296614,1.1678193547206308,False
test_0010,12,14,mV_14,37.263,,False,0.9702468450752668,0.9059515407553662,False
test_0010,12,15,mV_15,34.12,,False,0.5343946971412701,0.6805596552920375,False
test_0010,12,16,mV_16,35.872,,False,0.6832023818103433,0.7711191141157525,False
test_0010,12,17,mV_17,40.928,,False,1.1836769957010533,1.228788396426431,False
test_0010,12,18,mV_18,46.529,,False,1.8645972124932744,1.5753936245951192,False
test_0010,12,19,mV_19,46.22,,False,1.3887030776928746,1.4842209961105162,False
test_0010,12,20,mV_20,45.19,,False,1.2948806165630409,0.994616077704739,False
test_0010,13,0,mV_0,39.119,,False,-0.8964316818267855,0.5779149090485256,False
test_0010,13,1,mV_1,32.768,,False,-0.5187962725405316,0.5077563223937308,False
test_0010,13,2,mV_2,29.499,,False,-0.09700106266707435,0.20268813499807609,False
test_0010,13,3,mV_3,37.436,,False,-0.09795414211762396,0.12236041247597862,False
test_0010,13,4,mV_4,47.169,,False,-0.19653230300159216,0.22018005668533575,False
test_0010,13,5,mV_5,54.18,,False,-0.38970147862053467,0.4559076445203371,False
test_0010,13,6,mV_6,59.413,,False,-0.8476953178386869,0.8190092306497124,False
test_0010,13,7,mV_7,63.308,,False,-1.1909448083009413,0.8073962336101423,False
test_0010,13,8,mV_8,,64.62101238888093,True,,,False
test_0010,13,9,mV_9,64.467,,False,-1.2136160138961458,0.9562159179737425,False
test_0010,13,10,mV_10,59.251,,False,-1.3976316441026784,1.336146032917116,False
test_0010,13,11,mV_11,51.225,,False,-1.3357048295669611,1.2103725637635088,False
test_0010,13,12,mV_12,43.349,,False,-0.7724489518174344,0.8953185978732591,False
test_0010,13,13,mV_13,37.633,,False,-0.7006716582912061,0.6667570306881222,False
test_0010,13,14,mV_14,34.106,,False,-0.49323585435264183,0.5598398678401573,False
test_0010,13,15,mV_15,31.925,,False,-0.5522161043641394,0.5760253594453144,False
test_0010,13,16,mV_16,33.24,,False,-0.7064333747003373,0.4912707134412035,False
test_0010,13,17,mV_17,,38.86355094440382,True,,,False
test_0010,13,18,mV_18,41.928,,False,-0.19741739504946304,0.20288736098413854,False
test_0010,13,19,mV_19,42.312,,False,-0.41671465383762807,0.3518648695496668,False
test_0010,13,20,mV_20,43.316,,False,0.3766127754739479,0.29248505119638096,False
test_0010,14,0,mV_0,40.648,,False,-0.27999631348266263,0.27942813030996866,False
test_0010,14,1,mV_1,32.663,,False,-0.5577198942745494,0.4477420378387326,False
test_0010,14,2,mV_2,28.805,,False,-0.39553204932316915,0.4011858544737274,False
test_0010,14,3,mV_3,37.09,,False,-0.25595942497402185,0.23253582222403482,False
test_0010,14,4,mV_4,47.71,,False,0.022692389624926347,0.17884748743224632,False
test_0010,14,5,mV_5,56.26,,False,0.41404574550511075,0.21269597015878697,False
test_0010,14,6,mV_6,,61.575926565412175,True,,,False
test_0010,14,7,mV_7,66.634,,False,-0.012401984019796773,0.02591940490064901,False
test_0010,14,8,mV_8,67.846,,False,-0.0788736515630025,0.0456669188515792,False
test_0010,14,9,mV_9,68.14,,False,0.012518388260515009,0.04212368514117516,False
test_0010,14,10,mV_10,63.564,,False,0.06458431248066812,0.03900296557411614,False
test_0010,14,11,mV_11,55.007,,False,-0.014324849074613287,0.053406344197311134,False
test_0010,14,12,mV_12,45.737,,False,0.12039136615934982,0.17135678649506164,False
test_0010,14,13,mV_13,38.314,,False,-0.4303195645869336,0.42894625850175794,False
test_0010,14,14,mV_14,33.585,,False,-0.7347545386738146,0.6812028211566212,False
test_0010,14,15,mV_15,31.374,,False,-0.8249826426919225,0.851456889248805,False
test_0010,14,16,mV_16,32.644,,False,-1.0211077329375604,0.7167995271417609,False
test_0010,14,17,mV_17,,36.964147208754746,True,,,False
test_0010,14,18,mV_18,41.02,,False,-0.6043526838233793,0.32908885501324636,False
test_0010,14,19,mV_19,42.981,,False,-0.10765005240622684,0.23904087846959327,False
test_0010,14,20,mV_20,42.826,,False,0.13651072524254013,0.09516787572282677,False
test_0010,15,0,mV_0,36.285,,False,-2.0389940323089584,1.3204600199192837,False
test_0010,15,1,mV_1,30.92,,False,-1.2038520150592187,1.531134210654435,False
test_0010,15,2,mV_2,25.824,,False,-1.6778387801903436,1.7079136690420695,False
test_0010,15,3,mV_3,32.675,,False,-2.2721251007283723,2.053336542808586,False
test_0010,15,4,mV_4,42.74,,False,-1.9912571895872546,2.0077978342687075,False
test_0010,15,5,mV_5,50.591,,False,-1.7765518571719496,1.851398192958674,False
test_0010,15,6,mV_6,56.739,,False,-1.861231867903542,1.8353990189800227,False
test_0010,15,7,mV_7,61.469,,False,-1.8425804829410564,1.8168651477657476,False
test_0010,15,8,mV_8,63.007,,False,-1.7210677572773352,1.7462617367401823,False
test_0010,15,9,mV_9,63.009,,False,-1.7003309494650014,1.7581613868829282,False
test_0010,15,10,mV_10,57.737,,False,-1.9109158913243751,1.8657512721106029,False
test_0010,15,11,mV_11,49.493,,False,-1.9408423563286603,1.850077848577099,False
test_0010,15,12,mV_12,41.115,,False,-1.6077107903267003,1.732402532147593,False
test_0010,15,13,mV_13,34.931,,False,-1.7733461916083118,1.8280775090840349,False
test_0010,15,14,mV_14,30.515,,False,-2.157906862792815,2.146967430391716,True
test_0010,15,15,mV_15,27.993,,False,-2.498709804372923,2.3723783199680355,True
test_0010,15,16,mV_16,30.157,,False,-2.334186808333481,2.2055375601186924,True
test_0010,15,17,mV_17,35.282,,False,-1.655066819434885,1.6870947274105457,False
test_0010,15,18,mV_18,39.905,,False,-1.1040584624389314,0.9657959360781869,False
test_0010,15,19,mV_19,,40.062432765296535,True,,,False
test_0010,15,20,mV_20,38.993,,False,-1.741675312588035,0.8708376562940175,False
test_0010,16,0,mV_0,42.484,,False,0.4602099234563868,0.33385494870731536,False
test_0010,16,1,mV_1,35.287,,False,0.414999947916488,0.3802476545129009,False
test_0010,16,2,mV_2,30.261,,False,0.2307807987622407,0.3878201590627931,False
test_0010,16,3,mV_3,39.128,,False,0.674719090810203,0.73067923986075,False
test_0010,16,4,mV_4,50.967,,False,1.342497979060353,1.2895731678448457,False
test_0010,16,5,mV_5,59.843,,False,1.7985776224484735,1.619399260197211,False
test_0010,16,6,mV_6,65.707,,False,1.5379438168315434,1.4351195207734637,False
test_0010,16,7,mV_7,69.113,,False,0.866012826982295,0.9690691552338468,False
test_0010,16,8,mV_8,69.865,,False,0.6063071501392542,0.697125799388447,False
test_0010,16,9,mV_9,70.229,,False,0.7098760702929845,0.6318270352832347,False
test_0010,16,10,mV_10,64.852,,False,0.5012488504077157,0.5216416949655828,False
test_0010,16,11,mV_11,56.119,,False,0.37419300875391515,0.46149585131441495,False
test_0010,16,12,mV_12,47.01,,False,0.5963485373421138,0.43499989198537825,False
test_0010,16,13,mV_13,39.834,,False,0.17310948450337016,0.2507078213865187,False
test_0010,16,14,mV_14,35.04,,False,-0.060263779197220674,0.08856983284112879,False
test_0010,16,15,mV_15,32.918,,False,-0.06064228846670364,0.19916042265109815,False
test_0010,16,16,mV_16,35.743,,False,0.6150933344737647,0.617243819931032,False
test_0010,16,17,mV_17,40.917,,False,1.1781463223098945,1.0810442285740702,False
test_0010,16,18,mV_18,45.387,,False,1.3527909352027274,1.1262706341276338,False
test_0010,16,19,mV_19,44.559,,False,0.621354343795186,0.9648774939387403,False
test_0010,16,20,mV_20,45.127,,False,1.2640103529618625,0.7873437624297277,False
test_0011,1,0,mV_0,33.367,,False,-0.6890046072597158,0.4096993700343352,False
test_0011,1,1,mV_1,27.082,,False,-0.2607882656179092,0.5169724663261882,False
test_0011,1,2,mV_2,21.267,,False,-0.8573087268092189,0.9847637970652416,False
test_0011,1,3,mV_3,24.665,,False,-1.9636494690246196,1.6962962357604163,False
test_0011,1,4,mV_4,32.439,,False,-2.000577278183207,2.0282239413134393,True
test_0011,1,5,mV_5,40.022,,False,-2.1480917398627235,2.1275796296771214,True
test_0011,1,6,mV_6,46.435,,False,-2.2135577607998322,2.1443104561644892,True
test_0011,1,7,mV_7,51.148,,False,-2.0020345631955694,2.0158602112056903,True
test_0011,1,8,mV_8,52.877,,False,-1.8458139576317905,1.8553000146025846,False
test_0011,1,9,mV_9,52.96,,False,-1.7275375799511885,1.6620440332960436,False
test_0011,1,10,mV_10,50.753,,False,-1.347287015650007,1.387509425612772,False
test_0011,1,11,mV_11,44.344,,False,-1.1279260911998856,1.1833493180681196,False
test_0011,1,12,mV_12,36.78,,False,-1.1302580742227004,1.1015333176979973,False
test_0011,1,13,mV_13,30.341,,False,-1.0176910311467031,1.0373905559484546,False
test_0011,1,14,mV_14,25.986,,False,-0.983922087277712,1.001576452075208,False
test_0011,1,15,mV_15,23.163,,False,-1.0207706025987051,1.1029167994408542,False
test_0011,1,16,mV_16,22.465,,False,-1.3862039052882944,1.1991860598564932,False
test_0011,1,17,mV_17,24.963,,False,-1.0035658262506788,0.9115814033551441,False
test_0011,1,18,mV_18,29.438,,False,-0.2529900556309242,0.689569450622179,False
test_0011,1,19,mV_19,30.938,,False,-1.2487318649761887,1.0978081990488187,False
test_0011,1,20,mV_20,29.005,,False,-1.6407790106119726,1.1325724715500334,False
test_0011,2,0,mV_0,31.477,,False,-1.4509816158734423,1.0143133487321065,False
test_0011,2,1,mV_1,24.669,,False,-1.1552901631815415,1.182893142226817,False
test_0011,2,2,mV_2,21.005,,False,-0.9700106266707419,0.8921034849394487,False
test_0011,2,3,mV_3,27.929,,False,-0.4731025232347692,0.5535133217418586,False
test_0011,2,4,mV_4,36.641,,False,-0.2978376138271544,0.5060001033519079,False
test_0011,2,5,mV_5,43.109,,False,-0.9552226625185539,0.930251771674633,False
test_0011,2,6,mV_6,48.284,,False,-1.5127241478342695,1.391056786578676,False
test_0011,2,7,mV_7,52.329,,False,-1.5835561881276112,1.5923006405411748,False
test_0011,2,8,mV_8,53.338,,False,-1.6893660380752076,1.6904829401524466,False
test_0011,2,9,mV_9,52.744,,False,-1.7996434963317602,1.7165345498837647,False
test_0011,2,10,mV_10,50.074,,False,-1.577485168796331,1.553652011465246,False
test_0011,2,11,mV_11,43.966,,False,-1.2599942119365615,1.2626273984314773,False
test_0011,2,12,mV_12,37.254,,False,-0.9530360010564558,0.9632655616457182,False
test_0011,2,13,mV_13,31.174,,False,-0.6869960325333999,0.7828873796015403,False
test_0011,2,14,mV_14,26.373,,False,-0.8045214522829055,0.7993762797806516,False
test_0011,2,15,mV_15,23.404,,False,-0.9014661820233958,0.9425808509018365,False
test_0011,2,16,mV_16,22.888,,False,-1.1628695872776489,0.9534898811329676,False
test_0011,2,17,mV_17,25.792,,False,-0.5867541679531773,0.6623555763930781,False
test_0011,2,18,mV_18,29.304,,False,-0.3130443823883088,0.49458593668462614,False
test_0011,2,19,mV_19,31.984,,False,-0.7655008140087095,0.461011502601432,False
test_0011,2,20,mV_20,,30.403558034908382,True,,,False
test_0011,3,0,mV_0,36.526,,False,0.5845855357089459,0.45313073337681903,False
test_0011,3,1,mV_1,29.521,,False,0.6433518620893843,0.8111974736149083,False
test_0011,3,2,mV_2,26.453,,False,1.3735006345719192,1.4597445882100502,False
test_0011,3,3,mV_3,34.327,,False,2.4486252216069775,2.238531537733343,True
test_0011,3,4,mV_4,43.998,,False,2.683375073147497,1.9538438419754929,False
test_0011,3,5,mV_5,,50.45092825015595,True,,,False
test_0011,3,6,mV_6,56.969,,False,1.7791849536291822,1.2117783045288517,False
test_0011,3,7,mV_7,60.435,,False,1.2887433108570423,1.3638850107144598,False
test_0011,3,8,mV_8,61.554,,False,1.098868467514572,0.8716200614715466,False
test_0011,3,9,mV_9,,62.414414621251375,True,,,False
test_0011,3,10,mV_10,59.357,,False,1.569686341744638,1.152808001512562,False
test_0011,3,11,mV_11,51.785,,False,1.471859322560972,1.4628859512852075,False
test_0011,3,12,mV_12,43.382,,False,1.3381388182742486,1.4292134975866324,False
test_0011,3,13,mV_13,36.856,,False,1.5687170312370604,1.6000183727587562,False
test_0011,3,14,mV_14,32.26,,False,1.9245006102866549,1.8107318437214364,False
test_0011,3,15,mV_15,28.912,,False,1.8252091230753753,1.66517594637229,False
test_0011,3,16,mV_16,27.147,,False,1.0857849290517543,1.2128798535895797,False
test_0011,3,17,mV_17,28.659,,False,0.8547404331794347,0.6988164488526559,False
test_0011,3,18,mV_18,,30.496223813445688,True,,,False
test_0011,3,19,mV_19,36.426,,False,1.2866142227002175,1.0990722531286539,False
test_0011,3,20,mV_20,36.074,,False,1.8230605671141802,1.2331838392321446,False
test_0011,4,0,mV_0,36.777,,False,0.6857793077523553,0.3645293340544937,False
test_0011,4,1,mV_1,28.019,,False,0.08655872071326423,0.4208783304574494,False
test_0011,4,2,mV_2,21.343,,False,-0.8246165726509138,0.6481227574276212,False
test_0011,4,3,mV_3,27.089,,False,-0.8566991636953925,0.6582091677436059,False
test_0011,4,4,mV_4,37.142,,False,-0.09482177093272545,0.28650956867679894,False
test_0011,4,5,mV_5,45.323,,False,-0.09969556914635244,0.13599905626042813,False
test_0011,4,6,mV_6,51.616,,False,-0.24978331581628216,0.17825152784011805,False
test_0011,4,7,mV_7,56.477,,False,-0.11374391058155539,0.1373042044975571,False
test_0011,4,8,mV_8,58.104,,False,-0.0719456810108354,0.11156141393208305,False
test_0011,4,9,mV_9,57.57,,False,-0.18861038312510603,0.11229161181526187,False
test_0011,4,10,mV_10,,54.19079227024962,True,,,False
test_0011,4,11,mV_11,46.84,,False,-0.2558572304624698,0.20401446309902166,False
test_0011,4,12,mV_12,38.989,,False,-0.30434339147114703,0.24655557630286493,False
test_0011,4,13,mV_13,32.598,,False,-0.12167829180669584,0.17569082865857796,False
test_0011,4,14,mV_14,27.774,,False,-0.15506333954977314,0.19260292703518267,False
test_0011,4,15,mV_15,24.541,,False,-0.33860673723448853,0.3423733811499776,False
test_0011,4,16,mV_16,24.073,,False,-0.5372167105811604,0.36293871803373423,False
test_0011,4,17,mV_17,27.036,,False,0.03871471373812752,0.32749416131301423,False
test_0011,4,18,mV_18,31.554,,False,0.6953305071946415,0.39811366458240716,False
test_0011,4,19,mV_19,33.994,,False,0.1630789302022179,0.3002687252721213,False
test_0011,4,20,mV_20,32.72,,False,0.17958653348940773,0.13056299929525833,False
test_0011,5,0,mV_0,33.323,,False,-0.7067437545501928,0.4599021229495055,False
test_0011,5,1,mV_1,26.636,,False,-0.4261209826976365,0.5095459685796264,False
test_0011,5,2,mV_2,22.146,,False,-0.47919815437303986,0.5023079550484684,False
test_0011,5,3,mV_3,27.597,,False,-0.6247145287501572,0.570033331001929,False
test_0011,5,4,mV_4,36.015,,False,-0.5515061121343618,0.6821366534572948,False
test_0011,5,5,mV_5,42.991,,False,-1.0008198608102983,0.9742999781217965,False
test_0011,5,6,mV_6,48.729,,False,-1.3440540787322275,1.2073004658237039,False
test_0011,5,7,mV_7,53.58,,False,-1.1402738450200622,0.9061504421930879,False
test_0011,5,8,mV_8,,56.34216213623317,True,,,False
test_0011,5,9,mV_9,55.64,,False,-0.8328900989329887,0.5146777749891216,False
test_0011,5,10,mV_10,53.568,,False,-0.39293090209050907,0.44000258524489355,False
test_0011,5,11,mV_11,47.168,,False,-0.1412584378655675,0.1869019550677975,False
test_0011,5,12,mV_12,39.61,,False,-0.0721600424495459,0.07154350298946012,False
test_0011,5,13,mV_13,32.903,,False,-0.0005954891931811792,0.028594186860811693,False
test_0011,5,14,mV_14,28.02,,False,-0.04102572660733852,0.05407687414484204,False
test_0011,5,15,mV_15,24.955,,False,-0.13366055417150993,0.23620581060628476,False
test_0011,5,16,mV_16,23.885,,False,-0.6364764074747807,0.49406818210266507,False
test_0011,5,17,mV_17,25.826,,False,-0.5696593592895889,0.5477553743133347,False
test_0011,5,18,mV_18,29.076,,False,-0.4152263711993801,0.4635596036011097,False
test_0011,5,19,mV_19,32.658,,False,-0.4541263127160897,0.348816152402227,False
test_0011,5,20,mV_20,32.5,,False,0.07178561297734841,0.14942438466769664,False
test_0011,6,0,mV_0,33.22,,False,-0.7482694857074496,0.5064287191044589,False
test_0011,6,1,mV_1,26.358,,False,-0.5291759050029362,0.47068990052708026,False
test_0011,6,2,mV_2,23.083,,False,-0.07613830639499887,0.44447489544405383,False
test_0011,6,3,mV_3,31.366,,False,1.0964470639832813,0.9741002368658495,False
test_0011,6,4,mV_4,41.392,,False,1.6273685131018363,1.4005039269331228,False
test_0011,6,5,mV_5,48.818,,False,1.2508316175455376,1.1996013876292426,False
test_0011,6,6,mV_6,54.041,,False,0.6693738023240586,0.7115307800507849,False
test_0011,6,7,mV_7,57.522,,False,0.25654389800948435,0.3003665294638313,False
test_0011,6,8,mV_8,58.372,,False,0.01900451951229781,0.10618604373586099,False
test_0011,6,9,mV_9,58.525,,False,0.130191237909364,0.1673163560107408,False
test_0011,6,10,mV_10,55.877,,False,0.3898784287119374,0.3334119323769737,False
test_0011,6,11,mV_11,48.785,,False,0.423699634174656,0.3433430712233896,False
test_0011,6,12,mV_12,40.167,,False,0.13609458783230904,0.17868649190583646,False
test_0011,6,13,mV_13,32.857,,False,-0.018857157784071762,0.06889049418432489,False
test_0011,6,14,mV_14,27.889,,False,-0.10175307333684694,0.061036256099206404,False
test_0011,6,15,mV_15,25.269,,False,0.021781719939059963,0.08760890522285282,False
test_0011,6,16,mV_16,25.479,,False,0.20511910767644442,0.24715169845969803,False
test_0011,6,17,mV_17,28.066,,False,0.5565868585468433,0.5034058329911931,False
test_0011,6,18,mV_18,31.554,,False,0.6953305071946415,0.5092179968878771,False
test_0011,6,19,mV_19,33.447,,False,-0.08962411461538158,0.28779652459391714,False
test_0011,6,20,mV_20,31.789,,False,-0.2766073619502638,0.1607097096289773,False
test_0011,7,0,mV_0,37.744,,False,1.0756373857044579,0.8589849098027851,False
test_0011,7,1,mV_1,31.251,,False,1.2846648678022248,1.214934686060949,False
test_0011,7,2,mV_2,26.084,,False,1.2147716229348886,1.1622491483652908,False
test_0011,7,3,mV_3,31.012,,False,0.9347884797891619,1.0509937194393324,False
test_0011,7,4,mV_4,40.139,,False,1.1196262952441172,1.0246841987391413,False
test_0011,7,5,mV_5,47.974,,False,0.9246957246791692,0.883539308640021,False
test_0011,7,6,mV_6,53.766,,False,0.5651394899576286,0.615617116311213,False
test_0011,7,7,mV_7,57.948,,False,0.4074937606504253,0.4899412140958807,False
test_0011,7,8,mV_8,60.024,,False,0.5796378451250435,0.6133512908579952,False
test_0011,7,9,mV_9,60.791,,False,0.8866357125314684,0.9833611050820807,False
test_0011,7,10,mV_10,59.389,,False,1.5805351501403426,1.4295042257602342,False
test_0011,7,11,mV_11,52.353,,False,1.670310890228783,1.598006340157922,False
test_0011,7,12,mV_12,43.737,,False,1.47086843003378,1.531494943940183,False
test_0011,7,13,mV_13,36.718,,False,1.513932025464389,1.6088214617721648,False
test_0011,7,14,mV_14,32.286,,False,1.9365533661261005,1.8175418635665717,False
test_0011,7,15,mV_15,29.029,,False,1.8831286965496963,1.639863405511026,False
test_0011,7,16,mV_16,26.713,,False,0.8566428628186115,1.0308341899543843,False
test_0011,7,17,mV_17,28.007,,False,0.5269223376306171,0.7022093807609635,False
test_0011,7,18,mV_18,32.007,,False,0.8983499849640084,0.8308367418737939,False
test_0011,7,19,mV_19,35.805,,False,0.9997246599365417,1.0180235830355822,False
test_0011,7,20,mV_20,34.75,,False,1.1742950273052368,0.8370786786367539,False
test_0011,8,0,mV_0,34.942,,False,-0.05402376674827489,0.06236750644920229,False
test_0011,8,1,mV_1,27.404,,False,-0.14142249230025938,0.12734072013154085,False
test_0011,8,2,mV_2,23.661,,False,0.17249412917736975,0.3345216562527562,False
test_0011,8,3,mV_3,30.83,,False,0.8516758743560259,0.7432962511879788,False
test_0011,8,4,mV_4,40.084,,False,1.0973391268624935,0.9390505092701107,False
test_0011,8,5,mV_5,47.418,,False,0.7098479089994301,0.6836500955774574,False
test_0011,8,6,mV_6,52.849,,False,0.21756543744847603,0.31273179041637317,False
test_0011,8,7,mV_7,56.499,,False,-0.10594837776911051,0.16802729579708453,False
test_0011,8,8,mV_8,57.601,,False,-0.24264699020164104,0.1619146403166127,False
test_0011,8,9,mV_9,57.966,,False,-0.056416203094058266,0.09827764437592813,False
test_0011,8,10,mV_10,54.838,,False,0.03763118111395497,0.04686853721825706,False
test_0011,8,11,mV_11,47.732,,False,0.05579558355106004,0.03908154664798407,False
test_0011,8,12,mV_12,39.784,,False,-0.007103838375861221,0.06558656742507957,False
test_0011,8,13,mV_13,33.389,,False,0.19234300939753576,0.09794746429273318,False
test_0011,8,14,mV_14,,28.937214852754828,True,,,False
test_0011,8,15,mV_15,,25.951360902808034,True,,,False
test_0011,8,16,mV_16,26.53,,False,0.7600230514806725,0.5994787016714087,False
test_0011,8,17,mV_17,28.705,,False,0.8778687037242897,0.8833306910432117,False
test_0011,8,18,mV_18,32.273,,False,1.017562305243595,0.7366794630463276,False
test_0011,8,19,mV_19,33.568,,False,-0.03372453797383067,0.34187469833781725,False
test_0011,8,20,mV_20,31.777,,False,-0.28248741216001266,0.149674840573464,False
test_0011,9,0,mV_0,35.807,,False,0.2947117424849928,0.20096852641661184,False
test_0011,9,1,mV_1,28.364,,False,0.2144506206964617,0.21843469926305895,False
test_0011,9,2,mV_2,23.609,,False,0.15012581317431958,0.17468432548318907,False
test_0011,9,3,mV_3,28.562,,False,-0.18403505488765554,0.1317776975755703,False
test_0011,9,4,mV_4,37.398,,False,0.008914867352650587,0.08176596910697878,False
test_0011,9,5,mV_5,45.905,,False,0.12519908683495845,0.09335055845772894,False
test_0011,9,6,mV_6,52.576,,False,0.1140891928083483,0.14973418901090166,False
test_0011,9,7,mV_7,57.491,,False,0.24555928359195153,0.21255757878323273,False
test_0011,9,8,mV_8,59.038,,False,0.24502255514067944,0.19917353214615724,False
test_0011,9,9,mV_9,57.952,,False,-0.06108973471131852,0.23080070795861363,False
test_0011,9,10,mV_10,56.367,,False,0.556000807271138,0.59625176727369,False
test_0011,9,11,mV_11,51.041,,False,1.2119157198411656,1.1863307566175934,False
test_0011,9,12,mV_12,44.525,,False,1.7654907795169046,1.6487667915165738,False
test_0011,9,13,mV_13,37.57,,False,1.8521698871913206,1.7544785819924276,False
test_0011,9,14,mV_14,31.448,,False,1.5480837740701643,1.4911631715311593,False
test_0011,9,15,mV_15,27.278,,False,1.0163152507929873,0.9333909123325229,False
test_0011,9,16,mV_16,25.38,,False,0.15284937367395257,0.35162061611965634,False
test_0011,9,17,mV_17,26.791,,False,-0.08446846633773292,0.1311454252024976,False
test_0011,9,18,mV_18,29.55,,False,-0.20279539446057204,0.12355426875226866,False
test_0011,9,19,mV_19,33.65,,False,0.004157819750197618,0.3500265466976441,False
test_0011,9,20,mV_20,34.78,,False,1.1889951528296092,0.595537031352354,False
test_0011,10,0,mV_0,36.382,,False,0.5265301445764692,0.3899058558585521,False
test_0011,10,1,mV_1,29.152,,False,0.50656313428127,0.5656888109824812,False
test_0011,10,2,mV_2,24.941,,False,0.723098830790916,0.7770293359792806,False
test_0011,10,3,mV_3,31.495,,False,1.1553565480540207,1.0766529630278312,False
test_0011,10,4,mV_4,40.517,,False,1.2727999252123674,1.1158392526485237,False
test_0011,10,5,mV_5,47.554,,False,0.7624006121153388,0.7560658499017843,False
test_0011,10,6,mV_6,52.873,,False,0.22666225016409214,0.35398214219076984,False
test_0011,10,7,mV_7,57.363,,False,0.2002034563195563,0.26544938666174694,False
test_0011,10,8,mV_8,59.597,,False,0.43472838384378304,0.44158756466642457,False
test_0011,10,9,mV_9,60.222,,False,0.6966900346585758,0.8280901071973527,False
test_0011,10,10,mV_10,59.105,,False,1.484251975628476,1.3737936338354566,False
test_0011,10,11,mV_11,52.81,,False,1.8299805494262988,1.7643472287424626,False
test_0011,10,12,mV_12,44.92,,False,1.9131758404887773,1.8524127278817726,False
test_0011,10,13,mV_13,37.321,,False,1.753318681123237,1.7780166198366152,False
test_0011,10,14,mV_14,31.759,,False,1.6922532766112097,1.6614285752590205,False
test_0011,10,15,mV_15,28.271,,False,1.507889066690425,1.3278113148663144,False
test_0011,10,16,mV_16,26.233,,False,0.6032138494731981,0.7439416951229266,False
test_0011,10,17,mV_17,27.479,,False,0.2614500148548852,0.31687761175834434,False
test_0011,10,18,mV_18,30.318,,False,0.14139656785040874,0.184222199745388,False
test_0011,10,19,mV_19,34.058,,False,0.19264564842584925,0.3737952836665344,False
test_0011,10,20,mV_20,34.33,,False,0.9684932699640304,0.5324080470884776,False
test_0011,11,0,mV_0,36.275,,False,0.48339176366553344,0.5142075716158023,False
test_0011,11,1,mV_1,30.726,,False,1.0900467591321426,1.0566716106511325,False
test_0011,11,2,mV_2,26.894,,False,1.563201160674711,1.2953443240767295,False
test_0011,11,3,mV_3,26.852,,False,-0.9649282158253532,1.9134673296382296,False
test_0011,11,4,mV_4,27.108,,False,-4.160811726227501,3.652747652794521,False
test_0011,11,5,mV_5,31.802,,False,-5.324438942897729,5.117355814147139,True
test_0011,11,6,mV_6,37.343,,False,-5.6597336445656,5.641950621171106,True
test_0011,11,7,mV_7,40.08,,False,-5.923896252655496,6.051400294675375,True
test_0011,11,8,mV_8,38.579,,False,-6.698075028824908,6.631908383794981,True
test_0011,11,9,mV_9,36.544,,False,-7.2075872248746125,7.09447085588885,True
test_0011,11,10,mV_10,33.299,,False,-7.264633944981266,7.486012935349551,True
test_0011,11,11,mV_11,24.082,,False,-8.207196626561062,8.143725568958592,True
test_0011,11,12,mV_12,16.01,,False,-8.895875077730977,6.499736695505755,True
test_0011,11,13,mV_13,,12.124639894519834,True,,,False
test_0011,11,14,mV_14,8.863,,False,-8.921588942616358,4.460794471308179,False
test_0011,11,15,mV_15,,6.766162589629229,True,,,False
test_0011,11,16,mV_16,,8.900122268462106,True,,,False
test_0011,11,17,mV_17,11.545,,False,-7.749981786486954,5.493040445233719,False
test_0011,11,18,mV_18,15.561,,False,-6.472198207960967,7.13111918799414,False
test_0011,11,19,mV_19,16.692,,False,-7.830098549567672,7.709023656996202,False
test_0011,11,20,mV_20,14.591,,False,-8.703699320888498,6.309374297836167,False
test_0011,12,0,mV_0,29.834,,False,-2.1133775021974395,1.3312392972582991,False
test_0011,12,1,mV_1,24.823,,False,-1.0982021846383174,1.3222064641326656,False
test_0011,12,2,mV_2,20.984,,False,-0.9790439850565881,1.0388692986845163,False
test_0011,12,3,mV_3,26.558,,False,-1.0991870399865717,0.7943545162574329,False
test_0011,12,4,mV_4,,34.329972030874,True,,,False
test_0011,12,5,mV_5,41.006,,False,-1.767857476141744,1.376198967837787,False
test_0011,12,6,mV_6,47.08,,False,-1.9690809190676601,1.8816576420957638,False
test_0011,12,7,mV_7,51.66,,False,-1.8206112541059907,1.8843913314196041,False
test_0011,12,8,mV_8,52.637,,False,-1.9272618983987757,1.9314534899548785,False
test_0011,12,9,mV_9,51.992,,False,-2.0506789089159723,2.0138283394154066,True
test_0011,12,10,mV_10,48.749,,False,-2.026693641430907,1.9762277007304219,False
test_0011,12,11,mV_11,42.418,,False,-1.800844611143901,1.8175293252508717,False
test_0011,12,12,mV_12,35.412,,False,-1.6417344372847777,1.6054951774990505,False
test_0011,12,13,mV_13,29.535,,False,-1.3376672242827452,1.3732269828736294,False
test_0011,12,14,mV_14,25.572,,False,-1.1758390456442491,1.1604501309539057,False
test_0011,12,15,mV_15,23.301,,False,-0.9524552082443798,1.014178788017104,False
test_0011,12,16,mV_16,23.242,,False,-0.9759656899354072,0.9346281733000757,False
test_0011,12,17,mV_17,25.3,,False,-0.8341261050851084,0.7556736521656063,False
test_0011,12,18,mV_18,29.158,,False,-0.3784767085568012,0.6829270184174365,False
test_0011,12,19,mV_19,31.172,,False,-1.140628551471035,0.7653230601015742,False
test_0011,12,20,mV_20,31.534,,False,-0.4015584289074258,0.4859363523214717,False
test_0011,13,0,mV_0,32.045,,False,-1.2219853508509035,0.8051937452912402,False
test_0011,13,1,mV_1,25.69,,False,-0.7768042794631539,0.7506795872982001,False
test_0011,13,2,mV_2,22.732,,False,-0.2271244394155886,0.34920542662334647,False
test_0011,13,3,mV_3,29.328,,False,0.16576854819905482,0.14007060519672687,False
test_0011,13,4,mV_4,37.372,,False,-0.0016208849732092603,0.20464429633386944,False
test_0011,13,5,mV_5,43.9,,False,-0.6495668671900043,0.6094640522012968,False
test_0011,13,6,mV_6,49.275,,False,-1.1371015894519692,1.0339938496072043,False
test_0011,13,7,mV_7,53.377,,False,-1.212205352334875,0.8903780735304299,False
test_0011,13,8,mV_8,,55.8124948188367,True,,,False
test_0011,13,9,mV_9,54.763,,False,-1.125653472385587,0.8320129502633342,False
test_0011,13,10,mV_10,51.551,,False,-1.0767448562821629,1.0589674650950083,False
test_0011,13,11,mV_11,44.834,,False,-0.95672667543012,0.9233695515881893,False
test_0011,13,12,mV_12,37.922,,False,-0.7032799992103542,0.651611190266623,False
test_0011,13,13,mV_13,32.292,,False,-0.24315808721566337,0.31889698772019853,False
test_0011,13,14,mV_14,28.294,,False,0.08599177723911319,0.19227364767590632,False
test_0011,13,15,mV_15,25.94,,False,0.35395294900973556,0.2054041183983094,False
test_0011,13,16,mV_16,25.038,,False,-0.02771879833465335,0.15891134155663506,False
test_0011,13,17,mV_17,26.509,,False,-0.22625482054749801,0.16481775078945562,False
test_0011,13,18,mV_18,29.603,,False,-0.17904256372817315,0.23801900147756547,False
test_0011,13,19,mV_19,32.845,,False,-0.3677360579064176,0.27217779175120377,False
test_0011,13,20,mV_20,31.998,,False,-0.17419648746380673,0.17903225820850777,False
test_0011,14,0,mV_0,35.119,,False,0.017335984852058225,0.12020270375195449,False
test_0011,14,1,mV_1,28.989,,False,0.4461388453037015,0.6687475000019745,False
test_0011,14,2,mV_2,27.364,,False,1.7653763245484364,1.653757930725447,False
test_0011,14,3,mV_3,34.742,,False,2.638140228501214,1.8950489534748889,False
test_0011,14,4,mV_4,36.047,,False,-0.5385390323486913,1.4657309040316604,False
test_0011,14,5,mV_5,40.023,,False,-2.147705322928046,2.7411108452008746,False
test_0011,14,6,mV_6,36.101,,False,-6.1304937025987165,5.064721440365833,True
test_0011,14,7,mV_7,40.288,,False,-5.850193033337853,6.252204728946205,True
test_0011,14,8,mV_8,37.165,,False,-7.177939146510393,7.262682478005445,True
test_0011,14,9,mV_9,31.64,,False,-8.84465858566314,8.139765523349686,True
test_0011,14,10,mV_10,32.039,,False,-7.691805775562069,7.839140264359008,True
test_0011,14,11,mV_11,27.17,,False,-7.12829092064875,7.13930015594831,True
test_0011,14,12,mV_12,22.127,,False,-6.608813006933668,6.929468662425464,True
test_0011,14,13,mV_13,14.335,,False,-7.37195771518577,7.5418083199908565,True
test_0011,14,14,mV_14,9.094,,False,-8.814504842658218,7.783872949471229,True
test_0011,14,15,mV_15,12.833,,False,-6.134524397382714,6.33086845710088,True
test_0011,14,16,mV_16,17.06,,False,-4.239920190979873,4.997921920255331,True
test_0011,14,17,mV_17,16.264,,False,-5.3773229016788635,4.8992532684257455,True
test_0011,14,18,mV_18,19.733,,False,-4.6024470793653816,5.14098343525702,True
test_0011,14,19,mV_19,20.693,,False,-5.981716680618456,5.98566210770604,True
test_0011,14,20,mV_20,17.299,,False,-7.376767990221868,5.183813165265548,True
test_0011,15,0,mV_0,34.007,,False,-0.43098064667094005,0.30839730140297317,False
test_0011,15,1,mV_1,26.783,,False,-0.3716279122700125,0.3050658957466182,False
test_0011,15,2,mV_2,23.367,,False,0.04602711177550788,0.23145618876065915,False
test_0011,15,3,mV_3,29.977,,False,0.46214261922160826,0.3579648365849967,False
test_0011,15,4,mV_4,38.515,,False,0.4615469961212625,0.3815696981551995,False
test_0011,15,5,mV_5,45.946,,False,0.1410421811566647,0.18780300892440088,False
test_0011,15,6,mV_6,52.255,,False,-0.0075806772630116455,0.04170845192491401,False
test_0011,15,7,mV_7,56.828,,False,0.010630272016968022,0.02825102335570782,False
test_0011,15,8,mV_8,58.068,,False,-0.0841628721258836,0.07403203259679114,False
test_0011,15,9,mV_9,57.784,,False,-0.11717211411842932,0.07962677509068555,False
test_0011,15,10,mV_10,,54.41921140504369,True,,,False
test_0011,15,11,mV_11,,47.615608303280816,True,,,False
test_0011,15,12,mV_12,40.359,,False,0.2078807440515476,0.22834798930121714,False
test_0011,15,13,mV_13,34.158,,False,0.49763046910177333,0.492180865456488,False
test_0011,15,14,mV_14,29.76,,False,0.7655817795708578,0.5071985070608722,False
test_0011,15,15,mV_15,,25.653088475343697,True,,,False
test_0011,15,16,mV_16,26.307,,False,0.6422841556972814,0.4952325925476876,False
test_0011,15,17,mV_17,28.344,,False,0.6963620587961875,0.6422496995377565,False
test_0011,15,18,mV_18,31.194,,False,0.5339905248613696,0.4410857771297316,False
test_0011,15,19,mV_19,,34.69837001187802,True,,,False
test_0011,15,20,mV_20,33.663,,False,0.6416604791388284,0.3208302395694142,False
test_0011,16,0,mV_0,35.046,,False,-0.012094873152599142,0.1041442308750051,False
test_0011,16,1,mV_1,28.844,,False,0.39238717719482213,0.23072652125524248,False
test_0011,16,2,mV_2,22.967,,False,-0.1260368574787265,0.2948032188652681,False
test_0011,16,3,mV_3,27.794,,False,-0.5347519833087973,0.3374825294486199,False
test_0011,16,4,mV_4,36.995,,False,-0.15438929369815854,0.21165547654562974,False
test_0011,16,5,mV_5,45.573,,False,-0.0030913354774045635,0.10543157409094248,False
test_0011,16,6,mV_6,52.964,,False,0.26115433171080227,0.273707059151977,False
test_0011,16,7,mV_7,58.405,,False,0.569428237708899,0.4882945178760932,False
test_0011,16,8,mV_8,59.946,,False,0.5531672643757723,0.5313558181945433,False
test_0011,16,9,mV_9,59.482,,False,0.449660506317729,0.4744069558721947,False
test_0011,16,10,mV_10,56.04,,False,0.44513954647754844,0.39260711605540133,False
test_0011,16,11,mV_11,48.232,,False,0.2304888649487794,0.23054859606959344,False
test_0011,16,12,mV_12,39.76,,False,-0.016077107903266424,0.10094350488481525,False
test_0011,16,13,mV_13,32.549,,False,-0.14113093878394878,0.17430971175088517,False
test_0011,16,14,mV_14,27.248,,False,-0.3988998615323766,0.34525014219843203,False
test_0011,16,15,mV_15,24.332,,False,-0.44206990694502607,0.34009708055097315,False
test_0011,16,16,mV_16,24.944,,False,-0.07734864678146387,0.3148606076167673,False
test_0011,16,17,mV_17,28.277,,False,0.6626752299591154,0.6653437630520029,False
test_0011,16,18,mV_18,32.811,,False,1.2586759455083167,0.87365887051852,False
test_0011,16,19,mV_19,34.322,,False,0.314608361098331,0.5346324519738797,False
test_0011,16,20,mV_20,32.865,,False,0.25063714019053984,0.20397066036985267,False
test_0012,1,0,mV_0,27.052,,False,-1.0113329767764747,0.7790122557798593,False
test_0012,1,1,mV_1,21.369,,False,-1.0933830695664881,0.8719465755375129,False
test_0012,1,2,mV_2,21.168,,False,-0.2896871862406003,0.5384628904896799,False
test_0012,1,3,mV_3,29.202,,False,-0.48109411991103074,0.33702886783673647,False
test_0012,1,4,mV_4,37.656,,False,-0.09624004528428426,0.20032125184748678,False
test_0012,1,5,mV_5,44.425,,False,-0.12771079691034787,0.09217954073669003,False
test_0012,1,6,mV_6,49.711,,False,0.01705652384178012,0.08435012601853892,False
test_0012,1,7,mV_7,52.75,,False,0.17557665948024753,0.11415369879411,False
test_0012,1,8,mV_8,53.177,,False,0.08840495237416476,0.08809664105714426,False
test_0012,1,9,mV_9,,50.85261609618597,True,,,False
test_0012,1,10,mV_10,47.728,,False,-0.12950765022370625,0.23132386892457862,False
test_0012,1,11,mV_11,40.299,,False,-0.666280175250902,0.6498574783310185,False
test_0012,1,12,mV_12,32.908,,False,-1.1373619125985637,0.7352510001120074,False
test_0012,1,13,mV_13,,28.869020958308596,True,,,False
test_0012,1,14,mV_14,23.555,,False,-1.2289175280910318,0.913152974687123,False
test_0012,1,15,mV_15,21.497,,False,-1.1947768425664285,1.0416278636458363,False
test_0012,1,16,mV_16,22.955,,False,-0.548040241359456,0.6118689849883049,False
test_0012,1,17,mV_17,26.319,,False,-0.15661861466787913,0.24769940579485591,False
test_0012,1,18,mV_18,30.417,,False,-0.12952015248420945,0.10391472990907451,False
test_0012,1,19,mV_19,,31.150643120586267,True,,,False
test_0012,1,20,mV_20,30.459,,False,-0.15361631172968623,0.07680815586484312,False
test_0012,2,0,mV_0,29.715,,False,0.062288596735884036,0.08290344774519909,False
test_0012,2,1,mV_1,24.877,,False,0.2070365975090283,0.2818458283571078,False
test_0012,2,2,mV_2,20.328,,False,-0.6510215216744906,0.9390220737223882,False
test_0012,2,3,mV_3,25.335,,False,-2.2470086540315433,1.6806919351337215,False
test_0012,2,4,mV_4,34.0,,False,-1.5777289107973094,1.6244413192411726,False
test_0012,2,5,mV_5,41.921,,False,-1.0952988013385287,1.1615422351328215,False
test_0012,2,6,mV_6,47.35,,False,-0.8778424270569185,0.9176886997902132,False
test_0012,2,7,mV_7,49.941,,False,-0.8197711437084872,0.8767867195006723,False
test_0012,2,8,mV_8,50.0,,False,-0.9897621635287961,0.8966828434382732,False
test_0012,2,9,mV_9,49.784,,False,-0.7874359029870134,0.6803159101789464,False
test_0012,2,10,mV_10,47.648,,False,-0.15662967121296312,0.2958749651988645,False
test_0012,2,11,mV_11,41.969,,False,-0.08280461538251842,0.17627460045348475,False
test_0012,2,12,mV_12,34.926,,False,-0.38285949983593903,0.38937715813717566,False
test_0012,2,13,mV_13,28.644,,False,-0.7089850174943061,0.6196413167567872,False
test_0012,2,14,mV_14,24.744,,False,-0.6777357322025979,0.6348616220744702,False
test_0012,2,15,mV_15,22.951,,False,-0.47499000639837885,0.5296836145890234,False
test_0012,2,16,mV_16,23.063,,False,-0.4910187133567378,0.5746109928258731,False
test_0012,2,17,mV_17,24.957,,False,-0.8414165381916382,0.8305136660029503,False
test_0012,2,18,mV_18,28.144,,False,-1.148202874271787,0.9306722328991056,False
test_0012,2,19,mV_19,30.3,,False,-0.5848666448612105,0.608945542570314,False
test_0012,2,20,mV_20,30.532,,False,-0.11784600628704776,0.20513966435882652,False
test_0012,3,0,mV_0,30.822,,False,0.5085894160667813,0.36277113479450024,False
test_0012,3,1,mV_1,25.489,,False,0.43390570704443837,0.4834118721466479,False
test_0012,3,2,mV_2,20.546,,False,-0.5572466584309335,0.8084281493158411,False
test_0012,3,3,mV_3,26.565,,False,-1.685313573357059,1.1548459642100852,False
test_0012,3,4,mV_4,36.187,,False,-0.6915100516952897,0.832242974796614,False
test_0012,3,5,mV_5,44.081,,False,-0.26063822243881773,0.3446060736924403,False
test_0012,3,6,mV_6,49.229,,False,-0.16563779819683594,0.15014880191158664,False
test_0012,3,7,mV_7,52.279,,False,0.008681388813856945,0.05011948661186613,False
test_0012,3,8,mV_8,52.865,,False,-0.017477370622914705,0.037378103335771275,False
test_0012,3,9,mV_9,52.46,,False,0.10587628328339875,0.21893777813028423,False
test_0012,3,10,mV_10,50.017,,False,0.6465211753314247,0.49979118720720284,False
test_0012,3,11,mV_11,43.924,,False,0.6002461148825632,0.5354089386449192,False
test_0012,3,12,mV_12,36.738,,False,0.2946223494831259,0.3025225810064076,False
test_0012,3,13,mV_13,30.378,,False,-0.02059951017681549,0.1712219304120886,False
test_0012,3,14,mV_14,25.453,,False,-0.3490663518115975,0.409195551330616,False
test_0012,3,15,mV_15,22.056,,False,-0.9180499915224537,0.84354269728385,False
test_0012,3,16,mV_16,21.741,,False,-1.1890044542788951,1.0161427768016442,False
test_0012,3,17,mV_17,25.102,,False,-0.7685122071263333,0.6815072171328904,False
test_0012,3,18,mV_18,,29.671063120339106,True,,,False
test_0012,3,19,mV_19,31.18,,False,-0.17832426928627704,0.2991901780726014,False
test_0012,3,20,mV_20,29.058,,False,-0.8401121737178514,0.46463715418049495,False
test_0012,4,0,mV_0,33.719,,False,1.6765510001694113,1.1497108116017574,False
test_0012,4,1,mV_1,27.679,,False,1.2457412460682067,1.1273477283262818,False
test_0012,4,2,mV_2,22.635,,False,0.3413574209993022,0.4821140220167028,False
test_0012,4,3,mV_3,,30.689999653576418,True,,,False
test_0012,4,4,mV_4,37.893,,False,-0.00020261062165031674,0.04516718031739003,False
test_0012,4,5,mV_5,45.222,,False,0.1802635000262595,0.15907180729617448,False
test_0012,4,6,mV_6,50.393,,False,0.2755576185105286,0.323119982085731,False
test_0012,4,7,mV_7,53.838,,False,0.5611011912956072,0.5318918717539782,False
test_0012,4,8,mV_8,55.067,,False,0.7298074859141701,0.7639893977170108,False
test_0012,4,9,mV_9,55.244,,False,1.0352414277440958,0.9612915500033764,False
test_0012,4,10,mV_10,51.192,,False,1.0448758586111437,0.9636280720208146,False
test_0012,4,11,mV_11,44.294,,False,0.7295191431168748,0.6259785362112233,False
test_0012,4,12,mV_12,,37.01914135314756,True,,,False
test_0012,4,13,mV_13,,32.61938209083938,True,,,False
test_0012,4,14,mV_14,28.018,,False,0.8399843685028123,0.5919563879748424,False
test_0012,4,15,mV_15,25.3,,False,0.6878568148937447,0.8412760423084947,False
test_0012,4,16,mV_16,26.17,,False,1.1494061709436774,1.0803303009415708,False
test_0012,4,17,mV_17,29.285,,False,1.3346520469851841,1.1900770821189315,False
test_0012,4,18,mV_18,32.807,,False,0.9415980635616801,0.8290624770491422,False
test_0012,4,19,mV_19,31.779,,False,0.09840173408802427,0.3249644776034364,False
test_0012,4,20,mV_20,30.443,,False,-0.16145637867601706,0.1053286228600146,False
test_0012,5,0,mV_0,32.206,,False,1.06656623084001,0.662704157685609,False
test_0012,5,1,mV_1,25.715,,False,0.5176841690624162,0.6791108852888099,False
test_0012,5,2,mV_2,23.27,,False,0.6145089721903971,0.5169910749572456,False
test_0012,5,3,mV_3,30.959,,False,0.32126218638577203,0.5243148982372889,False
test_0012,5,4,mV_4,39.967,,False,0.8402262479872149,0.6919465638387401,False
test_0012,5,5,mV_5,46.738,,False,0.7660715729947586,0.7819459708089977,False
test_0012,5,6,mV_6,51.659,,False,0.755414489259259,0.7871014214260845,False
test_0012,5,7,mV_7,54.714,,False,0.8715051341910611,0.8220750249678006,False
test_0012,5,8,mV_8,55.244,,False,0.7898753422298213,0.8876478485721602,False
test_0012,5,9,mV_9,55.436,,False,1.099335575637937,1.0981972825561255,False
test_0012,5,10,mV_10,52.252,,False,1.4042426367188066,1.2880839464382259,False
test_0012,5,11,mV_11,45.768,,False,1.244514936677353,1.1975563941459217,False
test_0012,5,12,mV_12,38.349,,False,0.8969530665101746,0.9269487595050483,False
test_0012,5,13,mV_13,32.116,,False,0.6693739683224909,0.6785256741186597,False
test_0012,5,14,mV_14,27.238,,False,0.47840169331948257,0.41093781065989066,False
test_0012,5,15,mV_15,23.875,,False,-0.017573887678106654,0.14897847450323864,False
test_0012,5,16,mV_16,23.837,,False,-0.08236442933725877,0.07329190210522449,False
test_0012,5,17,mV_17,26.851,,False,0.11086486206827373,0.1526600299767557,False
test_0012,5,18,mV_18,31.39,,False,0.3065459664332167,0.36924603742320566,False
test_0012,5,19,mV_19,33.196,,False,0.7530273547581156,0.7225912197444944,False
test_0012,5,20,mV_20,32.972,,False,1.0777642030285297,0.7271389402037938,False
test_0012,6,0,mV_0,29.526,,False,-0.013909104125489123,0.01969740441614287,False
test_0012,6,1,mV_1,24.181,,False,-0.050971409413593224,0.13753097183731566,False
test_0012,6,2,mV_2,22.851,,False,0.4342719643965871,0.23279005905518757,False
test_0012,6,3,mV_3,30.281,,False,0.011644898013982817,0.11439044010613819,False
test_0012,6,4,mV_4,,37.53100854696728,True,,,False
test_0012,6,5,mV_5,43.039,,False,-0.6632846683709931,0.5369839295473642,False
test_0012,6,6,mV_6,47.499,,False,-0.8213663814474704,0.704111914820166,False
test_0012,6,7,mV_7,50.814,,False,-0.51043022801473,0.5524825883494703,False
test_0012,6,8,mV_8,51.833,,False,-0.36770351592095046,0.36502447308887304,False
test_0012,6,9,mV_9,51.501,,False,-0.21426063249886126,0.35475354697112493,False
test_0012,6,10,mV_10,46.273,,False,-0.6227894069658266,0.6363458742589859,False
test_0012,6,11,mV_11,39.099,,False,-1.0855440506054292,1.0273023166005277,False
test_0012,6,12,mV_12,32.432,,False,-1.3153317582254263,0.9290518917640704,False
test_0012,6,13,mV_13,,29.25025893784367,True,,,False
test_0012,6,14,mV_14,25.783,,False,-0.19608906615711216,0.1068933568037998,False
test_0012,6,15,mV_15,23.839,,False,-0.0353952949009749,0.1096180542695884,False
test_0012,6,16,mV_16,24.318,,False,0.17159256111929166,0.14926050402260524,False
test_0012,6,17,mV_17,27.065,,False,0.21846159895086267,0.18148385320755783,False
test_0012,6,18,mV_18,30.968,,False,0.1174196538092143,0.21322839564014012,False
test_0012,6,19,mV_19,30.701,,False,-0.39961267599126926,0.349641030224769,False
test_0012,6,20,mV_20,29.789,,False,-0.4819191151073232,0.3408627265514789,False
test_0012,7,0,mV_0,32.376,,False,1.1351038453714013,0.7093914537902528,False
test_0012,7,1,mV_1,25.849,,False,0.5673581244182087,0.8237829482481747,False
test_0012,7,2,mV_2,24.225,,False,1.0253116987848803,0.9149643493097637,False
test_0012,7,3,mV_3,32.537,,False,1.0418758752510855,1.1433326029899327,False
test_0012,7,4,mV_4,41.507,,False,1.4642669626726792,1.3067111159236953,False
test_0012,7,5,mV_5,48.007,,False,1.2564346630983372,1.313335826524404,False
test_0012,7,6,mV_6,53.033,,False,1.2762070172282618,1.3091678501584738,False
test_0012,7,7,mV_7,56.284,,False,1.427822703079034,1.3455619993423693,False
test_0012,7,8,mV_8,56.601,,False,1.2503955739831474,0.9821534627613322,False
test_0012,7,9,mV_9,,56.3458759426438,True,,,False
test_0012,7,10,mV_10,53.878,,False,1.9554977133254647,1.4739651224729542,False
test_0012,7,11,mV_11,47.887,,False,1.9848650632408873,1.9160431742430593,False
test_0012,7,12,mV_12,40.601,,False,1.7389448571649975,1.7480037852117634,False
test_0012,7,13,mV_13,34.282,,False,1.5292603632761703,1.5908491769451314,False
test_0012,7,14,mV_14,29.584,,False,1.5659311240631872,1.4903356950094018,False
test_0012,7,15,mV_15,26.537,,False,1.3002201686350616,1.3098052377905567,False
test_0012,7,16,mV_16,26.025,,False,1.0728494898289156,0.8614797870732231,False
test_0012,7,17,mV_17,,27.547005309513892,True,,,False
test_0012,7,18,mV_18,32.039,,False,0.597406101250699,0.5478257506580576,False
test_0012,7,19,mV_19,33.723,,False,0.9964908001308322,0.8418223338688535,False
test_0012,7,20,mV_20,32.358,,False,0.7769016339630506,0.6375735170142334,False
test_0012,8,0,mV_0,28.453,,False,-0.44650240055010787,0.5102202352735815,False
test_0012,8,1,mV_1,21.222,,False,-1.1478761399941104,1.4543068422704586,False
test_0012,8,2,mV_2,14.693,,False,-3.0749726885435056,1.904999257200331,False
test_0012,8,3,mV_3,30.961,,False,0.32217551172020154,0.9298309279959771,False
test_0012,8,4,mV_4,,39.09883164745184,True,,,False
test_0012,8,5,mV_5,45.71,,False,0.3688349641480455,0.20734903079463723,False
test_0012,8,6,mV_6,49.424,,False,-0.09172619488245788,0.3159074307620949,False
test_0012,8,7,mV_7,50.247,,False,-0.7113423691354183,0.9574345831661919,False
test_0012,8,8,mV_8,46.094,,False,-2.315327399511473,2.645242984146204,False
test_0012,8,9,mV_9,36.449,,False,-5.238974768426452,3.7672883806563626,False
test_0012,8,10,mV_10,41.397,,False,-2.275876586261074,2.530748640541765,False
test_0012,8,11,mV_11,43.157,,False,0.33226662121846073,1.1866635518296322,False
test_0012,8,12,mV_12,40.781,,False,1.8062443786205333,0.9861888446148819,False
test_0012,8,13,mV_13,,36.476872664031575,True,,,False
test_0012,8,14,mV_14,32.955,,False,3.1286172754003694,2.533162015785049,True
test_0012,8,15,mV_15,31.739,,False,3.8754135123394584,3.8861625135198583,True
test_0012,8,16,mV_16,32.829,,False,4.665205754000147,4.196734010279134,True
test_0012,8,17,mV_17,33.753,,False,3.581111020776784,3.5116872214678474,True
test_0012,8,18,mV_18,35.658,,False,2.2193210903176754,2.2851291535191667,False
test_0012,8,19,mV_19,33.992,,False,1.1207634126645325,1.3657878685792064,False
test_0012,8,20,mV_20,32.818,,False,1.002303558670086,0.7813426325011761,False
test_0012,9,0,mV_0,35.943,,False,2.573184263215405,1.7401913377437568,False
test_0012,9,1,mV_1,29.213,,False,1.8143968245442175,1.7970362645208455,False
test_0012,9,2,mV_2,24.134,,False,0.9861671457795418,0.9541606302014711,False
test_0012,9,3,mV_3,30.19,,False,-0.029911404702583525,0.36933699216998844,False
test_0012,9,4,mV_4,38.958,,False,0.4313580134952448,0.34492649446297746,False
test_0012,9,5,mV_5,46.016,,False,0.4870785461588367,0.564395807543899,False
test_0012,9,6,mV_6,51.914,,False,0.8520681243626774,0.9476348049592427,False
test_0012,9,7,mV_7,56.768,,False,1.5993244249527792,1.4843561463733628,False
test_0012,9,8,mV_8,58.476,,False,1.886707611225216,1.9031876903348386,False
test_0012,9,9,mV_9,58.853,,False,2.2400111139361427,2.260325033475164,True
test_0012,9,10,mV_10,55.999,,False,2.6745702948031553,2.42224123648576,True
test_0012,9,11,mV_11,48.216,,False,2.0998132424005864,2.118233575100906,True
test_0012,9,12,mV_12,40.226,,False,1.5987375207992964,1.7085228775972454,False
test_0012,9,13,mV_13,34.301,,False,1.5368032263898015,1.5817041240771932,False
test_0012,9,14,mV_14,29.775,,False,1.6544725227298742,1.5879761754316597,False
test_0012,9,15,mV_15,26.953,,False,1.5061564298770895,1.5679589500845843,False
test_0012,9,16,mV_16,27.033,,False,1.6050504178542844,1.4911074230681718,False
test_0012,9,17,mV_17,29.113,,False,1.2481724266870293,1.1382868054403759,False
test_0012,9,18,mV_18,31.714,,False,0.4517519505331608,0.7858868320404353,False
test_0012,9,19,mV_19,33.713,,False,0.9918710004083906,1.0188232383984053,False
test_0012,9,20,mV_20,34.119,,False,1.6397990022436795,1.0678672512239373,False
test_0012,10,0,mV_0,29.173,,False,-0.1562254448877359,0.1210677192860505,False
test_0012,10,1,mV_1,23.855,,False,-0.1718199873687302,0.1266396051062533,False
test_0012,10,2,mV_2,21.857,,False,0.006693000799816939,0.23461776463488782,False
test_0012,10,3,mV_3,28.606,,False,-0.7532650695711872,0.47459648292524503,False
test_0012,10,4,mV_4,36.943,,False,-0.38516279175878876,0.5184137898999379,False
test_0012,10,5,mV_5,43.332,,False,-0.5500645065109866,0.5593237473179156,False
test_0012,10,6,mV_6,47.682,,False,-0.7520031844909003,0.7065900343813714,False
test_0012,10,7,mV_7,50.075,,False,-0.7722892620326984,0.8051266966579449,False
test_0012,10,8,mV_8,50.194,,False,-0.9239250780754826,0.8449669887885174,False
test_0012,10,9,mV_9,49.867,,False,-0.7597285369704057,0.7720520502589735,False
test_0012,10,10,mV_10,46.208,,False,-0.6448260490196001,0.6378622814366631,False
test_0012,10,11,mV_11,40.769,,False,-0.5020684907370464,0.5311365788615378,False
test_0012,10,12,mV_12,34.678,,False,-0.47558328495245833,0.36330876516049077,False
test_0012,10,13,mV_13,,30.127777753212126,True,,,False
test_0012,10,14,mV_14,25.179,,False,-0.4760838556580498,0.42485730423818424,False
test_0012,10,15,mV_15,22.401,,False,-0.7472615056366373,0.641145279239909,False
test_0012,10,16,mV_16,22.868,,False,-0.5939742500283116,0.54608542563514,False
test_0012,10,17,mV_17,26.135,,False,-0.24913169684729905,0.2814625350105854,False
test_0012,10,18,mV_18,30.631,,False,-0.03361249631943169,0.09283307654580687,False
test_0012,10,19,mV_19,31.685,,False,0.05497561669706508,0.039749715378537824,False
test_0012,10,20,mV_20,30.804,,False,0.015435131800589436,0.021461470074560986,False
test_0012,11,0,mV_0,30.602,,False,0.4198936796143902,0.2903426537459071,False
test_0012,11,1,mV_1,25.186,,False,0.3215832557548481,0.3313170465666102,False
test_0012,11,2,mV_2,22.451,,False,0.2622079951423543,0.31305017213183095,False
test_0012,11,3,mV_3,29.366,,False,-0.4062014424877671,0.29565058536448413,False
test_0012,11,4,mV_4,37.627,,False,-0.10799146134004807,0.2410891402058188,False
test_0012,11,5,mV_5,43.87,,False,-0.342172195655412,0.29672752604767605,False
test_0012,11,6,mV_6,48.625,,False,-0.3945742515398321,0.3399235939748997,False
test_0012,11,7,mV_7,51.61,,False,-0.2283736771645227,0.2901635243933719,False
test_0012,11,8,mV_8,52.005,,False,-0.30933249170460997,0.21175966514343567,False
test_0012,11,9,mV_9,,51.8686754303347,True,,,False
test_0012,11,10,mV_10,49.019,,False,0.3081739634904357,0.2506923663581564,False
test_0012,11,11,mV_11,43.312,,False,0.38642153845175414,0.35643503618460326,False
test_0012,11,12,mV_12,36.872,,False,0.3447231043444691,0.34917051026361057,False
test_0012,11,13,mV_13,31.238,,False,0.3208142939137499,0.3519336447550584,False
test_0012,11,14,mV_14,27.115,,False,0.42138288684826475,0.40976627827454537,False
test_0012,11,15,mV_15,24.871,,False,0.47548504548790205,0.5049132290192866,False
test_0012,11,16,mV_16,25.219,,False,0.6472999382530774,0.5367312238320417,False
test_0012,11,17,mV_17,27.38,,False,0.37683997333410996,0.35125334611990744,False
test_0012,11,18,mV_18,30.697,,False,-0.004033499558332413,0.1397683554967139,False
test_0012,11,19,mV_19,31.943,,False,0.17416644953608085,0.23098906985912146,False
test_0012,11,20,mV_20,31.939,,False,0.5715898808059917,0.32933655278701607,False
test_0012,12,0,mV_0,26.181,,False,-1.3624874606402604,0.6812437303201302,False
test_0012,12,1,mV_1,,18.566263919023946,True,,,False
test_0012,12,2,mV_2,10.38,,False,-4.930252437027277,2.4751157143589673,False
test_0012,12,3,mV_3,30.343,,False,0.03995798338131506,1.3716264938229257,False
test_0012,12,4,mV_4,39.069,,False,0.4763375715017961,0.2704255574569196,False
test_0012,12,5,mV_5,44.986,,False,0.08906910344277115,0.2091030081749131,False
test_0012,12,6,mV_6,49.186,,False,-0.18193625431231397,0.3063963041251662,False
test_0012,12,7,mV_7,50.074,,False,-0.7726436044332657,1.174721379676068,False
test_0012,12,8,mV_8,44.16,,False,-2.9716620555254267,3.5445520597445466,True
test_0012,12,9,mV_9,29.789,,False,-7.462240523494067,5.368638686695932,True
test_0012,12,10,mV_10,37.555,,False,-3.578411644270165,3.665596936455258,True
test_0012,12,11,mV_11,42.082,,False,-0.043323933786634,1.4090469295075079,False
test_0012,12,12,mV_12,41.222,,False,1.9711282061865985,1.7117871327450294,False
test_0012,12,13,mV_13,37.638,,False,2.8615681848202863,2.9508317955032766,False
test_0012,12,14,mV_14,35.07,,False,4.109062606185936,4.064883727606909,False
test_0012,12,15,mV_15,34.374,,False,5.179841513235476,5.00801011317496,False
test_0012,12,16,mV_16,34.53,,False,5.5632948200429535,5.008589103302247,False
test_0012,12,17,mV_17,34.045,,False,3.7279252598876056,3.84390135377978,False
test_0012,12,18,mV_18,35.964,,False,2.356460075300955,2.4994294792381537,False
test_0012,12,19,mV_19,34.936,,False,1.556872506463099,1.7010603698909743,False
test_0012,12,20,mV_20,33.495,,False,1.3340363913367435,1.0562363222841464,False
test_0012,13,0,mV_0,27.257,,False,-0.9286846769003817,0.6409351032458295,False
test_0012,13,1,mV_1,22.413,,False,-0.7063710591825543,0.9936258553646293,False
test_0012,13,2,mV_2,18.045,,False,-1.6330766261930274,1.744284082627471,False
test_0012,13,3,mV_3,23.676,,False,-3.0046120189412755,2.5232190332364834,True
test_0012,13,4,mV_4,31.846,,False,-2.450575468870355,2.5924376351605423,True
test_0012,13,5,mV_5,38.379,,False,-2.4639875839601824,2.442942612180991,True
test_0012,13,6,mV_6,43.352,,False,-2.393219811933245,2.2973029131303213,True
test_0012,13,7,mV_7,46.783,,False,-1.9387844446946139,2.024526797267941,True
test_0012,13,8,mV_8,47.532,,False,-1.8273184877492907,1.8164559793192354,False
test_0012,13,9,mV_9,47.133,,False,-1.6724024970837463,1.704438026359996,False
test_0012,13,10,mV_10,43.256,,False,-1.6456286235232016,1.6835877110943582,False
test_0012,13,11,mV_11,37.138,,False,-1.770691100247284,1.7376580430957826,False
test_0012,13,12,mV_12,31.233,,False,-1.7636213483653609,1.7250381510610353,False
test_0012,13,13,mV_13,26.394,,False,-1.6022188072661354,1.6574871415360217,False
test_0012,13,14,mV_14,22.621,,False,-1.661889603246455,1.6485080564776298,False
test_0012,13,15,mV_15,20.541,,False,-1.6680342121514733,1.571291556124911,False
test_0012,13,16,mV_16,21.555,,False,-1.2872081969502427,1.377306551718223,False
test_0012,13,17,mV_17,24.111,,False,-1.2667756008209339,1.2886258131367898,False
test_0012,13,18,mV_18,27.73,,False,-1.3337438539550488,1.391147657695241,False
test_0012,13,19,mV_19,28.037,,False,-1.6303273220499328,1.519226539296954,False
test_0012,13,20,mV_20,27.747,,False,-1.4825076591329012,1.1488356600789338,False
test_0012,14,0,mV_0,28.983,,False,-0.2328263081875279,0.11738624463711461,False
test_0012,14,1,mV_1,24.308,,False,-0.0038923621734026515,0.1697961490405692,False
test_0012,14,2,mV_2,22.861,,False,0.4385735636279436,0.26506989657779706,False
test_0012,14,3,mV_3,30.648,,False,0.1792400968818984,0.3067990267892696,False
test_0012,14,4,mV_4,38.955,,False,0.43014234976533794,0.26611217217479133,False
test_0012,14,5,mV_5,44.82,,False,0.02492389228659099,0.12454593994243734,False
test_0012,14,6,mV_6,49.618,,False,-0.018193625431229498,0.07968522428998721,False
test_0012,14,7,mV_7,52.981,,False,0.25742975401089885,0.20949346542485647,False
test_0012,14,8,mV_8,53.815,,False,0.30492072824639865,0.3317501504877527,False
test_0012,14,9,mV_9,53.52,,False,0.4597293914473145,0.3106717188271949,False
test_0012,14,10,mV_10,48.056,,False,-0.018307364167752003,0.12408602994570463,False
test_0012,14,11,mV_11,,41.71033386721332,True,,,False
test_0012,14,12,mV_12,33.743,,False,-0.8251669102909365,0.5492371961838581,False
test_0012,14,13,mV_13,29.053,,False,-0.5466149641535595,0.5804251479217882,False
test_0012,14,14,mV_14,25.336,,False,-0.40330375308909766,0.5061857488178012,False
test_0012,14,15,mV_15,22.554,,False,-0.6715205249394498,0.4924197802446603,False
test_0012,14,16,mV_16,23.57,,False,-0.22333431801064393,0.27954729024018443,False
test_0012,14,17,mV_17,,26.287415910045393,True,,,False
test_0012,14,18,mV_18,30.569,,False,-0.061398826610162396,0.1315265422473869,False
test_0012,14,19,mV_19,30.693,,False,-0.40330851576922283,0.31702606862589855,False
test_0012,14,20,mV_20,31.589,,False,0.40008841635498626,0.30087133711979885,False
test_0012,15,0,mV_0,26.878,,False,-1.0814832410615478,0.9085235082723069,False
test_0012,15,1,mV_1,20.35,,False,-1.4711275509661317,1.5590600964126176,False
test_0012,15,2,mV_2,16.698,,False,-2.2125020426566593,2.277587954868106,True
test_0012,15,3,mV_3,23.217,,False,-3.214220183192973,2.778957788127774,True
test_0012,15,4,mV_4,31.786,,False,-2.4748887434684894,2.6247304994771046,True
test_0012,15,5,mV_5,38.713,,False,-2.334924327778467,2.340426616148403,True
test_0012,15,6,mV_6,43.817,,False,-2.216969065568188,2.128189645824596,True
test_0012,15,7,mV_7,47.333,,False,-1.7438961243835416,1.4261903285838178,False
test_0012,15,8,mV_8,,48.95668090261009,True,,,False
test_0012,15,9,mV_9,48.221,,False,-1.3092023256853151,0.9498074100476077,False
test_0012,15,10,mV_10,44.627,,False,-1.1808249888198006,1.2680604516743552,False
test_0012,15,11,mV_11,38.195,,False,-1.4013895033725043,1.4226921307883953,False
test_0012,15,12,mV_12,31.384,,False,-1.7071645275887724,1.6418016642267357,False
test_0012,15,13,mV_13,26.018,,False,-1.7514880983568932,1.768768226672605,False
test_0012,15,14,mV_14,22.183,,False,-1.8649321823878617,1.8689043588201186,False
test_0012,15,15,mV_15,19.882,,False,-1.9942649721478576,1.4633655316708942,False
test_0012,15,16,mV_16,,20.441408372701403,True,,,False
test_0012,15,17,mV_17,23.144,,False,-1.7529720707530023,1.34437198414299,False
test_0012,15,18,mV_18,26.53,,False,-1.8715437950659553,1.9644253197493704,False
test_0012,15,19,mV_19,26.454,,False,-2.361641618112569,2.415869558625929,False
test_0012,15,20,mV_20,24.51,,False,-3.0686512032126223,2.1247360061344533,False
test_0012,16,0,mV_0,29.431,,False,-0.05220953577538491,0.08416583697426705,False
test_0012,16,1,mV_1,23.692,,False,-0.2322442763462984,0.12917452211699543,False
test_0012,16,2,mV_2,,21.755881337196502,True,,,False
test_0012,16,3,mV_3,31.734,,False,0.6751757534774194,0.5244455225564597,False
test_0012,16,4,mV_4,39.738,,False,0.747430583271,0.6541354220093248,False
test_0012,16,5,mV_5,45.911,,False,0.44650476801787986,0.4771042651385685,False
test_0012,16,6,mV_6,50.373,,False,0.2679769412475143,0.3041254515216194,False
test_0012,16,7,mV_7,52.915,,False,0.23404315557356914,0.18401581309866316,False
test_0012,16,8,mV_8,,53.037319309472004,True,,,False
test_0012,16,9,mV_9,52.645,,False,0.16763366536861118,0.1337383025676582,False
test_0012,16,10,mV_10,47.521,,False,-0.19968587953341047,0.258970547926728,False
test_0012,16,11,mV_11,40.864,,False,-0.46887676727148,0.41222894428461154,False
test_0012,16,12,mV_12,34.582,,False,-0.5114763630620757,0.4319990228760119,False
test_0012,16,13,mV_13,29.835,,False,-0.2361665981084163,0.259279956372959,False
test_0012,16,14,mV_14,26.321,,False,0.05331026621292774,0.10481766746643671,False
test_0012,16,15,mV_15,23.756,,False,-0.07648353933147506,0.05724509016368438,False
test_0012,16,16,mV_16,23.95,,False,-0.022703015778859675,0.07339796006505972,False
test_0012,16,17,mV_17,26.289,,False,-0.17170226937104444,0.1890031279565892,False
test_0012,16,18,mV_18,29.836,,False,-0.3899049573054082,0.4145853853788878,False
test_0012,16,19,mV_19,30.036,,False,-0.7068293575336903,0.6618989698909513,False
test_0012,16,20,mV_20,29.05,,False,-0.8440322071910168,0.598723442978931,False
test_0013,1,0,mV_0,29.259,,False,-2.2452116195607665,1.349799282830243,False
test_0013,1,1,mV_1,25.527,,False,-0.9087738921994385,1.4824474249557469,False
test_0013,1,2,mV_2,20.636,,False,-1.867030295863344,1.979048120630861,False
test_0013,1,3,mV_3,26.66,,False,-3.273357998597318,2.804671934799038,True
test_0013,1,4,mV_4,36.659,,False,-2.804941446138173,2.8211089307372577,True
test_0013,1,5,mV_5,44.521,,False,-2.401194832075366,2.453090152291962,True
test_0013,1,6,mV_6,50.227,,False,-2.205029498878943,2.1542899685789423,True
test_0013,1,7,mV_7,54.322,,False,-1.805906044482517,1.8511418457925963,False
test_0013,1,8,mV_8,55.973,,False,-1.5877257953264081,1.573738460818033,False
test_0013,1,9,mV_9,56.58,,False,-1.3135962081367982,1.053729552900001,False
test_0013,1,10,mV_10,,52.45405179937775,True,,,False
test_0013,1,11,mV_11,44.082,,False,-0.9732162706666927,0.7902037543438766,False
test_0013,1,12,mV_12,35.875,,False,-1.214382476042121,0.8504953056877336,False
test_0013,1,13,mV_13,,31.48376826476556,True,,,False
test_0013,1,14,mV_14,26.496,,False,-1.8957594232849029,1.289394803527894,False
test_0013,1,15,mV_15,25.499,,False,-1.36606036754177,1.4909815595246978,False
test_0013,1,16,mV_16,27.617,,False,-1.3360460797303482,1.399073514459892,False
test_0013,1,17,mV_17,30.987,,False,-1.558141530837101,1.4627082679004257,False
test_0013,1,18,mV_18,34.6,,False,-1.3985039301971531,1.5580435046149421,False
test_0013,1,19,mV_19,33.998,,False,-1.877024627228361,1.7622329467524205,False
test_0013,1,20,mV_20,34.556,,False,-1.8963786023558062,1.4174454579849933,False
test_0013,2,0,mV_0,36.723,,False,0.7639928208058275,0.7090938459034151,False
test_0013,2,1,mV_1,31.508,,False,1.308389742002005,1.1114280112596582,False
test_0013,2,2,mV_2,27.452,,False,1.064939740228796,0.8595673056148991,False
test_0013,2,3,mV_3,,36.317494895202856,True,,,False
test_0013,2,4,mV_4,46.054,,False,1.0021121346864648,0.7791796560761333,False
test_0013,2,5,mV_5,53.614,,False,1.1124943549316038,1.1234106245668984,False
test_0013,2,6,mV_6,59.386,,False,1.2665416537179213,1.2610860721500259,False
test_0013,2,7,mV_7,63.366,,False,1.3987666262326568,1.3358291564636733,False
test_0013,2,8,mV_8,64.421,,False,1.2792417196714585,1.2906718497853789,False
test_0013,2,9,mV_9,64.126,,False,1.2054373335659418,1.1603976964081828,False
test_0013,2,10,mV_10,57.778,,False,0.9514743988293888,0.9793476793443898,False
test_0013,2,11,mV_11,49.183,,False,0.8090045861528397,0.8356700738532804,False
test_0013,2,12,mV_12,41.191,,False,0.7731967242780536,0.5888495086772367,False
test_0013,2,13,mV_13,,36.64406328244254,True,,,False
test_0013,2,14,mV_14,32.139,,False,0.7201521614067993,0.7116157141517048,False
test_0013,2,15,mV_15,31.099,,False,1.4061585337932203,1.3334157859086622,False
test_0013,2,16,mV_16,33.559,,False,1.801193914641409,1.7108053908677983,False
test_0013,2,17,mV_17,37.735,,False,1.834675200395154,1.630093654285492,False
test_0013,2,18,mV_18,40.063,,False,1.0498303017102504,1.109127008411287,False
test_0013,2,19,mV_19,39.148,,False,0.5021722298294928,0.6741269592681123,False
test_0013,2,20,mV_20,39.737,,False,0.6423330757032135,0.44670959530897997,False
test_0013,3,0,mV_0,32.916,,False,-0.7708465822589677,0.5455198543330868,False
test_0013,3,1,mV_1,26.251,,False,-0.6403862528144117,0.5703651790742759,False
test_0013,3,2,mV_2,24.442,,False,-0.22984162840931194,0.3198844844621351,False
test_0013,3,3,mV_3,33.435,,False,-0.17946842821550452,0.1509429177106263,False
test_0013,3,4,mV_4,43.544,,False,-0.014993186002184113,0.05236370005496818,False
test_0013,3,5,mV_5,,50.94395487225521,True,,,False
test_0013,3,6,mV_6,56.23,,False,0.07031078161444734,0.03515539080722367,False
test_0013,3,7,mV_7,,59.86186316544576,True,,,False
test_0013,3,8,mV_8,60.896,,False,0.08297508965636756,0.08880705245293372,False
test_0013,3,9,mV_9,61.082,,False,0.18927803049899977,0.2418815886838003,False
test_0013,3,10,mV_10,56.464,,False,0.5059952040808341,0.4840507683752184,False
test_0013,3,11,mV_11,48.971,,False,0.7349346348402055,0.6278173888907672,False
test_0013,3,12,mV_12,40.555,,False,0.535405081801824,0.5023009015285257,False
test_0013,3,13,mV_13,33.821,,False,-0.2034588076702494,0.31166369552207296,False
test_0013,3,14,mV_14,29.929,,False,-0.3043320849459689,0.21831507627960345,False
test_0013,3,15,mV_15,28.382,,False,0.06113732755622658,0.1211050584319615,False
test_0013,3,16,mV_16,30.257,,False,0.05781349366942391,0.07448408525262802,False
test_0013,3,17,mV_17,33.845,,False,-0.12117202611543766,0.10557073729855868,False
test_0013,3,18,mV_18,37.993,,False,0.12212540329393545,0.14459889997697617,False
test_0013,3,19,mV_19,37.6,,False,-0.2129727672045961,0.1370177344257819,False
test_0013,3,20,mV_20,,38.46625473134253,True,,,False
test_0013,4,0,mV_0,36.831,,False,0.8075343641551851,0.4755441940609153,False
test_0013,4,1,mV_1,28.753,,False,0.28710804793329114,0.5915625736560522,False
test_0013,4,2,mV_2,27.265,,False,0.9844998346024415,0.8782108443284825,False
test_0013,4,3,mV_3,36.58,,False,1.2567356601757558,1.263505182308648,False
test_0013,4,4,mV_4,47.421,,False,1.556049574280639,1.59252202835574,False
test_0013,4,5,mV_5,55.914,,False,2.0012533046859255,1.9362532558092633,False
test_0013,4,6,mV_6,61.813,,False,2.186456839584564,2.0703537387248323,True
test_0013,4,7,mV_7,64.801,,False,1.9072479710442758,1.938063297843305,False
test_0013,4,8,mV_8,65.812,,False,1.7513004097001046,1.7500462087651045,False
test_0013,4,9,mV_9,65.279,,False,1.5903360446159331,1.4797611375774404,False
test_0013,4,10,mV_10,57.883,,False,0.9870720513777906,1.0066359691671207,False
test_0013,4,11,mV_11,48.19,,False,0.4620637292969683,0.589498388797607,False
test_0013,4,12,mV_12,40.318,,False,0.4467940452187005,0.42689648322611773,False
test_0013,4,13,mV_13,35.22,,False,0.3519341131701016,0.4235488007911533,False
test_0013,4,14,mV_14,31.758,,False,0.5435329316057095,0.6521324563455544,False
test_0013,4,15,mV_15,30.621,,False,1.1695298490006971,1.1793942698403086,False
test_0013,4,16,mV_16,33.623,,False,1.834984449754131,1.7707352478399816,False
test_0013,4,17,mV_17,38.548,,False,2.243442242850968,1.9904836681338844,False
test_0013,4,18,mV_18,41.38,,False,1.6400657370794702,1.6322105341533453,False
test_0013,4,19,mV_19,40.237,,False,1.0052684196034727,1.1121892456369926,False
test_0013,4,20,mV_20,40.055,,False,0.7981544062615549,0.6503943080316457,False
test_0013,5,0,mV_0,30.124,,False,-1.8964761103275003,1.246606150812954,False
test_0013,5,1,mV_1,24.759,,False,-1.1934723825968154,1.249943344249197,False
test_0013,5,2,mV_2,23.311,,False,-0.7163525014756571,0.9541742397444266,False
test_0013,5,3,mV_3,31.221,,False,-1.1905195734295768,1.1695399296142217,False
test_0013,5,4,mV_4,39.68,,False,-1.580768070122076,1.5683301782204409,False
test_0013,5,5,mV_5,45.763,,False,-1.9212649992080342,1.8685151962786923,False
test_0013,5,6,mV_6,50.634,,False,-2.0507627165766245,1.999960964079245,False
test_0013,5,7,mV_7,53.839,,False,-1.9770534239556974,2.0144666803614575,True
test_0013,5,8,mV_8,54.602,,False,-2.05299715695781,2.016490109584257,True
test_0013,5,9,mV_9,54.575,,False,-1.9829127004657114,1.9598894323560818,False
test_0013,5,10,mV_10,49.601,,False,-1.8207351715350946,1.815271099237783,False
test_0013,5,11,mV_11,42.183,,False,-1.6367013534152313,1.6833137780095437,False
test_0013,5,12,mV_12,34.739,,False,-1.6391172336726179,1.2287339551901169,False
test_0013,5,13,mV_13,,30.695729861385868,True,,,False
test_0013,5,14,mV_14,,27.18475735019073,True,,,False
test_0013,5,15,mV_15,25.337,,False,-1.4462567000446747,1.1083536497351434,False
test_0013,5,16,mV_16,27.229,,False,-1.5409011988512245,1.572834583136822,False
test_0013,5,17,mV_17,30.579,,False,-1.7632792348001647,1.6517840207975807,False
test_0013,5,18,mV_18,34.285,,False,-1.5396764147387685,1.7024356965234224,False
test_0013,5,19,mV_19,33.803,,False,-1.9671107218159884,1.8925495419645015,False
test_0013,5,20,mV_20,34.148,,False,-2.096300309487261,1.5399278351976275,False
test_0013,6,0,mV_0,34.702,,False,-0.05079846724091551,0.043331902205058274,False
test_0013,6,1,mV_1,27.785,,False,-0.07173067433840208,0.14746767893688673,False
test_0013,6,2,mV_2,25.896,,False,0.3956108998298272,0.30136236860233223,False
test_0013,6,3,mV_3,34.578,,False,0.34249700041127235,0.3334670444290699,False
test_0013,6,4,mV_4,44.206,,False,0.2532632770639076,0.22375179244137702,False
test_0013,6,5,mV_5,50.854,,False,0.04598361522642045,0.12795397259286537,False
test_0013,6,6,mV_6,55.605,,False,-0.16658538285471294,0.13717680490162035,False
test_0013,6,7,mV_7,58.94,,False,-0.16955283867063503,0.1803396050046401,False
test_0013,6,8,mV_8,60.016,,False,-0.21566735982257745,0.16791454498714356,False
test_0013,6,9,mV_9,60.303,,False,-0.07077062163278425,0.14740260510996103,False
test_0013,6,10,mV_10,55.657,,False,0.2324018173516982,0.25552376125720744,False
test_0013,6,11,mV_11,48.26,,False,0.4865207886926491,0.4668989771533534,False
test_0013,6,12,mV_12,40.894,,False,0.662152513876417,0.5445606621595742,False
test_0013,6,13,mV_13,35.259,,False,0.3674168321928136,0.38963486581595697,False
test_0013,6,14,mV_14,30.934,,False,0.16155328500178348,0.2158848909962643,False
test_0013,6,15,mV_15,27.909,,False,-0.17301616178867654,0.322973901793019,False
test_0013,6,16,mV_16,28.662,,False,-0.7843099985929394,0.6800156401799888,False
test_0013,6,17,mV_17,32.14,,False,-0.9784264017454003,0.7541402971485708,False
test_0013,6,18,mV_18,37.106,,False,-0.2753983865105432,0.4047118223454676,False
test_0013,6,19,mV_19,38.255,,False,0.08962411461538386,0.14418001682635861,False
test_0013,6,20,mV_20,38.177,,False,-0.12207345156412347,0.0834427544359077,False
test_0013,7,0,mV_0,46.801,,False,4.827063875202203,4.187012621679681,False
test_0013,7,1,mV_1,47.115,,False,7.093922736314319,7.105915279280138,False
test_0013,7,2,mV_2,46.849,,False,9.408751769289712,8.33019451261439,False
test_0013,7,3,mV_3,50.053,,False,7.409351775563824,6.954226273397172,False
test_0013,7,4,mV_4,52.439,,False,3.5894497731713284,3.820081012977706,False
test_0013,7,5,mV_5,52.526,,False,0.6920727300043452,1.911777646728293,False
test_0013,7,6,mV_6,48.991,,False,-2.6735153537331535,3.8188038198532444,False
test_0013,7,7,mV_7,33.353,,False,-9.236111841942325,7.903840693395976,False
test_0013,7,8,mV_8,29.801,,False,-10.469623735966099,10.198739610758835,False
test_0013,7,9,mV_9,28.703,,False,-10.619599129160814,10.356618150526877,False
test_0013,7,10,mV_10,26.308,,False,-9.717650607819785,9.541258983422376,False
test_0013,7,11,mV_11,23.655,,False,-8.110135588889118,7.920390513899434,False
test_0013,7,12,mV_12,23.761,,False,-5.743640269999717,5.142164750741781,False
test_0013,7,13,mV_13,36.78,,False,0.9712428740785708,4.072426908406202,False
test_0013,7,14,mV_14,49.145,,False,8.603581615467947,7.4241820301291455,True
test_0013,7,15,mV_15,51.526,,False,11.51832201550212,10.897020920732643,True
test_0013,7,16,mV_16,52.777,,False,11.947858036458385,11.328862956016875,True
test_0013,7,17,mV_17,53.779,,False,9.901413735648608,9.75392261555939,True
test_0013,7,18,mV_18,53.931,,False,7.2650049544819595,7.831041207624159,True
test_0013,7,19,mV_19,52.981,,False,6.892741185884105,6.8063644112857,True
test_0013,7,20,mV_20,51.028,,False,6.174970318892631,4.810670455917341,False
test_0013,8,0,mV_0,34.79,,False,-0.015320172659958522,0.011876812017830935,False
test_0013,8,1,mV_1,28.024,,False,0.016866902751406697,0.01226349454069298,False
test_0013,8,2,mV_2,,24.782633389804968,True,,,False
test_0013,8,3,mV_3,34.405,,False,0.2634943589830718,0.15210954696747359,False
test_0013,8,4,mV_4,43.38,,False,-0.08144946990375074,0.14543322663256011,False
test_0013,8,5,mV_5,50.333,,False,-0.1553396077396672,0.12072682390191643,False
test_0013,8,6,mV_6,55.805,,False,-0.09077861022458057,0.09675906946721481,False
test_0013,8,7,mV_7,59.277,,False,-0.05013944968003089,0.07555000302239735,False
test_0013,8,8,mV_8,60.324,,False,-0.11114250250494705,0.12685908257516906,False
test_0013,8,9,mV_9,59.811,,False,-0.23501187561075126,0.27492634812870437,False
test_0013,8,10,mV_10,53.442,,False,-0.5185391387883679,0.46507060791340193,False
test_0013,8,11,mV_11,45.184,,False,-0.5881922784661205,0.5574887228230303,False
test_0013,8,12,mV_12,37.692,,False,-0.5350311955715124,0.6192630775583302,False
test_0013,8,13,mV_13,32.271,,False,-0.8187976406241754,0.7627137916840737,False
test_0013,8,14,mV_14,28.691,,False,-0.8782286899164321,0.7624374969414738,False
test_0013,8,15,mV_15,27.3,,False,-0.47449496730885565,0.4975248908299212,False
test_0013,8,16,mV_16,29.839,,False,-0.16288093878554144,0.2189187795989426,False
test_0013,8,17,mV_17,34.236,,False,0.07541827351583184,0.11837222124722625,False
test_0013,8,18,mV_18,37.364,,False,-0.15977139917169986,0.2899999764739245,False
test_0013,8,19,mV_19,36.405,,False,-0.7650388340364666,0.6016968995904173,False
test_0013,8,20,mV_20,36.963,,False,-0.7169385311170364,0.5497289740676349,False
test_0013,9,0,mV_0,37.379,,False,1.0284673804093218,0.7810921873072798,False
test_0013,9,1,mV_1,30.858,,False,1.0674339884104758,0.929956517078202,False
test_0013,9,2,mV_2,26.27,,False,0.556490711082535,0.5854043330256125,False
test_0013,9,3,mV_3,34.181,,False,0.16120192152690382,0.30309790934352404,False
test_0013,9,4,mV_4,44.404,,False,0.33349708323775346,0.3510859344010042,False
test_0013,9,5,mV_5,52.226,,False,0.5761476496016062,0.5926617339915435,False
test_0013,9,6,mV_6,58.379,,False,0.8848545535252081,0.8736144120213432,False
test_0013,9,7,mV_7,62.66,,False,1.1486008914333505,0.7955140840979773,False
test_0013,9,8,mV_8,,61.961203544168306,True,,,False
test_0013,9,9,mV_9,64.339,,False,1.2765417788856699,1.0485338350631501,False
test_0013,9,10,mV_10,59.812,,False,1.6410517824812605,1.5646464162823497,False
test_0013,9,11,mV_11,51.733,,False,1.6999403212812074,1.6570198681758526,False
test_0013,9,12,mV_12,43.368,,False,1.587147047659735,1.5033513107890881,False
test_0013,9,13,mV_13,37.203,,False,1.1391708265556755,1.259057125890046,False
test_0013,9,14,mV_14,33.111,,False,1.1707398027890987,1.1890296615731826,False
test_0013,9,15,mV_15,30.835,,False,1.275468214158857,1.2794779253766748,False
test_0013,9,16,mV_16,32.792,,False,1.3962354703998867,1.3667998807305946,False
test_0013,9,17,mV_17,36.869,,False,1.3992603679637479,1.3744501617443374,False
test_0013,9,18,mV_18,40.628,,False,1.303044440649967,1.1108265657378062,False
test_0013,9,19,mV_19,39.009,,False,0.43795701368754214,0.5714292426142457,False
test_0013,9,20,mV_20,38.644,,False,0.10675850243193147,0.16286850463785127,False
test_0013,10,0,mV_0,32.221,,False,-1.0510444769608414,0.6368715992266603,False
test_0013,10,1,mV_1,26.777,,False,-0.4453974429849584,0.7387505528424922,False
test_0013,10,2,mV_2,22.621,,False,-1.0131628484392106,1.1397820479258174,False
test_0013,10,3,mV_3,29.257,,False,-2.0874050518398906,1.8338100800944037,False
test_0013,10,4,mV_4,38.282,,False,-2.1472673682586225,2.092417125082351,True
test_0013,10,5,mV_5,45.591,,False,-1.9877287119722693,1.9844321114750194,False
test_0013,10,6,mV_6,51.256,,False,-1.8150036536969163,1.4044340048415256,False
test_0013,10,7,mV_7,,56.36558021680815,True,,,False
test_0013,10,8,mV_8,57.059,,False,-1.2191738633558027,0.8593705054360613,False
test_0013,10,9,mV_9,57.522,,False,-0.9991342950326398,1.0000205678980865,False
test_0013,10,10,mV_10,52.663,,False,-0.7826398181712642,0.8444027890703877,False
test_0013,10,11,mV_11,44.54,,False,-0.8131972249063826,0.8497712514602572,False
test_0013,10,12,mV_12,36.475,,False,-0.9900507378569995,1.0743264765496032,False
test_0013,10,13,mV_13,30.545,,False,-1.5040072055780318,1.4530591716538932,False
test_0013,10,14,mV_14,26.672,,False,-1.8141715376025098,1.7118533016098287,False
test_0013,10,15,mV_15,24.794,,False,-1.7150629256562637,1.7201906112204821,False
test_0013,10,16,mV_16,27.048,,False,-1.636465055966891,1.6225812615063577,False
test_0013,10,17,mV_17,31.098,,False,-1.5023320084353846,1.4824580454311678,False
test_0013,10,18,mV_18,34.845,,False,-1.2887031088870107,1.5207208464651107,False
test_0013,10,19,mV_19,33.725,,False,-2.0031451596510372,1.9668944511664983,False
test_0013,10,20,mV_20,33.176,,False,-2.5725843764769087,1.7870784781512137,False
test_0013,11,0,mV_0,31.923,,False,-1.171186883609989,0.9248313402749155,False
test_0013,11,1,mV_1,24.318,,False,-1.356951593879684,1.2359624679152346,False
test_0013,11,2,mV_2,22.515,,False,-1.0587598002915817,1.2372587367250427,False
test_0013,11,3,mV_3,30.599,,False,-1.474563752437324,2.6395721757867743,False
test_0013,11,4,mV_4,27.416,,False,-6.550401397980867,5.621040487602119,False
test_0013,11,5,mV_5,30.268,,False,-7.908795402009421,5.591998050499927,False
test_0013,11,6,mV_6,,36.714545994971424,True,,,False
test_0013,11,7,mV_7,38.037,,False,-7.576372037693113,5.995043426409499,False
test_0013,11,8,mV_8,34.64,,False,-8.827429630251768,8.691392405273119,False
test_0013,11,9,mV_9,31.954,,False,-9.534338322895826,9.389878210471172,False
test_0013,11,10,mV_10,26.468,,False,-9.66340656584127,9.915565587529487,False
test_0013,11,11,mV_11,15.953,,False,-10.801110895539587,10.787120132146578,False
test_0013,11,12,mV_12,7.341,,False,-11.882852171665865,11.743259648302779,False
test_0013,11,13,mV_13,3.083,,False,-12.406223354339799,9.173824720086365,False
test_0013,11,14,mV_14,,4.7795629929380645,True,,,False
test_0013,11,15,mV_15,2.13,,False,-12.934628850630585,9.505756702765675,True
test_0013,11,16,mV_16,7.128,,False,-12.153769109801532,11.914609054937586,True
test_0013,11,17,mV_17,13.369,,False,-10.41626914951669,10.25195440345322,True
test_0013,11,18,mV_18,19.822,,False,-8.02151020497797,9.0367523943586,True
test_0013,11,19,mV_19,17.091,,False,-9.687720017961775,9.775435649325592,True
test_0013,11,20,mV_20,14.539,,False,-11.70479235640085,8.274326182690869,True
test_0013,12,0,mV_0,36.447,,False,0.6527199878019195,0.5375206418079983,False
test_0013,12,1,mV_1,30.257,,False,0.8446425916281541,0.5988021930180327,False
test_0013,12,2,mV_2,25.1,,False,0.053203601013902785,0.4203133496331973,False
test_0013,12,3,mV_3,32.229,,False,-0.7302036048768294,0.5084787217919128,False
test_0013,12,4,mV_4,42.297,,False,-0.5203040764000895,0.4798955693817965,False
test_0013,12,5,mV_5,50.35,,False,-0.14877051985017772,0.28789610815114963,False
test_0013,12,6,mV_6,56.925,,False,0.3337393165041536,0.41263708374754043,False
test_0013,12,7,mV_7,61.773,,False,0.8342991821316768,0.5005844201918768,False
test_0013,12,8,mV_8,,61.29465623516556,True,,,False
test_0013,12,9,mV_9,63.471,,False,0.9867828186155952,0.8525462966264812,False
test_0013,12,10,mV_10,59.209,,False,1.436619549274734,1.2799337923310046,False
test_0013,12,11,mV_11,50.473,,False,1.2597132521589551,1.1668878874674475,False
test_0013,12,12,mV_12,41.026,,False,0.7115054962771457,0.6864119006981821,False
test_0013,12,13,mV_13,34.492,,False,0.06292335807948228,0.2516965363716902,False
test_0013,12,14,mV_14,30.951,,False,0.16943393305065063,0.25149660823623815,False
test_0013,12,15,mV_15,29.479,,False,0.6041952087641691,0.4914317159573085,False
test_0013,12,16,mV_16,31.261,,False,0.5879025132502451,0.5580017719673874,False
test_0013,12,17,mV_17,34.985,,False,0.4520068526048902,0.6050733417006822,False
test_0013,12,18,mV_18,39.792,,False,0.928377148342703,0.7823093949990181,False
test_0013,12,19,mV_19,39.837,,False,0.8204764307057762,0.7332126761696373,False
test_0013,12,20,mV_20,39.168,,False,0.36352069492429356,0.38687945513859084,False
test_0014,1,0,mV_0,39.286,,False,1.453519626556769,0.8945020878940262,False
test_0014,1,1,mV_1,36.005,,False,0.6709690984625668,0.7080053542371069,False
test_0014,1,2,mV_2,27.128,,False,-0.03656359346652498,0.5733310959806496,False
test_0014,1,3,mV_3,27.502,,False,1.5492280985269815,0.937536409463326,False
test_0014,1,4,mV_4,35.119,,False,0.6151258473328157,0.8931501379036688,False
test_0014,1,5,mV_5,42.628,,False,0.7931207584220623,0.8603915411014723,False
test_0014,1,6,mV_6,49.521,,False,1.2401988002289488,1.1537050519450152,False
test_0014,1,7,mV_7,53.792,,False,1.341301848900101,1.3992666826051205,False
test_0014,1,8,mV_8,55.791,,False,1.6742642323913313,1.4766544131512263,False
test_0014,1,9,mV_9,56.204,,False,1.216787338922141,1.2613956964847977,False
test_0014,1,10,mV_10,55.206,,False,0.9377438757035779,0.9101156518388352,False
test_0014,1,11,mV_11,53.671,,False,0.5481875170260442,0.6917807160688876,False
test_0014,1,12,mV_12,52.596,,False,0.7330039545198839,0.6284101688996718,False
test_0014,1,13,mV_13,49.211,,False,0.49944524953287556,0.633930138642529,False
test_0014,1,14,mV_14,44.843,,False,0.803826100984481,0.7495419531613066,False
test_0014,1,15,mV_15,40.356,,False,0.8910703611433883,0.6464917058178145,False
test_0014,1,16,mV_16,,33.371401765695424,True,,,False
test_0014,1,17,mV_17,28.707,,False,0.9713873628839238,0.5435123463234346,False
test_0014,1,18,mV_18,18.245,,False,0.23127465952589082,0.40959070491344546,False
test_0014,1,19,mV_19,10.866,,False,-0.20442613771807658,0.32455063856743943,False
test_0014,1,20,mV_20,19.042,,False,0.6580756193077137,0.380144344083376,False
test_0014,2,0,mV_0,,34.99140948837757,True,,,False
test_0014,2,1,mV_1,32.791,,False,-0.5204644277577065,0.26184531359061175,False
test_0014,2,2,mV_2,27.228,,False,0.0064523988470340035,0.27793312336990167,False
test_0014,2,3,mV_3,22.843,,False,-0.5783632680278321,0.5739430774831213,False
test_0014,2,4,mV_4,30.806,,False,-1.1325933750297872,1.0248029618290975,False
test_0014,2,5,mV_5,37.326,,False,-1.2556618292289836,1.199044994366437,False
test_0014,2,6,mV_6,43.209,,False,-1.1522629439779937,1.1928921304898408,False
test_0014,2,7,mV_7,46.588,,False,-1.2113808047743924,1.1131141080202767,False
test_0014,2,8,mV_8,48.272,,False,-0.8774318785543288,0.9401862342042807,False
test_0014,2,9,mV_9,50.179,,False,-0.794500374934073,0.7533200941545954,False
test_0014,2,10,mV_10,50.827,,False,-0.5468477481959069,0.7450945666561068,False
test_0014,2,11,mV_11,48.976,,False,-1.0921823952985406,0.9474678499779008,False
test_0014,2,12,mV_12,47.804,,False,-1.0586588611186152,1.1004102923582528,False
test_0014,2,13,mV_13,44.95,,False,-1.1921410518972402,1.0710790090031912,False
test_0014,2,14,mV_14,41.294,,False,-0.8413750710996698,0.8303541132118307,False
test_0014,2,15,mV_15,37.654,,False,-0.4465252587507434,0.48230944143096266,False
test_0014,2,16,mV_16,31.648,,False,-0.19481217712269394,0.3320948862023664,False
test_0014,2,17,mV_17,25.796,,False,-0.4922299318133343,0.4585056960509226,False
test_0014,2,18,mV_18,16.268,,False,-0.6547507434543278,0.7022696870501401,False
test_0014,2,19,mV_19,9.128,,False,-1.0073473294785709,0.8705905859773082,False
test_0014,2,20,mV_20,16.04,,False,-0.8129169414977634,0.6582953031185244,False
test_0014,3,0,mV_0,40.748,,False,2.0429431115267516,2.101138682433114,False
test_0014,3,1,mV_1,45.845,,False,4.318668506678953,3.8260172846672624,False
test_0014,3,2,mV_2,16.464,,False,-4.623789013784392,4.193860857025335,False
test_0014,3,3,mV_3,17.082,,False,-3.2091968938536057,3.00438758353003,False
test_0014,3,4,mV_4,36.008,,False,0.9753675326285169,1.5576250191574799,False
test_0014,3,5,mV_5,43.346,,False,1.0705681175192792,1.1383552857178036,False
test_0014,3,6,mV_6,50.04,,False,1.4369173752041389,0.9861007169818892,False
test_0014,3,7,mV_7,,49.76534604067045,True,,,False
test_0014,3,8,mV_8,47.845,,False,-1.022341339835589,1.927000382182138,False
test_0014,3,9,mV_9,35.594,,False,-5.663318849057374,3.3579564314866106,False
test_0014,3,10,mV_10,49.246,,False,-1.0828466879961072,2.3754687719285377,False
test_0014,3,11,mV_11,56.89,,False,1.6728628626645614,2.0211547290993113,False
test_0014,3,12,mV_12,60.414,,False,3.656046503072015,3.324974718862817,False
test_0014,3,13,mV_13,58.822,,False,4.314943006642677,4.613656417122856,True
test_0014,3,14,mV_14,56.416,,False,6.168693152134053,6.001905025764985,True
test_0014,3,15,mV_15,53.414,,False,7.355290792149155,7.258077165871338,True
test_0014,3,16,mV_16,47.459,,False,8.153033927052986,7.5157154255697485,True
test_0014,3,17,mV_17,39.507,,False,6.401503056023867,6.435956174922192,True
test_0014,3,18,mV_18,28.412,,False,4.787784660588048,5.362364034604786,True
test_0014,3,19,mV_19,23.154,,False,5.47238376121918,5.281262057387536,True
test_0014,3,20,mV_20,28.704,,False,5.392496046523739,4.064343963566665,False
test_0014,4,0,mV_0,34.677,,False,-0.40465605212083555,0.43401625066765814,False
test_0014,4,1,mV_1,31.695,,False,-0.9267528984289614,0.9487808135855498,False
test_0014,4,2,mV_2,23.64,,False,-1.5369614053634408,1.1835760710091965,False
test_0014,4,3,mV_3,25.716,,False,0.7336285748809429,0.7694922053515845,False
test_0014,4,4,mV_4,33.783,,False,0.07375026628101097,0.23491781826158664,False
test_0014,4,5,mV_5,40.727,,False,0.05854216560338173,0.10541655503663086,False
test_0014,4,6,mV_6,45.64,,False,-0.23083162265874899,0.3342121953663021,False
test_0014,4,7,mV_7,47.702,,False,-0.8166433705443286,0.5994430147452718,False
test_0014,4,8,mV_8,49.285,,False,-0.533653695233681,0.6092741525707545,False
test_0014,4,9,mV_9,50.902,,False,-0.5531458492713274,0.6089941774527614,False
test_0014,4,10,mV_10,50.092,,False,-0.79603131603471,0.8360757912136728,False
test_0014,4,11,mV_11,48.67,,False,-1.1990946835139438,1.13930573391309,False
test_0014,4,12,mV_12,46.99,,False,-1.363002252589763,1.4198455097384457,False
test_0014,4,13,mV_13,43.534,,False,-1.754282850260313,1.624904281624985,False
test_0014,4,14,mV_14,39.597,,False,-1.6280491733895515,1.857161787341168,False
test_0014,4,15,mV_15,33.671,,False,-2.4182659523252568,2.098713504866925,True
test_0014,4,16,mV_16,28.361,,False,-1.9302729414276367,2.216540351315923,True
test_0014,4,17,mV_17,21.629,,False,-2.587349570083162,2.6839993331198913,True
test_0014,4,18,mV_18,9.627,,False,-3.6310252508856036,2.6578252937194375,True
test_0014,4,19,mV_19,13.001,,False,0.7819011030233819,1.3989127198908933,False
test_0014,4,20,mV_20,16.881,,False,-0.4008234226312058,0.39588698707144837,False
test_0014,5,0,mV_0,33.16,,False,-1.0162534712039186,0.5599322226241382,False
test_0014,5,1,mV_1,33.636,,False,-0.20722194808871577,0.48070007986211427,False
test_0014,5,2,mV_2,28.357,,False,0.4921029520671071,0.4481560634028784,False
test_0014,5,3,mV_3,22.793,,False,-0.6011964013885837,0.709912747104108,False
test_0014,5,4,mV_4,30.775,,False,-1.1451552335721578,0.9307207258719661,False
test_0014,5,5,mV_5,38.424,,False,-0.8313760349549651,0.7632855532351408,False
test_0014,5,6,mV_6,45.602,,False,-0.2452349094584752,0.36400644023173045,False
test_0014,5,7,mV_7,49.628,,False,-0.13417990705500635,0.18010963911866107,False
test_0014,5,8,mV_8,51.467,,False,0.20684383290615635,0.20189560032803883,False
test_0014,5,9,mV_9,53.337,,False,0.25971482844483623,0.2867509600979209,False
test_0014,5,10,mV_10,53.681,,False,0.4207303505958547,0.2945101433628854,False
test_0014,5,11,mV_11,51.882,,False,-0.07686504381499615,0.2246082141970479,False
test_0014,5,12,mV_12,49.769,,False,-0.3239724185623447,0.1812024702349214,False
test_0014,5,13,mV_13,,47.70385736339861,True,,,False
test_0014,5,14,mV_14,42.376,,False,-0.3397950011658718,0.4141992912630823,False
test_0014,5,15,mV_15,36.582,,False,-0.9772071627205856,0.7809124978288853,False
test_0014,5,16,mV_16,30.446,,False,-0.8294406647084981,1.0017981761638548,False
test_0014,5,17,mV_17,24.048,,False,-1.3711042125178372,0.8929122724360431,False
test_0014,5,18,mV_18,,17.55290769125861,True,,,False
test_0014,5,19,mV_19,12.35,,False,0.4811521410923793,0.2908014994211266,False
test_0014,5,20,mV_20,17.289,,False,-0.20090171549974775,0.2207388930229687,False
test_0014,6,0,mV_0,38.105,,False,0.9773847867827923,0.6544884869203369,False
test_0014,6,1,mV_1,35.984,,False,0.6631843741157631,0.6460544512246795,False
test_0014,6,2,mV_2,27.865,,False,0.2804642698843996,0.44605241880594837,False
test_0014,6,3,mV_3,25.336,,False,0.5600967613392311,0.3927126786874517,False
test_0014,6,4,mV_4,33.181,,False,-0.170192922186945,0.23859694202509898,False
test_0014,6,5,mV_5,40.715,,False,0.053905162387274747,0.1524144693045801,False
test_0014,6,6,mV_6,47.124,,False,0.33165463025682596,0.24869509632578324,False
test_0014,6,7,mV_7,50.79,,False,0.2775659624022063,0.39803991468632866,False
test_0014,6,8,mV_8,52.936,,False,0.705373103684076,0.5818126766467717,False
test_0014,6,9,mV_9,54.473,,False,0.6389385368167286,0.6708343360256855,False
test_0014,6,10,mV_10,54.505,,False,0.7000871667852088,0.5890016207106525,False
test_0014,6,11,mV_11,53.009,,False,0.3168936124554641,0.41773320707982076,False
test_0014,6,12,mV_12,51.537,,False,0.33705843662314583,0.2581666040932204,False
test_0014,6,13,mV_13,47.848,,False,-0.04165593067112574,0.15434662479677091,False
test_0014,6,14,mV_14,43.534,,False,0.19701620122168637,0.19258368940819787,False
test_0014,6,15,mV_15,39.232,,False,0.33464642451829296,0.21657726256456808,False
test_0014,6,16,mV_16,,32.186956903864385,True,,,False
test_0014,6,17,mV_17,27.663,,False,0.4464761792137289,0.23355109302354057,False
test_0014,6,18,mV_18,17.821,,False,0.04125201366670447,0.20021385505321837,False
test_0014,6,19,mV_19,10.72,,False,-0.27187521366573564,0.17087332050286655,False
test_0014,6,20,mV_20,17.9,,False,0.09849084101329043,0.11721422392307912,False
test_0014,7,0,mV_0,36.206,,False,0.21177931622328738,0.14397920223707378,False
test_0014,7,1,mV_1,34.606,,False,0.1523581765017204,0.18719550692998577,False
test_0014,7,2,mV_2,27.753,,False,0.23228635849321486,0.4059109358409198,False
test_0014,7,3,mV_3,26.314,,False,1.0067128498755291,0.5850321519834248,False
test_0014,7,4,mV_4,33.834,,False,0.0944165496894262,0.3380595040663534,False
test_0014,7,5,mV_5,40.17,,False,-0.15669206701103203,0.10858326353300869,False
test_0014,7,6,mV_6,46.179,,False,-0.02653237042054452,0.061592484467431936,False
test_0014,7,7,mV_7,50.11,,False,0.03661313001760668,0.1340035407972305,False
test_0014,7,8,mV_8,52.143,,False,0.4362555327331642,0.2891218868779317,False
test_0014,7,9,mV_9,53.3,,False,0.2473633520277919,0.2979231658869963,False
test_0014,7,10,mV_10,53.209,,False,0.2607104267592372,0.20451192772510565,False
test_0014,7,11,mV_11,51.961,,False,-0.04926350535415628,0.1487431764192706,False
test_0014,7,12,mV_12,51.266,,False,0.2357352682095326,0.14924624283799476,False
test_0014,7,13,mV_13,48.145,,False,0.07625092957875751,0.19637862563410632,False
test_0014,7,14,mV_14,43.966,,False,0.39727737516937767,0.38428207360423916,False
test_0014,7,15,mV_15,39.902,,False,0.666322614499444,0.7035997418321926,False
test_0014,7,16,mV_16,34.071,,False,1.084476363160505,0.9406043291437721,False
test_0014,7,17,mV_17,28.619,,False,0.9271419757546348,0.8935703158160073,False
test_0014,7,18,mV_18,19.147,,False,0.6355209485942548,0.5698153395180025,False
test_0014,7,19,mV_19,11.484,,False,0.08107748512886545,0.3175099880921169,False
test_0014,7,20,mV_20,18.663,,False,0.47236403351648176,0.25645138804045725,False
test_0014,8,0,mV_0,34.801,,False,-0.3546639097567593,0.30170219384754626,False
test_0014,8,1,mV_1,32.853,,False,-0.4974809558766665,0.3483755334174805,False
test_0014,8,2,mV_2,27.111,,False,-0.04387631215982968,1.090972205016768,False
test_0014,8,3,mV_3,15.835,,False,-3.778655239870746,3.005335028460565,False
test_0014,8,4,mV_4,22.693,,False,-4.420153321940939,3.154740470938156,False
test_0014,8,5,mV_5,,26.571045284363173,True,,,False
test_0014,8,6,mV_6,33.442,,False,-4.854286685370456,3.6820179885984183,False
test_0014,8,7,mV_7,35.841,,False,-5.019498583652762,5.120110726520301,True
test_0014,8,8,mV_8,34.394,,False,-5.587159053405225,5.572693127216214,True
test_0014,8,9,mV_9,34.295,,False,-6.096955818401643,6.033770539366704,True
test_0014,8,10,mV_10,33.698,,False,-6.354011467258306,6.563649761210648,True
test_0014,8,11,mV_11,30.78,,False,-7.44962029192434,7.340851303961145,True
test_0014,8,12,mV_12,28.944,,False,-8.110153164737591,8.109073304441607,True
test_0014,8,13,mV_13,25.871,,False,-8.766366596366902,8.691937415748827,True
test_0014,8,14,mV_14,23.425,,False,-9.124863305523908,8.97266474132834,True
test_0014,8,15,mV_15,20.629,,False,-8.874565757898639,6.718498705330296,True
test_0014,8,16,mV_16,,15.572978279387375,True,,,False
test_0014,8,17,mV_17,11.862,,False,-7.498084752944073,5.591786295145629,False
test_0014,8,18,mV_18,1.282,,False,-7.370975674694368,6.71501670369034,False
test_0014,8,19,mV_19,1.308,,False,-4.620030712428552,5.89031411186862,False
test_0014,8,20,mV_20,3.515,,False,-6.95021934792301,4.630117352068643,False
test_0015,1,0,mV_0,39.969,,False,-0.4805696265965928,0.33106025969941283,False
test_0015,1,1,mV_1,33.801,,False,-0.3631017856044657,0.32115803597326614,False
test_0015,1,2,mV_2,27.492,,False,-0.07785894608754033,0.6251839133731912,False
test_0015,1,3,mV_3,37.501,,False,1.9819159757132185,1.3884941443794938,False
test_0015,1,4,mV_4,46.216,,False,1.5122856800039979,1.5399211661100716,False
test_0015,1,5,mV_5,54.714,,False,1.1531973287190718,1.185075293923241,False
test_0015,1,6,mV_6,60.637,,False,0.9216208382508224,1.0180113405343896,False
test_0015,1,7,mV_7,63.569,,False,1.075606356916841,0.9788700931507336,False
test_0015,1,8,mV_8,65.112,,False,0.8426468205184299,0.8062287307025389,False
test_0015,1,9,mV_9,64.792,,False,0.4640149248564547,0.558785319918093,False
test_0015,1,10,mV_10,62.614,,False,0.4644646094410327,0.4026529930900197,False
test_0015,1,11,mV_11,60.985,,False,0.21766782862155848,0.27542470776269,False
test_0015,1,12,mV_12,56.723,,False,0.20189856436661052,0.1862324291852547,False
test_0015,1,13,mV_13,51.68,,False,0.12346475938623938,0.17067447579438422,False
test_0015,1,14,mV_14,45.619,,False,-0.23386982003844756,0.14780109986578363,False
test_0015,1,15,mV_15,,39.23113973171965,True,,,False
test_0015,1,16,mV_16,30.775,,False,-0.28273174301347564,0.40539267737341467,False
test_0015,1,17,mV_17,17.166,,False,-1.0561072234667073,0.7958178175729901,False
test_0015,1,18,mV_18,15.853,,False,0.78832508034507,0.7083141730277124,False
test_0015,1,19,mV_19,24.074,,False,0.20049930795400212,0.39692427449088774,False
test_0015,1,20,mV_20,24.358,,False,0.39837340171047675,0.2493115278437389,False
test_0015,2,0,mV_0,39.693,,False,-0.5918424596005037,0.4043976565613617,False
test_0015,2,1,mV_1,33.61,,False,-0.4339057070444392,0.8237865664272297,False
test_0015,2,2,mV_2,23.406,,False,-1.8354923920195365,1.1264600782245768,False
test_0015,2,3,mV_3,32.283,,False,-0.4009498218147943,0.777368696024061,False
test_0015,2,4,mV_4,41.319,,False,-0.47208274844711884,0.47371435527654293,False
test_0015,2,5,mV_5,50.307,,False,-0.5497421023971398,0.54114135803515,False
test_0015,2,6,mV_6,56.641,,False,-0.5929984788992013,0.49873513155231786,False
test_0015,2,7,mV_7,59.802,,False,-0.2592014660137289,0.34224513090056186,False
test_0015,2,8,mV_8,61.87,,False,-0.2575791126755882,0.2659462069870084,False
test_0015,2,9,mV_9,62.535,,False,-0.2894251365831282,0.27606483577769086,False
test_0015,2,10,mV_10,60.454,,False,-0.26782995726891895,0.41607789373890225,False
test_0015,2,11,mV_11,57.96,,False,-0.839226523834643,0.8341914738639116,False
test_0015,2,12,mV_12,52.464,,False,-1.3904828905174413,1.3093852383874292,False
test_0015,2,13,mV_13,47.295,,False,-1.6173486486801916,1.5826033388482625,False
test_0015,2,14,mV_14,42.445,,False,-1.705233167515225,1.2569537459276603,False
test_0015,2,15,mV_15,,35.49421527218208,True,,,False
test_0015,2,16,mV_16,27.296,,False,-2.1195641126565836,1.9291662042820517,False
test_0015,2,17,mV_17,12.35,,False,-3.477536591815039,2.429327056478549,True
test_0015,2,18,mV_18,12.66,,False,-0.6426709296275341,1.5927576836130792,False
test_0015,2,19,mV_19,20.159,,False,-1.60815228338221,1.380757426437712,False
test_0015,2,20,mV_20,20.149,,False,-1.6640542093588937,1.2340651755249994,False
test_0015,3,0,mV_0,37.477,,False,-1.4852504231391392,0.9786228371545042,False
test_0015,3,1,mV_1,32.234,,False,-0.943990502339738,1.3553057054667825,False
test_0015,3,2,mV_2,22.912,,False,-2.047991394048515,1.3356851597000832,False
test_0015,3,3,mV_3,32.498,,False,-0.3027673483635651,0.7405761695429894,False
test_0015,3,4,mV_4,41.722,,False,-0.30877858739631264,0.3525430001696455,False
test_0015,3,5,mV_5,50.462,,False,-0.4898474775223917,0.4965213418924693,False
test_0015,3,6,mV_6,56.365,,False,-0.6976118251287812,0.617566900578506,False
test_0015,3,7,mV_7,58.882,,False,-0.58519647453407,0.6594219536112316,False
test_0015,3,8,mV_8,60.361,,False,-0.7696830402480052,0.7326032338300887,False
test_0015,3,9,mV_9,60.988,,False,-0.8058503802902749,0.692137662612552,False
test_0015,3,10,mV_10,60.102,,False,-0.38716684962165315,0.5092080792768048,False
test_0015,3,11,mV_11,59.055,,False,-0.45664823757363804,0.5265470377709555,False
test_0015,3,12,mV_12,54.028,,False,-0.8057248263148925,0.8307480291584951,False
test_0015,3,13,mV_13,48.208,,False,-1.2548942264305576,1.3363109298229143,False
test_0015,3,14,mV_14,41.745,,False,-2.02973044011565,1.9233250094253955,False
test_0015,3,15,mV_15,34.462,,False,-2.378944931039725,2.4082882356660162,True
test_0015,3,16,mV_16,25.921,,False,-2.845532640468965,3.0818429379866004,True
test_0015,3,17,mV_17,10.799,,False,-4.257361539968747,2.8626963442900326,True
test_0015,3,18,mV_18,13.892,,False,-0.09052965675367028,1.5988420039756752,False
test_0015,3,19,mV_19,19.404,,False,-1.956947162426613,1.001105995401724,False
test_0015,3,20,mV_20,,22.147264637202277,True,,,False
test_0015,4,0,mV_0,35.111,,False,-2.439132752440769,1.6119072157702847,False
test_0015,4,1,mV_1,30.547,,False,-1.5693633581996007,1.8284962296537965,False
test_0015,4,2,mV_2,23.637,,False,-1.7361254497752159,1.285405845467531,False
test_0015,4,3,mV_3,32.942,,False,-0.1000091241200916,0.6804669221946149,False
test_0015,4,4,mV_4,40.545,,False,-0.7857239907630604,0.815261794813977,False
test_0015,4,5,mV_5,47.616,,False,-1.5895900736096955,1.4995578242135366,False
test_0015,4,6,mV_6,52.841,,False,-2.033327158871695,1.8346212345095534,False
test_0015,4,7,mV_7,55.786,,False,-1.682240546685128,1.78647117023834,False
test_0015,4,8,mV_8,57.478,,False,-1.7480764287114083,1.8158640381948667,False
test_0015,4,9,mV_9,57.156,,False,-2.0850627486715223,2.006480495545532,False
test_0015,4,10,mV_10,55.027,,False,-2.1077200561276754,2.1233132322577615,False
test_0015,4,11,mV_11,54.086,,False,-2.192750068104173,1.6233050480840054,False
test_0015,4,12,mV_12,,50.597757841609244,True,,,False
test_0015,4,13,mV_13,45.863,,False,-2.1858423317705302,1.8178828404395324,False
test_0015,4,14,mV_14,39.868,,False,-2.899846698217069,2.8469316143226795,True
test_0015,4,15,mV_15,32.395,,False,-3.4021907290860502,3.278674076443488,True
test_0015,4,16,mV_16,24.851,,False,-3.4104681493847813,3.4823580956671694,True
test_0015,4,17,mV_17,11.895,,False,-3.7063053548130642,2.9465472300542563,True
test_0015,4,18,mV_18,11.945,,False,-0.9631100612061161,2.039657991364204,True
test_0015,4,19,mV_19,18.172,,False,-2.52610648823152,2.2245044132496194,True
test_0015,4,20,mV_20,17.662,,False,-2.882694615329321,2.0728739297225407,True
test_0015,5,0,mV_0,41.886,,False,0.2922927678544744,0.3107840363331422,False
test_0015,5,1,mV_1,36.557,,False,0.6585506096236201,0.414285434642441,False
test_0015,5,2,mV_2,27.784,,False,0.04774775146804934,1.1385982072807952,False
test_0015,5,3,mV_3,24.839,,False,-3.8003467165634617,2.2696167380521532,False
test_0015,5,4,mV_4,38.955,,False,-1.4300257676136392,1.8865807718389551,False
test_0015,5,5,mV_5,49.437,,False,-0.8859248355650801,0.8004688596859498,False
test_0015,5,6,mV_6,,55.61330900578484,True,,,False
test_0015,5,7,mV_7,59.102,,False,-0.5072411464096412,0.2536205732048206,False
test_0015,5,8,mV_8,,57.97244376781394,True,,,False
test_0015,5,9,mV_9,58.267,,False,-1.7141846324733045,1.5402282199035764,False
test_0015,5,10,mV_10,53.184,,False,-2.7325436146676965,1.7948179654521743,False
test_0015,5,11,mV_11,,49.27470920898766,True,,,False
test_0015,5,12,mV_12,44.009,,False,-4.551690967776106,3.5878074246651437,True
test_0015,5,13,mV_13,38.15,,False,-5.2478477631083615,4.807944706043822,True
test_0015,5,14,mV_14,37.097,,False,-4.18439233018246,4.157925646137871,True
test_0015,5,15,mV_15,33.177,,False,-3.015070161078202,2.727799612620795,True
test_0015,5,16,mV_16,29.991,,False,-0.6966657981443164,1.3042842609254035,False
test_0015,5,17,mV_17,20.875,,False,0.8087352863347791,1.5303279468153752,False
test_0015,5,18,mV_18,22.589,,False,3.807175416447626,2.757509775651074,False
test_0015,5,19,mV_19,29.283,,False,2.606952983374263,2.5420452945703254,False
test_0015,5,20,mV_20,25.886,,False,1.147099795085149,1.2252881433861402,False
test_0015,6,0,mV_0,43.599,,False,0.9829100248678666,0.6335725694080144,False
test_0015,6,1,mV_1,36.314,,False,0.5684702278963244,0.6211565238698727,False
test_0015,6,2,mV_2,28.521,,False,0.3647756148189754,0.9836979245084614,False
test_0015,6,3,mV_3,38.935,,False,2.6367702404995703,2.000087680756733,True
test_0015,6,4,mV_4,48.313,,False,2.362034627208816,2.3489600671416078,True
test_0015,6,5,mV_5,56.996,,False,2.0350007736492293,2.053136936664371,True
test_0015,6,6,mV_6,62.903,,False,1.7805115721502092,1.9061142474968378,False
test_0015,6,7,mV_7,66.258,,False,2.0284330720377035,1.978829576260829,False
test_0015,6,8,mV_8,68.752,,False,2.0779405888177,2.039803795413021,False
test_0015,6,9,mV_9,69.318,,False,1.9749009319789803,2.0229320625145384,False
test_0015,6,10,mV_10,67.332,,False,2.063985797282493,2.0010585503191862,False
test_0015,6,11,mV_11,65.804,,False,1.9013616747327782,1.9470276210759039,False
test_0015,6,12,mV_12,61.322,,False,1.9214013375555656,1.8932775396252906,False
test_0015,6,13,mV_13,55.976,,False,1.828945808657252,1.8684154188895288,False
test_0015,6,14,mV_14,50.21,,False,1.894368720688045,1.7711742513765976,False
test_0015,6,15,mV_15,42.231,,False,1.4670137554730482,1.5323989555073745,False
test_0015,6,16,mV_16,33.775,,False,1.301199590395356,1.0444409639703764,False
test_0015,6,17,mV_17,19.051,,False,-0.1083509196177464,0.44445951695861324,False
test_0015,6,18,mV_18,14.674,,False,0.2599366382036041,0.16075188878419264,False
test_0015,6,19,mV_19,23.672,,False,0.014783359111815957,0.08327843220405133,False
test_0015,6,20,mV_20,23.634,,False,0.043610372388969296,0.025501025972438637,False
test_0015,7,0,mV_0,44.68,,False,1.4187286207998462,1.2606432720303902,False
test_0015,7,1,mV_1,40.729,,False,2.205115846521868,1.732542429267669,False
test_0015,7,2,mV_2,30.233,,False,1.1012094032270947,1.4524864259983516,False
test_0015,7,3,mV_3,36.232,,False,1.402411051017349,1.240205600394388,False
test_0015,7,4,mV_4,45.087,,False,1.0547908963157586,1.0971289117850178,False
test_0015,7,5,mV_5,53.998,,False,0.8765228034912046,0.988082313270394,False
test_0015,7,6,mV_6,61.225,,False,1.1444927497834085,1.1537364731428887,False
test_0015,7,7,mV_7,64.624,,False,1.4494375895135334,1.3284889511938602,False
test_0015,7,8,mV_8,66.373,,False,1.2705878759649658,1.323965989351646,False
test_0015,7,9,mV_9,67.312,,False,1.3052506159631188,0.9702722769728008,False
test_0015,7,10,mV_10,,65.57883352880923,True,,,False
test_0015,7,11,mV_11,,64.02004346456192,True,,,False
test_0015,7,12,mV_12,61.025,,False,1.8103571271539296,1.330655592104946,False
test_0015,7,13,mV_13,55.656,,False,1.701908114111925,1.84562762191176,False
test_0015,7,14,mV_14,50.801,,False,2.1683371322692606,1.876275273758492,False
test_0015,7,15,mV_15,42.23,,False,1.4665187163835216,1.7083508695297158,False
test_0015,7,16,mV_16,34.591,,False,1.7320289130825595,1.683959654068155,False
test_0015,7,17,mV_17,22.857,,False,1.8052620737239793,1.4309857130254175,False
test_0015,7,18,mV_18,13.243,,False,-0.381389791571152,0.7195075545605425,False
test_0015,7,19,mV_19,24.311,,False,0.3099885613758868,0.4157181407299145,False
test_0015,7,20,mV_20,24.895,,False,0.6615056485967323,0.40824996464233787,False
test_0015,8,0,mV_0,43.355,,False,0.8845383898933961,0.6965238526306834,False
test_0015,8,1,mV_1,37.524,,False,1.0170186307359415,1.1836777117109283,False
test_0015,8,2,mV_2,31.895,,False,1.8161351954784346,2.95575071524342,False
test_0015,8,3,mV_3,17.452,,False,-7.173713839280871,4.536172383136219,False
test_0015,8,4,mV_4,37.595,,False,-1.9811266585046985,2.950311980538867,False
test_0015,8,5,mV_5,50.008,,False,-0.665280765865201,0.961957897415426,False
test_0015,8,6,mV_6,56.791,,False,-0.5361433994266035,0.7675180405113251,False
test_0015,8,7,mV_7,56.773,,False,-1.3325045973268925,1.3582065427739427,False
test_0015,8,8,mV_8,56.053,,False,-2.231673577015382,2.331926589814466,False
test_0015,8,9,mV_9,52.822,,False,-3.5318546079002076,2.3238456982039493,False
test_0015,8,10,mV_10,,43.72555596268802,True,,,False
test_0015,8,11,mV_11,37.061,,False,-8.141056299696517,6.519109072138856,True
test_0015,8,12,mV_12,29.987,,False,-9.79432368916239,9.661850636451444,True
test_0015,8,13,mV_13,23.868,,False,-10.91769886778448,9.919371392247,True
test_0015,8,14,mV_14,28.763,,False,-8.047764144256647,8.053845003723367,True
test_0015,8,15,mV_15,28.759,,False,-5.202152858595699,5.060016087077762,False
test_0015,8,16,mV_16,27.924,,False,-1.7879944868630013,2.4732688272826904,False
test_0015,8,17,mV_17,21.484,,False,1.1149334768090597,2.51971669420026,False
test_0015,8,18,mV_18,27.618,,False,6.0610053363199174,4.44224191929123,False
test_0015,8,19,mV_19,33.45,,False,4.5320235277160235,4.219081836472199,False
test_0015,8,20,mV_20,27.119,,False,1.751274954136832,2.0086433589974217,False
test_0015,9,0,mV_0,28.496,,False,-5.1060522825888155,3.428575942085168,False
test_0015,9,1,mV_1,25.333,,False,-3.5021992031630407,4.969677185205102,False
test_0015,9,2,mV_2,9.614,,False,-7.768258051905509,5.074547735788276,False
test_0015,9,3,mV_3,35.919,,False,1.2594756361790442,2.8413757631727212,False
test_0015,9,4,mV_4,45.145,,False,1.078293728427289,0.9434069883138101,False
test_0015,9,5,mV_5,52.655,,False,0.35756486022161804,0.464701697566003,False
test_0015,9,6,mV_6,58.033,,False,-0.0653833413934867,0.3140035884584848,False
test_0015,9,7,mV_7,58.367,,False,-0.7676828108253478,1.3211428626627324,False
test_0015,9,8,mV_8,51.774,,False,-3.6838224876067467,4.582993075959424,False
test_0015,9,9,mV_9,32.857,,False,-10.196644517798852,6.819716525246576,False
test_0015,9,10,mV_10,51.8,,False,-3.201754577781851,4.150038418340639,False
test_0015,9,11,mV_11,,64.12498181413119,True,,,False
test_0015,9,12,mV_12,66.431,,False,3.831586088201871,3.034915734486174,False
test_0015,9,13,mV_13,62.645,,False,4.476490761540955,4.7971303215132854,True
test_0015,9,14,mV_14,59.938,,False,6.403953674769361,6.295616169640094,True
test_0015,9,15,mV_15,55.222,,False,7.898066567480701,7.919252991517842,True
test_0015,9,16,mV_16,49.26,,False,9.476925156340608,8.654308428899272,True
test_0015,9,17,mV_17,34.711,,False,7.765316835435175,7.783835247388036,True
test_0015,9,18,mV_18,27.767,,False,6.127782162341188,6.235472956115807,True
test_0015,9,19,mV_19,34.292,,False,4.921010664345676,5.217461333122456,True
test_0015,9,20,mV_20,33.545,,False,4.900041841457282,3.6802735868150602,False
test_0015,10,0,mV_0,41.358,,False,0.07942300036873244,0.08804166383743647,False
test_0015,10,1,mV_1,35.302,,False,0.19332065461228104,0.368267172413424,False
test_0015,10,2,mV_2,25.332,,False,-1.0070043800604014,0.5722680080411437,False
test_0015,10,3,mV_3,33.34,,False,0.08174261743149087,0.36384003724121605,False
test_0015,10,4,mV_4,41.781,,False,-0.284870534041481,0.16287092137861323,False
test_0015,10,5,mV_5,,51.30733131477989,True,,,False
test_0015,10,6,mV_6,57.699,,False,-0.1919806516858071,0.10586762025866923,False
test_0015,10,7,mV_7,60.645,,False,0.03950917766306272,0.08505743916596717,False
test_0015,10,8,mV_8,62.425,,False,-0.06923074965193612,0.048582009406835616,False
test_0015,10,9,mV_9,63.353,,False,-0.016357360660407508,0.030063208785125466,False
test_0015,10,10,mV_10,61.19,,False,-0.018307364167750723,0.09919211669665505,False
test_0015,10,11,mV_11,59.378,,False,-0.34379637779071126,0.249008958617149,False
test_0015,10,12,mV_12,55.407,,False,-0.29013571471942284,0.297017004051641,False
test_0015,10,13,mV_13,50.704,,False,-0.264000208977007,0.22730678819192487,False
test_0015,10,14,mV_14,46.32,,False,0.09109102009426263,0.13500668574049682,False
test_0015,10,15,mV_15,39.078,,False,-0.09384449379645499,0.11411107639613265,False
test_0015,10,16,mV_16,31.647,,False,0.177664297897358,0.127942564152328,False
test_0015,10,17,mV_17,19.391,,False,0.062597167018141,0.15470402433407474,False
test_0015,10,18,mV_18,13.389,,False,-0.31595746540265895,0.30483033657322955,False
test_0015,10,19,mV_19,22.504,,False,-0.5248092484694593,0.41403711088499856,False
test_0015,10,20,mV_20,22.952,,False,-0.29057248119841667,0.27648855271657313,False
test_0015,11,0,mV_0,40.8,,False,-0.14554164026960625,0.13481692668462222,False
test_0015,11,1,mV_1,34.111,,False,-0.24818442619927641,0.2208075523868056,False
test_0015,11,2,mV_2,28.234,,False,0.24131971687906323,0.7674625103581938,False
test_0015,11,3,mV_3,38.283,,False,2.339026181475372,1.628580723366866,False
test_0015,11,4,mV_4,46.42,,False,1.5949508136376567,1.6258035241787163,False
test_0015,11,5,mV_5,54.251,,False,0.9742862879641798,1.067959239402501,False
test_0015,11,6,mV_6,60.127,,False,0.7283135680439882,0.9107354012966868,False
test_0015,11,7,mV_7,63.954,,False,1.2120281811345912,1.1272043776258334,False
test_0015,11,8,mV_8,66.626,,False,1.3564475801901628,1.2643133219098606,False
test_0015,11,9,mV_9,66.794,,False,1.132329946124526,1.1942111479609878,False
test_0015,11,10,mV_10,64.653,,False,1.1557371194047366,1.094253923540154,False
test_0015,11,11,mV_11,63.033,,False,0.9332115092266176,0.9451003532309206,False
test_0015,11,12,mV_12,58.211,,False,0.7582412750657108,0.7131604366859995,False
test_0015,11,13,mV_13,52.384,,False,0.4029476873859584,0.440693834355579,False
test_0015,11,14,mV_14,46.552,,False,0.19863868758468844,0.20406981165830723,False
test_0015,11,15,mV_15,39.3,,False,0.0160541840778936,0.12229796291042132,False
test_0015,11,16,mV_16,31.8,,False,0.2584447959012096,0.25610488123962183,False
test_0015,11,17,mV_17,18.289,,False,-0.4914757490781744,0.31202969833036126,False
test_0015,11,18,mV_18,14.079,,False,-0.006722499263886756,0.2739482830265836,False
test_0015,11,19,mV_19,22.361,,False,-0.5908723845003865,0.5358713557911712,False
test_0015,11,20,mV_20,21.596,,False,-0.9550181549000252,0.6252271735751092,False
test_0015,12,0,mV_0,42.343,,False,0.4765380022123975,0.7271774926723965,False
test_0015,12,1,mV_1,40.056,,False,1.955633966264791,1.4417246620786655,False
test_0015,12,2,mV_2,30.879,,False,1.3790927135726823,1.2116770573924325,False
test_0015,12,3,mV_3,32.87,,False,-0.13288883615957484,0.4583245660068446,False
test_0015,12,4,mV_4,42.949,,False,0.18842787813554654,0.1425387074716508,False
test_0015,12,5,mV_5,51.886,,False,0.06041023745593522,0.1638739467588857,False
test_0015,12,6,mV_6,59.119,,False,0.3462474339881258,0.41283506551655846,False
test_0015,12,7,mV_7,63.069,,False,0.8984351566340469,0.7774083277561106,False
test_0015,12,8,mV_8,65.477,,False,0.9665155637682228,0.9688332383135099,False
test_0015,12,9,mV_9,66.529,,False,1.0438666690835472,1.020797643303818,False
test_0015,12,10,mV_10,64.279,,False,1.0289416712799548,1.0216676830409495,False
test_0015,12,11,mV_11,63.181,,False,0.9849207205203413,1.076004985581934,False
test_0015,12,12,mV_12,59.674,,False,1.3052368300070982,1.1190803484118224,False
test_0015,12,13,mV_13,53.588,,False,0.8809270131127515,0.9726546443348119,False
test_0015,12,14,mV_14,47.9,,False,0.8235277211066465,0.6705381363452912,False
test_0015,12,15,mV_15,39.579,,False,0.15417009005512033,0.46610903572961837,False
test_0015,12,16,mV_16,32.698,,False,0.7325682417015863,0.594440752695629,False
test_0015,12,17,mV_17,20.775,,False,0.7584564373242231,0.5701011532409775,False
test_0015,12,18,mV_18,14.025,,False,-0.03092349661387764,0.23960886056325165,False
test_0015,12,19,mV_19,23.341,,False,-0.1381320117010282,0.11330219172284042,False
test_0015,12,20,mV_20,23.247,,False,-0.1460212468754276,0.10754362636297085,False
test_0016,1,0,mV_0,33.993,,False,0.011490129494969562,0.08400934701981032,False
test_0016,1,1,mV_1,28.652,,False,0.31305712908930217,0.48427937886654315,False
test_0016,1,2,mV_2,20.752,,False,-1.2995131277925986,1.1564275108497224,False
test_0016,1,3,mV_3,28.946,,False,-1.7136266587243902,1.563308717190238,False
test_0016,1,4,mV_4,36.648,,False,-1.526468423519573,1.492563064319656,False
test_0016,1,5,mV_5,44.326,,False,-1.203688751515088,1.2004109890582941,False
test_0016,1,6,mV_6,50.163,,False,-0.8677980296834278,0.8778426541487712,False
test_0016,1,7,mV_7,53.292,,False,-0.572085805713141,0.6275823071694241,False
test_0016,1,8,mV_8,55.225,,False,-0.49835958756798665,0.47077499552744995,False
test_0016,1,9,mV_9,56.473,,False,-0.31429500126068527,0.3605607710223692,False
test_0016,1,10,mV_10,55.09,,False,-0.3152934940001198,0.3302928293479029,False
test_0016,1,11,mV_11,53.949,,False,-0.3762893281306868,0.386004066139853,False
test_0016,1,12,mV_12,50.669,,False,-0.47614411429791864,0.4303008578576688,False
test_0016,1,13,mV_13,46.413,,False,-0.3926258747041512,0.31534896592655526,False
test_0016,1,14,mV_14,,43.11545477708735,True,,,False
test_0016,1,15,mV_15,36.549,,False,-0.5591466516174783,0.5312864135429595,False
test_0016,1,16,mV_16,29.909,,False,-1.0068523509368812,0.6432128383728102,False
test_0016,1,17,mV_17,,23.333484721162,True,,,False
test_0016,1,18,mV_18,8.953,,False,-1.035264886638497,0.5902850652167356,False
test_0016,1,19,mV_19,17.912,,False,-0.2906104875899484,0.41986284987028005,False
test_0016,1,20,mV_20,19.603,,False,-0.06296553766272638,0.10413539072885028,False
test_0016,2,0,mV_0,31.542,,False,-0.976661007072357,0.7729826562886337,False
test_0016,2,1,mV_1,24.736,,False,-1.138608611009821,0.8208898159470884,False
test_0016,2,2,mV_2,23.842,,False,0.029681034696354826,0.3147337866189344,False
test_0016,2,3,mV_3,32.832,,False,0.06096446607320695,0.05421264675360779,False
test_0016,2,4,mV_4,40.254,,False,-0.06524062017166243,0.08080347028524357,False
test_0016,2,5,mV_5,47.1,,False,-0.1317681747244425,0.14070759502901908,False
test_0016,2,6,mV_6,51.835,,False,-0.23405341049552889,0.19421725619950325,False
test_0016,2,7,mV_7,54.407,,False,-0.17699402908251266,0.19142494736463453,False
test_0016,2,8,mV_8,56.17,,False,-0.17765832079798397,0.1452205042823207,False
test_0016,2,9,mV_9,57.269,,False,-0.048571346450802196,0.0759892965657596,False
test_0016,2,10,mV_10,56.106,,False,0.02915617256345007,0.08926111763480918,False
test_0016,2,11,mV_11,55.742,,False,0.2501607789615344,0.22934617360790627,False
test_0016,2,12,mV_12,52.98,,False,0.3879069639451063,0.3195162829912826,False
test_0016,2,13,mV_13,48.037,,False,0.25209042511338337,0.2615296521777533,False
test_0016,2,14,mV_14,44.088,,False,0.1540307945391402,0.19344034533032844,False
test_0016,2,15,mV_15,38.11,,False,0.21360936712964992,0.26278728942743207,False
test_0016,2,16,mV_16,32.706,,False,0.46989962891128817,0.6036097138935282,False
test_0016,2,17,mV_17,26.0,,False,1.2610302306218868,0.9859664964803414,False
test_0016,2,18,mV_18,13.387,,False,0.951905895766304,0.7912105055386237,False
test_0016,2,19,mV_19,,18.903108597990506,True,,,False
test_0016,2,20,mV_20,19.651,,False,-0.03944533682373245,0.019722668411866224,False
test_0016,3,0,mV_0,30.906,,False,-1.2330723179074534,0.9962731590849933,False
test_0016,3,1,mV_1,23.71,,False,-1.5189480005250662,2.2256250528396038,False
test_0016,3,2,mV_2,13.006,,False,-4.63153189240083,4.668228585867199,True
test_0016,3,3,mV_3,15.419,,False,-7.890902558142071,6.4650802402884535,True
test_0016,3,4,mV_4,26.973,,False,-5.446983952468842,5.690661597158088,True
test_0016,3,5,mV_5,37.147,,False,-3.977775925552595,4.243685111709349,True
test_0016,3,6,mV_6,43.028,,False,-3.57220464326336,3.7703575061997276,True
test_0016,3,7,mV_7,43.733,,False,-3.9592448127195947,4.042512037243939,True
test_0016,3,8,mV_8,42.905,,False,-4.679353880273205,4.641623872822906,True
test_0016,3,9,mV_9,41.692,,False,-5.248542918025616,5.171569570073026,True
test_0016,3,10,mV_10,39.768,,False,-5.509838563967666,5.613527285063547,True
test_0016,3,11,mV_11,37.321,,False,-6.185889094293242,6.1878038512820055,True
test_0016,3,12,mV_12,33.569,,False,-6.86959865257387,6.763273010455045,True
test_0016,3,13,mV_13,29.447,,False,-7.128005642379198,6.792948721780661,True
test_0016,3,14,mV_14,30.713,,False,-6.046184949790382,5.877534193057774,True
test_0016,3,15,mV_15,29.013,,False,-4.289761230271135,4.40919021878571,True
test_0016,3,16,mV_16,26.113,,False,-3.0110534648101894,2.7006382571993415,False
test_0016,3,17,mV_17,22.516,,False,-0.4906848689058518,1.116869954317465,False
test_0016,3,18,mV_18,12.323,,False,0.4750566146479671,0.3601995245504465,False
test_0016,3,19,mV_19,,14.092051760893572,True,,,False
test_0016,3,20,mV_20,11.527,,False,-4.020239328823628,2.010119664411814,False
test_0016,4,0,mV_0,33.772,,False,-0.07760876939584338,0.13078460986699614,False
test_0016,4,1,mV_1,26.815,,False,-0.3679209006762978,0.2183107000160712,False
test_0016,4,2,mV_2,23.634,,False,-0.05979222931584582,0.14168408301744925,False
test_0016,4,3,mV_3,32.525,,False,-0.07923097276180757,0.06236405264343328,False
test_0016,4,4,mV_4,40.338,,False,-0.03120203573427216,0.042654078582759346,False
test_0016,4,5,mV_5,47.516,,False,0.028981270100685498,0.028118789629852016,False
test_0016,4,6,mV_6,52.391,,False,-0.023310582583764915,0.02957517363409214,False
test_0016,4,7,mV_7,54.786,,False,-0.042698259268153224,0.064464660662403,False
test_0016,4,8,mV_8,56.254,,False,-0.14915154152954066,0.14955312327999193,False
test_0016,4,9,mV_9,56.644,,False,-0.25721115079273316,0.2836199831352482,False
test_0016,4,10,mV_10,54.631,,False,-0.47090608942598583,0.4337455792432269,False
test_0016,4,11,mV_11,53.492,,False,-0.5359589873282026,0.5554036288018834,False
test_0016,4,12,mV_12,50.127,,False,-0.6787904511251427,0.6941129666671274,False
test_0016,4,13,mV_13,45.178,,False,-0.8829119770900217,0.9013152830825117,False
test_0016,4,14,mV_14,41.252,,False,-1.1606467270248608,1.182664615921831,False
test_0016,4,15,mV_15,34.595,,False,-1.5264530325475805,1.4300998668257394,False
test_0016,4,16,mV_16,28.962,,False,-1.5068466751829355,1.5508335026863613,False
test_0016,4,17,mV_17,20.184,,False,-1.6631876278319941,1.640226060416428,False
test_0016,4,18,mV_18,7.408,,False,-1.727682310818788,1.5048595700985405,False
test_0016,4,19,mV_19,16.591,,False,-0.9008860309245923,1.1058667516604637,False
test_0016,4,20,mV_20,17.907,,False,-0.8940126339738822,0.6722278247180892,False
test_0016,5,0,mV_0,37.542,,False,1.4423136234474137,0.7211568117237068,False
test_0016,5,1,mV_1,,28.730053337028465,True,,,False
test_0016,5,2,mV_2,26.615,,False,1.2225145015513288,0.9665978887023579,False
test_0016,5,3,mV_3,35.811,,False,1.421362551706774,1.3780711661993024,False
test_0016,5,4,mV_4,43.986,,False,1.4470450598323332,1.4326278715385479,False
test_0016,5,5,mV_5,51.103,,False,1.4150588147827505,1.3913273183288353,False
test_0016,5,6,mV_6,55.851,,False,1.2881465839175066,1.3265348649790938,False
test_0016,5,7,mV_7,58.617,,False,1.3147874772986115,1.2731944418221042,False
test_0016,5,8,mV_8,60.156,,False,1.1750562287736872,1.112972319205937,False
test_0016,5,9,mV_9,59.772,,False,0.786989341977763,0.8045614689608417,False
test_0016,5,10,mV_10,57.404,,False,0.46921096311415383,0.551541794653149,False
test_0016,5,11,mV_11,56.402,,False,0.4807559104065254,0.4884006692534234,False
test_0016,5,12,mV_12,53.341,,False,0.5228798930864891,0.5292109958549553,False
test_0016,5,13,mV_13,48.889,,False,0.5903282868403178,0.5418075932183815,False
test_0016,5,14,mV_14,44.756,,False,0.46369390610640104,0.3854313737237591,False
test_0016,5,15,mV_15,37.727,,False,0.024009395841916217,0.19603722178413804,False
test_0016,5,16,mV_16,31.3,,False,-0.27243618934631875,0.4269152517966147,False
test_0016,5,17,mV_17,21.227,,False,-1.1387792326519053,0.7080849059333394,False
test_0016,5,18,mV_18,10.633,,False,-0.2823449690832282,0.7091702394212926,False
test_0016,5,19,mV_19,20.994,,False,1.1332117868668088,0.8385226048650873,False
test_0016,5,20,mV_20,21.375,,False,0.8053218766435035,0.685963885038454,False
test_0016,6,0,mV_0,37.725,,False,1.5160923496782666,0.8705076390634874,False
test_0016,6,1,mV_1,29.021,,False,0.4498458568974165,1.0979846875894932,False
test_0016,6,2,mV_2,28.367,,False,1.9761546868848727,1.5975590380969464,False
test_0016,6,3,mV_3,37.052,,False,1.9880809217206232,1.938077323268678,False
test_0016,6,4,mV_4,44.857,,False,1.7999927627485939,1.3970166118044527,False
test_0016,6,5,mV_5,,51.4618445835173,True,,,False
test_0016,6,6,mV_6,57.649,,False,1.9696494698623874,1.482454343725491,False
test_0016,6,7,mV_7,60.524,,False,1.9905184351771887,1.9282116188381173,False
test_0016,6,8,mV_8,61.886,,False,1.762160135135704,1.3787096763621491,False
test_0016,6,9,mV_9,,61.438349897457336,True,,,False
test_0016,6,10,mV_10,59.738,,False,1.2604959254757406,0.9313318332268399,False
test_0016,6,11,mV_11,58.473,,False,1.2043354819558783,1.1981270170873737,False
test_0016,6,12,mV_12,54.947,,False,1.1233411789619974,1.1137531548958521,False
test_0016,6,13,mV_13,49.931,,False,1.003994779703536,1.0465183120351318,False
test_0016,6,14,mV_14,46.031,,False,1.0547425097714578,1.0245900169636644,False
test_0016,6,15,mV_15,39.668,,False,0.984880268608206,1.0913912273185036,False
test_0016,6,16,mV_16,34.356,,False,1.3410618622861448,1.1447747529172827,False
test_0016,6,17,mV_17,25.306,,False,0.9120950184886353,0.8175307219450103,False
test_0016,6,18,mV_18,11.497,,False,0.10487098851662598,0.43463879335490824,False
test_0016,6,19,mV_19,19.876,,False,0.6167181778977457,0.40005364518450176,False
test_0016,6,20,mV_20,20.266,,False,0.2619072364258897,0.2851331626873813,False
test_0016,7,0,mV_0,31.075,,False,-1.16493786581448,0.7728703158894701,False
test_0016,7,1,mV_1,25.753,,False,-0.7616055319289206,0.8949676125830966,False
test_0016,7,2,mV_2,21.7,,False,-0.8917215206600654,0.9533572828596977,False
test_0016,7,3,mV_3,29.921,,False,-1.2683805581897394,1.2340777208418034,False
test_0016,7,4,mV_4,36.694,,False,-1.5078282463276698,1.5134566529150506,False
test_0016,7,5,mV_5,42.861,,False,-1.769789560815124,1.7286794236924061,False
test_0016,7,6,mV_6,47.526,,False,-1.8673103268117064,1.789753013469887,False
test_0016,7,7,mV_7,50.237,,False,-1.6546018394410111,1.665607468765352,False
test_0016,7,8,mV_8,52.315,,False,-1.4859158693676782,1.4772877738176395,False
test_0016,7,9,mV_9,53.572,,False,-1.2827175170941907,1.3199098572767656,False
test_0016,7,10,mV_10,52.397,,False,-1.2282885255510025,1.2105769867353486,False
test_0016,7,11,mV_11,51.869,,False,-1.1030133787451986,1.029958921578024,False
test_0016,7,12,mV_12,50.109,,False,-0.6855204032706966,0.7262970902874483,False
test_0016,7,13,mV_13,46.316,,False,-0.43113417586320096,0.516598612451352,False
test_0016,7,14,mV_14,42.637,,False,-0.5186056948083094,0.4010584488885466,False
test_0016,7,15,mV_15,37.404,,False,-0.13588823007436643,0.23943772479681086,False
test_0016,7,16,mV_16,32.133,,False,0.16736874423020115,0.4307771362062154,False
test_0016,7,17,mV_17,25.983,,False,1.2524828262900929,1.0976513021649332,False
test_0016,7,18,mV_18,15.097,,False,1.7182708118493457,1.9724116956863047,False
test_0016,7,19,mV_19,11.613,,False,-3.2006223327564345,2.029878869340554,True
test_0016,7,20,mV_20,,16.752182268861812,True,,,False
test_0016,8,0,mV_0,34.8,,False,0.33684221729987673,0.29469119106088404,False
test_0016,8,1,mV_1,29.17,,False,0.5050803296437828,0.3684750134781101,False
test_0016,8,2,mV_2,24.068,,False,0.12689717732499803,0.2429769546373973,False
test_0016,8,3,mV_3,33.165,,False,0.2130331342558104,0.27814349570925656,False
test_0016,8,4,mV_4,41.796,,False,0.5596105370004073,0.5835583299677385,False
test_0016,8,5,mV_5,50.034,,False,1.0019791116143286,0.9344065378345559,False
test_0016,8,6,mV_6,55.55,,False,1.1740573911091585,1.1447826275485964,False
test_0016,8,7,mV_7,58.375,,False,1.22903661636174,1.2195286085893942,False
test_0016,8,8,mV_8,60.365,,False,1.2459838105249375,1.253350660356818,False
test_0016,8,9,mV_9,61.286,,False,1.2923984040156575,1.2174732619267947,False
test_0016,8,10,mV_10,59.085,,False,1.0391124291509264,1.061109763967226,False
test_0016,8,11,mV_11,57.527,,False,0.873815793551394,0.9108760782514316,False
test_0016,8,12,mV_12,54.234,,False,0.8567602967520116,0.8736162311670354,False
test_0016,8,13,mV_13,49.687,,False,0.9071285376127243,0.8869374873377429,False
test_0016,8,14,mV_14,45.647,,False,0.8767325773735112,0.7572875736276107,False
test_0016,8,15,mV_15,38.423,,False,0.3685566021506959,0.4883337660338827,False
test_0016,8,16,mV_16,32.459,,False,0.3394892824606278,0.2618837917679879,False
test_0016,8,17,mV_17,,23.559369303192618,True,,,False
test_0016,8,18,mV_18,10.945,,False,-0.14251698439439156,0.3790463774428428,False
test_0016,8,19,mV_19,21.206,,False,1.2311515409825882,0.8357528424437766,False
test_0016,8,20,mV_20,21.238,,False,0.7381913034155384,0.6768835369534163,False
test_0017,1,0,mV_0,37.236,,False,-0.13304360467858942,0.1446470716768561,False
test_0017,1,1,mV_1,36.576,,False,-0.3125010773502455,0.18951143984477012,False
test_0017,1,2,mV_2,,25.21117505561942,True,,,False
test_0017,1,3,mV_3,30.893,,False,-2.992053795592861,1.9009442251662034,False
test_0017,1,4,mV_4,40.335,,False,-1.6196693094790917,1.958655597306812,False
test_0017,1,5,mV_5,45.411,,False,-1.6032299746762038,1.675539341123918,False
test_0017,1,6,mV_6,49.713,,False,-1.8760281056641726,1.7665571167838725,False
test_0017,1,7,mV_7,54.546,,False,-1.7109422811309407,1.5772989366690884,False
test_0017,1,8,mV_8,58.649,,False,-1.0112830787502993,1.1227385960786216,False
test_0017,1,9,mV_9,60.313,,False,-0.7574459456829469,0.7208345210046196,False
test_0017,1,10,mV_10,59.18,,False,-0.35716311390228594,0.4725843189291139,False
test_0017,1,11,mV_11,55.538,,False,-0.418565102228937,0.4348081247587124,False
test_0017,1,12,mV_12,50.833,,False,-0.5449391806746895,0.5644914653489359,False
test_0017,1,13,mV_13,46.631,,False,-0.7495223978174277,0.6781700354081397,False
test_0017,1,14,mV_14,42.383,,False,-0.6686961653230135,0.61894198332116,False
test_0017,1,15,mV_15,35.43,,False,-0.38885320482118546,0.6376666757267266,False
test_0017,1,16,mV_16,27.896,,False,-1.1042641279415224,0.6613494403773275,False
test_0017,1,17,mV_17,13.645,,False,-0.048016300805079425,0.6277400006751804,False
test_0017,1,18,mV_18,20.278,,False,-1.3106632731490404,0.8105495031715052,False
test_0017,1,19,mV_19,27.498,,False,-0.5728551655828604,0.8353302902204867,False
test_0017,1,20,mV_20,27.567,,False,-0.8849475565671855,0.5856875696793078,False
test_0017,2,0,mV_0,38.21,,False,0.25963661034245483,0.1528944523421084,False
test_0017,2,1,mV_1,37.668,,False,0.09230458868352401,0.23236654525161035,False
test_0017,2,2,mV_2,25.847,,False,-0.48522039329693856,0.4625079533890268,False
test_0017,2,3,mV_3,39.169,,False,0.7872864382787059,0.6460373896718652,False
test_0017,2,4,mV_4,45.626,,False,0.5243562888331104,0.6106718726698936,False
test_0017,2,5,mV_5,51.13,,False,0.6066884747346478,0.5727332903926975,False
test_0017,2,6,mV_6,56.122,,False,0.553199923268384,0.529303957279117,False
test_0017,2,7,mV_7,60.515,,False,0.4041275078450524,0.374392431440772,False
test_0017,2,8,mV_8,62.03,,False,0.1361147868045991,0.2106503193884754,False
test_0017,2,9,mV_9,62.084,,False,-0.16624419609965108,0.17126770225610352,False
test_0017,2,10,mV_10,59.595,,False,-0.2164676300205128,0.17905598866928693,False
test_0017,2,11,mV_11,56.401,,False,-0.11704449853647106,0.11427490903096384,False
test_0017,2,12,mV_12,52.308,,False,0.006543009030400458,0.04275519363226243,False
test_0017,2,13,mV_13,48.416,,False,-0.04089025793177772,0.03245320475839548,False
test_0017,2,14,mV_14,43.736,,False,-0.04148929413962601,0.03783587891990497,False
test_0017,2,15,mV_15,36.16,,False,-0.027474669468590143,0.036187134686443606,False
test_0017,2,16,mV_16,29.896,,False,-0.048309905668968145,0.33942151032012374,False
test_0017,2,17,mV_17,11.287,,False,-1.2335915604739685,0.6977228532818619,False
test_0017,2,18,mV_18,23.817,,False,0.27539838651054277,0.451063368075389,False
test_0017,2,19,mV_19,28.695,,False,-0.019865138806501967,0.28201140140532777,False
test_0017,2,20,mV_20,27.714,,False,-0.8129169414977643,0.4114247554505076,False
test_0017,3,0,mV_0,33.91,,False,-1.4739618748633823,0.9389203939993614,False
test_0017,3,1,mV_1,35.24,,False,-0.8077578262706812,1.0852031859515396,False
test_0017,3,2,mV_2,24.066,,False,-1.2513352164014142,0.9477093462459296,False
test_0017,3,3,mV_3,36.393,,False,-0.48040912591020885,0.7640573295051043,False
test_0017,3,4,mV_4,42.249,,False,-0.8440758497985852,0.8316596228592676,False
test_0017,3,5,mV_5,46.563,,False,-1.1580776659296916,1.1793729521031096,False
test_0017,3,6,mV_6,50.554,,False,-1.5572606267544702,1.4310406408388907,False
test_0017,3,7,mV_7,55.278,,False,-1.4515636439169306,1.4007514494563484,False
test_0017,3,8,mV_8,58.262,,False,-1.1426178832370624,1.1725499650779863,False
test_0017,3,9,mV_9,59.726,,False,-0.9534004499208896,0.8922437494135766,False
test_0017,3,10,mV_10,58.701,,False,-0.5195562145754651,0.6109800795508815,False
test_0017,3,11,mV_11,55.444,,False,-0.4514074391317061,0.554360040397494,False
test_0017,3,12,mV_12,50.164,,False,-0.7950690687510985,0.8316528138797439,False
test_0017,3,13,mV_13,45.282,,False,-1.2850656788850727,1.1337532735614424,False
test_0017,3,14,mV_14,41.302,,False,-1.1698126677245262,0.969228357611664,False
test_0017,3,15,mV_15,35.706,,False,-0.25222241611253066,0.5586763008551864,False
test_0017,3,16,mV_16,28.926,,False,-0.5604477034711582,0.9684340946487004,False
test_0017,3,17,mV_17,18.714,,False,2.5006185555399547,2.1591950152903685,True
test_0017,3,18,mV_18,16.341,,False,-3.0750952466104056,2.461718799225278,True
test_0017,3,19,mV_19,26.149,,False,-1.196066148140344,1.5984563637776665,False
test_0017,3,20,mV_20,27.482,,False,-0.9265979122195729,0.7623154931448725,False
test_0017,4,0,mV_0,37.472,,False,-0.03789726921147676,0.039429873661018425,False
test_0017,4,1,mV_1,37.198,,False,-0.0819249562211202,0.21260708643554468,False
test_0017,4,2,mV_2,25.467,,False,-0.6486811640884615,0.5492925303450391,False
test_0017,4,3,mV_3,35.654,,False,-0.8178828369821133,0.6493194094705059,False
test_0017,4,4,mV_4,43.56,,False,-0.31283079982933576,0.3757666329686276,False
test_0017,4,5,mV_5,49.714,,False,0.05952209523372566,0.11010081305441966,False
test_0017,4,6,mV_6,54.685,,False,0.008528261920891496,0.03451425639340962,False
test_0017,4,7,mV_7,59.201,,False,-0.0614784064981298,0.03287126872928777,False
test_0017,4,8,mV_8,,61.10982996290692,True,,,False
test_0017,4,9,mV_9,62.41,,False,-0.05741767415490203,0.1036757982180706,False
test_0017,4,10,mV_10,61.118,,False,0.29986784456247834,0.2932119824914817,False
test_0017,4,11,mV_11,58.212,,False,0.5156945666860683,0.44334436131861465,False
test_0017,4,12,mV_12,53.473,,False,0.4421204673398438,0.364374864176652,False
test_0017,4,13,mV_13,48.664,,False,0.05756395534085213,0.164634470956527,False
test_0017,4,14,mV_14,43.607,,False,-0.10128950580455996,0.08613678292845794,False
test_0017,4,15,mV_15,36.045,,False,-0.0844041647638597,0.08171384369485722,False
test_0017,4,16,mV_16,29.88,,False,-0.056757539447149494,0.5708086265927323,False
test_0017,4,17,mV_17,9.593,,False,-2.0853152627127707,1.3219935913512892,False
test_0017,4,18,mV_18,25.569,,False,1.060586300532466,1.1786664583115927,False
test_0017,4,19,mV_19,29.838,,False,0.5081779694686678,0.6568042345663634,False
test_0017,4,20,mV_20,30.496,,False,0.5502746987956517,0.40218184176499283,False
test_0017,5,0,mV_0,38.17,,False,0.2435101128056567,0.2272195362440442,False
test_0017,5,1,mV_1,36.281,,False,-0.4218579193648634,0.27180648788384587,False
test_0017,5,2,mV_2,,27.1919023277469,True,,,False
test_0017,5,3,mV_3,39.814,,False,1.0818338586324008,0.7499097855493361,False
test_0017,5,4,mV_4,46.395,,False,0.8359714249325428,0.8975958148410574,False
test_0017,5,5,mV_5,51.725,,False,0.8366065508667431,0.8015095710171277,False
test_0017,5,6,mV_6,56.501,,False,0.6968537574024819,0.6963478590394252,False
test_0017,5,7,mV_7,60.941,,False,0.5550773704859935,0.5086880546354812,False
test_0017,5,8,mV_8,62.3,,False,0.22774372016745556,0.27358863906115616,False
test_0017,5,9,mV_9,62.331,,False,-0.08378974542372004,0.1162482256077631,False
test_0017,5,10,mV_10,60.028,,False,-0.06966969141615673,0.08015199481899021,False
test_0017,5,11,mV_11,56.457,,False,-0.0974788510199274,0.08985188820980607,False
test_0017,5,12,mV_12,52.037,,False,-0.09478015938321277,0.07960040015680771,False
test_0017,5,13,mV_13,48.44,,False,-0.03136243084087792,0.12021084370866977,False
test_0017,5,14,mV_14,44.523,,False,0.3233383537697105,0.38355231092805964,False
test_0017,5,15,mV_15,37.945,,False,0.8561701053319397,0.6548393151986863,False
test_0017,5,16,mV_16,31.093,,False,0.5836786963611552,1.003453934034268,False
test_0017,5,17,mV_17,17.699,,False,1.9902882380828226,1.4465453638481351,False
test_0017,5,18,mV_18,20.476,,False,-1.2219262828657405,1.1349835543645588,False
test_0017,5,19,mV_19,28.967,,False,0.10579341364393141,0.3614408036893115,False
test_0017,5,20,mV_20,29.398,,False,0.0122501046036427,0.032573405712804204,False
test_0017,6,0,mV_0,39.888,,False,0.9361431820111494,0.7942886112525687,False
test_0017,6,1,mV_1,40.939,,False,1.3048680809879758,1.1159601549896094,False
test_0017,6,2,mV_2,29.109,,False,0.917961275971336,1.1985915377290661,False
test_0017,6,3,mV_3,41.066,,False,1.6535755179856166,1.365157970692782,False
test_0017,6,4,mV_4,47.381,,False,1.2355195708285598,1.3049335349518958,False
test_0017,6,5,mV_5,52.394,,False,1.0951194801648465,1.0985001336441513,False
test_0017,6,6,mV_6,57.217,,False,0.9682420034183523,0.7579008717503878,False
test_0017,6,7,mV_7,,61.96978725123719,True,,,False
test_0017,6,8,mV_8,64.475,,False,0.965865683368254,0.6921568374782149,False
test_0017,6,9,mV_9,65.089,,False,0.8368959831763517,0.8775262527112352,False
test_0017,6,10,mV_10,62.801,,False,0.870447361123983,0.8353000862830877,False
test_0017,6,11,mV_11,58.921,,False,0.7634096397080332,0.7748095094860814,False
test_0017,6,12,mV_12,54.168,,False,0.701971397404276,0.7147284710494275,False
test_0017,6,13,mV_13,50.261,,False,0.6915614496811243,0.7415260979691689,False
test_0017,6,14,mV_14,45.726,,False,0.8810100951101508,0.8835011131969467,False
test_0017,6,15,mV_15,38.398,,False,1.0804228128863609,1.152948915211648,False
test_0017,6,16,mV_16,32.961,,False,1.5699399399637202,1.0556413102548188,False
test_0017,6,17,mV_17,13.745,,False,0.0022625482054740237,0.997800880435451,False
test_0017,6,18,mV_18,28.595,,False,2.416738485367136,1.6461989234641126,False
test_0017,6,19,mV_19,32.524,,False,1.7490561749167046,1.7955004138503494,False
test_0017,6,20,mV_20,31.959,,False,1.2671508202008528,1.0708394538296027,False
test_0017,7,0,mV_0,40.315,,False,1.108293543216473,0.7854642950561048,False
test_0017,7,1,mV_1,39.915,,False,0.9252700937914731,0.7686366875307227,False
test_0017,7,2,mV_2,27.244,,False,0.11571301932347132,0.6467409015389703,False
test_0017,7,3,mV_3,40.577,,False,1.4302674737174657,1.0441283223549163,False
test_0017,7,4,mV_4,47.294,,False,1.200265322661263,1.2029811508688697,False
test_0017,7,5,mV_5,52.099,,False,0.9811264844354872,1.0335428999297365,False
test_0017,7,6,mV_6,57.226,,False,0.9716533081867081,1.0660061365367768,False
test_0017,7,7,mV_7,63.155,,False,1.339591445338204,1.274141499979214,False
test_0017,7,8,mV_8,65.889,,False,1.4457298010537396,1.3845761513826216,False
test_0017,7,9,mV_9,66.498,,False,1.3072535580848028,1.3016627104782559,False
test_0017,7,10,mV_10,63.615,,False,1.1464139246896785,1.0885144024941789,False
test_0017,7,11,mV_11,58.894,,False,0.7539762025125557,0.7147672602021786,False
test_0017,7,12,mV_12,52.838,,False,0.20470271109392454,0.3051371468114503,False
test_0017,7,13,mV_13,48.375,,False,-0.05716696254539646,0.1322002361360693,False
test_0017,7,14,mV_14,44.278,,False,0.20976430835955973,0.17505143204616241,False
test_0017,7,15,mV_15,36.667,,False,0.22351014892013377,0.21943575680258987,False
test_0017,7,16,mV_16,30.406,,False,0.2209584210105322,0.16635674773529954,False
test_0017,7,17,mV_17,,14.055662505783648,True,,,False
test_0017,7,18,mV_18,28.769,,False,2.4947194768282173,1.5129982224545484,False
test_0017,7,19,mV_19,31.038,,False,1.062553936161759,1.3705586783120542,False
test_0017,7,20,mV_20,31.133,,False,0.8624073640964808,0.6968421660886801,False
test_0017,8,0,mV_0,37.408,,False,-0.06369966527035431,0.03861512879370829,False
test_0017,8,1,mV_1,37.492,,False,0.02706118463412456,0.19861589840771882,False
test_0017,8,2,mV_2,28.548,,False,0.6766415590922719,0.7794864378929622,False
test_0017,8,3,mV_3,33.64,,False,-1.7376014487531803,1.3290112721514986,False
test_0017,8,4,mV_4,41.459,,False,-1.1642006320073621,1.3235054609684789,False
test_0017,8,5,mV_5,46.382,,False,-1.2280191311060116,1.3017660405749019,False
test_0017,8,6,mV_6,50.476,,False,-1.5868252680802226,1.505740830263576,False
test_0017,8,7,mV_7,54.799,,False,-1.6212936537878466,1.5344103179464617,False
test_0017,8,8,mV_8,57.774,,False,-1.3082286961299312,1.3351761269302238,False
test_0017,8,9,mV_9,59.278,,False,-1.1029534616731858,0.9387532670967864,False
test_0017,8,10,mV_10,59.523,,False,-0.2408774489108431,0.4477116078860452,False
test_0017,8,11,mV_11,57.326,,False,0.2061380720493089,0.23446698934735288,False
test_0017,8,12,mV_12,53.052,,False,0.2847143643799506,0.2206887138954577,False
test_0017,8,13,mV_13,48.789,,False,0.10718805477262063,0.25868568937050895,False
test_0017,8,14,mV_14,44.981,,False,0.5356522835568439,0.6620040397846534,False
test_0017,8,15,mV_15,39.184,,False,1.469523537252305,1.0964309658317755,False
test_0017,8,16,mV_16,31.713,,False,0.9110245052656476,1.9456826839128571,False
test_0017,8,17,mV_17,22.673,,False,4.491158187867828,2.9837409768608962,True
test_0017,8,18,mV_18,18.647,,False,-2.0416230264422808,2.189683562419461,True
test_0017,8,19,mV_19,28.339,,False,-0.1843300089254533,0.6084508112830455,False
test_0017,8,20,mV_20,29.421,,False,0.023520200838994296,0.05784260265086047,False
test_0017,9,0,mV_0,33.604,,False,-1.5973295810198898,1.0928161604712971,False
test_0017,9,1,mV_1,34.245,,False,-1.1766054798454089,1.326708694589301,False
test_0017,9,2,mV_2,23.822,,False,-1.3562942376464966,1.3343178182193136,False
test_0017,9,3,mV_3,34.274,,False,-1.4480773177388526,1.4957872008170277,False
test_0017,9,4,mV_4,40.061,,False,-1.7306999301439088,1.7015960057641186,False
test_0017,9,5,mV_5,44.651,,False,-1.8969068450298046,1.9008312106633232,False
test_0017,9,6,mV_6,49.178,,False,-2.078811222449775,2.0105532464755047,True
test_0017,9,7,mV_7,53.765,,False,-1.987683695972664,2.010285037562477,True
test_0017,9,8,mV_8,55.774,,False,-1.986961535854804,2.0171754699230755,True
test_0017,9,9,mV_9,56.27,,False,-2.10709511201003,2.0212364075524953,True
test_0017,9,10,mV_10,54.677,,False,-1.8837938703351182,1.8795493110175028,False
test_0017,9,11,mV_11,52.032,,False,-1.643514391389745,1.292705663278652,False
test_0017,9,12,mV_12,,47.7675134413892,True,,,False
test_0017,9,13,mV_13,44.5,,False,-1.5955140449302136,1.2356545026510712,False
test_0017,9,14,mV_14,40.047,,False,-1.751589920743858,1.7117311077680775,False
test_0017,9,15,mV_15,32.684,,False,-1.7482305446543795,1.7473958777839065,False
test_0017,9,16,mV_16,26.689,,False,-1.7415325010830094,2.0096537703311848,False
test_0017,9,17,mV_17,8.157,,False,-2.807319534504341,1.9173039881199996,False
test_0017,9,18,mV_18,22.504,,False,-0.3130443823883072,1.043259558710997,False
test_0017,9,19,mV_19,27.137,,False,-0.7396299355630322,0.690750635576765,False
test_0017,9,20,mV_20,27.392,,False,-0.9706982887926884,0.6702566282871023,False
test_0017,10,0,mV_0,37.496,,False,-0.028221370689397327,0.08398785388624239,False
test_0017,10,1,mV_1,38.173,,False,0.2795086741661749,0.17057601550867782,False
test_0017,10,2,mV_2,26.754,,False,-0.09506534301296406,0.15405701909203154,False
test_0017,10,3,mV_3,37.766,,False,0.14658871617602312,0.1279588136430492,False
test_0017,10,4,mV_4,44.637,,False,0.12359247920718656,0.13109912145111732,False
test_0017,10,5,mV_5,49.898,,False,0.13062281121407307,0.10639606048100687,False
test_0017,10,6,mV_6,54.555,,False,-0.0407461402886948,0.07114452817678132,False
test_0017,10,7,mV_7,59.579,,False,0.07246302091566262,0.09588791433489581,False
test_0017,10,8,mV_8,62.212,,False,0.1978794752195632,0.14025623908151957,False
test_0017,10,9,mV_9,62.86,,False,0.0928029849712893,0.11998453307629706,False
test_0017,10,10,mV_10,60.518,,False,0.09645268714304647,0.07858951435165182,False
test_0017,10,11,mV_11,56.654,,False,-0.028649698149225016,0.07166715957904468,False
test_0017,10,12,mV_12,51.935,,False,-0.13291655487468226,0.1421019591904874,False
test_0017,10,13,mV_13,47.829,,False,-0.2739250288633601,0.25716851139557073,False
test_0017,10,14,mV_14,43.075,,False,-0.34790743298088034,0.34954905670205844,False
test_0017,10,15,mV_15,35.35,,False,-0.42845633198311295,0.44395683566024746,False
test_0017,10,16,mV_16,28.906,,False,-0.5710072456938836,0.8903154624859522,False
test_0017,10,17,mV_17,9.781,,False,-1.9907910265729283,1.3294584495947,False
test_0017,10,18,mV_18,24.91,,False,0.7652444995390603,0.8803200064127622,False
test_0017,10,19,mV_19,,28.900846130979495,True,,,False
test_0017,10,20,mV_20,30.974,,False,0.7844966988173107,0.39224834940865533,False
test_0017,11,0,mV_0,36.915,,False,-0.2624587474113963,0.2818267197004045,False
test_0017,11,1,mV_1,35.794,,False,-0.6023893839788255,0.3830479159406301,False
test_0017,11,2,mV_2,27.126,,False,0.06495414839347306,0.3454179983863849,False
test_0017,11,3,mV_3,38.867,,False,0.6493743127797678,0.37780082662875675,False
test_0017,11,4,mV_4,44.696,,False,0.1475005325620184,0.23609384447595114,False
test_0017,11,5,mV_5,,49.13992812274822,True,,,False
test_0017,11,6,mV_6,53.93,,False,-0.27764230475785506,0.2494202741554619,False
test_0017,11,7,mV_7,58.126,,False,-0.44239648710613744,0.43254161174005595,False
test_0017,11,8,mV_8,59.956,,False,-0.5677311679900938,0.5775669980620605,False
test_0017,11,9,mV_9,60.388,,False,-0.7324091691619167,0.6937960858815089,False
test_0017,11,10,mV_10,58.043,,False,-0.7426348372121084,0.765711234747075,False
test_0017,11,11,mV_11,54.317,,False,-0.8451660954021664,0.8694480246534102,False
test_0017,11,12,mV_12,49.496,,False,-1.0448250705971998,1.0581464212340426,False
test_0017,11,13,mV_13,45.25,,False,-1.2977694483396038,1.2072957259561679,False
test_0017,11,14,mV_14,41.261,,False,-1.1888189365482638,1.0249758351757634,False
test_0017,11,15,mV_15,35.358,,False,-0.4244960192669223,0.5094527437705271,False
test_0017,11,16,mV_16,,29.750623474556708,True,,,False
test_0017,11,17,mV_17,15.08,,False,0.6734851824963852,0.5021720939669958,False
test_0017,11,18,mV_18,21.726,,False,-0.6617180108752126,0.556977797592233,False
test_0017,11,19,mV_19,28.238,,False,-0.23098998612212143,0.3762303095962083,False
test_0017,11,20,mV_20,28.595,,False,-0.38122325526537754,0.24835912416321912,False
test_0017,12,0,mV_0,39.051,,False,0.5986962210536431,0.47830409521345385,False
test_0017,12,1,mV_1,39.35,,False,0.7158239387465293,0.6521197588102313,False
test_0017,12,2,mV_2,28.319,,False,0.5781349366942236,0.5092372587499,False
test_0017,12,3,mV_3,37.084,,False,-0.1648552228646238,0.281970129384148,False
test_0017,12,4,mV_4,43.789,,False,-0.22003513511312087,0.1931541388616264,False
test_0017,12,5,mV_5,49.126,,False,-0.16769106235564007,0.19300877815374998,False
test_0017,12,6,mV_6,54.091,,False,-0.21661785279059886,0.1897851624473435,False
test_0017,12,7,mV_7,58.928,,False,-0.15821388185253624,0.17092386361870776,False
test_0017,12,8,mV_8,61.185,,False,-0.15064983797915968,0.14976296473868494,False
test_0017,12,9,mV_9,62.164,,False,-0.13953830114388427,0.17544855332885434,False
test_0017,12,10,mV_10,61.036,,False,0.2720677730484891,0.17091846181021564,False
test_0017,12,11,mV_11,,56.74971404839298,True,,,False
test_0017,12,12,mV_12,52.921,,False,0.2357352682095324,0.13870975586610898,False
test_0017,12,13,mV_13,48.309,,False,-0.08336848704537114,0.14054281429322835,False
test_0017,12,14,mV_14,44.17,,False,0.1596990148726387,0.2882495642411076,False
test_0017,12,15,mV_15,37.731,,False,0.7502317401737819,0.6302572937319756,False
test_0017,12,16,mV_16,31.618,,False,0.8608666797076999,0.9282746218536833,False
test_0017,12,17,mV_17,11.272,,False,-1.2411333878255513,0.9462004142490333,False
test_0017,12,18,mV_18,24.188,,False,0.44166820163733084,0.5569883262207308,False
test_0017,12,19,mV_19,28.514,,False,-0.10348351378271042,0.19082405207321324,False
test_0017,12,20,mV_20,29.139,,False,-0.11466097909010114,0.08320136799072818,False
test_0018,1,0,mV_0,38.872,,False,-0.25600814839667624,0.1842116374880543,False
test_0018,1,1,mV_1,35.376,,False,0.2248302531588648,0.2701382569317667,False
test_0018,1,2,mV_2,26.383,,False,0.374884373012661,0.36535035060885146,False
test_0018,1,3,mV_3,34.964,,False,0.48680240325121904,0.4460761566716674,False
test_0018,1,4,mV_4,43.453,,False,0.43581544717157056,0.41993474469432035,False
test_0018,1,5,mV_5,51.619,,False,0.32130568118292124,0.33693259232648887,False
test_0018,1,6,mV_6,58.124,,False,0.2693035597685425,0.4422888501428256,False
test_0018,1,7,mV_7,61.958,,False,0.9092425998512962,0.7575523268572809,False
test_0018,1,8,mV_8,64.721,,False,0.942420547957989,0.9611984376083098,False
test_0018,1,9,mV_9,66.179,,False,1.050710054665965,1.0354434923653248,False
test_0018,1,10,mV_10,64.382,,False,1.097933312171381,1.0828991624424904,False
test_0018,1,11,mV_11,63.916,,False,1.085019970761235,1.0994643604215613,False
test_0018,1,12,mV_12,60.841,,False,1.1298841879923947,0.836197086686506,False
test_0018,1,13,mV_13,,54.4645997424263,True,,,False
test_0018,1,14,mV_14,50.349,,False,0.8237595048727879,0.5016674672988287,False
test_0018,1,15,mV_15,42.264,,False,0.35915085944973907,0.42115376094476614,False
test_0018,1,16,mV_16,35.084,,False,0.14255382000679867,0.16106462486583412,False
test_0018,1,17,mV_17,,25.822469757169845,True,,,False
test_0018,1,18,mV_18,10.175,,False,-0.8453056148611571,0.7584428305477171,False
test_0018,1,19,mV_19,21.842,,False,1.3431600924685545,0.9367456596825786,False
test_0018,1,20,mV_20,22.179,,False,-0.2153568389320487,0.443468442583163,False
test_0018,2,0,mV_0,44.031,,False,1.8239068714119062,2.091107486022041,False
test_0018,2,1,mV_1,47.493,,False,4.716616201264351,2.8142848184851523,False
test_0018,2,2,mV_2,,32.220299851569195,True,,,False
test_0018,2,3,mV_3,38.18,,False,1.9554295410147486,1.2107676380615804,False
test_0018,2,4,mV_4,44.678,,False,0.9322114702168244,1.1190454112488073,False
test_0018,2,5,mV_5,52.486,,False,0.6563291635468311,0.6379244273827357,False
test_0018,2,6,mV_6,58.223,,False,0.30682791222045636,0.5975153290438917,False
test_0018,2,7,mV_7,56.231,,False,-1.120076328187823,0.9646579453411045,False
test_0018,2,8,mV_8,58.079,,False,-1.3116512127683158,2.176792516696051,False
test_0018,2,9,mV_9,48.162,,False,-4.963791313059749,3.140993762895466,False
test_0018,2,10,mV_10,57.236,,False,-1.3247412126940488,2.222614079686643,False
test_0018,2,11,mV_11,64.466,,False,1.2771825802987253,1.6885728710910342,False
test_0018,2,12,mV_12,65.509,,False,2.875185111072637,2.6739911822095097,False
test_0018,2,13,mV_13,62.07,,False,3.6684119263940396,3.925162136532684,False
test_0018,2,14,mV_14,60.412,,False,5.48863958227002,5.448328246256969,True
test_0018,2,15,mV_15,55.977,,False,7.147621894093794,7.095101673494619,True
test_0018,2,16,mV_16,51.096,,False,8.596523323520866,8.256806797610015,True
test_0018,2,17,mV_17,42.825,,False,8.686558649304526,8.064898931489429,True
test_0018,2,18,mV_18,26.096,,False,6.289955103827798,6.983602527378956,True
test_0018,2,19,mV_19,33.368,,False,6.667941252555699,6.257584689493627,True
test_0018,2,20,mV_20,33.648,,False,5.404501149035312,4.369235887656581,False
test_0018,3,0,mV_0,39.978,,False,0.1898895084958022,0.0949447542479011,False
test_0018,3,1,mV_1,,36.69929427318683,True,,,False
test_0018,3,2,mV_2,25.26,,False,-0.10818522066859851,0.055919261003159554,False
test_0018,3,3,mV_3,33.882,,False,-0.007306602675441191,0.03216853351184099,False
test_0018,3,4,mV_4,42.363,,False,-0.00587570802788307,0.026645363608819014,False
test_0018,3,5,mV_5,51.014,,False,0.08752343570406873,0.07190515297823272,False
test_0018,3,6,mV_6,57.695,,False,0.10669803247691033,0.2655117442681926,False
test_0018,3,7,mV_7,61.54,,False,0.7611274764148808,0.6285051520769775,False
test_0018,3,8,mV_8,64.552,,False,0.8850676230012383,0.8853950277406815,False
test_0018,3,9,mV_9,66.058,,False,1.0103173885453682,0.9694643349814178,False
test_0018,3,10,mV_10,64.011,,False,0.9721549398336963,0.922041089200446,False
test_0018,3,11,mV_11,62.91,,False,0.7335370885890234,0.8402146686805708,False
test_0018,3,12,mV_12,60.284,,False,0.9216295577105402,0.9006067727664724,False
test_0018,3,13,mV_13,55.413,,False,1.025630887055786,1.0871899419119768,False
test_0018,3,14,mV_14,51.54,,False,1.3758684358257949,1.355657543185185,False
test_0018,3,15,mV_15,44.862,,False,1.645262414033364,1.659200960663278,False
test_0018,3,16,mV_16,38.546,,False,1.9704105787605886,1.9660250314934298,False
test_0018,3,17,mV_17,30.079,,False,2.278016554419178,1.939261461356472,False
test_0018,3,18,mV_18,14.807,,False,1.2306021578269426,1.3235841208890256,False
test_0018,3,19,mV_19,17.733,,False,-0.5551156134830387,0.7288408226759715,False
test_0018,3,20,mV_20,23.791,,False,0.5745299059108662,0.4260438563261928,False
test_0018,4,0,mV_0,39.979,,False,0.19029267093422123,0.1052016044150648,False
test_0018,4,1,mV_1,34.878,,False,0.04022107579181676,0.0690279553892625,False
test_0018,4,2,mV_2,25.524,,False,0.0053769990391952256,0.012743768467551802,False
test_0018,4,3,mV_3,,35.06253084318707,True,,,False
test_0018,4,4,mV_4,42.705,,False,0.13270995718148582,0.11905258805715402,False
test_0018,4,5,mV_5,51.333,,False,0.21079043786564441,0.2571629281614553,False
test_0018,4,6,mV_6,58.665,,False,0.4743608797330466,0.5987760370259849,False
test_0018,4,7,mV_7,62.879,,False,1.2355919507722022,1.0210297799789823,False
test_0018,4,8,mV_8,65.299,,False,1.1385743386384783,1.1448685549221462,False
test_0018,4,9,mV_9,66.227,,False,1.0667335916394256,1.0618119222780795,False
test_0018,4,10,mV_10,64.02,,False,0.9752061671949882,0.8932986601795859,False
test_0018,4,11,mV_11,62.402,,False,0.5560487146889419,0.7035346070731662,False
test_0018,4,12,mV_12,59.763,,False,0.7268348317197927,0.7141756268074873,False
test_0018,4,13,mV_13,54.963,,False,0.8469841291014218,0.8959735071072531,False
test_0018,4,14,mV_14,51.081,,False,1.1630909385063761,1.230349137692138,False
test_0018,4,15,mV_15,45.07,,False,1.7482305446543775,1.6725379993113134,False
test_0018,4,16,mV_16,38.66,,False,2.0305999694301224,2.105450345963498,True
test_0018,4,17,mV_17,30.744,,False,2.6123709003393687,2.282489839354028,True
test_0018,4,18,mV_18,16.244,,False,1.874617587307253,1.9599394182452279,False
test_0018,4,19,mV_19,15.735,,False,-1.478151598027037,1.2077301958403317,False
test_0018,4,20,mV_20,,23.030567816323355,True,,,False
test_0018,5,0,mV_0,40.722,,False,0.48984236268025366,0.33198961614752787,False
test_0018,5,1,mV_1,35.709,,False,0.34827373922960414,0.3771986758823955,False
test_0018,5,2,mV_2,26.261,,False,0.32240486239011984,0.27053317102919405,False
test_0018,5,3,mV_3,34.093,,False,0.08904922010693232,0.15181977505353217,False
test_0018,5,4,mV_4,42.114,,False,-0.10677579761014425,0.12322778891376171,False
test_0018,5,5,mV_5,50.295,,False,-0.190310340327826,0.18045723065611904,False
test_0018,5,6,mV_6,56.795,,False,-0.23443244435867996,0.2308786649667781,False
test_0018,5,7,mV_7,60.138,,False,0.26433943082192646,0.2586511104731209,False
test_0018,5,8,mV_8,62.744,,False,0.27149313588995067,0.3747938234499175,False
test_0018,5,9,mV_9,65.104,,False,0.6918495911978423,0.6432758040352045,False
test_0018,5,10,mV_10,63.851,,False,0.9179108978551825,0.7548582435106974,False
test_0018,5,11,mV_11,62.218,,False,0.4917615871345821,0.5864961999902992,False
test_0018,5,12,mV_12,59.008,,False,0.44455072783685,0.5140865710683779,False
test_0018,5,13,mV_13,54.531,,False,0.6754832414652292,0.7550656577669407,False
test_0018,5,14,mV_14,51.214,,False,1.2247454203004544,1.1492432036915161,False
test_0018,5,15,mV_15,44.512,,False,1.4719987326999269,1.4545358452225103,False
test_0018,5,16,mV_16,37.938,,False,1.6494004951897334,1.5989235072128656,False
test_0018,5,17,mV_17,28.78,,False,1.6248943057720684,1.4457275756360695,False
test_0018,5,18,mV_18,14.033,,False,0.8837211958104071,1.0397364461251557,False
test_0018,5,19,mV_19,20.594,,False,0.7666090871077403,0.860323279245633,False
test_0018,5,20,mV_20,24.709,,False,1.0243537469566442,0.7038291452552572,False
test_0018,6,0,mV_0,39.981,,False,0.19109899581106218,0.17863289524968706,False
test_0018,6,1,mV_1,35.666,,False,0.33233358937662383,0.26378632473441344,False
test_0018,6,2,mV_2,25.975,,False,0.19937912437334382,0.40973430513669656,False
test_0018,6,3,mV_3,31.91,,False,-0.9078453824234748,0.7866625527854565,False
test_0018,6,4,mV_4,39.585,,False,-1.1315803219215326,0.792751506566635,False
test_0018,6,5,mV_5,,48.37283882921046,True,,,False
test_0018,6,6,mV_6,55.24,,False,-0.8238301015579507,0.4446917228312926,False
test_0018,6,7,mV_7,59.022,,False,-0.131106688209269,0.31970090111458804,False
test_0018,6,8,mV_8,61.376,,False,-0.19276012648186341,0.15640509374030537,False
test_0018,6,9,mV_9,62.705,,False,-0.10899343378822565,0.11891758295033789,False
test_0018,6,10,mV_10,60.952,,False,-0.06492333774303685,0.18090349128824226,False
test_0018,6,11,mV_11,59.423,,False,-0.4847738558786697,0.3644275655524096,False
test_0018,6,12,mV_12,56.687,,False,-0.423239212709262,0.4188116346395528,False
test_0018,6,13,mV_13,51.963,,False,-0.34399425726101746,0.30469384868043053,False
test_0018,6,14,mV_14,48.34,,False,-0.10754766749042528,0.2734948321181658,False
test_0018,6,15,mV_15,42.619,,False,0.534889736230795,0.517006131609729,False
test_0018,6,16,mV_16,36.501,,False,0.8906973864869006,0.8778236639841047,False
test_0018,6,17,mV_17,27.925,,False,1.1950101467318226,0.9671622270374886,False
test_0018,6,18,mV_18,13.373,,False,0.5879312281994085,0.9034690988213392,False
test_0018,6,19,mV_19,16.244,,False,-1.2430037921547172,0.7967211942386082,False
test_0018,6,20,mV_20,22.849,,False,0.11294596444558988,0.36722393026147426,False
test_0018,7,0,mV_0,42.796,,False,1.3260012599632536,0.9570129870082144,False
test_0018,7,1,mV_1,37.942,,False,1.1760494281063503,1.2300467235574881,False
test_0018,7,2,mV_2,28.399,,False,1.2420867780539986,1.1342538263168,False
test_0018,7,3,mV_3,35.818,,False,0.8767923210528525,0.8546299468864001,False
test_0018,7,4,mV_4,43.421,,False,0.422848367385897,0.4914346290507646,False
test_0018,7,5,mV_5,51.417,,False,0.243249460378412,0.37378603091051543,False
test_0018,7,6,mV_6,58.959,,False,0.5857968354993409,0.3537107828442735,False
test_0018,7,7,mV_7,,62.741827334772466,True,,,False
test_0018,7,8,mV_8,,65.69636204898171,True,,,False
test_0018,7,9,mV_9,67.512,,False,1.4956970293664347,1.0784405236475885,False
test_0018,7,10,mV_10,65.044,,False,1.3223680358574847,1.3027820556920067,False
test_0018,7,11,mV_11,63.875,,False,1.0706951216866225,1.2467426953769256,False
test_0018,7,12,mV_12,61.893,,False,1.5232125022769734,1.5016518340511444,False
test_0018,7,13,mV_13,57.589,,False,1.8894872099640092,1.9236647390836712,False
test_0018,7,14,mV_14,53.733,,False,2.3924720341296926,2.337096230071962,True
test_0018,7,15,mV_15,46.94,,False,2.673953642064453,2.581338813595454,True
test_0018,7,16,mV_16,39.71,,False,2.5849759361232163,2.6749065109653354,True
test_0018,7,17,mV_17,31.228,,False,2.855720529550456,2.5411900624712715,True
test_0018,7,18,mV_18,16.23,,False,1.868343254660959,1.9396805389086367,False
test_0018,7,19,mV_19,16.41,,False,-1.1663151167621726,1.2512063380690928,False
test_0018,7,20,mV_20,24.259,,False,0.803851864091067,0.6935047112360766,False
test_0018,8,0,mV_0,37.48,,False,-0.8172102626772642,0.6525728318500559,False
test_0018,8,1,mV_1,32.137,,False,-0.975870802045695,0.7486426866133171,False
test_0018,8,2,mV_2,24.987,,False,-0.2256188796846143,0.3898851837268207,False
test_0018,8,3,mV_3,33.608,,False,-0.13243217349235917,0.19084993350834945,False
test_0018,8,4,mV_4,41.704,,False,-0.2729165073640652,0.25626859677300284,False
test_0018,8,5,mV_5,49.89,,False,-0.34680919887152184,0.40144387882767296,False
test_0018,8,6,mV_6,55.727,,False,-0.6392406102035829,0.46549778571412564,False
test_0018,8,7,mV_7,58.724,,False,-0.23670072357781485,0.3715711214069382,False
test_0018,8,8,mV_8,60.843,,False,-0.37364242826854016,0.3338337526566769,False
test_0018,8,9,mV_9,61.979,,False,-0.35134943051181244,0.34244191346742414,False
test_0018,8,10,mV_10,60.278,,False,-0.29342636457753146,0.3913814332915211,False
test_0018,8,11,mV_11,59.015,,False,-0.627323573499209,0.6106023436184913,False
test_0018,8,12,mV_12,55.427,,False,-0.894335862898016,0.8064155264059932,False
test_0018,8,13,mV_13,50.79,,False,-0.8096668063287317,0.8129172467388255,False
test_0018,8,14,mV_14,46.98,,False,-0.7379995113998223,0.7454845771360081,False
test_0018,8,15,mV_15,40.132,,False,-0.6962724794156561,0.7273276772892855,False
test_0018,8,16,mV_16,33.339,,False,-0.7787662389260074,1.0250405967960807,False
test_0018,8,17,mV_17,21.876,,False,-1.8463574299166519,1.2277989811748318,False
test_0018,8,18,mV_18,11.08,,False,-0.43971482594001604,0.8587776630865344,False
test_0018,8,19,mV_19,20.47,,False,0.7093235705494533,0.7439541272458139,False
test_0018,8,20,mV_20,20.338,,False,-1.1174545419443331,0.7360581636095299,False
test_0018,9,0,mV_0,40.299,,False,0.3193046512286092,0.35209256497307784,False
test_0018,9,1,mV_1,36.846,,False,0.769760957435093,0.6077885859576722,False
test_0018,9,2,mV_2,26.842,,False,0.5723277777318938,0.48134410422801,False
test_0018,9,3,mV_3,33.874,,False,-0.01095990401315935,0.14856189643955311,False
test_0018,9,4,mV_4,,43.173764283393574,True,,,False
test_0018,9,5,mV_5,52.212,,False,0.5504509234456668,0.4550296505549261,False
test_0018,9,6,mV_6,59.311,,False,0.7192167553283708,0.8331377042617787,False
test_0018,9,7,mV_7,63.184,,False,1.3436663829447064,1.1854890958441187,False
test_0018,9,8,mV_8,65.879,,False,1.3354068621586912,1.375374430191975,False
test_0018,9,9,mV_9,67.486,,False,1.487017613505811,1.469316103745145,False
test_0018,9,10,mV_10,65.768,,False,1.567822325810266,1.5187218783463963,False
test_0018,9,11,mV_11,64.967,,False,1.4522252482592415,1.4416667379142247,False
test_0018,9,12,mV_12,61.281,,False,1.2943941293281496,1.2486971744985316,False
test_0018,9,13,mV_13,55.232,,False,0.9537751910785859,1.00955508493246,False
test_0018,9,14,mV_14,50.376,,False,0.8362758282445185,0.721988751595278,False
test_0018,9,15,mV_15,42.067,,False,0.26162815881348883,0.38238519391434417,False
test_0018,9,16,mV_16,34.492,,False,-0.1700086297858804,0.5558140983061802,False
test_0018,9,17,mV_17,22.323,,False,-1.6216109748394711,1.0722528810805663,False
test_0018,9,18,mV_18,10.107,,False,-0.8757809448574425,0.8432932161385891,False
test_0018,9,19,mV_19,,18.76320207296587,True,,,False
test_0018,9,20,mV_20,21.405,,False,-0.594620077460841,0.2973100387304205,False
test_0018,10,0,mV_0,33.98,,False,-2.22827879714713,1.7966465706215726,False
test_0018,10,1,mV_1,27.405,,False,-2.730028688192031,2.1097950798410885,False
test_0018,10,2,mV_2,23.766,,False,-0.7508441458331623,1.1876214424536564,False
test_0018,10,3,mV_3,32.762,,False,-0.518768789956271,0.6047771477364143,False
test_0018,10,4,mV_4,40.821,,False,-0.6307268651999529,0.6459441340036212,False
test_0018,10,5,mV_5,48.708,,False,-0.8035540156583081,0.9245157135761181,False
test_0018,10,6,mV_6,53.561,,False,-1.4602279577879034,0.9310024828085287,False
test_0018,10,7,mV_7,,54.86951614386632,True,,,False
test_0018,10,8,mV_8,56.303,,False,-1.914365974444004,1.4407683257257295,False
test_0018,10,9,mV_9,57.237,,False,-1.9343413540149101,1.8995051061371755,False
test_0018,10,10,mV_10,55.79,,False,-1.8149717420748774,1.8966772392265154,False
test_0018,10,11,mV_11,55.022,,False,-2.0224241187413963,2.03494455299478,True
test_0018,10,12,mV_12,51.721,,False,-2.279958232421449,2.2073795755631225,True
test_0018,10,13,mV_13,47.169,,False,-2.2471777186681963,2.238849727291244,True
test_0018,10,14,mV_14,43.867,,False,-2.1810852394071345,2.1547398453513926,True
test_0018,10,15,mV_15,37.479,,False,-2.0096111839231066,2.088085578061203,True
test_0018,10,16,mV_16,30.738,,False,-2.152034704991464,2.294671876194133,True
test_0018,10,17,mV_17,19.85,,False,-2.865006910870497,2.3844098465501786,True
test_0018,10,18,mV_18,8.367,,False,-1.6555908594682571,1.585925761644283,False
test_0018,10,19,mV_19,18.572,,False,-0.16751441677012,0.9502350378337228,False
test_0018,10,20,mV_20,18.924,,False,-1.8103204583263937,0.9470388333557268,False
test_0018,11,0,mV_0,34.446,,False,-2.0404051008434276,1.328764927953636,False
test_0018,11,1,mV_1,31.44,,False,-1.234249510127689,2.05051053529484,False
test_0018,11,2,mV_2,16.926,,False,-3.6931380200805557,2.447281328923014,False
test_0018,11,3,mV_3,31.339,,False,-1.1685997654032563,1.7798424105654664,False
test_0018,11,4,mV_4,39.69,,False,-1.0890320913747975,1.14497839879266,False
test_0018,11,5,mV_5,47.596,,False,-1.233249647017789,2.0849715807573843,False
test_0018,11,6,mV_6,44.791,,False,-4.784354937619161,3.9086202952923994,False
test_0018,11,7,mV_7,45.754,,False,-4.832521658913486,5.313423743421996,True
test_0018,11,8,mV_8,41.894,,False,-6.804296718241853,6.740282536376071,True
test_0018,11,9,mV_9,37.509,,False,-8.520015050107093,7.84237526363918,True
test_0018,11,10,mV_10,38.947,,False,-7.52517423610068,7.7445580299946855,True
test_0018,11,11,mV_11,39.608,,False,-7.407868597670289,7.307534777776581,True
test_0018,11,12,mV_12,39.393,,False,-6.88922767966507,7.215991531171473,True
test_0018,11,13,mV_13,33.49,,False,-7.6776421676854625,7.75681562043315,True
test_0018,11,14,mV_14,29.626,,False,-8.782750466696605,7.775049522195781,True
test_0018,11,15,mV_15,29.707,,False,-5.857054987704452,5.831308456615636,True
test_0018,11,16,mV_16,29.457,,False,-2.8283733843570342,3.7840020333469937,False
test_0018,11,17,mV_17,18.344,,False,-3.622206376969456,2.5181965345739865,False
test_0018,11,18,mV_18,,5.326851018827379,True,,,False
test_0018,11,19,mV_19,10.159,,False,-4.054151923260934,3.850932785543886,False
test_0018,11,20,mV_20,7.73,,False,-7.295427295653676,4.661251628642072,False
test_0018,12,0,mV_0,40.084,,False,0.23262472696831887,0.14008357532886248,False
test_0018,12,1,mV_1,34.513,,False,-0.09508484737881215,0.11457065384615735,False
test_0018,12,2,mV_2,25.429,,False,-0.03548819365868622,0.06914340004055547,False
test_0018,12,3,mV_3,34.14,,False,0.11051236546603728,0.10439709220085105,False
test_0018,12,4,mV_4,42.775,,False,0.16107544421264341,0.1681087404644135,False
test_0018,12,5,mV_5,51.408,,False,0.2397717079663298,0.18493405383979974,False
test_0018,12,6,mV_6,57.675,,False,0.09911735521389596,0.26080580964003625,False
test_0018,12,7,mV_7,61.1,,False,0.6052168201660233,0.46211621757187304,False
test_0018,12,8,mV_8,63.532,,False,0.5389138747415495,0.4207611424122806,False
test_0018,12,9,mV_9,,63.91609145598022,True,,,False
test_0018,12,10,mV_10,62.44,,False,0.43954625265715247,0.2701284646914691,False
test_0018,12,11,mV_11,61.387,,False,0.20142135345157164,0.23209569813281497,False
test_0018,12,12,mV_12,58.049,,False,0.08599383297096405,0.11493873810119384,False
test_0018,12,13,mV_13,53.047,,False,0.08634593301127563,0.07347920786181875,False
test_0018,12,14,mV_14,48.496,,False,-0.035231132453759646,0.1522566015497665,False
test_0018,12,15,mV_15,40.625,,False,-0.45221820828027104,0.3666471764820757,False
test_0018,12,16,mV_16,33.816,,False,-0.5269211569140011,0.3765151305270683,False
test_0018,12,17,mV_17,,25.020315886035934,True,,,False
test_0018,12,18,mV_18,,11.587282814825382,True,,,False
test_0018,12,19,mV_19,23.608,,False,2.159016723451888,1.2378409637280325,False
test_0018,12,20,mV_20,23.911,,False,0.6333304080083539,0.856419384867149,False
test_0018,13,0,mV_0,38.647,,False,-0.3467196970411682,0.3516207685333949,False
test_0018,13,1,mV_1,32.846,,False,-0.7130436800512433,0.516490261190139,False
test_0018,13,2,mV_2,26.193,,False,0.29315398761690104,0.4169696069318931,False
test_0018,13,3,mV_3,34.705,,False,0.36852677244252685,0.2683408987284111,False
test_0018,13,4,mV_4,42.271,,False,-0.04315606241168947,0.19249047687350312,False
test_0018,13,5,mV_5,49.972,,False,-0.3151230102281067,0.3261707454863304,False
test_0018,13,6,mV_6,55.748,,False,-0.6312808990774187,0.41656760213108524,False
test_0018,13,7,mV_7,59.142,,False,-0.08858560014139691,0.23562545880146843,False
test_0018,13,8,mV_8,61.549,,False,-0.13404973584566124,0.14921780364778786,False
test_0018,13,9,mV_9,62.312,,False,-0.24018614275843211,0.24967678906351737,False
test_0018,13,10,mV_10,60.01,,False,-0.3842851348915441,0.43461256223494815,False
test_0018,13,11,mV_11,58.722,,False,-0.7296938363982722,0.6830066227252921,False
test_0018,13,12,mV_12,55.443,,False,-0.8883536832130797,0.8373538509928276,False
test_0018,13,13,mV_13,50.706,,False,-0.8430142011468786,0.8921836105652483,False
test_0018,13,14,mV_14,46.427,,False,-0.994352356754156,0.9706098455425266,False
test_0018,13,15,mV_15,39.416,,False,-1.0507204675149158,0.9864591101783478,False
test_0018,13,16,mV_16,33.204,,False,-0.8500431489294036,1.03842618675432,False
test_0018,13,17,mV_17,22.758,,False,-1.4028979816435576,0.9736621363278575,False
test_0018,13,18,mV_18,12.594,,False,0.23880943309491093,0.9299608576230629,False
test_0018,13,19,mV_19,22.916,,False,1.839326582658872,1.0147072013846743,False
test_0018,13,20,mV_20,22.907,,False,0.14136620712604192,0.530514749227739,False
test_0018,14,0,mV_0,36.952,,False,-1.0300800301630033,0.7043292945856171,False
test_0018,14,1,mV_1,32.727,,False,-0.7571571180164618,0.6360985665489818,False
test_0018,14,2,mV_2,,24.68778121537726,True,,,False
test_0018,14,3,mV_3,33.859,,False,-0.01780984402138495,0.02222657038425379,False
test_0018,14,4,mV_4,42.246,,False,-0.05328659349424525,0.05519851405287142,False
test_0018,14,5,mV_5,51.037,,False,0.09641102520161021,0.06726004815451989,False
test_0018,14,6,mV_6,57.353,,False,-0.022931548720613842,0.035568530660709474,False
test_0018,14,7,mV_7,,58.72834796301452,True,,,False
test_0018,14,8,mV_8,,60.979707848335345,True,,,False
test_0018,14,9,mV_9,62.442,,False,-0.1967890634553097,0.15369802765106305,False
test_0018,14,10,mV_10,60.491,,False,-0.22121398369363285,0.24169173336582478,False
test_0018,14,11,mV_11,59.873,,False,-0.3275499026207237,0.26263619306471403,False
test_0018,14,12,mV_12,57.353,,False,-0.17423098332377593,0.2257233129675798,False
test_0018,14,13,mV_13,52.258,,False,-0.2268813826020437,0.23047389099934734,False
test_0018,14,14,mV_14,47.938,,False,-0.29390181546952604,0.29704800164675865,False
test_0018,14,15,mV_15,40.784,,False,-0.37350699304593876,0.2764642465577916,False
test_0018,14,16,mV_16,34.937,,False,0.06494118466976297,0.258302584176911,False
test_0018,14,17,mV_17,26.602,,False,0.5298209743221791,0.3248261850233293,False
test_0018,14,18,mV_18,12.451,,False,0.174721606779196,0.30775381497824533,False
test_0018,14,19,mV_19,19.696,,False,0.35175107203241024,0.29495533154642817,False
test_0018,14,20,mV_20,22.003,,False,-0.30159757534169607,0.23873655567895058,False
test_0018,15,0,mV_0,37.316,,False,-0.8833289025781357,0.5869329681178075,False
test_0018,15,1,mV_1,33.202,,False,-0.5810740673149588,0.6991878357410877,False
test_0018,15,2,mV_2,23.765,,False,-0.751274305756297,0.9224263198557012,False
test_0018,15,3,mV_3,30.381,,False,-1.6060826005952522,0.9908598767367003,False
test_0018,15,4,mV_4,,39.550196746703854,True,,,False
test_0018,15,5,mV_5,46.609,,False,-1.6146431615427932,1.2497014783011067,False
test_0018,15,6,mV_6,52.745,,False,-1.76951959011884,1.5905860675274233,False
test_0018,15,7,mV_7,55.981,,False,-1.20866192832922,1.3596915424124516,False
test_0018,15,8,mV_8,58.255,,False,-1.2519227228725263,1.234535260175128,False
test_0018,15,9,mV_9,59.36,,False,-1.22563366662624,1.2298607962155061,False
test_0018,15,10,mV_10,57.556,,False,-1.2162531287370186,1.276630480042192,False
test_0018,15,11,mV_11,56.665,,False,-1.4483819960684905,1.364938830611336,False
test_0018,15,12,mV_12,54.217,,False,-1.3467382015713436,1.3843716429075574,False
test_0018,15,13,mV_13,49.314,,False,-1.3956281724190516,1.4521729831923351,False
test_0018,15,14,mV_14,44.968,,False,-1.670697386359894,1.59544758002067,False
test_0018,15,15,mV_15,38.216,,False,-1.64476737494384,1.5210738514641764,False
test_0018,15,16,mV_16,32.685,,False,-1.1240632696091306,1.0191324518249247,False
test_0018,15,17,mV_17,25.183,,False,-0.18363589313759723,0.455984515054938,False
test_0018,15,18,mV_18,11.319,,False,-0.33260300433542683,0.524693848386708,False
test_0018,15,19,mV_19,16.229,,False,-1.2499334917383809,1.0532641941606948,False
test_0018,15,20,mV_20,19.801,,False,-1.3805867888305905,1.0027767673498904,False
test_0018,16,0,mV_0,32.819,,False,-2.6963503881527036,2.0545925909038267,False
test_0018,16,1,mV_1,27.147,,False,-2.8256695873099003,2.6457539008366413,False
test_0018,16,2,mV_2,20.315,,False,-2.2353260405740603,2.2756056293233637,False
test_0018,16,3,mV_3,29.943,,False,-1.8061008488354338,1.8197429450525315,False
test_0018,16,4,mV_4,38.845,,False,-1.431444041965198,1.5285953692301568,False
test_0018,16,5,mV_5,47.047,,False,-1.4453925441547981,1.5357295729797429,False
test_0018,16,6,mV_6,52.61,,False,-1.8206891616441778,1.6295785414320325,False
test_0018,16,7,mV_7,55.352,,False,-1.4315432982849765,1.58564970462543,False
test_0018,16,8,mV_8,57.056,,False,-1.6588230602875895,1.187297354715039,False
test_0018,16,9,mV_9,,57.89595880445511,True,,,False
test_0018,16,10,mV_10,56.021,,False,-1.7366569064683959,1.3518357828227354,False
test_0018,16,11,mV_11,55.275,,False,-1.9340293183541502,1.9521937177113777,False
test_0018,16,12,mV_12,51.924,,False,-2.2040593276688147,2.1600351925445267,True
test_0018,16,13,mV_13,47.041,,False,-2.297992796486328,2.3959419880052044,True
test_0018,16,14,mV_14,42.567,,False,-2.783723031379348,2.751306071137916,True
test_0018,16,15,mV_15,35.196,,False,-3.1397854253066395,3.0764003303701264,True
test_0018,16,16,mV_16,28.673,,False,-3.2423074394878766,3.3095148192300137,True
test_0018,16,17,mV_17,18.361,,False,-3.6136589726376624,2.933267613459522,True
test_0018,16,18,mV_18,9.242,,False,-1.263445069074887,1.546178718742086,False
test_0018,16,19,mV_19,18.839,,False,-0.04416576418090717,0.8556948204321557,False
test_0018,16,20,mV_20,18.392,,False,-2.071002684291922,1.0465427831911878,False
test_0019,1,0,mV_0,35.068,,False,0.1743677546166326,0.13245575639657114,False
test_0019,1,1,mV_1,30.677,,False,-0.18108751635301937,0.1817759083179339,False
test_0019,1,2,mV_2,22.705,,False,-0.19056084594906414,0.1405523020627869,False
test_0019,1,3,mV_3,,27.881463253475875,True,,,False
test_0019,1,4,mV_4,,35.84425803612931,True,,,False
test_0019,1,5,mV_5,45.048,,False,1.01666295513201,0.5806929622694412,False
test_0019,1,6,mV_6,49.883,,False,0.2894459388137445,0.39888870818987476,False
test_0019,1,7,mV_7,,52.61956482828553,True,,,False
test_0019,1,8,mV_8,54.328,,False,-0.12488684250937498,0.13008444582234163,False
test_0019,1,9,mV_9,54.469,,False,-0.2705640982706165,0.209220942820733,False
test_0019,1,10,mV_10,52.357,,False,-0.17086873223232404,0.2031250158042628,False
test_0019,1,11,mV_11,50.443,,False,-0.20019850048178656,0.2522716272217978,False
test_0019,1,12,mV_12,46.745,,False,-0.4378207756912941,0.34557962248874413,False
test_0019,1,13,mV_13,43.003,,False,-0.30647843809060177,0.44082023724914277,False
test_0019,1,14,mV_14,37.885,,False,-0.7125032971240736,0.47965245204471507,False
test_0019,1,15,mV_15,32.752,,False,-0.18712477584011142,0.3269938145925989,False
test_0019,1,16,mV_16,25.911,,False,-0.22122240956609937,0.16614249187673968,False
test_0019,1,17,mV_17,13.293,,False,-0.035000372534648626,0.624498894915121,False
test_0019,1,18,mV_18,18.699,,False,2.2067724250250875,1.3683619477521691,False
test_0019,1,19,mV_19,20.775,,False,1.0249025684238529,1.1976705306479096,False
test_0019,1,20,mV_20,20.608,,False,0.5341045607188445,0.5232779224653854,False
test_0019,2,0,mV_0,32.516,,False,-0.8545027882311097,0.4563050974813026,False
test_0019,2,1,mV_1,31.479,,False,0.11621481346299091,0.31184551662166626,False
test_0019,2,2,mV_2,23.521,,False,0.1604496513295734,0.3376363064590342,False
test_0019,2,3,mV_3,25.373,,False,-0.9134311097139992,0.6667676265992734,False
test_0019,2,4,mV_4,33.438,,False,-0.6797586356395215,0.6955614752239336,False
test_0019,2,5,mV_5,41.099,,False,-0.5092975199026922,0.5856170353928072,False
test_0019,2,6,mV_6,47.42,,False,-0.6441144661263227,0.6113160900973079,False
test_0019,2,7,mV_7,50.71,,False,-0.647737908233894,0.6265830509410946,False
test_0019,2,8,mV_8,53.026,,False,-0.5667419211702673,0.5297211024803526,False
test_0019,2,9,mV_9,54.268,,False,-0.33766265934698164,0.373575508766082,False
test_0019,2,10,mV_10,52.117,,False,-0.25223479520009723,0.2153371276752313,False
test_0019,2,11,mV_11,50.961,,False,-0.019216260953749113,0.09023948210140037,False
test_0019,2,12,mV_12,48.104,,False,0.07029061129800598,0.052156899347655376,False
test_0019,2,13,mV_13,43.898,,False,0.04883011384086042,0.06505019447617638,False
test_0019,2,14,mV_14,39.621,,False,0.09224993892497871,0.09409907214082114,False
test_0019,2,15,mV_15,32.841,,False,-0.14306629687246675,0.1927993758388258,False
test_0019,2,16,mV_16,25.586,,False,-0.39281497068539106,0.3211189168663092,False
test_0019,2,17,mV_17,12.655,,False,-0.3557794292219881,0.6044875463231894,False
test_0019,2,18,mV_18,10.844,,False,-1.3135763561633904,0.8307950977766633,False
test_0019,2,19,mV_19,17.82,,False,-0.34024824955788396,0.5482536385105812,False
test_0019,2,20,mV_20,19.112,,False,-0.1989416987631663,0.18453291177105413,False
test_0019,3,0,mV_0,30.884,,False,-1.5124638877324863,1.1776728244268129,False
test_0019,3,1,mV_1,26.618,,False,-1.6857635222422793,1.2209977330542612,False
test_0019,3,2,mV_2,,21.851783492770416,True,,,False
test_0019,3,3,mV_3,28.234,,False,0.39308078118819517,0.20347980438564872,False
test_0019,3,4,mV_4,35.184,,False,0.027757655166204584,0.19986566705155517,False
test_0019,3,5,mV_5,41.509,,False,-0.3508665766856163,0.4872446697316141,False
test_0019,3,6,mV_6,45.902,,False,-1.2194878703890193,1.0219496326838506,False
test_0019,3,7,mV_7,48.875,,False,-1.2979562132717477,1.266321705321467,False
test_0019,3,8,mV_8,51.013,,False,-1.2498865243533541,1.322939293227539,False
test_0019,3,9,mV_9,50.804,,False,-1.4940279109316996,1.0594855865541883,False
test_0019,3,10,mV_10,,49.40625101517961,True,,,False
test_0019,3,11,mV_11,47.831,,False,-1.1127962025034706,0.9587931566212962,False
test_0019,3,12,mV_12,43.611,,False,-1.6095802214782438,1.5059849849213829,False
test_0019,3,13,mV_13,39.513,,False,-1.6919832942255733,1.9124471924825,False
test_0019,3,14,mV_14,33.692,,False,-2.6562419600006097,2.390583547449461,True
test_0019,3,15,mV_15,27.963,,False,-2.5578669755710526,2.7889453041037786,True
test_0019,3,16,mV_16,19.921,,False,-3.383805305272401,3.0788414787502054,True
test_0019,3,17,mV_17,7.416,,False,-2.989888328884968,2.4956250154843675,True
test_0019,3,18,mV_18,15.156,,False,0.6189180988951349,1.4350039914541917,False
test_0019,3,19,mV_19,15.283,,False,-1.5122914391415285,1.503657806064843,False
test_0019,3,20,mV_20,14.679,,False,-2.371130247081179,1.5636379833259717,False
test_0019,4,0,mV_0,34.189,,False,-0.1800120287545129,0.132775660639753,False
test_0019,4,1,mV_1,30.704,,False,-0.17107858504998624,0.289163771369868,False
test_0019,4,2,mV_2,21.673,,False,-0.6344858866249865,0.5148476775818703,False
test_0019,4,3,mV_3,26.017,,False,-0.6193403520275221,0.6428913508778639,False
test_0019,4,4,mV_4,33.392,,False,-0.6983988128314248,0.6537710566094619,False
test_0019,4,5,mV_5,40.867,,False,-0.5989462487474755,0.7169727585537168,False
test_0019,4,6,mV_6,46.556,,False,-0.9715997238884914,0.8854364021299954,False
test_0019,4,7,mV_7,49.717,,False,-0.9995999119955233,0.9485256206164518,False
test_0019,4,8,mV_8,52.27,,False,-0.8233029345862694,0.8190744975701734,False
test_0019,4,9,mV_9,53.392,,False,-0.6300922091126313,0.6340215195174417,False
test_0019,4,10,mV_10,51.526,,False,-0.4525987252582351,0.44950708871281747,False
test_0019,4,11,mV_11,50.264,,False,-0.26273869522216836,0.3563110117878947,False
test_0019,4,12,mV_12,46.72,,False,-0.4471679314490069,0.4521349338651093,False
test_0019,4,13,mV_13,42.134,,False,-0.651465177340255,0.725284117199112,False
test_0019,4,14,mV_14,36.939,,False,-1.151038182666931,1.042834425725854,False
test_0019,4,15,mV_15,30.67,,False,-1.2177961602292993,1.2742932545216044,False
test_0019,4,16,mV_16,23.469,,False,-1.5105425149608882,1.4055900732872024,False
test_0019,4,17,mV_17,10.611,,False,-1.383479102997734,1.1596807536839622,False
test_0019,4,18,mV_18,12.969,,False,-0.36122229377949294,0.6672115716840823,False
test_0019,4,19,mV_19,17.338,,False,-0.5629225961796092,0.5683810504231512,False
test_0019,4,20,mV_20,17.913,,False,-0.7864567155538938,0.5339590068218492,False
test_0019,5,0,mV_0,35.05,,False,0.167110830725073,0.16061491886690465,False
test_0019,5,1,mV_1,30.334,,False,-0.30823801401747264,0.4190421748165885,False
test_0019,5,2,mV_2,21.073,,False,-0.8925818405063357,0.6394304630759708,False
test_0019,5,3,mV_3,28.39,,False,0.464320157273739,0.6791396230325343,False
test_0019,5,4,mV_4,37.325,,False,0.8953363370763234,0.806514647066663,False
test_0019,5,5,mV_5,44.93,,False,0.9710657568402659,0.795563183397649,False
test_0019,5,6,mV_6,50.029,,False,0.3447848828337407,0.42056260223556236,False
test_0019,5,7,mV_7,52.477,,False,-0.021614886434502142,0.14748441888022362,False
test_0019,5,8,mV_8,54.101,,False,-0.2019230198181495,0.11516983126093001,False
test_0019,5,9,mV_9,55.174,,False,-0.03521839897291892,0.14157368005876614,False
test_0019,5,10,mV_10,53.728,,False,0.2939349024710773,0.3081919389982789,False
test_0019,5,11,mV_11,52.761,,False,0.609679552078042,0.5133899023557489,False
test_0019,5,12,mV_12,49.361,,False,0.540265602795834,0.47694070239464537,False
test_0019,5,13,mV_13,44.323,,False,0.2175520519088715,0.28753366657137985,False
test_0019,5,14,mV_14,39.799,,False,0.1747649596719423,0.1598394195808191,False
test_0019,5,15,mV_15,33.276,,False,0.0722757070705202,0.13896252990050864,False
test_0019,5,16,mV_16,26.778,,False,0.2365337457890518,0.13633579966215595,False
test_0019,5,17,mV_17,,13.341225034874212,True,,,False
test_0019,5,18,mV_18,10.106,,False,-1.6443233199465979,0.876386559215467,False
test_0019,5,19,mV_19,19.026,,False,0.21689959696867225,0.5436633345401628,False
test_0019,5,20,mV_20,19.715,,False,0.09653082427670848,0.10249031138052231,False
test_0019,6,0,mV_0,34.918,,False,0.11389338885363885,0.27644811841971845,False
test_0019,6,1,mV_1,33.534,,False,0.8780056959715961,0.8181640725354924,False
test_0019,6,2,mV_2,26.409,,False,1.4027515093451388,0.9834664078949134,False
test_0019,6,3,mV_3,26.825,,False,-0.2503569169177799,0.5069164135632095,False
test_0019,6,4,mV_4,34.809,,False,-0.12420031107213916,0.13145168112234026,False
test_0019,6,5,mV_5,42.347,,False,-0.027049185427302815,0.09776815294690529,False
test_0019,6,6,mV_6,48.558,,False,-0.21277392986087634,0.16266861176630487,False
test_0019,6,7,mV_7,51.979,,False,-0.1980774019161639,0.17887244738250233,False
test_0019,6,8,mV_8,54.382,,False,-0.10656105583680522,0.1071813142886246,False
test_0019,6,9,mV_9,55.227,,False,-0.017525743564724007,0.06422028304264972,False
test_0019,6,10,mV_10,52.521,,False,-0.11526858920434564,0.08874380254720465,False
test_0019,6,11,mV_11,50.71,,False,-0.10691228821540334,0.12190523182149265,False
test_0019,6,12,mV_12,47.492,,False,-0.1585277616508183,0.15333334373716698,False
test_0019,6,13,mV_13,43.298,,False,-0.18936556343162797,0.1930719068458096,False
test_0019,6,14,mV_14,38.915,,False,-0.23502873886916414,0.17265262595249323,False
test_0019,6,15,mV_15,33.193,,False,0.031187462640016733,0.18865796059830361,False
test_0019,6,16,mV_16,27.196,,False,0.45722817824401685,0.4634686635078539,False
test_0019,6,17,mV_17,15.169,,False,0.9082308349033651,0.8615234299181307,False
test_0019,6,18,mV_18,16.391,,False,1.1724038716217757,1.0907363653659277,False
test_0019,6,19,mV_19,20.959,,False,1.109906883316794,0.9692079440938726,False
test_0019,6,20,mV_20,20.507,,False,0.4846141381201263,0.5197837898892617,False
test_0019,7,0,mV_0,34.033,,False,-0.2429053691480264,0.21250615684465873,False
test_0019,7,1,mV_1,32.148,,False,0.3642138890825822,0.3581161462286341,False
test_0019,7,2,mV_2,24.22,,False,0.4611314376013456,0.6007806902274901,False
test_0019,7,3,mV_3,24.928,,False,-1.1166459966246869,0.7960333258453721,False
test_0019,7,4,mV_4,33.907,,False,-0.4897098725307689,0.5429508652206697,False
test_0019,7,5,mV_5,42.221,,False,-0.07573771919645418,0.1602963277309193,False
test_0019,7,6,mV_6,,49.001717258517374,True,,,False
test_0019,7,7,mV_7,53.047,,False,0.18036028188788292,0.15491428553270165,False
test_0019,7,8,mV_8,55.459,,False,0.2589365783550408,0.2194159175830061,False
test_0019,7,9,mV_9,55.817,,False,0.17943023173405992,0.15800902571063036,False
test_0019,7,10,mV_10,52.819,,False,-0.014239061019360766,0.12753193264770912,False
test_0019,7,11,mV_11,51.881,,False,0.3022193768180551,0.31777732163596684,False
test_0019,7,12,mV_12,49.661,,False,0.6524314718883962,0.5500473892508352,False
test_0019,7,13,mV_13,45.269,,False,0.5931072364084929,0.5855200711920816,False
test_0019,7,14,mV_14,40.508,,False,0.5034343400629443,0.4926900486469836,False
test_0019,7,15,mV_15,33.879,,False,0.37078427805355296,0.380811708434717,False
test_0019,7,16,mV_16,26.857,,False,0.27824393756881793,0.2521039804677307,False
test_0019,7,17,mV_17,13.524,,False,0.08114376867973394,0.3302947196243488,False
test_0019,7,18,mV_18,11.81,,False,-0.8806474035691094,0.5486745761635469,False
test_0019,7,19,mV_19,17.794,,False,-0.35225972883623446,0.6661615197286543,False
test_0019,7,20,mV_20,17.315,,False,-1.0794792176730388,0.627804541045578,False
test_0019,8,0,mV_0,35.083,,False,0.18041519119293223,0.22741336220887365,False
test_0019,8,1,mV_1,32.646,,False,0.5488230664496301,0.3195153310230481,False
test_0019,8,2,mV_2,,24.784570639610248,True,,,False
test_0019,8,3,mV_3,30.038,,False,1.2169002328441045,0.9921439811738703,False
test_0019,8,4,mV_4,38.903,,False,1.534775459007272,1.4997627513354392,False
test_0019,8,5,mV_5,46.849,,False,1.7125998544831085,1.5282150617611072,False
test_0019,8,6,mV_6,52.161,,False,1.1528850790709393,1.2255249899088902,False
test_0019,8,7,mV_7,55.032,,False,0.8837299470105741,0.9662852714972776,False
test_0019,8,8,mV_8,57.48,,False,0.944796112897023,0.9307209125814041,False
test_0019,8,9,mV_9,58.124,,False,0.9495614775209963,0.9292272796326851,False
test_0019,8,10,mV_10,55.436,,False,0.8729900505917246,0.9007246205710501,False
test_0019,8,11,mV_11,53.613,,False,0.9073569035797546,0.8440071019373121,False
test_0019,8,12,mV_12,49.757,,False,0.6883245499980143,0.7125294324733488,False
test_0019,8,13,mV_13,45.201,,False,0.5661117263176121,0.5370725619899164,False
test_0019,8,14,mV_14,40.129,,False,0.32774224532642693,0.35081889070645295,False
test_0019,8,15,mV_15,33.497,,False,0.1816793458553458,0.20181397537177495,False
test_0019,8,16,mV_16,26.55,,False,0.11615496444998133,0.12881114575981611,False
test_0019,8,17,mV_17,13.564,,False,0.10125530828395599,0.16056046972990545,False
test_0019,8,18,mV_18,14.497,,False,0.32357629790172854,0.36375156790874563,False
test_0019,8,19,mV_19,20.086,,False,0.7065983675475694,0.5465267174646249,False
test_0019,8,20,mV_20,20.435,,False,0.4493338368616322,0.40131651031770843,False
test_0020,1,0,mV_0,38.069,,False,-0.9258625398314412,0.6985118566963622,False
test_0020,1,1,mV_1,41.707,,False,0.9423223471225665,2.5361834808845694,False
test_0020,1,2,mV_2,13.099,,False,-7.334226689461704,6.341329657273143,False
test_0020,1,3,mV_3,6.799,,False,-9.754542903046598,9.170723681355032,True
test_0020,1,4,mV_4,12.362,,False,-9.839582229865227,10.299204619927538,True
test_0020,1,5,mV_5,14.682,,False,-11.763111116933102,11.080870982621333,True
test_0020,1,6,mV_6,23.526,,False,-10.957679466753902,11.139965570661392,True
test_0020,1,7,mV_7,26.038,,False,-10.881392232204663,11.232377563033559,True
test_0020,1,8,mV_8,22.982,,False,-12.209046320971016,12.072641868844908,True
test_0020,1,9,mV_9,21.142,,False,-12.991082601232941,12.832025353711536,True
test_0020,1,10,mV_10,20.344,,False,-13.136889891409243,13.513074816951393,True
test_0020,1,11,mV_11,15.581,,False,-14.787436883754145,14.54453210124389,True
test_0020,1,12,mV_12,14.471,,False,-15.466364746058025,15.183757347284796,True
test_0020,1,13,mV_13,13.401,,False,-15.014863013268995,15.314636447290397,True
test_0020,1,14,mV_14,12.972,,False,-15.762455016565573,15.504941101611681,True
test_0020,1,15,mV_15,10.212,,False,-15.479991360046585,15.336322951672269,True
test_0020,1,16,mV_16,7.394,,False,-14.622854070030332,14.392420718524647,True
test_0020,1,17,mV_17,1.647,,False,-12.843983373991339,11.438731201304241,True
test_0020,1,18,mV_18,1.462,,False,-5.44410398720395,8.14235155936484,False
test_0020,1,19,mV_19,1.47,,False,-8.837214889060123,8.30585001269435,False
test_0020,1,20,mV_20,1.864,,False,-10.104866285453207,7.261736864991635,False
test_0020,2,0,mV_0,36.498,,False,-1.5592307305892033,1.110651500613426,False
test_0020,2,1,mV_1,35.593,,False,-1.324144541275298,1.2162010439227429,False
test_0020,2,2,mV_2,28.621,,False,-0.6572843625511728,0.8870392420340928,False
test_0020,2,3,mV_3,26.168,,False,-0.9094437017587277,0.8511334086185202,False
test_0020,2,4,mV_4,34.353,,False,-0.9283618684054527,1.0209139943366854,False
test_0020,2,5,mV_5,41.714,,False,-1.3174885387771087,1.263946195528845,False
test_0020,2,6,mV_6,48.498,,False,-1.4924458361557096,1.425569622239799,False
test_0020,2,7,mV_7,52.796,,False,-1.3998982778706686,1.3646611942410596,False
test_0020,2,8,mV_8,55.521,,False,-1.1664023850671925,1.1444026999170345,False
test_0020,2,9,mV_9,57.527,,False,-0.8449077516630845,0.85152921598764,False
test_0020,2,10,mV_10,57.471,,False,-0.5498989755571985,0.6160608804135745,False
test_0020,2,11,mV_11,56.418,,False,-0.5195378188768167,0.5427321326965167,False
test_0020,2,12,mV_12,54.281,,False,-0.5819539174752347,0.6057111838401585,False
test_0020,2,13,mV_13,49.36,,False,-0.7393990815333479,0.770787568249852,False
test_0020,2,14,mV_14,44.769,,False,-1.0223981924574774,0.9615433360263294,False
test_0020,2,15,mV_15,39.337,,False,-1.0619778776570148,0.8821523440585428,False
test_0020,2,16,mV_16,34.366,,False,-0.3822554284626643,0.4573135178194809,False
test_0020,2,17,mV_17,27.187,,False,-0.0027653366955802403,0.10025175426820002,False
test_0020,2,18,mV_18,13.639,,False,0.013220915218975272,0.3639503303559382,False
test_0020,2,19,mV_19,17.511,,False,-1.426594154290222,0.825750737968316,False
test_0020,2,20,mV_20,21.595,,False,-0.4365937280738448,0.5749454026094779,False
test_0020,3,0,mV_0,40.439,,False,0.029632439223867088,0.10962304112121607,False
test_0020,3,1,mV_1,38.142,,False,-0.37922728603713013,0.29434543543395775,False
test_0020,3,2,mV_2,29.244,,False,-0.3892947304377038,0.7490280784466583,False
test_0020,3,3,mV_3,32.185,,False,1.8382955668740952,1.5106387722535672,False
test_0020,3,4,mV_4,41.522,,False,1.9766692248283748,1.9555154499461982,False
test_0020,3,5,mV_5,50.378,,False,2.030427783253949,2.012785547331034,True
test_0020,3,6,mV_6,57.748,,False,2.013617397987862,1.9812003086434307,False
test_0020,3,7,mV_7,62.016,,False,1.8671386553440494,1.929648877204283,False
test_0020,3,8,mV_8,64.765,,False,1.970700800141171,1.9612161865009092,False
test_0020,3,9,mV_9,66.158,,False,2.0363244903772455,1.9803874336004355,False
test_0020,3,10,mV_10,64.633,,False,1.8781999535060803,1.9389818734342446,False
test_0020,3,11,mV_11,63.524,,False,1.9632030963475713,1.9325767938513336,False
test_0020,3,12,mV_12,60.988,,False,1.9257010292041115,1.8726275601913684,False
test_0020,3,13,mV_13,55.444,,False,1.67590508600968,1.7337492282283014,False
test_0020,3,14,mV_14,50.55,,False,1.6574857116897344,1.5067185732838229,False
test_0020,3,15,mV_15,43.575,,False,1.035997783746143,1.2653918826447121,False
test_0020,3,16,mV_16,37.613,,False,1.3320862513968277,1.1430642306569687,False
test_0020,3,17,mV_17,28.927,,False,0.8720866360880768,0.8384746857928714,False
test_0020,3,18,mV_18,14.229,,False,0.2776392195985046,0.5045593649463682,False
test_0020,3,19,mV_19,21.878,,False,0.5908723845003869,0.6015180180922063,False
test_0020,3,20,mV_20,24.418,,False,0.9466880837695465,0.62106213800987,False
test_0020,4,0,mV_0,41.67,,False,0.5259254009188408,0.4307049750750621,False
test_0020,4,1,mV_1,40.975,,False,0.6709690984625668,0.9550898722390975,False
test_0020,4,2,mV_2,34.688,,False,1.9524958911124155,1.299655106858772,False
test_0020,4,3,mV_3,29.523,,False,0.6226595467476902,1.0289102751718482,False
test_0020,4,4,mV_4,38.909,,False,0.9178261160795964,0.8268657482142342,False
test_0020,4,5,mV_5,47.321,,False,0.8491512139500536,0.9068003434835203,False
test_0020,4,6,mV_6,55.103,,False,1.0110728299543774,1.0027426452104269,False
test_0020,4,7,mV_7,59.963,,False,1.1396737069828988,1.13049524540024,False
test_0020,4,8,mV_8,62.587,,False,1.2315607376807851,1.2623133044715522,False
test_0020,4,9,mV_9,64.391,,False,1.44645803554174,1.4863453732326348,False
test_0020,4,10,mV_10,64.464,,False,1.8209046841662746,1.7569280534879428,False
test_0020,4,11,mV_11,63.456,,False,1.9394448100774824,2.069481701353436,True
test_0020,4,12,mV_12,62.733,,False,2.5781325010925045,2.499779155454098,True
test_0020,4,13,mV_13,58.536,,False,2.9034068095539,2.8317443659638575,True
test_0020,4,14,mV_14,53.321,,False,2.9420313436551258,2.890634900527119,True
test_0020,4,15,mV_15,47.088,,False,2.775070105244324,2.725200783786868,True
test_0020,4,16,mV_16,39.652,,False,2.408631581003698,2.4249428058822833,True
test_0020,4,17,mV_17,31.384,,False,2.1074379562774146,2.071495390379404,True
test_0020,4,18,mV_18,17.319,,False,1.662474067959089,1.6970743276831113,False
test_0020,4,19,mV_19,17.664,,False,-1.3559112185368523,1.4641397905184053,False
test_0020,4,20,mV_20,25.511,,False,1.4822626570408275,1.0801091331546269,False
test_0020,5,0,mV_0,39.174,,False,-0.4803680453773848,0.35380392803608307,False
test_0020,5,1,mV_1,37.939,,False,-0.4544796213895627,0.4092748509706517,False
test_0020,5,2,mV_2,30.725,,False,0.24777211572609664,0.36520026153044105,False
test_0020,5,3,mV_3,27.041,,False,-0.5107771932800084,0.408405100003709,False
test_0020,5,4,mV_4,35.745,,False,-0.36429389772872267,0.40987493114855816,False
test_0020,5,5,mV_5,44.088,,False,-0.40013473585677883,0.3680373373472591,False
test_0020,5,6,mV_6,51.624,,False,-0.3075859799467559,0.25382667393757263,False
test_0020,5,7,mV_7,,56.08738733403738,True,,,False
test_0020,5,8,mV_8,57.632,,False,-0.44999987273758996,0.3655397085735198,False
test_0020,5,9,mV_9,58.374,,False,-0.5621590888188992,0.5422420901412153,False
test_0020,5,10,mV_10,57.339,,False,-0.5946503101894727,0.5262597276867068,False
test_0020,5,11,mV_11,56.893,,False,-0.3535792015489828,0.41869005700505,False
test_0020,5,12,mV_12,54.84,,False,-0.37295151473276167,0.41138645529042106,False
test_0020,5,13,mV_13,49.847,,False,-0.5460635901471781,0.5364569040473942,False
test_0020,5,14,mV_14,45.506,,False,-0.680748921162459,0.8462192765599595,False
test_0020,5,15,mV_15,38.498,,False,-1.477315673767742,1.2644376515247682,False
test_0020,5,16,mV_16,32.396,,False,-1.4223703374011298,1.5792174207659433,False
test_0020,5,17,mV_17,23.225,,False,-1.9948133344937715,1.3529992515971683,False
test_0020,5,18,mV_18,,11.595023996539174,True,,,False
test_0020,5,19,mV_19,20.639,,False,0.01847919888976952,0.26563428879913703,False
test_0020,5,20,mV_20,20.393,,False,-1.025578757417009,0.5174091784309469,False
test_0020,6,0,mV_0,34.55,,False,-2.3445911606312886,1.7553158287173032,False
test_0020,6,1,mV_1,32.874,,False,-2.3320809936066356,2.261712715915239,False
test_0020,6,2,mV_2,25.411,,False,-2.0380977158163955,2.175009505164511,False
test_0020,6,3,mV_3,23.141,,False,-2.2917615954186172,2.202048683878142,False
test_0020,6,4,mV_4,31.248,,False,-2.186573828858938,2.2847359193495613,False
test_0020,6,5,mV_5,38.721,,False,-2.474034424261753,2.3908255388800685,False
test_0020,6,6,mV_6,46.028,,False,-2.4286594781378303,2.346607689263463,False
test_0020,6,7,mV_7,50.947,,False,-2.0550773765164383,2.0735891802797726,False
test_0020,6,8,mV_8,53.785,,False,-1.755542489948384,1.7766896679185067,False
test_0020,6,9,mV_9,55.443,,False,-1.5405963152608202,1.567618238753663,False
test_0020,6,10,mV_10,54.864,,False,-1.4337378345446274,1.4853824021148139,False
test_0020,6,11,mV_11,53.516,,False,-1.5334576241091802,1.4883470076567002,False
test_0020,6,12,mV_12,51.952,,False,-1.4527349478638139,1.4263832584333158,False
test_0020,6,13,mV_13,48.032,,False,-1.2666055138964556,1.328111117323507,False
test_0020,6,14,mV_14,44.113,,False,-1.3264984936373023,1.3674222302747112,False
test_0020,6,15,mV_15,38.351,,False,-1.5500864199277848,1.5392130816716132,False
test_0020,6,16,mV_16,31.813,,False,-1.7301809931935805,1.6437186983195917,False
test_0020,6,17,mV_17,24.081,,False,-1.564426386963421,1.4961510568009477,False
test_0020,6,18,mV_18,11.098,,False,-1.1255704600833685,1.7570440085291557,False
test_0020,6,19,mV_19,13.645,,False,-3.212608726986465,2.4034263823274538,True
test_0020,6,20,mV_20,18.276,,False,-2.0629176152535167,1.8346109893733746,False
test_0020,7,0,mV_0,,44.42874973844319,True,,,False
test_0020,7,1,mV_1,40.598,,False,0.5312147613794789,0.48144012212301845,False
test_0020,7,2,mV_2,32.156,,False,0.863330965733116,1.1411770390706057,False
test_0020,7,3,mV_3,33.211,,False,2.306831463436712,2.09054228622964,True
test_0020,7,4,mV_4,43.764,,False,2.8851752523120204,2.74687027789287,True
test_0020,7,5,mV_5,52.655,,False,2.9102991435107266,2.8690803905082993,True
test_0020,7,6,mV_6,59.745,,False,2.770548022699723,2.6927572724441196,True
test_0020,7,7,mV_7,63.293,,False,2.3196339008663056,2.3939979206035664,True
test_0020,7,8,mV_8,65.341,,False,2.166175857981932,2.238508440504324,True
test_0020,7,9,mV_9,66.954,,False,2.3020481451871264,1.6925680370890461,False
test_0020,7,10,mV_10,,64.27796349956655,True,,,False
test_0020,7,11,mV_11,63.996,,False,2.128113553987019,1.5366957078822865,False
test_0020,7,12,mV_12,60.894,,False,1.8905557235551087,1.96674874296984,False
test_0020,7,13,mV_13,56.154,,False,1.957769970782124,2.0406603038742155,False
test_0020,7,14,mV_14,52.058,,False,2.3565455503775055,1.9846342872951392,False
test_0020,7,15,mV_15,44.043,,False,1.2676760776434224,1.5438525157091603,False
test_0020,7,16,mV_16,37.521,,False,1.2835123571722908,1.0605527158046382,False
test_0020,7,17,mV_17,28.003,,False,0.4075100712305484,0.6760574208273864,False
test_0020,7,18,mV_18,14.961,,False,0.6056971836761579,0.9707670706379747,False
test_0020,7,19,mV_19,25.5,,False,2.2641638439690346,1.6371667378107362,False
test_0020,7,20,mV_20,25.373,,False,1.414642079628718,1.2733620008066175,False
test_0020,8,0,mV_0,36.373,,False,-1.6096260353916985,1.095442726643171,False
test_0020,8,1,mV_1,36.029,,False,-1.162518835789287,1.053136754328965,False
test_0020,8,2,mV_2,29.503,,False,-0.27788331034558733,0.6213126015170252,False
test_0020,8,3,mV_3,26.48,,False,-0.7669649495876387,0.6188914015124871,False
test_0020,8,4,mV_4,35.006,,False,-0.6637523965290839,0.7346493841112675,False
test_0020,8,5,mV_5,42.939,,False,-0.8441277937992635,0.8295887045575518,False
test_0020,8,6,mV_6,49.886,,False,-0.9663468341025965,0.9666675348450589,False
test_0020,8,7,mV_7,53.671,,False,-1.089848677375779,1.068270017304326,False
test_0020,8,8,mV_8,55.637,,False,-1.1270358803631502,1.116558918404549,False
test_0020,8,9,mV_9,56.696,,False,-1.122315235516117,1.1744832944425196,False
test_0020,8,10,mV_10,55.181,,False,-1.3262668263746944,1.3060260876852463,False
test_0020,8,11,mV_11,53.757,,False,-1.4492554624754794,1.4753676377860696,False
test_0020,8,12,mV_12,51.353,,False,-1.676692799818625,1.6268816555476406,False
test_0020,8,13,mV_13,46.928,,False,-1.7048855600778328,1.7058049199212462,False
test_0020,8,14,mV_14,43.228,,False,-1.736755759710694,1.867760533428291,False
test_0020,8,15,mV_15,36.851,,False,-2.2926450542139425,1.5805114670346447,False
test_0020,8,16,mV_16,,31.320239765382567,True,,,False
test_0020,8,17,mV_17,22.698,,False,-2.259782868779397,1.4000798839707302,False
test_0020,8,18,mV_18,11.198,,False,-1.0807537983241273,1.1407795792266582,False
test_0020,8,19,mV_19,20.292,,False,-0.14182785147898178,0.656175065726226,False
test_0020,8,20,mV_20,19.914,,False,-1.2602907616228127,0.6656023436811518,False
test_0020,9,0,mV_0,40.128,,False,-0.09575107912474091,0.25083442431831277,False
test_0020,9,1,mV_1,36.975,,False,-0.8118355390237693,0.6723581959607554,False
test_0020,9,2,mV_2,27.894,,False,-0.9700106266707423,0.7642839463496249,False
test_0020,9,3,mV_3,28.828,,False,0.3052789930332458,0.43525905627123135,False
test_0020,9,4,mV_4,37.04,,False,0.16046761234769163,0.17804799642349853,False
test_0020,9,5,mV_5,45.346,,False,0.08597776796536509,0.09566128378647096,False
test_0020,9,6,mV_6,52.568,,False,0.05022198686746207,0.05008741052157909,False
test_0020,9,7,mV_7,56.786,,False,0.013927900386027118,0.05031694951239543,False
test_0020,9,8,mV_8,59.321,,False,0.1231900104100654,0.12917112819538046,False
test_0020,9,9,mV_9,60.826,,False,0.25637659157536385,0.2249262119203305,False
test_0020,9,10,mV_10,59.871,,False,0.2637616541205289,0.252837638049063,False
test_0020,9,11,mV_11,58.556,,False,0.22745065237983042,0.25084433081503477,False
test_0020,9,12,mV_12,56.599,,False,0.28471436437994935,0.3006018804240348,False
test_0020,9,13,mV_13,52.244,,False,0.40552814055641,0.40843519167776077,False
test_0020,9,14,mV_14,48.135,,False,0.5379701212182736,0.3703670957482393,False
test_0020,9,15,mV_15,,41.00127096703408,True,,,False
test_0020,9,16,mV_16,35.615,,False,0.2771879833465469,0.15474607191791434,False
test_0020,9,17,mV_17,27.321,,False,0.06460832097856367,0.12294509148875776,False
test_0020,9,18,mV_18,13.419,,False,-0.08537574065135684,0.6091735925062736,False
test_0020,9,19,mV_19,15.834,,False,-2.201334567743817,1.2669299564958467,False
test_0020,9,20,mV_20,21.303,,False,-0.5796749498443963,0.8401711168581524,False
test_0020,10,0,mV_0,43.355,,False,1.2052541096564744,0.9703626049248486,False
test_0020,10,1,mV_1,43.133,,False,1.4709422003864459,1.8515075220261374,False
test_0020,10,2,mV_2,37.725,,False,3.2588915776751834,2.0892559492114335,False
test_0020,10,3,mV_3,28.966,,False,0.36829844110892046,1.181626895702571,False
test_0020,10,4,mV_4,38.448,,False,0.7310191229172598,0.666684035512298,False
test_0020,10,5,mV_5,47.288,,False,0.836399455105752,0.9359730640744774,False
test_0020,10,6,mV_6,55.971,,False,1.3400742231691456,1.318991616754039,False
test_0020,10,7,mV_7,61.712,,False,1.7594185655721126,1.7040942160199766,False
test_0020,10,8,mV_8,64.726,,False,1.9574655097665357,1.9834170745907707,False
test_0020,10,9,mV_9,66.826,,False,2.259318713257899,2.26741154834502,True
test_0020,10,10,mV_10,66.743,,False,2.5935432570977466,2.4693592328460134,True
test_0020,10,11,mV_11,64.863,,False,2.431031703930663,2.481701926045835,True
test_0020,10,12,mV_12,62.447,,False,2.4712010392242663,2.37379044442097,True
test_0020,10,13,mV_13,56.567,,False,2.121727995304685,2.1483161136059867,True
test_0020,10,14,mV_14,51.027,,False,1.8786074245903104,1.859672996236988,False
test_0020,10,15,mV_15,44.633,,False,1.5597491404626467,1.7287976490128563,False
test_0020,10,16,mV_16,38.721,,False,1.917084890535821,1.7065279838999874,False
test_0020,10,17,mV_17,30.041,,False,1.4321930140656605,1.3176611954423176,False
test_0020,10,18,mV_18,14.701,,False,0.4891738631021282,0.8977248923384893,False
test_0020,10,19,mV_19,23.154,,False,1.1803588290840408,0.9952052945696377,False
test_0020,10,20,mV_20,24.794,,False,1.130929657008341,0.8605545357751807,False
test_0020,11,0,mV_0,42.111,,False,0.703720036262042,0.856013594876375,False
test_0020,11,1,mV_1,44.605,,False,2.0166143069814155,2.850246544860334,False
test_0020,11,2,mV_2,45.641,,False,6.664037529216462,5.9303702503683,False
test_0020,11,3,mV_3,46.503,,False,8.37679163605886,7.1724885994849386,False
test_0020,11,4,mV_4,49.655,,False,5.2723335966055735,5.301633843118826,False
test_0020,11,5,mV_5,51.037,,False,2.2850765432052946,2.603943850257882,False
test_0020,11,6,mV_6,50.923,,False,-0.5732887180153662,1.4584967270766858,False
test_0020,11,7,mV_7,49.967,,False,-2.4023329290707163,2.2220902058034606,False
test_0020,11,8,mV_8,48.614,,False,-3.5104062470570434,3.297586432595677,False
test_0020,11,9,mV_9,48.773,,False,-3.7672003071979057,4.953084792873178,False
test_0020,11,10,mV_10,33.232,,False,-8.767532310039858,8.8265942843111,True
test_0020,11,11,mV_11,17.823,,False,-14.004112209966774,12.750111326294197,True
test_0020,11,12,mV_12,17.792,,False,-14.224688575203379,11.154721640794543,True
test_0020,11,13,mV_13,45.768,,False,-2.165397202804641,5.0461727682582325,False
test_0020,11,14,mV_14,43.46,,False,-1.6292080922202685,1.3559533468112945,False
test_0020,11,15,mV_15,,41.73720992681987,True,,,False
test_0020,11,16,mV_16,33.273,,False,-0.9593344109346135,0.49041430944331305,False
test_0020,11,17,mV_17,27.107,,False,-0.042988415904025266,1.0841056997581542,False
test_0020,11,18,mV_18,20.953,,False,3.2911115562899522,1.982922722497662,False
test_0020,11,19,mV_19,23.427,,False,1.3064793615067187,1.9434815615008723,False
test_0020,11,20,mV_20,26.302,,False,1.8698559667000985,1.2615478237267288,False
test_0020,12,0,mV_0,41.231,,False,0.3489370904524775,0.2555594238387725,False
test_0020,12,1,mV_1,40.04,,False,0.324363514450135,0.6805438128008259,False
test_0020,12,2,mV_2,34.158,,False,1.7245111318505557,1.0242328194682733,False
test_0020,12,3,mV_3,27.451,,False,-0.3235454997218467,0.6571280998869689,False
test_0020,12,4,mV_4,36.01,,False,-0.25691026825362623,0.2565326772045553,False
test_0020,12,5,mV_5,44.635,,False,-0.1887646725891221,0.2835489404990027,False
test_0020,12,6,mV_6,53.754,,False,0.49975614856414047,0.47497626420426814,False
test_0020,12,7,mV_7,58.755,,False,0.7116280870996696,0.5846840467737415,False
test_0020,12,8,mV_8,60.183,,False,0.4157238643314864,0.46830686053832793,False
test_0020,12,9,mV_9,61.047,,False,0.3301516263906695,0.3902083105739508,False
test_0020,12,10,mV_10,60.523,,False,0.48480612518297783,0.4853967481529615,False
test_0020,12,11,mV_11,59.742,,False,0.6418231158552209,0.6668654494175732,False
test_0020,12,12,mV_12,58.242,,False,0.8990094407768732,0.8894930514513927,False
test_0020,12,13,mV_13,54.039,,False,1.1181302083966034,1.1079091154021934,False
test_0020,12,14,mV_14,49.771,,False,1.2963666040386936,1.05491114246924,False
test_0020,12,15,mV_15,42.51,,False,0.5087811534029688,0.7059887000505687,False
test_0020,12,16,mV_16,36.056,,False,0.510025889357643,0.4240025262695878,False
test_0020,12,17,mV_17,26.86,,False,-0.16717717296009615,0.2238117865936439,False
test_0020,12,18,mV_18,13.496,,False,-0.05086691109674027,0.39985332880424895,False
test_0020,12,19,mV_19,23.479,,False,1.3305023200634192,0.7615136012027411,False
test_0020,12,20,mV_20,23.168,,False,0.334182853587386,0.4997170068095478,False
test_0021,1,0,mV_0,38.715,,False,0.2634666535074455,0.34650831096463414,False
test_0021,1,1,mV_1,33.32,,False,-0.8590999368436455,0.8084117458702134,False
test_0021,1,2,mV_2,26.54,,False,-1.2519804562861168,0.8775265570647793,False
test_0021,1,3,mV_3,28.575,,False,-0.14704537884323854,0.39158306903442675,False
test_0021,1,4,mV_4,38.26,,False,0.020261062165113076,0.061141000259535706,False
test_0021,1,5,mV_5,46.858,,False,-0.05699649786467815,0.07980564577799738,False
test_0021,1,6,mV_6,52.854,,False,-0.18496852521752016,0.11218140148362574,False
test_0021,1,7,mV_7,57.138,,False,-0.021792057634784468,0.13052614841702379,False
test_0021,1,8,mV_8,58.338,,False,-0.293551953181006,0.26088360110047676,False
test_0021,1,9,mV_9,57.807,,False,-0.4346384404051105,0.3543456454785719,False
test_0021,1,10,mV_10,55.976,,False,-0.2545537479230607,0.5782479689616387,False
test_0021,1,11,mV_11,49.543,,False,-1.369245939595323,1.100555707286644,False
test_0021,1,12,mV_12,41.388,,False,-1.4091772020328697,1.3277724886990743,False
test_0021,1,13,mV_13,34.845,,False,-1.123489611135235,1.062438662348993,False
test_0021,1,14,mV_14,31.011,,False,-0.5935982250926325,0.5985869168625186,False
test_0021,1,15,mV_15,28.82,,False,-0.0836616061295742,0.22157900031166206,False
test_0021,1,16,mV_16,29.138,,False,0.1253945638948674,0.09347990759814885,False
test_0021,1,17,mV_17,32.119,,False,-0.03946889647328643,0.12855989322665015,False
test_0021,1,18,mV_18,36.034,,False,-0.30990721606516036,0.2917498295250077,False
test_0021,1,19,mV_19,36.538,,False,-0.5077159894964237,0.4600221476257742,False
test_0021,1,20,mV_20,35.513,,False,-0.5147493954450889,0.3843036950966504,False
test_0021,2,0,mV_0,32.728,,False,-2.150266865312866,2.343348436511543,False
test_0021,2,1,mV_1,21.953,,False,-5.072860015420441,3.0930850706275788,False
test_0021,2,2,mV_2,29.273,,False,-0.07635338635656619,1.5021858156018364,False
test_0021,2,3,mV_3,30.612,,False,0.7831764742737726,0.5415630453126551,False
test_0021,2,4,mV_4,39.502,,False,0.5235458463465091,0.5224367846503967,False
test_0021,2,5,mV_5,47.677,,False,0.259478971634796,0.2787248143694687,False
test_0021,2,6,mV_6,53.151,,False,-0.07239546786177366,0.3567698116477278,False
test_0021,2,7,mV_7,54.313,,False,-1.022809339232568,1.4492713760138956,False
test_0021,2,8,mV_8,48.362,,False,-3.6790713577286724,4.410138370807071,False
test_0021,2,9,mV_9,31.371,,False,-9.259601428538371,6.235742128701171,False
test_0021,2,10,mV_10,48.631,,False,-2.7446942999992654,3.9256164896014143,False
test_0021,2,11,mV_11,56.191,,False,0.9534759298687545,2.1345483809485,False
test_0021,2,12,mV_12,55.552,,False,3.886547364057225,3.5346933596023957,False
test_0021,2,13,mV_13,51.308,,False,5.4122027804263775,5.588737437136311,True
test_0021,2,14,mV_14,48.781,,False,7.643996823635263,7.548018982558023,True
test_0021,2,15,mV_15,48.163,,False,9.491879502535193,9.346916341276852,True
test_0021,2,16,mV_16,49.28,,False,10.759909536401763,9.890341363834638,True
test_0021,2,17,mV_17,49.202,,False,8.549666879999831,8.483815553602671,True
test_0021,2,18,mV_18,50.283,,False,6.0760189180092645,6.291916276925865,True
test_0021,2,19,mV_19,47.304,,False,4.4659603916850985,4.69701924499292,False
test_0021,2,20,mV_20,44.278,,False,3.78013727859222,3.0065587372173845,False
test_0021,3,0,mV_0,39.749,,False,0.6803366148336855,0.6117532443014494,False
test_0021,3,1,mV_1,38.568,,False,1.0863397475384267,0.9514013149235723,False
test_0021,3,2,mV_2,31.665,,False,0.9525891497837502,0.8438928375584416,False
test_0021,3,3,mV_3,29.738,,False,0.38405330312783886,0.5162834532115856,False
test_0021,3,4,mV_4,39.06,,False,0.3444380568069146,0.46979708773567713,False
test_0021,3,5,mV_5,49.092,,False,0.8062589342010404,0.7740829294599672,False
test_0021,3,6,mV_6,56.348,,False,1.1393757926308732,1.1330805136432323,False
test_0021,3,7,mV_7,61.284,,False,1.447311535110142,1.3582168113810307,False
test_0021,3,8,mV_8,63.325,,False,1.3988683826729658,1.4255471734950294,False
test_0021,3,9,mV_9,63.474,,False,1.4571403935240443,1.474960405426553,False
test_0021,3,10,mV_10,61.407,,False,1.5866924519851582,1.1873291822112026,False
test_0021,3,11,mV_11,53.802,,False,0.11879143135045031,0.48897081693866573,False
test_0021,3,12,mV_12,44.805,,False,-0.13160795306860404,0.11108380159348986,False
test_0021,3,13,mV_13,37.518,,False,-0.0623278688863011,0.11360970272340207,False
test_0021,3,14,mV_14,32.719,,False,0.19817512005240198,0.2584783827545287,False
test_0021,3,15,mV_15,30.151,,False,0.57523542202701,0.6992877921271996,False
test_0021,3,16,mV_16,31.644,,False,1.4485052044023763,1.31749151930104,False
test_0021,3,17,mV_17,35.773,,False,1.797720246372397,1.6623756511680057,False
test_0021,3,18,mV_18,40.308,,False,1.6055569075248526,1.435268079357307,False
test_0021,3,19,mV_19,39.222,,False,0.7322382560071258,0.9870914799050806,False
test_0021,3,20,mV_20,38.356,,False,0.8783325000812181,0.6222258140423905,False
test_0021,4,0,mV_0,40.971,,False,1.1730011145828765,0.6170370652946724,False
test_0021,4,1,mV_1,35.967,,False,0.12214603201293683,0.36588384258645634,False
test_0021,4,2,mV_2,29.558,,False,0.04624219173707533,0.053657603871771875,False
test_0021,4,3,mV_3,,31.824386634835207,True,,,False
test_0021,4,4,mV_4,42.305,,False,1.6593809913227142,1.2437845432833028,False
test_0021,4,5,mV_5,51.292,,False,1.6563761904877825,1.697684461923782,False
test_0021,4,6,mV_6,58.14,,False,1.81860447539685,1.8542454941676918,False
test_0021,4,7,mV_7,63.192,,False,2.123396835389284,2.0046978147259016,True
test_0021,4,8,mV_8,64.959,,False,1.9533931127281872,2.00644526535384,True
test_0021,4,9,mV_9,65.087,,False,1.995598000569702,1.9563888733965484,False
test_0021,4,10,mV_10,62.275,,False,1.8809663797186025,1.5669961320627612,False
test_0021,4,11,mV_11,54.923,,False,0.5104537682441379,0.8223050127016301,False
test_0021,4,12,mV_12,46.193,,False,0.3873461345996422,0.4079301869687231,False
test_0021,4,13,mV_13,38.548,,False,0.34657471043147003,0.37263025944245814,False
test_0021,4,14,mV_14,33.176,,False,0.4100254823072505,0.49189973047399316,False
test_0021,4,15,mV_15,30.607,,False,0.8009732468500017,0.9641150034404596,False
test_0021,4,16,mV_16,32.394,,False,1.8444880377545845,1.639416746979562,False
test_0021,4,17,mV_17,36.31,,False,2.0677176655590768,1.9119438590607347,False
test_0021,4,18,mV_18,40.447,,False,1.6678520673702006,1.5712198968353739,False
test_0021,4,19,mV_19,39.545,,False,0.8814577870420175,1.1267654579825817,False
test_0021,4,20,mV_20,38.76,,False,1.0762941904760908,0.7585115419985498,False
test_0021,5,0,mV_0,37.244,,False,-0.32958529340831966,0.3681685702643952,False
test_0021,5,1,mV_1,33.443,,False,-0.8135036942409416,0.8002075648899698,False
test_0021,5,2,mV_2,26.558,,False,-1.2442375776696761,1.1389936334381898,False
test_0021,5,3,mV_3,26.151,,False,-1.2539956841724655,1.2812796295806568,False
test_0021,5,4,mV_4,34.822,,False,-1.37288957230802,1.3337596366401754,False
test_0021,5,5,mV_5,43.55,,False,-1.335263717772196,1.2972143355734238,False
test_0021,5,6,mV_6,50.32,,False,-1.1454403344412831,1.0787907961386367,False
test_0021,5,7,mV_7,55.255,,False,-0.6890187978997844,0.8154848149653782,False
test_0021,5,8,mV_8,57.027,,False,-0.7384613296206604,0.7581369371139377,False
test_0021,5,9,mV_9,56.513,,False,-0.8666062913146457,0.7643638353760798,False
test_0021,5,10,mV_10,54.999,,False,-0.5857814292543669,0.9032135970856052,False
test_0021,5,11,mV_11,48.955,,False,-1.5746852385190415,1.2418702303473457,False
test_0021,5,12,mV_12,41.861,,False,-1.232329015096933,1.1858028737632773,False
test_0021,5,13,mV_13,35.902,,False,-0.7038682263402013,0.7469932251895546,False
test_0021,5,14,mV_14,31.541,,False,-0.34790743298088267,0.398187084304092,False
test_0021,5,15,mV_15,28.599,,False,-0.19306524491440152,0.3027663106803279,False
test_0021,5,16,mV_16,27.997,,False,-0.4770273199116258,0.5428878583319281,False
test_0021,5,17,mV_17,30.16,,False,-1.0244315485900595,0.9716870878527837,False
test_0021,5,18,mV_18,33.689,,False,-1.3608579343193898,1.2511452154055394,False
test_0021,5,19,mV_19,34.913,,False,-1.2584334443933185,1.3365055902246754,False
test_0021,5,20,mV_20,33.567,,False,-1.468297537792675,1.0487571299946672,False
test_0021,6,0,mV_0,36.163,,False,-0.7654038893402995,0.4719945864337801,False
test_0021,6,1,mV_1,36.601,,False,0.35717056705452144,0.38257220360444355,False
test_0021,6,2,mV_2,29.568,,False,0.05054379096843178,0.5240767840729222,False
test_0021,6,3,mV_3,25.31,,False,-1.638048987300304,1.3509514646840923,False
test_0021,6,4,mV_4,33.084,,False,-2.07716409316733,1.790797812349333,False
test_0021,6,5,mV_5,43.458,,False,-1.3708140757623684,1.38265445992225,False
test_0021,6,6,mV_6,51.464,,False,-0.7118255949969328,0.7480913741180288,False
test_0021,6,7,mV_7,56.641,,False,-0.1979002307158815,0.2852209913938036,False
test_0021,6,8,mV_8,59.105,,False,-0.033257909146518536,0.09831799804262342,False
test_0021,6,9,mV_9,59.495,,False,0.1288559431615751,0.07274244886741718,False
test_0021,6,10,mV_10,,56.451680117562816,True,,,False
test_0021,6,11,mV_11,53.248,,False,-0.07476872443822344,0.048227062898059656,False
test_0021,6,12,mV_12,45.273,,False,0.04337080271579173,0.059929477643568346,False
test_0021,6,13,mV_13,37.478,,False,-0.0782075807044665,0.13518497103032803,False
test_0021,6,14,mV_14,31.556,,False,-0.3409539199965874,0.3176251804992488,False
test_0021,6,15,mV_15,27.958,,False,-0.5103853012993538,0.4983622840174624,False
test_0021,6,16,mV_16,27.704,,False,-0.6317246134745546,0.6084361053779994,False
test_0021,6,17,mV_17,30.885,,False,-0.6599098932635348,0.6332601465819482,False
test_0021,6,18,mV_18,35.428,,False,-0.5814961863261688,0.6145311819379264,False
test_0021,6,19,mV_19,36.262,,False,-0.6352224618358331,0.6869784401770749,False
test_0021,6,20,mV_20,34.735,,False,-0.8959726507104646,0.6067919408141906,False
test_0021,7,0,mV_0,39.631,,False,0.6327634471001293,0.39927977031453493,False
test_0021,7,1,mV_1,36.532,,False,0.3315921870578811,0.34006418243116554,False
test_0021,7,2,mV_2,29.6,,False,0.06430890850877051,0.14724721905751498,False
test_0021,7,3,mV_3,29.179,,False,0.12877887215463782,0.10964259272227345,False
test_0021,7,4,mV_4,37.922,,False,-0.11670371807104765,0.101994178763953,False
test_0021,7,5,mV_5,46.887,,False,-0.045790406759078854,0.12768838859585746,False
test_0021,7,6,mV_6,54.14,,False,0.3024690227942245,0.3716112510203665,False
test_0021,7,7,mV_7,59.558,,False,0.8357165517339383,0.6744426749571697,False
test_0021,7,8,mV_8,61.336,,False,0.723868573566578,0.7386932833294224,False
test_0021,7,9,mV_9,61.12,,False,0.6713194344505955,0.7765032802486643,False
test_0021,7,10,mV_10,59.793,,False,1.0395056785268886,0.7004226540588254,False
test_0021,7,11,mV_11,53.315,,False,-0.05135982473092898,0.3270577035614341,False
test_0021,7,12,mV_12,45.601,,False,0.16600548625698971,0.21097060999292955,False
test_0021,7,13,mV_13,38.835,,False,0.46051164272680983,0.37495891480289434,False
test_0021,7,14,mV_14,33.182,,False,0.41280688750096817,0.32858566145790535,False
test_0021,7,15,mV_15,28.932,,False,-0.02821722810287528,0.17492583817942595,False
test_0021,7,16,mV_16,28.464,,False,-0.23046200901098504,0.12385652556279103,False
test_0021,7,17,mV_17,32.185,,False,-0.0062848561263187655,0.12882323536275447,False
test_0021,7,18,mV_18,37.333,,False,0.27226122018739535,0.23379365835208024,False
test_0021,7,19,mV_19,38.469,,False,0.3843673369072115,0.3633336037401122,False
test_0021,7,20,mV_20,37.405,,False,0.41233852095863055,0.30226109470611817,False
test_0021,8,0,mV_0,35.915,,False,-0.865388174068449,0.47694653793420755,False
test_0021,8,1,mV_1,35.16,,False,-0.1770098035999322,0.443524750537912,False
test_0021,8,2,mV_2,28.161,,False,-0.5546912208833346,0.8000663709161955,False
test_0021,8,3,mV_3,24.706,,False,-1.9138732382981805,1.7058726167831118,False
test_0021,8,4,mV_4,32.186,,False,-2.4410527696527513,2.2439874786442897,True
test_0021,8,5,mV_5,41.364,,False,-2.179971136973476,2.181527008635472,True
test_0021,8,6,mV_6,48.263,,False,-1.925112990942184,1.8501540882613134,False
test_0021,8,7,mV_7,53.332,,False,-1.37041923418741,1.4206733133062155,False
test_0021,8,8,mV_8,56.207,,False,-1.0167417939078585,1.0231452720437433,False
test_0021,8,9,mV_9,57.046,,False,-0.6886782661718466,0.6467373691060126,False
test_0021,8,10,mV_10,56.158,,False,-0.19285115017249907,0.5641761737541517,False
test_0021,8,11,mV_11,50.078,,False,-1.1823241284997623,0.9339037297185544,False
test_0021,8,12,mV_12,42.006,,False,-1.178115511702194,1.1643202123734837,False
test_0021,8,13,mV_13,34.857,,False,-1.118725697589785,1.1093753829517388,False
test_0021,8,14,mV_14,30.087,,False,-1.0219346249251915,0.9938622831096872,False
test_0021,8,15,mV_15,27.347,,False,-0.8128541849985806,0.7706080364857689,False
test_0021,8,16,mV_16,28.077,,False,-0.43478915102072274,0.5231141251802756,False
test_0021,8,17,mV_17,31.382,,False,-0.4100240136810762,0.4869817131223887,False
test_0021,8,18,mV_18,35.179,,False,-0.6930896741066798,0.8073163089490195,False
test_0021,8,19,mV_19,34.535,,False,-1.4330618739016423,1.1865621395007482,False
test_0021,8,20,mV_20,34.141,,False,-1.1870351360930282,0.9517830365219246,False
test_0022,1,0,mV_0,34.216,,False,-0.7021073865083639,0.5984040418448714,False
test_0022,1,1,mV_1,28.359,,False,-0.9894013943627579,0.7192120050555346,False
test_0022,1,2,mV_2,26.837,,False,-0.1959378449882587,0.3581629086002416,False
test_0022,1,3,mV_3,34.935,,False,0.051374550061691004,0.1365186285369158,False
test_0022,1,4,mV_4,38.901,,False,-0.2473875690360224,0.13653742203343394,False
test_0022,1,5,mV_5,,42.411271305958216,True,,,False
test_0022,1,6,mV_6,46.327,,False,-0.2892028375839502,0.21985488611209203,False
test_0022,1,7,mV_7,49.724,,False,-0.30101386928046764,0.3863822584099156,False
test_0022,1,8,mV_8,51.011,,False,-0.6542984574947769,0.5688138040106298,False
test_0022,1,9,mV_9,51.332,,False,-0.6656444317724978,0.6994729624170091,False
test_0022,1,10,mV_10,49.475,,False,-0.8123045286282641,0.7964328123684338,False
test_0022,1,11,mV_11,46.641,,False,-0.8954777604447091,0.9349218116351188,False
test_0022,1,12,mV_12,42.983,,False,-1.1364271970227928,1.1066502049205529,False
test_0022,1,13,mV_13,39.528,,False,-1.2582686651919168,1.3153859661100384,False
test_0022,1,14,mV_14,36.124,,False,-1.608579337033527,1.6133390053631333,False
test_0022,1,15,mV_15,31.106,,False,-1.9779286821935622,1.8929514194901946,False
test_0022,1,16,mV_16,24.766,,False,-2.007368976540126,2.0823440357598404,True
test_0022,1,17,mV_17,19.878,,False,-2.336709507765546,1.7057142024620042,False
test_0022,1,18,mV_18,10.094,,False,-0.14206881777679867,0.6552117858297858,False
test_0022,1,19,mV_19,,21.08728170927025,True,,,False
test_0022,1,20,mV_20,21.106,,False,-2.1957087491570078,1.0978543745785039,False
test_0022,2,0,mV_0,31.257,,False,-1.8950650417930306,1.16911913891088,False
test_0022,2,1,mV_1,28.637,,False,-0.8863464720574581,1.6034209638109864,False
test_0022,2,2,mV_2,20.909,,False,-2.7459258693359994,2.183587310556348,False
test_0022,2,3,mV_3,29.663,,False,-2.356151031495936,2.4102380398438603,False
test_0022,2,4,mV_4,34.125,,False,-2.1827242270475686,2.1623714978242408,False
test_0022,2,5,mV_5,38.168,,False,-1.9278865057058887,2.019140580155106,False
test_0022,2,6,mV_6,41.713,,False,-2.0380650821610775,1.9599218690395175,False
test_0022,2,7,mV_7,45.393,,False,-1.835670806130026,1.9153605853674667,False
test_0022,2,8,mV_8,47.187,,False,-1.9520356470487363,1.9461865016163427,False
test_0022,2,9,mV_9,47.2,,False,-2.0450039062378713,2.035491483654436,True
test_0022,2,10,mV_10,45.677,,False,-2.0999224750932655,2.113767063167087,True
test_0022,2,11,mV_11,42.878,,False,-2.2102193962439443,2.2349915017557094,True
test_0022,2,12,mV_12,39.551,,False,-2.4196047394416835,2.3796313916135934,True
test_0022,2,13,mV_13,36.478,,False,-2.4690966913270618,2.48264948157122,True
test_0022,2,14,mV_14,34.044,,False,-2.572799804189074,2.4506303889642487,True
test_0022,2,15,mV_15,30.682,,False,-2.1878252561517844,2.2184957102016614,True
test_0022,2,16,mV_16,24.921,,False,-1.9255325243140027,1.9846691536609031,False
test_0022,2,17,mV_17,20.747,,False,-1.899786309863823,1.842693240960256,False
test_0022,2,18,mV_18,6.739,,False,-1.6456678197993755,1.8717906028791151,False
test_0022,2,19,mV_19,17.257,,False,-2.2960404620538863,2.115714436028225,False
test_0022,2,20,mV_20,21.046,,False,-2.2251090002057525,1.6865646156163479,False
test_0022,3,0,mV_0,31.882,,False,-1.6430885177805545,0.8782615362741295,False
test_0022,3,1,mV_1,31.64,,False,0.2268691095354089,1.102933090801379,False
test_0022,3,2,mV_2,21.911,,False,-2.3149056263541437,1.522816970764881,False
test_0022,3,3,mV_3,32.119,,False,-1.2345875208158281,1.3977696935055572,False
test_0022,3,4,mV_4,37.52,,False,-0.8069981060364295,0.8702035641566617,False
test_0022,3,5,mV_5,41.521,,False,-0.6322305237379595,0.7521077158051923,False
test_0022,3,6,mV_6,44.618,,False,-0.9369717097084207,0.8725899901814301,False
test_0022,3,7,mV_7,47.796,,False,-0.9841860175709195,0.9836605240732577,False
test_0022,3,8,mV_8,49.906,,False,-1.0292983514427707,1.0255847757066312,False
test_0022,3,9,mV_9,50.152,,False,-1.0595563823700633,1.0595943336721716,False
test_0022,3,10,mV_10,48.656,,False,-1.089966218505789,1.060032983806944,False
test_0022,3,11,mV_11,46.34,,False,-1.0006431158461342,0.9666263871857012,False
test_0022,3,12,mV_12,43.949,,False,-0.7752530985447471,0.8152927319013421,False
test_0022,3,13,mV_13,40.909,,False,-0.7100216146697405,0.7067847185976202,False
test_0022,3,14,mV_14,38.231,,False,-0.6318425465062527,0.5821005538315671,False
test_0022,3,15,mV_15,34.385,,False,-0.35469550764402275,0.42862834484191126,False
test_0022,3,16,mV_16,27.861,,False,-0.373279817573347,0.419551233796709,False
test_0022,3,17,mV_17,23.378,,False,-0.5769497923961193,0.5487369156445738,False
test_0022,3,18,mV_18,8.921,,False,-0.6677682602127096,0.8924021183154094,False
test_0022,3,19,mV_19,18.64,,False,-1.657122160440099,1.415069227948007,False
test_0022,3,20,mV_20,22.162,,False,-1.67826433069912,1.2534127054595847,False
test_0022,4,0,mV_0,36.521,,False,0.2271820340496477,0.18402423730542494,False
test_0022,4,1,mV_1,30.268,,False,-0.28173288112240435,0.4982899653549953,False
test_0022,4,2,mV_2,30.088,,False,1.2025120651255248,0.6716892528433634,False
test_0022,4,3,mV_3,,39.047335629269035,True,,,False
test_0022,4,4,mV_4,42.445,,False,1.1887165172271494,0.8796174559858865,False
test_0022,4,5,mV_5,46.11,,False,1.141036789489247,1.1493196843723488,False
test_0022,4,6,mV_6,50.062,,False,1.1264886412837514,1.1089008896298236,False
test_0022,4,7,mV_7,53.513,,False,1.0415894864625443,0.9136442476621235,False
test_0022,4,8,mV_8,54.25,,False,0.4449093764396541,0.5728175434677037,False
test_0022,4,9,mV_9,54.404,,False,0.35986193452896226,0.42270011317229317,False
test_0022,4,10,mV_10,53.423,,False,0.5261672071915943,0.5453863900469268,False
test_0022,4,11,mV_11,51.406,,False,0.7693492112755566,0.6879703944836606,False
test_0022,4,12,mV_12,47.86,,False,0.6870159481919348,0.6910198358379964,False
test_0022,4,13,mV_13,44.261,,False,0.6206982356925596,0.623143526592376,False
test_0022,4,14,mV_14,40.811,,False,0.5641616867924505,0.49795957067225827,False
test_0022,4,15,mV_15,35.592,,False,0.2428166734115727,0.3295018515182064,False
test_0022,4,16,mV_16,29.076,,False,0.26821237245722956,0.21259649741899195,False
test_0022,4,17,mV_17,24.667,,False,0.07114457134993586,0.5710715358277546,False
test_0022,4,18,mV_18,14.592,,False,1.8737846281539172,1.3180257050845396,False
test_0022,4,19,mV_19,25.373,,False,1.453388992680389,1.3330768312156962,False
test_0022,4,20,mV_20,26.713,,False,0.55174471134809,0.6392196038441422,False
test_0022,5,0,mV_0,36.023,,False,0.02640713971650771,0.47509721443524744,False
test_0022,5,1,mV_1,36.012,,False,1.8475745783079742,0.930389074083114,False
test_0022,5,2,mV_2,,29.091019538239603,True,,,False
test_0022,5,3,mV_3,37.302,,False,1.1322950833596603,0.9059762068441792,False
test_0022,5,4,mV_4,42.866,,False,1.3593146606573965,1.338894882423405,False
test_0022,5,5,mV_5,47.051,,False,1.5046551250191673,1.0921562276739327,False
test_0022,5,6,mV_6,,50.00507075306017,True,,,False
test_0022,5,7,mV_7,54.731,,False,1.4731785303514313,1.09165138195679,False
test_0022,5,8,mV_8,57.124,,False,1.4202484671242974,1.4124094649405694,False
test_0022,5,9,mV_9,57.328,,False,1.3359623951622521,1.356135634636519,False
test_0022,5,10,mV_10,55.801,,False,1.3323692810972738,1.335761032904219,False
test_0022,5,11,mV_11,53.046,,False,1.3423431742600762,1.32342254075148,False
test_0022,5,12,mV_12,49.437,,False,1.2766345333884943,1.2167137787789084,False
test_0022,5,13,mV_13,45.144,,False,0.9712428740785691,0.9900911914178641,False
test_0022,5,14,mV_14,41.193,,False,0.7412444841258237,0.8340347548517335,False
test_0022,5,15,mV_15,36.884,,False,0.8824071770767177,0.9287816056953335,False
test_0022,5,16,mV_16,30.858,,False,1.2090675845020755,1.086145661446261,False
test_0022,5,17,mV_17,26.602,,False,1.0440402997041753,0.8503927514523651,False
test_0022,5,18,mV_18,10.644,,False,0.10442282189903428,0.37131546738527466,False
test_0022,5,19,mV_19,22.73,,False,0.2323759260388546,0.20844423335385895,False
test_0022,5,20,mV_20,26.127,,False,0.2646022594386923,0.1903951112290598,False
test_0022,6,0,mV_0,36.642,,False,0.27596468909846394,0.2536411062731663,False
test_0022,6,1,mV_1,29.78,,False,-0.46263504689573715,0.7150366316155793,False
test_0022,6,2,mV_2,31.149,,False,1.658911743572379,1.4766128953150142,False
test_0022,6,3,mV_3,39.478,,False,2.1259930472195614,1.4777244595028756,False
test_0022,6,4,mV_4,,43.67864091566874,True,,,False
test_0022,6,5,mV_5,,47.81047197549231,True,,,False
test_0022,6,6,mV_6,52.62,,False,2.0960572632231305,1.535648067589885,False
test_0022,6,7,mV_7,56.078,,False,1.9504777439132783,1.8914759275184325,False
test_0022,6,8,mV_8,57.562,,False,1.5688909590240432,1.6797470931744738,False
test_0022,6,9,mV_9,58.211,,False,1.6307287107365305,1.6004326178905521,False
test_0022,6,10,mV_10,56.506,,False,1.571382091065105,1.5583074880565209,False
test_0022,6,11,mV_11,53.382,,False,1.4597370593593428,1.407755567277418,False
test_0022,6,12,mV_12,49.072,,False,1.1401660593258807,1.167605448539474,False
test_0022,6,13,mV_13,45.041,,False,0.9303526161467914,0.9487406186064824,False
test_0022,6,14,mV_14,41.307,,False,0.794091182806466,0.7398418227452344,False
test_0022,6,15,mV_15,35.992,,False,0.44083230922121414,0.4903478545934054,False
test_0022,6,16,mV_16,29.109,,False,0.2856356171247274,0.28225046685505256,False
test_0022,6,17,mV_17,24.293,,False,-0.11689832394954126,0.3678345401975286,False
test_0022,6,18,mV_18,12.535,,False,0.9519058957663046,0.823712719732943,False
test_0022,6,19,mV_19,24.985,,False,1.274140763449622,1.1782369446065566,False
test_0022,6,20,mV_20,28.062,,False,1.2127603557606774,0.9249153687427443,False
test_0022,7,0,mV_0,35.728,,False,-0.09252577961738169,0.1917630948620373,False
test_0022,7,1,mV_1,32.598,,False,0.5820008202133858,0.3555885176032303,False
test_0022,7,2,mV_2,27.678,,False,0.1658266503687677,1.0961296807796848,False
test_0022,7,3,mV_3,27.222,,False,-3.470864602167818,2.2981554405290328,False
test_0022,7,4,mV_4,34.366,,False,-2.085065907411727,2.0256076639006326,False
test_0022,7,5,mV_5,41.963,,False,-0.46143423861125954,0.7960462827498249,False
test_0022,7,6,mV_6,46.625,,False,-0.17625074636505378,0.3277252370336509,False
test_0022,7,7,mV_7,49.171,,False,-0.4969652167932366,0.6106164720039506,False
test_0022,7,8,mV_8,49.19,,False,-1.2722847080642756,1.2291555706258976,False
test_0022,7,9,mV_9,47.709,,False,-1.8750876495818025,1.9515491091282007,False
test_0022,7,10,mV_10,43.66,,False,-2.783736429284921,2.896483939085688,False
test_0022,7,11,mV_11,37.345,,False,-4.143375248191107,4.13319445183992,True
test_0022,7,12,mV_12,31.413,,False,-5.462290881692544,5.315310779264651,True
test_0022,7,13,mV_13,27.097,,False,-6.193286105482409,5.907155771300798,True
test_0022,7,14,mV_14,27.126,,False,-5.77975999254583,5.3365118304711965,True
test_0022,7,15,mV_15,27.843,,False,-3.5932412313107185,3.6735778849790752,True
test_0022,7,16,mV_16,25.295,,False,-1.7280690847490336,1.9294591746010286,False
test_0022,7,17,mV_17,25.855,,False,0.6684572975953292,0.766245919984923,False
test_0022,7,18,mV_18,,15.021715701430256,True,,,False
test_0022,7,19,mV_19,30.99,,False,4.0483304967763,2.44544634570744,False
test_0022,7,20,mV_20,29.026,,False,1.685124389277159,1.8546448188326545,False
test_0022,8,0,mV_0,37.315,,False,0.5472930101550961,0.7782634582721166,False
test_0022,8,1,mV_1,36.473,,False,2.0184678127782743,1.3895814454130437,False
test_0022,8,2,mV_2,25.028,,False,-0.9740971459405303,1.0090757903524066,False
test_0022,8,3,mV_3,34.67,,False,-0.06964105675029154,0.3160810431428003,False
test_0022,8,4,mV_4,39.884,,False,0.15094491313008784,0.13923964826162058,False
test_0022,8,5,mV_5,43.637,,False,0.18542771003601513,0.15072839497908955,False
test_0022,8,6,mV_6,46.876,,False,-0.08111324671424003,0.10724394609857422,False
test_0022,8,7,mV_7,50.803,,False,0.08132158092980175,0.14281125093527394,False
test_0022,8,8,mV_8,53.904,,False,0.32748859516725226,0.34973469746356944,False
test_0022,8,9,mV_9,55.311,,False,0.6626400185899713,0.6796660143062534,False
test_0022,8,10,mV_10,55.015,,False,1.0658954248778183,0.9727888222401231,False
test_0022,8,11,mV_11,52.343,,False,1.0967244206148843,1.0329519461331391,False
test_0022,8,12,mV_12,48.356,,False,0.8724635184249692,0.8527844056359488,False
test_0022,8,13,mV_13,44.132,,False,0.5694861650789729,0.6251248987862454,False
test_0022,8,14,mV_14,40.649,,False,0.4890637465620672,0.5838670922951799,False
test_0022,8,15,mV_15,36.693,,False,0.7878547109776123,0.8180642054214897,False
test_0022,8,16,mV_16,30.855,,False,1.2074836531686668,1.0175958892480184,False
test_0022,8,17,mV_17,26.251,,False,0.8675615396771276,0.7850620527202951,False
test_0022,8,18,mV_18,9.97,,False,-0.1976414783582583,0.4046422687554277,False
test_0022,8,19,mV_19,21.457,,False,-0.35572457862806656,0.31902594238488546,False
test_0022,8,20,mV_20,24.838,,False,-0.3670131339251505,0.2724377116195919,False
test_0023,1,0,mV_0,31.062,,False,-0.24008323207908697,0.12004161603954348,False
test_0023,1,1,mV_1,,26.003550183208198,True,,,False
test_0023,1,2,mV_2,30.71,,False,-0.19270847093979698,0.26412068283801926,False
test_0023,1,3,mV_3,38.756,,False,-0.671065789472483,0.6043023267938528,False
test_0023,1,4,mV_4,46.128,,False,-0.882369257290648,0.8418077443326629,False
test_0023,1,5,mV_5,52.244,,False,-0.9314266732768731,0.9001755082438562,False
test_0023,1,6,mV_6,57.169,,False,-0.8554794291310306,0.9147484696904016,False
test_0023,1,7,mV_7,59.202,,False,-1.016608347222672,1.055431855199006,False
test_0023,1,8,mV_8,58.961,,False,-1.33303129721965,1.273143820870751,False
test_0023,1,9,mV_9,57.932,,False,-1.409904341821032,1.3993293414187238,False
test_0023,1,10,mV_10,52.277,,False,-1.4444773848131816,1.3330291086439865,False
test_0023,1,11,mV_11,44.931,,False,-1.0332573231285502,1.1202059164483962,False
test_0023,1,12,mV_12,38.302,,False,-0.9698316347233029,1.0222326354525733,False
test_0023,1,13,mV_13,33.95,,False,-1.116009949235137,0.9908732471849999,False
test_0023,1,14,mV_14,31.253,,False,-0.7616414555464227,0.8376660079935305,False
test_0023,1,15,mV_15,29.361,,False,-0.7113711716461396,0.5460959497096755,False
test_0023,1,16,mV_16,,30.05142037956525,True,,,False
test_0023,1,17,mV_17,33.191,,False,-1.0890398695686208,0.8321308616242473,False
test_0023,1,18,mV_18,37.528,,False,-1.1504437073597475,1.1227641370330672,False
test_0023,1,19,mV_19,37.951,,False,-1.1011292638441534,1.2077612146539294,False
test_0023,1,20,mV_20,36.805,,False,-1.478342623567663,1.01445362774487,False
test_0023,2,0,mV_0,30.999,,False,-0.26548246569954526,0.16281436440379252,False
test_0023,2,1,mV_1,26.561,,False,-0.12029252621607958,0.12651687953292612,False
test_0023,2,2,mV_2,,30.503097963398194,True,,,False
test_0023,2,3,mV_3,40.343,,False,0.05365786339776744,0.033869650801260295,False
test_0023,2,4,mV_4,48.236,,False,-0.028162876409506314,0.08578872213362429,False
test_0023,2,5,mV_5,54.051,,False,-0.2331712723177171,0.213173105430577,False
test_0023,2,6,mV_6,58.481,,False,-0.35818700067736753,0.3443977233889206,False
test_0023,2,7,mV_7,60.863,,False,-0.4280456198832304,0.40190098026609805,False
test_0023,2,8,mV_8,61.73,,False,-0.39332568062056383,0.4394987579076867,False
test_0023,2,9,mV_9,60.528,,False,-0.5432980505063887,0.3699804454083353,False
test_0023,2,10,mV_10,,55.738355457310846,True,,,False
test_0023,2,11,mV_11,46.441,,False,-0.5056836133074363,0.37733860967220084,False
test_0023,2,12,mV_12,39.564,,False,-0.4979872120739309,0.594272588161306,False
test_0023,2,13,mV_13,34.556,,False,-0.8754323151899261,0.7607357563150621,False
test_0023,2,14,mV_14,31.183,,False,-0.7940911828064652,0.7295151412464965,False
test_0023,2,15,mV_15,29.88,,False,-0.4544458841831297,0.43016754609894803,False
test_0023,2,16,mV_16,32.343,,False,0.017687233223067422,0.12245508765731614,False
test_0023,2,17,mV_17,,34.89586840359723,True,,,False
test_0023,2,18,mV_18,40.753,,False,0.29489363437581473,0.180189647720718,False
test_0023,2,19,mV_19,40.051,,False,-0.13097132213124255,0.15035666484889035,False
test_0023,2,20,mV_20,39.731,,False,-0.044590380757261516,0.055038020911441395,False
test_0023,3,0,mV_0,,33.624625815467724,True,,,False
test_0023,3,1,mV_1,27.821,,False,0.34679093459211674,0.3105097364517617,False
test_0023,3,2,mV_2,32.433,,False,0.5484570766228135,0.5415934396763813,False
test_0023,3,3,mV_3,41.808,,False,0.7226686708677815,0.7366680429959042,False
test_0023,3,4,mV_4,50.657,,False,0.9528777536252401,1.0017494850833175,False
test_0023,3,5,mV_5,58.222,,False,1.3785737622150085,1.3224596049167987,False
test_0023,3,6,mV_6,63.594,,False,1.5798131416119383,1.425110779823503,False
test_0023,3,7,mV_7,65.351,,False,1.1622430738551268,1.2222851599407458,False
test_0023,3,8,mV_8,65.791,,False,0.9848413504407914,1.0540045495243462,False
test_0023,3,9,mV_9,65.403,,False,1.0840924233606755,0.9999203838541219,False
test_0023,3,10,mV_10,59.035,,False,0.8466553382543452,0.9328641364803179,False
test_0023,3,11,mV_11,50.619,,False,0.9540534460519056,0.8603116489754162,False
test_0023,3,12,mV_12,42.732,,False,0.6864843655435083,0.5897788480892937,False
test_0023,3,13,mV_13,36.842,,False,0.032093215218252785,0.25894120708402535,False
test_0023,3,14,mV_14,33.511,,False,0.28509403235608755,0.36529352506368773,False
test_0023,3,15,mV_15,32.533,,False,0.8588928203243229,0.8979566972423403,False
test_0023,3,16,mV_16,35.319,,False,1.5889471159646278,1.5313426100380094,False
test_0023,3,17,mV_17,39.511,,False,2.0885833878984585,1.808464891094182,False
test_0023,3,18,mV_18,43.37,,False,1.4677456726151827,1.530608029284878,False
test_0023,3,19,mV_19,42.712,,False,1.098357384010688,1.3244110965985676,False
test_0023,3,20,mV_20,43.155,,False,1.6331839457577118,1.0911813188815278,False
test_0023,4,0,mV_0,29.717,,False,-0.7823367117539364,0.5527477237180576,False
test_0023,4,1,mV_1,25.142,,False,-0.6463174713643575,0.5739101301065654,False
test_0023,4,2,mV_2,30.645,,False,-0.2206688659436104,0.3402419523949428,False
test_0023,4,3,mV_3,39.627,,False,-0.27331260632819304,0.40208269226845406,False
test_0023,4,4,mV_4,46.23,,False,-0.8410366904738197,0.8400433513826375,False
test_0023,4,5,mV_5,51.019,,False,-1.404787418254718,1.2665757514627387,False
test_0023,4,6,mV_6,55.691,,False,-1.4156914788676989,1.3819371065129207,False
test_0023,4,7,mV_7,58.426,,False,-1.2915780500615668,1.3335636102873798,False
test_0023,4,8,mV_8,58.954,,False,-1.3354068621586863,1.3595148456321373,False
test_0023,4,9,mV_9,57.735,,False,-1.4756676081496096,1.4758610741382183,False
test_0023,4,10,mV_10,51.769,,False,-1.6167022180949675,1.4960262172306344,False
test_0023,4,11,mV_11,44.239,,False,-1.2750328245829938,1.3649093012427078,False
test_0023,4,12,mV_12,37.438,,False,-1.2928693377098763,0.9651928750006866,False
test_0023,4,13,mV_13,,33.548559686454944,True,,,False
test_0023,4,14,mV_14,29.957,,False,-1.3624249773894925,0.9961811094044584,False
test_0023,4,15,mV_15,28.253,,False,-1.2598744828388482,1.2600729340861532,False
test_0023,4,16,mV_16,30.116,,False,-1.158117793277424,1.0614560845535723,False
test_0023,4,17,mV_17,34.025,,False,-0.6697142688205934,0.8257254356830481,False
test_0023,4,18,mV_18,38.298,,False,-0.8053554118135818,0.5701062731119393,False
test_0023,4,19,mV_19,,37.66667067897211,True,,,False
test_0023,4,20,mV_20,35.534,,False,-2.101137941616884,1.050568970808442,False
test_0023,5,0,mV_0,31.672,,False,0.005845855357089487,0.02224572561078878,False
test_0023,5,1,mV_1,26.677,,False,-0.07729119172897615,0.06258370934383085,False
test_0023,5,2,mV_2,31.367,,False,0.08990659856028164,0.0822571897339769,False
test_0023,5,3,mV_3,40.068,,False,-0.07192437008636815,0.07550877955736142,False
test_0023,5,4,mV_4,48.137,,False,-0.06827977949642772,0.08162573871588916,False
test_0023,5,5,mV_5,54.349,,False,-0.11801902578433303,0.13151316025205634,False
test_0023,5,6,mV_6,58.841,,False,-0.22173480994313158,0.22009920154490642,False
test_0023,5,7,mV_7,61.171,,False,-0.31890816050902954,0.33298729685242523,False
test_0023,5,8,mV_8,61.497,,False,-0.4723980564485103,0.48413147861197725,False
test_0023,5,9,mV_9,60.14,,False,-0.6728216410418587,0.652049991744893,False
test_0023,5,10,mV_10,54.207,,False,-0.7901586284473441,0.6271654330706127,False
test_0023,5,11,mV_11,47.157,,False,-0.255522834345904,0.35623284816856005,False
test_0023,5,12,mV_12,40.565,,False,-0.12372709553508797,0.2384067623675174,False
test_0023,5,13,mV_13,35.626,,False,-0.4506500240539897,0.30562672809925995,False
test_0023,5,14,mV_14,32.47,,False,-0.19747976875397255,0.2368969035009754,False
test_0023,5,15,mV_15,30.592,,False,-0.10197805244196682,0.23123129483238103,False
test_0023,5,16,mV_16,31.318,,False,-0.5234893056916179,0.4809384317694636,False
test_0023,5,17,mV_17,33.816,,False,-0.7747970632526516,0.782465079119963,False
test_0023,5,18,mV_18,37.737,,False,-1.0567768842829306,0.8545027174991342,False
test_0023,5,19,mV_19,39.188,,False,-0.5296600381780242,0.5551169629655046,False
test_0023,5,20,mV_20,39.609,,False,-0.10437089122303979,0.18460045515602594,False
test_0023,6,0,mV_0,32.892,,False,0.4977040302294439,0.26400442500403526,False
test_0023,6,1,mV_1,27.049,,False,0.060609639557253216,0.35830321730366654,False
test_0023,6,2,mV_2,29.265,,False,-0.8142895598707157,0.6642713206152338,False
test_0023,6,3,mV_3,38.106,,False,-0.9678965231622505,0.8189642923449709,False
test_0023,6,4,mV_4,47.008,,False,-0.525774563184667,0.5394861932134334,False
test_0023,6,5,mV_5,54.296,,False,-0.13849912332214942,0.28531251240562633,False
test_0023,6,6,mV_6,60.319,,False,0.33847723979353955,0.37740259140430366,False
test_0023,6,7,mV_7,64.03,,False,0.6941567627079862,0.597223662590282,False
test_0023,6,8,mV_8,64.84,,False,0.6621038851516163,0.6877351535041513,False
test_0023,6,9,mV_9,64.35,,False,0.7325760810053863,0.7092362948552462,False
test_0023,6,10,mV_10,58.631,,False,0.7096891322585963,0.8134495769092389,False
test_0023,6,11,mV_11,51.042,,False,1.1018439621143767,1.0156831437882061,False
test_0023,6,12,mV_12,43.97,,False,1.149355518665475,1.0254945169498175,False
test_0023,6,13,mV_13,38.528,,False,0.7014230683539433,0.7649520258067202,False
test_0023,6,14,mV_14,33.991,,False,0.5076064478535193,0.4316341864628662,False
test_0023,6,15,mV_15,30.778,,False,-0.009900781790483131,0.1318520028586214,False
test_0023,6,16,mV_16,,32.3619138040879,True,,,False
test_0023,6,17,mV_17,35.208,,False,-0.07491548502572729,0.05325561578299623,False
test_0023,6,18,mV_18,40.236,,False,0.06319149308053036,0.22016000509298672,False
test_0023,6,19,mV_19,41.805,,False,0.6793415491851589,0.5524503298892947,False
test_0023,6,20,mV_20,41.43,,False,0.7879267281063305,0.5637987513494549,False
test_0023,7,0,mV_0,31.877,,False,0.0884941552331812,0.14855311633477006,False
test_0023,7,1,mV_1,25.76,,False,-0.41722415487271786,0.23073561624465422,False
test_0023,7,2,mV_2,,30.923985239792117,True,,,False
test_0023,7,3,mV_3,39.978,,False,-0.1130240101357184,0.09688217143184617,False
test_0023,7,4,mV_4,48.704,,False,0.16148066545594789,0.1247989644065569,False
test_0023,7,5,mV_5,54.818,,False,0.06321051657861343,0.13442125360736354,False
test_0023,7,6,mV_6,58.767,,False,-0.2497833158162794,0.31370196412894114,False
test_0023,7,7,mV_7,60.118,,False,-0.6920307083045922,0.600966784773333,False
test_0023,7,8,mV_8,60.62,,False,-0.770022406667868,0.7577706290870467,False
test_0023,7,9,mV_9,59.762,,False,-0.7990069947078587,0.796753042958004,False
test_0023,7,10,mV_10,54.122,,False,-0.8189757757484305,0.691463139684416,False
test_0023,7,11,mV_11,46.947,,False,-0.3288940125329442,0.44199798188190775,False
test_0023,7,12,mV_12,40.117,,False,-0.29122812671331216,0.43190766365670674,False
test_0023,7,13,mV_13,34.705,,False,-0.8162803886672584,0.4809472260119572,False
test_0023,7,14,mV_14,,32.40890381415936,True,,,False
test_0023,7,15,mV_15,29.308,,False,-0.7376082433909174,0.4141441561142863,False
test_0023,7,16,mV_16,31.966,,False,-0.1813601376753104,0.39348881910524175,False
test_0023,7,17,mV_17,36.299,,False,0.47362675767942886,0.28461832965530026,False
test_0023,7,18,mV_18,40.117,,False,0.009859665587032792,0.2356554029652551,False
test_0023,7,19,mV_19,39.362,,False,-0.449275523007526,0.2415578013328204,False
test_0023,7,20,mV_20,39.704,,False,-0.05782049372919681,0.1412291276164799,False
test_0023,8,0,mV_0,32.643,,False,0.39731658306287243,0.24448622235874803,False
test_0023,8,1,mV_1,27.38,,False,0.1833117233092473,0.42424001939684797,False
test_0023,8,2,mV_2,33.327,,False,0.9330200479060249,0.8837759517263474,False
test_0023,8,3,mV_3,43.479,,False,1.4857519877840923,1.3034991178013575,False
test_0023,8,4,mV_4,51.537,,False,1.3094724477312207,1.2711220922190312,False
test_0023,8,5,mV_5,57.19,,False,0.9797914856295906,1.0537809853536104,False
test_0023,8,6,mV_6,61.922,,False,0.9460685224240395,0.9435210705794141,False
test_0023,8,7,mV_7,64.617,,False,0.9021557518399874,0.8863788869604261,False
test_0023,8,8,mV_8,65.232,,False,0.7951355217376899,0.7117786156741628,False
test_0023,8,9,mV_9,63.218,,False,0.354687667381284,0.37991443379489204,False
test_0023,8,10,mV_10,56.493,,False,-0.015146878679310196,0.0962453561849761,False
test_0023,8,11,mV_11,,47.732694113370975,True,,,False
test_0023,8,12,mV_12,42.144,,False,0.46663926212208917,0.26853694135421685,False
test_0023,8,13,mV_13,37.116,,False,0.14086924117268912,0.24399735070501255,False
test_0023,8,14,mV_14,33.387,,False,0.22761165835258276,0.20694271294378366,False
test_0023,8,15,mV_15,31.266,,False,0.23167829389728,0.2806473836252627,False
test_0023,8,16,mV_16,33.127,,False,0.43162128835390806,0.5703754268135488,False
test_0023,8,17,mV_17,37.717,,False,1.186580836649099,0.8756445963108771,False
test_0023,8,18,mV_18,41.652,,False,0.6977954235914021,0.6901817357760753,False
test_0023,8,19,mV_19,40.721,,False,0.17855525927239824,0.36638236211257913,False
test_0023,8,20,mV_20,40.66,,False,0.41062350631411804,0.24995056797515858,False
test_0023,9,0,mV_0,31.368,,False,-0.11671552592257951,0.10863410770106077,False
test_0023,9,1,mV_1,27.428,,False,0.20110537895908404,0.3285722017733743,False
test_0023,9,2,mV_2,29.309,,False,-0.7953625232527498,0.7226972835293867,False
test_0023,9,3,mV_3,37.819,,False,-1.098958708652963,0.9728632065845281,False
test_0023,9,4,mV_4,46.089,,False,-0.8981728857794363,0.9638315016636791,False
test_0023,9,5,mV_5,52.17,,False,-0.9600215264428809,0.9752789214216551,False
test_0023,9,6,mV_6,56.569,,False,-1.082899747021422,1.0302036203184741,False
test_0023,9,7,mV_7,59.263,,False,-0.9949934607881713,0.9912702466040274,False
test_0023,9,8,mV_8,60.26,,False,-0.892194317818345,0.9104538979131666,False
test_0023,9,9,mV_9,59.572,,False,-0.8624334952278049,0.9020654793260429,False
test_0023,9,10,mV_10,53.614,,False,-0.9912006090302167,0.8667160130016394,False
test_0023,9,11,mV_11,46.108,,False,-0.6220293387183192,0.7407031609875565,False
test_0023,9,12,mV_12,38.95,,False,-0.7275533574833708,0.8372910428834193,False
test_0023,9,13,mV_13,33.557,,False,-1.2720281178486166,0.817902398295151,False
test_0023,9,14,mV_14,,30.95504980380167,True,,,False
test_0023,9,15,mV_15,,29.15641772805659,True,,,False
test_0023,9,16,mV_16,31.624,,False,-0.36192830968391837,0.1862434339880677,False
test_0023,9,17,mV_17,35.399,,False,0.021117116584434062,0.23526653768212724,False
test_0023,9,18,mV_18,38.897,,False,-0.5369036078757224,0.6007551559363634,False
test_0023,9,19,mV_19,37.503,,False,-1.3080962914095746,1.1790523845299365,False
test_0023,9,20,mV_20,36.632,,False,-1.5631133474248748,1.1085807465648312,False
test_0023,10,0,mV_0,33.973,,False,0.9335226261614209,0.5549418513662259,False
test_0023,10,1,mV_1,27.837,,False,0.3527221531420615,0.5935267666148278,False
test_0023,10,2,mV_2,29.449,,False,-0.7351401340137678,0.7541225754840177,False
test_0023,10,3,mV_3,37.612,,False,-1.193487880766474,1.0051735006423634,False
test_0023,10,4,mV_4,46.088,,False,-0.8985781070227375,0.8811119355768579,False
test_0023,10,5,mV_5,53.273,,False,-0.5338036474954824,0.5257541566527719,False
test_0023,10,6,mV_6,59.065,,False,-0.13683122459738556,0.22667049221215427,False
test_0023,10,7,mV_7,62.351,,False,0.09921587215836362,0.100444696801788,False
test_0023,10,8,mV_8,63.085,,False,0.06651581829303921,0.09632641730242039,False
test_0023,10,9,mV_9,62.614,,False,0.1530581604652395,0.13463118766187537,False
test_0023,10,10,mV_10,57.027,,False,0.1658926114239833,0.28355793665187234,False
test_0023,10,11,mV_11,49.747,,False,0.6493883632942832,0.5492854274710017,False
test_0023,10,12,mV_12,42.855,,False,0.7324723718714574,0.6105464887171979,False
test_0023,10,13,mV_13,37.587,,False,0.3278528478315936,0.4390626720424952,False
test_0023,10,14,mV_14,33.69,,False,0.36807262063533647,0.3104292805603549,False
test_0023,10,15,mV_15,31.157,,False,0.17771903313915327,0.21816605520241011,False
test_0023,10,16,mV_16,32.027,,False,-0.14915353389599753,0.15545869076543933,False
test_0023,10,17,mV_17,35.067,,False,-0.145808662130609,0.19422395533788295,False
test_0023,10,18,mV_18,39.345,,False,-0.3361249631943163,0.20642031451531767,False
test_0023,10,19,mV_19,40.351,,False,0.0076226695420291545,0.10597273038298533,False
test_0023,10,20,mV_20,39.97,,False,0.0725206192535667,0.03816597701229064,False
test_0023,11,0,mV_0,30.762,,False,-0.3610319636050757,0.19307348357625045,False
test_0023,11,1,mV_1,26.75,,False,-0.05023000709485037,0.3638986836965139,False
test_0023,11,2,mV_2,33.469,,False,0.9941027569912791,0.8425730475025095,False
test_0023,11,3,mV_3,43.142,,False,1.3318566689326294,1.2500278658238106,False
test_0023,11,4,mV_4,51.618,,False,1.342295368438704,1.367689721805375,False
test_0023,11,5,mV_5,58.418,,False,1.4543114814114628,1.451428809476406,False
test_0023,11,6,mV_6,63.528,,False,1.554796906643994,1.434726173743735,False
test_0023,11,7,mV_7,65.387,,False,1.1749994002754884,1.1749828072331652,False
test_0023,11,8,mV_8,65.232,,False,0.7951355217376899,0.7791549685656698,False
test_0023,11,9,mV_9,63.208,,False,0.3513494305118111,0.3783847007393207,False
test_0023,11,10,mV_10,56.584,,False,0.015704420195970552,0.09568956772593805,False
test_0023,11,11,mV_11,,48.25100636322524,True,,,False
test_0023,11,12,mV_12,,40.99084355295988,True,,,False
test_0023,11,13,mV_13,36.541,,False,-0.08740161621344616,0.05737605030916986,False
test_0023,11,14,mV_14,33.014,,False,0.05470096880978711,0.14016432115830946,False
test_0023,11,15,mV_15,31.533,,False,0.3638537308002175,0.4064629663626058,False
test_0023,11,16,mV_16,33.907,,False,0.8434434350402011,0.8526958666540332,False
test_0023,11,17,mV_17,38.062,,False,1.3600428657355128,1.1671770113735351,False
test_0023,11,18,mV_18,42.561,,False,1.1051788789829136,1.127112739335819,False
test_0023,11,19,mV_19,42.365,,False,0.9380503336419356,1.0171497077215383,False
test_0023,11,20,mV_20,42.041,,False,1.0873192846193687,0.7781722257201682,False
test_0023,12,0,mV_0,29.125,,False,-1.0210088752985533,0.6550315521592731,False
test_0023,12,1,mV_1,25.326,,False,-0.5781084580399859,0.5987224717775189,False
test_0023,12,2,mV_2,31.664,,False,0.21766409573155035,0.2709977578969524,False
test_0023,12,3,mV_3,40.38,,False,0.0705543820847229,0.20330712106611737,False
test_0023,12,4,mV_4,47.184,,False,-0.45445562436347325,0.4379221317505292,False
test_0023,12,5,mV_5,52.656,,False,-0.7722228961904474,0.6509598655832035,False
test_0023,12,6,mV_6,57.83,,False,-0.604938045588446,0.6548902414962081,False
test_0023,12,7,mV_7,60.272,,False,-0.6374619786174931,0.7223692754785448,False
test_0023,12,8,mV_8,59.914,,False,-1.0096150990907469,1.056958339853866,False
test_0023,12,9,mV_9,57.449,,False,-1.5711411826164776,1.0379743660809255,False
test_0023,12,10,mV_10,,53.918351941717624,True,,,False
test_0023,12,11,mV_11,44.139,,False,-1.309971480862536,0.654985740431268,False
test_0023,12,12,mV_12,,37.6880107961769,True,,,False
test_0023,12,13,mV_13,32.884,,False,-1.5392042691892578,1.1703562662561522,False
test_0023,12,14,mV_14,29.438,,False,-1.6030165266460927,1.6049886405853733,False
test_0023,12,15,mV_15,27.415,,False,-1.6747172398600492,1.6521128038612813,False
test_0023,12,16,mV_16,29.173,,False,-1.656000209078934,1.51805950203895,False
test_0023,12,17,mV_17,33.198,,False,-1.085520350137883,1.231374322268432,False
test_0023,12,18,mV_18,37.644,,False,-1.0984563797190274,1.1698073889141019,False
test_0023,12,19,mV_19,37.311,,False,-1.3967964460804692,1.3509280449923844,False
test_0023,12,20,mV_20,36.737,,False,-1.5116629080895718,1.105030565564903,False
test_0023,13,0,mV_0,32.967,,False,0.5279412131109392,0.4130388102677676,False
test_0023,13,1,mV_1,28.494,,False,0.596272814849192,0.9200746568099968,False
test_0023,13,2,mV_2,35.714,,False,1.9598117844306637,1.7546590328456197,False
test_0023,13,3,mV_3,45.706,,False,2.50273974767196,2.2690728366894137,True
test_0023,13,4,mV_4,53.515,,False,2.1110000669830713,2.1161533694437433,True
test_0023,13,5,mV_5,59.157,,False,1.7398735961368714,1.770371860757087,False
test_0023,13,6,mV_6,63.359,,False,1.4907401837715344,1.4513218417525175,False
test_0023,13,7,mV_7,65.13,,False,1.0839334033301304,1.1509356174371712,False
test_0023,13,8,mV_8,65.674,,False,0.9451354793168896,0.8821296485348882,False
test_0023,13,9,mV_9,63.816,,False,0.5543142321756429,0.6040728018160688,False
test_0023,13,10,mV_10,57.607,,False,0.3625272635960997,0.5321515591452793,False
test_0023,13,11,mV_11,50.319,,False,0.8492374772132752,0.786418854711187,False
test_0023,13,12,mV_12,43.797,,False,1.0846732008220976,0.9383385855073908,False
test_0023,13,13,mV_13,38.612,,False,0.7347704631720928,0.8537647586554946,False
test_0023,13,14,mV_14,34.753,,False,0.860844907455695,0.9178215509439095,False
test_0023,13,15,mV_15,33.252,,False,1.2148259256921552,1.2584032978141058,False
test_0023,13,16,mV_16,35.611,,False,1.743116432416418,1.1752646976312477,False
test_0023,13,17,mV_17,,38.609152977849114,True,,,False
test_0023,13,18,mV_18,43.063,,False,1.3301585210143105,0.923845792460462,False
test_0023,13,19,mV_19,42.575,,False,1.0350661278132265,0.8500726941601908,False
test_0023,13,20,mV_20,,42.485104301359726,True,,,False
test_0023,14,0,mV_0,31.479,,False,-0.07196449525796351,0.03714068875201801,False
test_0023,14,1,mV_1,26.873,,False,-0.004633764492145016,0.051065234220993586,False
test_0023,14,2,mV_2,31.444,,False,0.12302891264172079,0.11718700334269094,False
test_0023,14,3,mV_3,40.703,,False,0.21805642359517718,0.2354683060327627,False
test_0023,14,4,mV_4,49.25,,False,0.3827314642989756,0.3607984109372763,False
test_0023,14,5,mV_5,55.844,,False,0.4596742915559769,0.3255200118527323,False
test_0023,14,6,mV_6,,60.52985664609101,True,,,False
test_0023,14,7,mV_7,64.373,,False,0.8156962061019841,0.5913604945916054,False
test_0023,14,8,mV_8,65.052,,False,0.7340495661624536,0.7451630712322348,False
test_0023,14,9,mV_9,64.243,,False,0.6968569465020479,0.6698667047906801,False
test_0023,14,10,mV_10,58.165,,False,0.5517033599961708,0.6656071116327739,False
test_0023,14,11,mV_11,50.356,,False,0.8621647800367058,0.7808220911614403,False
test_0023,14,12,mV_12,43.162,,False,0.8472554445761785,0.7578539628346723,False
test_0023,14,13,mV_13,37.957,,False,0.47474018214962654,0.6092306427407097,False
test_0023,14,14,mV_14,34.277,,False,0.6401867620874074,0.5940969409192979,False
test_0023,14,15,mV_15,32.053,,False,0.6212740573527503,0.5506062543964809,False
test_0023,14,16,mV_16,32.915,,False,0.3196901407930156,0.36883625605346293,False
test_0023,14,17,mV_17,35.784,,False,0.21469068527507001,0.1991442932019882,False
test_0023,14,18,mV_18,39.989,,False,-0.04750566146479719,0.11155427250070976,False
test_0023,14,19,mV_19,40.63,,False,0.1365150817981746,0.12398933074632956,False
test_0023,14,20,mV_20,39.464,,False,-0.1754214979241719,0.1218395194116296,False
test_0023,15,0,mV_0,29.541,,False,-0.8532933009158491,0.5978642484426752,False
test_0023,15,1,mV_1,25.038,,False,-0.6848703919390023,0.5733958717032585,False
test_0023,15,2,mV_2,31.322,,False,0.07054940201917978,0.32082921429830263,False
test_0023,15,3,mV_3,41.227,,False,0.45734766121584874,0.3809965918553046,False
test_0023,15,4,mV_4,49.635,,False,0.5387416429703411,0.3837077367891327,False
test_0023,15,5,mV_5,,54.69383775162884,True,,,False
test_0023,15,6,mV_6,59.108,,False,-0.12053276848190767,0.1632914372053984,False
test_0023,15,7,mV_7,60.908,,False,-0.41210021185777834,0.3550463866061842,False
test_0023,15,8,mV_8,61.488,,False,-0.47545235422727256,0.45546139450527456,False
test_0023,15,9,mV_9,60.781,,False,-0.458840657708775,0.4756448452133382,False
test_0023,15,10,mV_10,55.035,,False,-0.5094457112085302,0.3873693956103344,False
test_0023,15,11,mV_11,47.683,,False,-0.07174550231550231,0.19743745735885507,False
test_0023,15,12,mV_12,40.53,,False,-0.1368131135958854,0.08634293237681828,False
test_0023,15,13,mV_13,,36.62731839980099,True,,,False
test_0023,15,14,mV_14,31.051,,False,-0.8552820970682601,0.5358070895951472,False
test_0023,15,15,mV_15,29.924,,False,-0.4326641642440688,0.4608412759738957,False
test_0023,15,16,mV_16,32.077,,False,-0.12275467833918516,0.18626109752661965,False
test_0023,15,17,mV_17,35.224,,False,-0.06687086918403946,0.16260871839275048,False
test_0023,15,18,mV_18,39.216,,False,-0.3939384568637379,0.3333975060356683,False
test_0023,15,19,mV_19,39.298,,False,-0.47884224123115793,0.3379057348315134,False
test_0023,15,20,mV_20,,39.27707200098428,True,,,False
test_0023,16,0,mV_0,34.809,,False,1.2705664246805084,1.0123326290660766,False
test_0023,16,1,mV_1,30.954,,False,1.5081976669032895,1.1070127596626538,False
test_0023,16,2,mV_2,30.83,,False,-0.1410892801635279,0.5750600237939807,False
test_0023,16,3,mV_3,39.109,,False,-0.5098638679455775,0.3353357699864587,False
test_0023,16,4,mV_4,47.86,,False,-0.1805260638911518,0.22812179099116275,False
test_0023,16,5,mV_5,54.762,,False,0.041571168236769825,0.12040321791907996,False
test_0023,16,6,mV_6,60.001,,False,0.2179444713116284,0.18890472382600326,False
test_0023,16,7,mV_7,62.856,,False,0.2781587844439865,0.2244478542573824,False
test_0023,16,8,mV_8,63.253,,False,0.1235293768299282,0.1936042301024614,False
test_0023,16,9,mV_9,62.902,,False,0.24919938230600272,0.253487650715963,False
test_0023,16,10,mV_10,57.694,,False,0.3920224614219183,0.5017158496795722,False
test_0023,16,11,mV_11,50.675,,False,0.9736190935684494,0.5848151621397043,False
test_0023,16,12,mV_12,,43.26190993630125,True,,,False
test_0023,16,13,mV_13,39.364,,False,1.0333090453536091,0.8358207686559352,False
test_0023,16,14,mV_14,35.65,,False,1.2766649839165227,1.2024701508501794,False
test_0023,16,15,mV_15,33.269,,False,1.223241590214063,1.2436794765732984,False
test_0023,16,16,mV_16,34.68,,False,1.2515697419485452,1.2815360576412513,False
test_0023,16,17,mV_17,38.141,,False,1.399763156453852,1.2641954861834108,False
test_0023,16,18,mV_18,42.339,,False,1.005685889877395,1.0862568625250946,False
test_0023,16,19,mV_19,42.356,,False,0.9338925138917369,1.0496105578977297,False
test_0023,16,20,mV_20,42.526,,False,1.32497131393005,0.8959587854379593,False
test_0024,1,0,mV_0,38.296,,False,0.04858107382960546,0.09766185302136347,False
test_0024,1,1,mV_1,38.357,,False,0.29348526442624295,0.23373572729611436,False
test_0024,1,2,mV_2,25.408,,False,-0.2993913065023661,0.6684843183926019,False
test_0024,1,3,mV_3,37.151,,False,1.7816693961394325,1.0439408773080545,False
test_0024,1,4,mV_4,43.059,,False,0.31303341045098715,0.8034716649173209,False
test_0024,1,5,mV_5,48.833,,False,0.8061504426278768,0.6377324217092252,False
test_0024,1,6,mV_6,54.122,,False,0.62559539113016,0.719366677749312,False
test_0024,1,7,mV_7,58.745,,False,0.8201254861090509,0.7016991091522468,False
test_0024,1,8,mV_8,61.2,,False,0.5409500732607252,0.5929288900412638,False
test_0024,1,9,mV_9,62.153,,False,0.4696899275345539,0.4632296729174392,False
test_0024,1,10,mV_10,61.844,,False,0.3725887633399238,0.3602301400857625,False
test_0024,1,11,mV_11,59.266,,False,0.22605310612864835,0.26113501975466036,False
test_0024,1,12,mV_12,55.008,,False,0.2198451034214209,0.2236524148877013,False
test_0024,1,13,mV_13,49.966,,False,0.22886634657931507,0.2076967165001701,False
test_0024,1,14,mV_14,45.718,,False,0.15320906942062937,0.1613576707099217,False
test_0024,1,15,mV_15,41.066,,False,-0.11014619741911305,0.20867236770909736,False
test_0024,1,16,mV_16,33.593,,False,-0.461188006577534,0.39702587303520387,False
test_0024,1,17,mV_17,27.842,,False,-0.5555812815666342,1.0649273842991787,False
test_0024,1,18,mV_18,7.011,,False,-2.6873589674859124,1.6829586170955548,False
test_0024,1,19,mV_19,21.392,,False,-0.8015352518437607,1.327593295118192,False
test_0024,1,20,mV_20,25.779,,False,-1.019943709299334,0.7103556676106072,False
test_0024,2,0,mV_0,36.941,,False,-0.4977040302294415,0.35174910028934825,False
test_0024,2,1,mV_1,36.455,,False,-0.41158834069851014,0.9334119301234878,False
test_0024,2,2,mV_2,31.713,,False,2.4127670088674895,1.81668989571767,False
test_0024,2,3,mV_3,28.805,,False,-2.0296372244371907,1.9370714408805765,False
test_0024,2,4,mV_4,39.137,,False,-1.2762443057804351,1.402767354036379,False
test_0024,2,5,mV_5,44.084,,False,-1.0289435801474547,1.2536445245884447,False
test_0024,2,6,mV_6,48.038,,False,-1.6804466322784344,1.483648134992501,False
test_0024,2,7,mV_7,52.071,,False,-1.5447556952656807,1.460588977393774,False
test_0024,2,8,mV_8,56.446,,False,-1.0723978867652997,1.0882982396117735,False
test_0024,2,9,mV_9,58.758,,False,-0.6636414896508139,0.6875582468382708,False
test_0024,2,10,mV_10,59.711,,False,-0.35055212128615554,0.4242530883603968,False
test_0024,2,11,mV_11,57.668,,False,-0.3322666212184624,0.33079190437432837,False
test_0024,2,12,mV_12,53.596,,False,-0.30808225377423326,0.34444470926264725,False
test_0024,2,13,mV_13,48.308,,False,-0.42934770828366,0.365691384926592,False
test_0024,2,14,mV_14,44.749,,False,-0.29598786936481486,0.2557640209566566,False
test_0024,2,15,mV_15,41.285,,False,-0.0017326368133369027,0.1514859640015246,False
test_0024,2,16,mV_16,35.047,,False,0.3064907130146097,0.2595154928778576,False
test_0024,2,17,mV_17,29.789,,False,0.42334790866887395,0.3067094460098158,False
test_0024,2,18,mV_18,12.843,,False,-0.07365125368690556,0.22720493893136756,False
test_0024,2,19,mV_19,22.395,,False,-0.3381693396827851,0.20409637500105515,False
test_0024,2,20,mV_20,27.996,,False,0.06639556695174485,0.1177401183965687,False
test_0024,3,0,mV_0,37.891,,False,-0.11469971373047949,0.058990498633398884,False
test_0024,3,1,mV_1,37.583,,False,0.006562567072636552,0.7509685234900664,False
test_0024,3,2,mV_2,32.79,,False,2.876049246084513,1.741918867673362,False
test_0024,3,3,mV_3,30.602,,False,-1.2090144114517856,1.3742228253152147,False
test_0024,3,4,mV_4,41.786,,False,-0.20281323227277517,0.4972909006480887,False
test_0024,3,5,mV_5,47.716,,False,0.37452272659501873,0.2614173916481499,False
test_0024,3,6,mV_6,52.224,,False,-0.09381088112978699,0.19559207270152676,False
test_0024,3,7,mV_7,55.809,,False,-0.22022380195151434,0.1859967331269503,False
test_0024,3,8,mV_8,58.988,,False,-0.20972844747498548,0.19755879492865572,False
test_0024,3,9,mV_9,60.295,,False,-0.15055448281313757,0.14305024639736372,False
test_0024,3,10,mV_10,60.926,,False,0.06136357248819421,0.11985492495970901,False
test_0024,3,11,mV_11,59.209,,False,0.20613807204930998,0.2758160321065971,False
test_0024,3,12,mV_12,56.104,,False,0.6296244118395743,0.5780927562074701,False
test_0024,3,13,mV_13,51.523,,False,0.8469841291014218,0.8037003127157168,False
test_0024,3,14,mV_14,47.31,,False,0.8912085808204492,0.7941667510528042,False
test_0024,3,15,mV_15,42.394,,False,0.5472657134688967,0.5416430420806047,False
test_0024,3,16,mV_16,34.809,,False,0.18083216056417573,0.2524976302771158,False
test_0024,3,17,mV_17,29.148,,False,0.10106048651121512,0.41980073001640983,False
test_0024,3,18,mV_18,10.115,,False,-1.2962497864790334,0.6979904483893267,False
test_0024,3,19,mV_19,23.34,,False,0.09840173408802456,0.38324714891574,False
test_0024,3,20,mV_20,27.779,,False,-0.039935341007877566,0.044568104025944924,False
test_0024,4,0,mV_0,39.796,,False,0.6533247314595481,0.447854131395269,False
test_0024,4,1,mV_1,38.873,,False,0.4847670626619798,0.4127048129468301,False
test_0024,4,2,mV_2,26.039,,False,-0.0279603950038127,0.38662184430267577,False
test_0024,4,3,mV_3,35.452,,False,1.005799524541098,0.634039519438229,False
test_0024,4,4,mV_4,43.512,,False,0.4965986336669076,0.7667844790532445,False
test_0024,4,5,mV_5,49.511,,False,1.0681411243380652,0.832812693799531,False
test_0024,4,6,mV_6,54.314,,False,0.6983698928550862,0.8391458902678848,False
test_0024,4,7,mV_7,58.947,,False,0.8917026510233015,0.8688600180647259,False
test_0024,4,8,mV_8,62.534,,False,0.9936648773572143,0.9935769806527827,False
test_0024,4,9,mV_9,64.027,,False,1.0952755168734005,1.060069900843307,False
test_0024,4,10,mV_10,63.86,,False,1.0560636922692126,0.9941880281718453,False
test_0024,4,11,mV_11,60.821,,False,0.7693492112755552,0.83853126214424,False
test_0024,4,12,mV_12,56.451,,False,0.7593629337566368,0.8123482832452609,False
test_0024,4,13,mV_13,51.811,,False,0.9613180541922148,0.9206523901452714,False
test_0024,4,14,mV_14,47.546,,False,1.0006105184400191,0.8002251031695277,False
test_0024,4,15,mV_15,41.77,,False,0.23836132160585738,0.5493074881715112,False
test_0024,4,16,mV_16,33.103,,False,-0.7198967910343109,0.6357377766640065,False
test_0024,4,17,mV_17,27.227,,False,-0.864796202981547,0.6123722992493512,False
test_0024,4,18,mV_18,,13.087677999635778,True,,,False
test_0024,4,19,mV_19,22.88,,False,-0.1141090531443275,0.1173862917451069,False
test_0024,4,20,mV_20,27.368,,False,-0.24132706069177257,0.14919079363196816,False
test_0024,5,0,mV_0,35.166,,False,-1.2133173584248758,0.7823985422035818,False
test_0024,5,1,mV_1,35.669,,False,-0.7029594519645758,0.6838448604001589,False
test_0024,5,2,mV_2,25.834,,False,-0.11614317924660812,0.4898279604218726,False
test_0024,5,3,mV_3,31.007,,False,-1.0240660312296985,0.9634613039136841,False
test_0024,5,4,mV_4,38.117,,False,-1.6895699739487313,1.4131984072436237,False
test_0024,5,5,mV_5,43.513,,False,-1.2495876498473337,1.4023884274159082,False
test_0024,5,6,mV_6,48.723,,False,-1.4208084360202342,1.2685818780642564,False
test_0024,5,7,mV_7,53.656,,False,-0.9831229903692241,1.0557284772199658,False
test_0024,5,8,mV_8,57.143,,False,-0.8358594921211806,0.8995569284810152,False
test_0024,5,9,mV_9,57.92,,False,-0.9433857393124753,0.914161392140922,False
test_0024,5,10,mV_10,57.99,,False,-0.9340145978175565,0.945677394879727,False
test_0024,5,11,mV_11,55.839,,False,-0.9712946445713199,0.9392764898341991,False
test_0024,5,12,mV_12,52.065,,False,-0.8805020723766003,0.9199305239189604,False
test_0024,5,13,mV_13,47.003,,False,-0.9474233063513208,0.9829294735918666,False
test_0024,5,14,mV_14,42.893,,False,-1.1563692092882243,1.0632406547420907,False
test_0024,5,15,mV_15,39.283,,False,-0.9928008940405938,0.8569676507624262,False
test_0024,5,16,mV_16,33.925,,False,-0.2858996056802934,0.4278535861280003,False
test_0024,5,17,mV_17,28.655,,False,-0.14681423911082053,0.5070747075441217,False
test_0024,5,18,mV_18,16.24,,False,1.4487707462745523,1.2678809624669154,False
test_0024,5,19,mV_19,18.739,,False,-2.027168118207737,1.6246376206955184,False
test_0024,5,20,mV_20,25.829,,False,-0.9954435000920473,1.004513779597958,False
test_0024,6,0,mV_0,40.927,,False,1.1093014493125248,0.8059585972611836,False
test_0024,6,1,mV_1,40.277,,False,1.0052314904196848,1.3867892191014985,False
test_0024,6,2,mV_2,31.747,,False,2.4273924462540992,1.719878946871358,False
test_0024,6,3,mV_3,35.482,,False,1.0194994045575492,1.3885519207535215,False
test_0024,6,4,mV_4,44.971,,False,1.0878164276448883,0.7987830649618315,False
test_0024,6,5,mV_5,,47.35548681757284,True,,,False
test_0024,6,6,mV_6,53.674,,False,0.45578822043866585,0.3386704031961494,False
test_0024,6,7,mV_7,57.681,,False,0.4431051719072657,0.5105278721073508,False
test_0024,6,8,mV_8,61.669,,False,0.7001129241762062,0.673478443650215,False
test_0024,6,9,mV_9,63.294,,False,0.8505827543411824,0.8489098818443055,False
test_0024,6,10,mV_10,63.678,,False,0.994361094518651,0.9469723653420253,False
test_0024,6,11,mV_11,61.334,,False,0.9485845179896174,1.024047891137997,False
test_0024,6,12,mV_12,57.642,,False,1.204661434054103,1.1989041987087539,False
test_0024,6,13,mV_13,53.011,,False,1.4377094087371918,1.4820230547469748,False
test_0024,6,14,mV_14,49.374,,False,1.8480119674594127,1.8062564943376493,False
test_0024,6,15,mV_15,45.513,,False,2.0912926336945805,2.10921322971304,True
test_0024,6,16,mV_16,39.024,,False,2.406255684003586,2.2118960761124526,True
test_0024,6,17,mV_17,32.813,,False,1.943780302748059,2.0579962455462955,True
test_0024,6,18,mV_18,17.332,,False,1.9381686926854786,1.4573393218909751,False
test_0024,6,19,mV_19,23.107,,False,-0.009239599444884478,0.7941283270015096,False
test_0024,6,20,mV_20,30.35,,False,1.2198654164307905,0.6122426080766163,False
test_0024,7,0,mV_0,39.18,,False,0.40497666939285176,0.20248833469642588,False
test_0024,7,1,mV_1,,37.399593760193454,True,,,False
test_0024,7,2,mV_2,26.099,,False,-0.002150799615678224,0.30047486100069165,False
test_0024,7,3,mV_3,35.872,,False,1.1975978447714102,0.6259292663813348,False
test_0024,7,4,mV_4,42.549,,False,0.1063705763668406,0.3525847493762728,False
test_0024,7,5,mV_5,,45.872074708403005,True,,,False
test_0024,7,6,mV_6,52.04,,False,-0.1635531119495068,0.0819094343749655,False
test_0024,7,7,mV_7,56.432,,False,0.0005315136008484228,0.07042438850093571,False
test_0024,7,8,mV_8,59.261,,False,-0.11708141485253917,0.09748058943408114,False
test_0024,7,9,mV_9,60.281,,False,-0.15522801443039777,0.19375958440954966,False
test_0024,7,10,mV_10,59.72,,False,-0.3475008939248639,0.38270870665141005,False
test_0024,7,11,mV_11,56.671,,False,-0.6806050243255146,0.5938375228040025,False
test_0024,7,12,mV_12,52.637,,False,-0.6666391486401171,0.5958212794439579,False
test_0024,7,13,mV_13,48.459,,False,-0.3694017961700827,0.4286026253122792,False
test_0024,7,14,mV_14,44.721,,False,-0.30896776026883455,0.3967692934165518,False
test_0024,7,15,mV_15,40.077,,False,-0.5997398569584556,0.5544461807493333,False
test_0024,7,16,mV_16,33.123,,False,-0.7093372488115874,0.5962367909671443,False
test_0024,7,17,mV_17,28.218,,False,-0.36653280928694665,0.7700389041174851,False
test_0024,7,18,mV_18,9.353,,False,-1.6377527490844594,0.9105095768639664,False
test_0024,7,19,mV_19,,23.130196571286916,True,,,False
test_0024,7,20,mV_20,27.733,,False,-0.06247553347858076,0.03123776673929038,False
test_0024,8,0,mV_0,25.632,,False,-5.057068046320789,3.6604048514606964,False
test_0024,8,1,mV_1,25.352,,False,-4.527483313201208,4.146148477726635,False
test_0024,8,2,mV_2,20.356,,False,-2.4725592381833352,3.4133942098137657,False
test_0024,8,3,mV_3,24.094,,False,-4.180975049687185,4.090482426705511,False
test_0024,8,4,mV_4,28.646,,False,-5.5274203692643376,5.253552478115867,False
test_0024,8,5,mV_5,31.793,,False,-5.778394124247608,6.004800423723885,False
test_0024,8,6,mV_6,34.175,,False,-6.934993077135985,6.686243176461722,False
test_0024,8,7,mV_7,36.403,,False,-7.096592427327308,7.108175188227422,False
test_0024,8,8,mV_8,38.082,,False,-7.304522821119084,7.2635247225829405,False
test_0024,8,9,mV_9,38.733,,False,-7.348460820766284,7.342709147673821,False
test_0024,8,10,mV_10,39.008,,False,-7.369392128043632,7.420115811521704,False
test_0024,8,11,mV_11,36.886,,False,-7.593218169233268,7.559049852377024,False
test_0024,8,12,mV_12,33.878,,False,-7.68037094299793,7.207412981087056,False
test_0024,8,13,mV_13,34.589,,False,-5.875691869119095,5.799965841856367,False
test_0024,8,14,mV_14,37.259,,False,-3.7681086861893474,3.6105832765855537,False
test_0024,8,15,mV_15,39.207,,False,-1.030423864844426,2.2121803757555347,False
test_0024,8,16,mV_16,40.186,,False,3.019765087143939,3.550376495697358,False
test_0024,8,17,mV_17,43.131,,False,7.1315519436571275,7.24474235799587,True
test_0024,8,18,mV_18,39.105,,False,11.696100457525286,10.507687501841826,True
test_0024,8,19,mV_19,48.035,,False,11.506997148659602,11.283427190521124,True
test_0024,8,20,mV_20,49.133,,False,10.423614007240005,8.088556290784902,True
test_0025,1,0,mV_0,33.874,,False,-0.7321429881706499,0.6279255255364279,False
test_0025,1,1,mV_1,26.197,,False,-1.0474161258044117,0.9869929998677012,False
test_0025,1,2,mV_2,20.946,,False,-1.1209967596913313,0.9299535522593094,False
test_0025,1,3,mV_3,26.667,,False,-0.4304045638501631,0.5518278773223398,False
test_0025,1,4,mV_4,35.641,,False,-0.22550562189770165,0.30860191936797504,False
test_0025,1,5,mV_5,43.377,,False,-0.3529918698263337,0.36093840689961976,False
test_0025,1,6,mV_6,49.462,,False,-0.51226426604811,0.492938151917761,False
test_0025,1,7,mV_7,54.17,,False,-0.5942322057484903,0.6217601680915888,False
test_0025,1,8,mV_8,55.903,,False,-0.7863119948212646,0.7573224226547067,False
test_0025,1,9,mV_9,55.784,,False,-0.8624334952278073,0.9959338030905953,False
test_0025,1,10,mV_10,52.135,,False,-1.4725562270855022,1.2907477799409288,False
test_0025,1,11,mV_11,45.24,,False,-1.3554451703649033,1.3823592492315087,False
test_0025,1,12,mV_12,37.118,,False,-1.3459904291107259,1.4007605743933573,False
test_0025,1,13,mV_13,29.884,,False,-1.5556162689870736,1.455549391475485,False
test_0025,1,14,mV_14,25.529,,False,-1.3649745988170667,1.2848150941263818,False
test_0025,1,15,mV_15,23.327,,False,-0.8536949098843197,0.8145663979447285,False
test_0025,1,16,mV_16,23.595,,False,-0.18590117319320792,0.43163149666522926,False
test_0025,1,17,mV_17,26.653,,False,-0.5010287303901816,0.3834297948615315,False
test_0025,1,18,mV_18,31.613,,False,-0.345760545472555,0.586817190489944,False
test_0025,1,19,mV_19,32.445,,False,-1.1547189406244842,1.0509029121555065,False
test_0025,1,20,mV_20,30.916,,False,-1.5484132219005027,1.0628863461063724,False
test_0025,2,0,mV_0,36.359,,False,0.26971567130295476,0.15594146409073623,False
test_0025,2,1,mV_1,28.795,,False,-0.08433451375703543,0.41447202022660135,False
test_0025,2,2,mV_2,26.387,,False,1.2195033820893797,0.8089908425312115,False
test_0025,2,3,mV_3,29.17,,False,0.7126220921890511,0.6841325445188606,False
test_0025,2,4,mV_4,36.424,,False,0.09178261160796054,0.3515161151774199,False
test_0025,2,5,mV_5,42.971,,False,-0.5098771453047072,1.178989855962135,False
test_0025,2,6,mV_6,41.304,,False,-3.6044225216311654,2.798085185327874,False
test_0025,2,7,mV_7,46.044,,False,-3.473618552744457,3.8425808556867036,True
test_0025,2,8,mV_8,44.021,,False,-4.818663795626735,4.8161212693342765,True
test_0025,2,9,mV_9,39.934,,False,-6.153538933339178,5.707502803559874,True
test_0025,2,10,mV_10,39.653,,False,-5.704269551934405,5.71237989631819,True
test_0025,2,11,mV_11,33.986,,False,-5.287441548064772,5.292863492912783,True
test_0025,2,12,mV_12,27.633,,False,-4.8923013235871835,5.074266218152221,True
test_0025,2,13,mV_13,20.641,,False,-5.2250206773697485,5.3714428499877815,True
test_0025,2,14,mV_14,15.221,,False,-6.1434287216244465,5.461300697691975,True
test_0025,2,15,mV_15,16.298,,False,-4.333324670149258,4.315118266194915,True
test_0025,2,16,mV_16,19.306,,False,-2.4503950028567,3.0962096872772724,False
test_0025,2,17,mV_17,21.383,,False,-3.150724073246432,2.890293897931916,False
test_0025,2,18,mV_18,26.116,,False,-2.8093324423781,3.1150944865620023,False
test_0025,2,19,mV_19,26.955,,False,-3.690988988245379,3.8185309552531246,False
test_0025,2,20,mV_20,23.703,,False,-5.082813402143641,3.4641539481331654,False
test_0025,3,0,mV_0,33.416,,False,-0.9167913849669946,0.7336876409618202,False
test_0025,3,1,mV_1,26.052,,False,-1.1011677939132913,1.0434697760805072,False
test_0025,3,2,mV_2,21.1,,False,-1.0547521315284514,0.8924593111837034,False
test_0025,3,3,mV_3,26.823,,False,-0.35916518776461925,0.5085618995914974,False
test_0025,3,4,mV_4,35.553,,False,-0.2611650913082999,0.3327728684691251,False
test_0025,3,5,mV_5,43.127,,False,-0.44959610349528145,0.42924213158390034,False
test_0025,3,6,mV_6,49.345,,False,-0.5566112280367386,0.5772659137899716,False
test_0025,3,7,mV_7,53.741,,False,-0.7462450955911281,0.8043001590963752,False
test_0025,3,8,mV_8,54.778,,False,-1.1680992171665059,1.080023712320119,False
test_0025,3,9,mV_9,54.66,,False,-1.2376513193563368,1.2470363897632013,False
test_0025,3,10,mV_10,52.512,,False,-1.3447437031736253,1.29330647547838,False
test_0025,3,11,mV_11,45.553,,False,-1.2460871762099326,1.2767523949878963,False
test_0025,3,12,mV_12,37.321,,False,-1.2700915243580948,1.2562715607851969,False
test_0025,3,13,mV_13,30.682,,False,-1.2388160182146648,1.2332084892693496,False
test_0025,3,14,mV_14,25.917,,False,-1.1851103962899743,1.1645680402602392,False
test_0025,3,15,mV_15,22.932,,False,-1.0492353502463434,0.963726390276338,False
test_0025,3,16,mV_16,22.865,,False,-0.5713244643226909,0.7578224157807354,False
test_0025,3,17,mV_17,25.98,,False,-0.8394053842312161,0.8466154229226776,False
test_0025,3,18,mV_18,29.849,,False,-1.1363264589055873,1.059649116089994,False
test_0025,3,19,mV_19,32.506,,False,-1.1265381623175856,1.088800257622998,False
test_0025,3,20,mV_20,32.105,,False,-0.9657982469512336,0.7645336640550132,False
test_0025,4,0,mV_0,35.527,,False,-0.06571547746245371,0.16922942773504815,False
test_0025,4,1,mV_1,30.494,,False,0.5454867560152852,0.31992868187745027,False
test_0025,4,2,mV_2,23.838,,False,0.12302573801677702,0.48255664818737787,False
test_0025,4,3,mV_3,25.116,,False,-1.1386883607006721,0.8314312921247018,False
test_0025,4,4,mV_4,33.914,,False,-0.9253227090806858,0.9304467696350011,False
test_0025,4,5,mV_5,42.395,,False,-0.7324532996779606,0.7348149648025828,False
test_0025,4,6,mV_6,49.365,,False,-0.5490305507737241,0.5091854195886453,False
test_0025,4,7,mV_7,55.265,,False,-0.20622727712917224,0.25649118120148295,False
test_0025,4,8,mV_8,58.41,,False,0.06447961977386324,0.12556631799847917,False
test_0025,4,9,mV_9,58.868,,False,0.16707875531701794,0.15038593748344498,False
test_0025,4,10,mV_10,57.077,,False,0.2029066195258808,0.19340364367369015,False
test_0025,4,11,mV_11,49.694,,False,0.20072258032598098,0.18585936446315487,False
test_0025,4,12,mV_12,41.09,,False,0.13908567767477673,0.15133403525692002,False
test_0025,4,13,mV_13,33.484,,False,-0.12644220535214573,0.1632975982056022,False
test_0025,4,14,mV_14,27.91,,False,-0.2612203044433406,0.21970711783069385,False
test_0025,4,15,mV_15,24.587,,False,-0.22994565708394837,0.18583497183804973,False
test_0025,4,16,mV_16,23.905,,False,-0.022228268740961465,0.17726571106552985,False
test_0025,4,17,mV_17,26.785,,False,-0.4346606496962481,0.3339766923690862,False
test_0025,4,18,mV_18,31.393,,False,-0.4443572013428871,0.3836827224209405,False
test_0025,4,19,mV_19,34.487,,False,-0.21135583730173965,0.30313045644227643,False
test_0025,4,20,mV_20,33.371,,False,-0.3454529498227393,0.22556543423680456,False
test_0025,5,0,mV_0,42.109,,False,2.587899692217735,2.0821068485777765,True
test_0025,5,1,mV_1,37.527,,False,3.1526280098756367,2.8626141137525134,True
test_0025,5,2,mV_2,29.497,,False,2.5573007430410453,2.152032044258436,True
test_0025,5,3,mV_3,28.356,,False,0.34089868107601856,0.9513486981769943,False
test_0025,5,4,mV_4,37.595,,False,0.5662966875148948,0.6672182108813425,False
test_0025,5,5,mV_5,47.384,,False,1.1953807874195617,1.1210938034798976,False
test_0025,5,6,mV_6,54.843,,False,1.5273169515655725,1.0625036726376766,False
test_0025,5,7,mV_7,,60.15695432355261,True,,,False
test_0025,5,8,mV_8,63.278,,False,1.716515351664205,1.3022014515108629,False
test_0025,5,9,mV_9,63.687,,False,1.775775102715041,1.8418698735735,False
test_0025,5,10,mV_10,62.671,,False,2.0994139371997127,2.110099661010819,False
test_0025,5,11,mV_11,56.177,,False,2.465795666928809,2.438504671598598,False
test_0025,5,12,mV_12,48.001,,False,2.723013415337062,1.9779556244007332,False
test_0025,5,13,mV_13,,39.106958725533886,True,,,False
test_0025,5,14,mV_14,34.222,,False,2.6648179593479084,1.959685385987186,False
test_0025,5,15,mV_15,30.12,,False,2.5091056252529267,2.5619721964201396,False
test_0025,5,16,mV_16,28.805,,False,2.5648595758267962,2.3640384435982575,False
test_0025,5,17,mV_17,31.264,,False,1.8173289974865119,1.9212414562024756,False
test_0025,5,18,mV_18,35.699,,False,1.4854482540100822,1.604464964399561,False
test_0025,5,19,mV_19,38.472,,False,1.6296343520915677,1.6989686182568087,False
test_0025,5,20,mV_20,38.262,,False,2.0511575148340166,1.4329873454399003,False
test_0025,6,0,mV_0,34.979,,False,-0.28664849371659346,0.1506919324008068,False
test_0025,6,1,mV_1,29.102,,False,0.029470742170040292,0.1628584208515185,False
test_0025,6,2,mV_2,22.841,,False,-0.3058437053494,0.35191660994731605,False
test_0025,6,3,mV_3,25.931,,False,-0.7665082869204239,0.5067713866760357,False
test_0025,6,4,mV_4,35.733,,False,-0.18822526751389512,0.34829094678769773,False
test_0025,6,5,mV_5,44.938,,False,0.25020496520257685,0.23588386772196626,False
test_0025,6,6,mV_6,51.486,,False,0.25490027296881623,0.19336763059042575,False
test_0025,6,7,mV_7,55.809,,False,-0.013465011221493654,0.16827994437829785,False
test_0025,6,8,mV_8,57.067,,False,-0.39128948210138786,0.3172263069962057,False
test_0025,6,9,mV_9,56.951,,False,-0.4728612525605533,0.4125254542543093,False
test_0025,6,10,mV_10,55.555,,False,-0.31308982979474287,0.2872944709777961,False
test_0025,6,11,mV_11,49.263,,False,0.05013697176114527,0.15615237336033921,False
test_0025,6,12,mV_12,41.283,,False,0.21124572012432347,0.148477427755258,False
test_0025,6,13,mV_13,34.108,,False,0.1212812990112397,0.1430624556614895,False
test_0025,6,14,mV_14,28.729,,False,0.11844150449915515,0.1396019049305123,False
test_0025,6,15,mV_15,25.456,,False,0.2002433117124992,0.1297320319810384,False
test_0025,6,16,mV_16,,23.79020163780632,True,,,False
test_0025,6,17,mV_17,28.528,,False,0.4416996885577257,0.2978784816775605,False
test_0025,6,18,mV_18,33.072,,False,0.3081145495947906,0.2864839931149587,False
test_0025,6,19,mV_19,35.135,,False,0.08800718471252797,0.18179274858903188,False
test_0025,6,20,mV_20,34.572,,False,0.24304207533628097,0.14352283384627249,False
test_0025,7,0,mV_0,35.689,,False,-0.0004031624384203225,0.00020158121921016125,False
test_0025,7,1,mV_1,,28.688432991603534,True,,,False
test_0025,7,2,mV_2,23.196,,False,-0.15313693263626774,0.19661366496228438,False
test_0025,7,3,mV_3,28.661,,False,0.480180794576602,0.44375555037009873,False
test_0025,7,4,mV_4,37.83,,False,0.6615236796909232,0.6369150946528402,False
test_0025,7,5,mV_5,46.217,,False,0.7444322246529126,0.7840164225300079,False
test_0025,7,6,mV_6,53.414,,False,0.9856775611232834,0.903954261084018,False
test_0025,7,7,mV_7,58.387,,False,0.9000296974365923,0.8080009495288931,False
test_0025,7,8,mV_8,59.535,,False,0.44626684211910433,0.5392329839943873,False
test_0025,7,9,mV_9,59.459,,False,0.3643685543027483,0.30048911477066853,False
test_0025,7,10,mV_10,56.558,,False,0.026952508358073193,0.1486347729872981,False
test_0025,7,11,mV_11,48.615,,False,-0.17626552093029768,0.1517015945615645,False
test_0025,7,12,mV_12,40.11,,False,-0.22732282802758946,0.16125110530602463,False
test_0025,7,13,mV_13,33.767,,False,-0.014093244238621861,0.10577224485658462,False
test_0025,7,14,mV_14,28.835,,False,0.1675796629215053,0.11682984823328248,False
test_0025,7,15,mV_15,25.29,,False,0.11806682285149746,0.2764674090906279,False
test_0025,7,16,mV_16,25.277,,False,0.7021563277380113,0.4778215938560406,False
test_0025,7,17,mV_17,28.423,,False,0.3889068970966426,0.4492620009694835,False
test_0025,7,18,mV_18,33.092,,False,0.3170778819466376,0.29867205516966394,False
test_0025,7,19,mV_19,35.316,,False,0.171625559688738,0.2494854710501298,False
test_0025,7,20,mV_20,34.765,,False,0.3376128828764055,0.21171283136038727,False
test_0025,8,0,mV_0,39.878,,False,1.6884442921027996,1.077161487071519,False
test_0025,8,1,mV_1,31.536,,False,0.9317573640804763,1.3172893583552505,False
test_0025,8,2,mV_2,27.544,,False,1.7171984131572502,2.0499022375828813,False
test_0025,8,3,mV_3,36.004,,False,3.8334547599365485,3.363486872534123,True
test_0025,8,4,mV_4,46.241,,False,4.069839557106147,3.942854783386134,True
test_0025,8,5,mV_5,54.12,,False,3.798285259395692,3.7970508038404636,True
test_0025,8,6,mV_6,60.105,,False,3.521793139464324,3.4048018184893536,True
test_0025,8,7,mV_7,63.685,,False,2.777335735633076,2.737611495302713,True
test_0025,8,8,mV_8,63.742,,False,1.8739813704803752,2.0146793956463203,False
test_0025,8,9,mV_9,62.961,,False,1.5334191059914541,1.4410356080296072,False
test_0025,8,10,mV_10,58.907,,False,0.8233228496551458,1.0414647480572694,False
test_0025,8,11,mV_11,51.941,,False,0.9857941869273317,1.0208307932882557,False
test_0025,8,12,mV_12,44.164,,False,1.2884119496432136,1.2631826359877238,False
test_0025,8,13,mV_13,37.556,,False,1.4901124577371363,1.5927868519505222,False
test_0025,8,14,mV_14,33.009,,False,2.1025105426846027,2.09004412038984,False
test_0025,8,15,mV_15,30.435,,False,2.665042938453019,2.78711152442363,False
test_0025,8,16,mV_16,30.985,,False,3.71584967810388,3.3331094056837625,False
test_0025,8,17,mV_17,34.085,,False,3.2356953280742706,3.2477986943048527,False
test_0025,8,18,mV_18,38.641,,False,2.8039544429669885,2.210901053502062,False
test_0025,8,19,mV_19,,39.343809888316606,True,,,False
test_0025,8,20,mV_20,37.815,,False,1.8321256445208751,0.9160628222604376,False
test_0026,1,0,mV_0,38.732,,False,-0.46867633466320596,0.3057908158004756,False
test_0026,1,1,mV_1,39.304,,False,-0.2858105938754906,0.2813135268083661,False
test_0026,1,2,mV_2,28.103,,False,-0.08495658481927695,0.2530418058788888,False
test_0026,1,3,mV_3,40.864,,False,0.5564434600015108,0.3107057657072122,False
test_0026,1,4,mV_4,47.161,,False,0.044979558006550145,0.17319315204392596,False
test_0026,1,5,mV_5,52.554,,False,-0.0463700321610928,0.03442990558218394,False
test_0026,1,6,mV_6,,57.174365507539704,True,,,False
test_0026,1,7,mV_7,62.329,,False,0.03756029445995179,0.044147787114693054,False
test_0026,1,8,mV_8,64.545,,False,-0.10147055953886862,0.10427353598317544,False
test_0026,1,9,mV_9,65.157,,False,-0.17659273039501275,0.2157529872121008,False
test_0026,1,10,mV_10,63.771,,False,-0.408355928519509,0.35909483583625523,False
test_0026,1,11,mV_11,60.439,,False,-0.4430747559109902,0.4336891191324469,False
test_0026,1,12,mV_12,55.874,,False,-0.44025103618829803,0.3831483837735484,False
test_0026,1,13,mV_13,51.951,,False,-0.2090167068066074,0.2150346799826645,False
test_0026,1,14,mV_14,48.637,,False,-0.0018542701291452994,0.06153509640194407,False
test_0026,1,15,mV_15,43.204,,False,-0.03341513854287832,0.04475794086059586,False
test_0026,1,16,mV_16,35.31,,False,-0.1103472162274815,0.06528715246482987,False
test_0026,1,17,mV_17,29.503,,False,-0.007039038861478142,0.3544001431579123,False
test_0026,1,18,mV_18,14.446,,False,1.2931752786812114,0.88950094456747,False
test_0026,1,19,mV_19,28.377,,False,0.964614182045979,0.8479250220988799,False
test_0026,1,20,mV_20,30.276,,False,-0.1692964456223496,0.32580176832266955,False
test_0026,2,0,mV_0,39.602,,False,-0.11792501323784033,0.3339300915827929,False
test_0026,2,1,mV_1,37.108,,False,-1.099870339855491,0.5794164232372055,False
test_0026,2,2,mV_2,,26.55151187585525,True,,,False
test_0026,2,3,mV_3,39.599,,False,-0.021234814025499097,0.03422154443510555,False
test_0026,2,4,mV_4,46.817,,False,-0.094416549689424,0.06700761340142915,False
test_0026,2,5,mV_5,52.824,,False,0.05796254020136947,0.0761975829710171,False
test_0026,2,6,mV_6,57.355,,False,-0.09444870179190544,0.13391225006153362,False
test_0026,2,7,mV_7,61.408,,False,-0.2887890564609541,0.3127464817497829,False
test_0026,2,8,mV_8,63.138,,False,-0.5789591122853182,0.5251669709402352,False
test_0026,2,9,mV_9,63.727,,False,-0.6539606027293505,0.6775507918497924,False
test_0026,2,10,mV_10,62.547,,False,-0.8233228496551503,0.7578065497828219,False
test_0026,2,11,mV_11,59.616,,False,-0.7306198970916362,0.7292478006013272,False
test_0026,2,12,mV_12,55.36,,False,-0.6324285585668862,0.639156582649961,False
test_0026,2,13,mV_13,51.064,,False,-0.5611493163744354,0.43868179782893924,False
test_0026,2,14,mV_14,,46.95908189325541,True,,,False
test_0026,2,15,mV_15,41.683,,False,-0.7863695937090428,0.6108433609204522,False
test_0026,2,16,mV_16,33.87,,False,-0.870634256263723,0.8557761017786186,False
test_0026,2,17,mV_17,27.736,,False,-0.8954663008779856,0.7788362636784362,False
test_0026,2,18,mV_18,10.548,,False,-0.45377819669405045,0.5401487981957824,False
test_0026,2,19,mV_19,25.515,,False,-0.3575724985170434,0.5469717236647946,False
test_0026,2,20,mV_20,28.542,,False,-1.0189637009310415,0.5988749750947816,False
test_0026,3,0,mV_0,36.492,,False,-1.371760196723921,0.9634425914414342,False
test_0026,3,1,mV_1,37.08,,False,-1.110249972317895,1.2475162028971978,False
test_0026,3,2,mV_2,25.051,,False,-1.39780467022908,0.9764648281940138,False
test_0026,3,3,mV_3,,36.527694746174554,True,,,False
test_0026,3,4,mV_4,43.678,,False,-1.3664060324151874,1.032717133621847,False
test_0026,3,5,mV_5,49.056,,False,-1.398056469657013,1.41674341111039,False
test_0026,3,6,mV_6,53.635,,False,-1.5044546727123471,1.4775215695702326,False
test_0026,3,7,mV_7,57.981,,False,-1.5031204631992228,1.509545963727905,False
test_0026,3,8,mV_8,60.343,,False,-1.5274882558008265,1.5431170812192503,False
test_0026,3,9,mV_9,60.85,,False,-1.6143713500761256,1.4916801638074695,False
test_0026,3,10,mV_10,61.405,,False,-1.2104896992768,1.15934909765316,False
test_0026,3,11,mV_11,59.984,,False,-0.6020456419829143,0.6807125450330039,False
test_0026,3,12,mV_12,56.227,,False,-0.3082691968893873,0.41486113377837985,False
test_0026,3,13,mV_13,51.367,,False,-0.44086049935183025,0.4530244559803222,False
test_0026,3,14,mV_14,47.299,,False,-0.622107628328241,0.538531323333101,False
test_0026,3,15,mV_15,42.324,,False,-0.469049537324092,0.5273257246395386,False
test_0026,3,16,mV_16,34.479,,False,-0.5490961955817293,0.5099657772966919,False
test_0026,3,17,mV_17,28.577,,False,-0.47262118069921705,0.6591251695740437,False
test_0026,3,18,mV_18,9.012,,False,-1.1421621213160114,1.189329675787203,False
test_0026,3,19,mV_19,21.959,,False,-2.0003732798175715,1.6368764187012212,False
test_0026,3,20,mV_20,27.755,,False,-1.404596993853731,1.2023918168812584,False
test_0026,4,0,mV_0,39.194,,False,-0.2824152881131822,0.14880701782370823,False
test_0026,4,1,mV_1,40.157,,False,0.030397495068468613,0.16167202600556851,False
test_0026,4,2,mV_2,29.006,,False,0.3034778257721547,0.26374278894522973,False
test_0026,4,3,mV_3,38.731,,False,-0.41761800916814107,0.29987425765094383,False
test_0026,4,4,mV_4,47.2,,False,0.060783186495338544,0.19401449077876992,False
test_0026,4,5,mV_5,53.287,,False,0.2368735809562615,0.18876469672353813,False
test_0026,4,6,mV_6,58.186,,False,0.22052843848629106,0.2210394337645037,False
test_0026,4,7,mV_7,62.805,,False,0.20622727712917113,0.2525047713029498,False
test_0026,4,8,mV_8,65.955,,False,0.37703609246716585,0.3688473527557151,False
test_0026,4,9,mV_9,67.229,,False,0.5150899489593577,0.5115272743285193,False
test_0026,4,10,mV_10,66.86,,False,0.6388931069281961,0.6229865201707621,False
test_0026,4,11,mV_11,63.708,,False,0.6990699178672983,0.6882095326471214,False
test_0026,4,12,mV_12,58.966,,False,0.7158051879256928,0.6829814706084969,False
test_0026,4,13,mV_13,53.992,,False,0.6012455887153036,0.5748372192239138,False
test_0026,4,14,mV_14,49.463,,False,0.3810525115393551,0.3894133636080562,False
test_0026,4,15,mV_15,43.664,,False,0.19430284263821093,0.19373449198178522,False
test_0026,4,16,mV_16,35.529,,False,0.0052797711113638755,0.09533528622199644,False
test_0026,4,17,mV_17,29.868,,False,0.17647876002704704,0.1347657562455695,False
test_0026,4,18,mV_18,11.964,,False,0.18082573381682007,0.4022499508307106,False
test_0026,4,19,mV_19,28.607,,False,1.0708695756621551,0.7561239697324716,False
test_0026,4,20,mV_20,32.054,,False,0.7019309937887562,0.6186828908099169,False
test_0026,5,0,mV_0,36.741,,False,-1.2713727495573497,0.6356863747786748,False
test_0026,5,1,mV_1,,36.98026796158061,True,,,False
test_0026,5,2,mV_2,28.319,,False,0.007957958578008078,0.017621776472052434,False
test_0026,5,3,mV_3,39.526,,False,-0.054571188732193576,0.2652151529233341,False
test_0026,5,4,mV_4,44.721,,False,-0.943760275650941,0.8197735835030782,False
test_0026,5,5,mV_5,49.214,,False,-1.3370025939782373,1.233839110446622,False
test_0026,5,6,mV_6,54.128,,False,-1.3175909781790724,1.2235458691520102,False
test_0026,5,7,mV_7,59.621,,False,-0.9219989262716591,1.005894884293245,False
test_0026,5,8,mV_8,62.304,,False,-0.861990706450589,0.8833209247695507,False
test_0026,5,9,mV_9,63.028,,False,-0.8873033599053657,0.9755023045103417,False
test_0026,5,10,mV_10,61.243,,False,-1.265411791780046,1.1748450158806765,False
test_0026,5,11,mV_11,58.04,,False,-1.281253120057248,1.234075940411048,False
test_0026,5,12,mV_12,54.087,,False,-1.10838572974965,1.123966492732636,False
test_0026,5,13,mV_13,49.964,,False,-0.9978413913739969,1.1122194809150638,False
test_0026,5,14,mV_14,45.74,,False,-1.3448094111626112,1.3276114671759998,False
test_0026,5,15,mV_15,39.993,,False,-1.6229856550047794,1.6479534930946653,False
test_0026,5,16,mV_16,31.729,,False,-2.0010332512064917,1.8614123200224904,False
test_0026,5,17,mV_17,25.896,,False,-1.8205971226721984,1.68455711406372,False
test_0026,5,18,mV_18,9.115,,False,-1.0960009597039917,1.171541460403072,False
test_0026,5,19,mV_19,24.831,,False,-0.6735667995321061,0.8966398306180652,False
test_0026,5,20,mV_20,28.288,,False,-1.143424763704057,0.740104081735055,False
test_0026,6,0,mV_0,42.92,,False,1.2197679574395948,0.8092285271718667,False
test_0026,6,1,mV_1,42.226,,False,0.7973781938082771,0.8997302412234714,False
test_0026,6,2,mV_2,30.124,,False,0.7843966198377368,1.007391299703622,False
test_0026,6,3,mV_3,43.288,,False,1.6633937653307376,1.3026373458945537,False
test_0026,6,4,mV_4,49.763,,False,1.099365233079003,1.199409907584709,False
test_0026,6,5,mV_5,55.095,,False,0.935515398850092,0.9315300710085512,False
test_0026,6,6,mV_6,59.598,,False,0.7557242532550176,0.7914811590269255,False
test_0026,6,7,mV_7,64.252,,False,0.7189607307475752,0.7172462225691043,False
test_0026,6,8,mV_8,66.834,,False,0.6753391755262491,0.728803620209262,False
test_0026,6,9,mV_9,68.219,,False,0.8455753990369745,0.7871976916272736,False
test_0026,6,10,mV_10,67.283,,False,0.7823007929088959,0.8032536779680772,False
test_0026,6,11,mV_11,64.005,,False,0.8028377270175425,0.7394914512623363,False
test_0026,6,12,mV_12,58.576,,False,0.569989558105364,0.5846050409745814,False
test_0026,6,13,mV_13,53.474,,False,0.3956033206700555,0.42965169170955664,False
test_0026,6,14,mV_14,49.412,,False,0.3574105673927516,0.31095937252057565,False
test_0026,6,15,mV_15,43.541,,False,0.133413034626744,0.21215672721978956,False
test_0026,6,16,mV_16,35.944,,False,0.22439027223291866,0.15912368400599544,False
test_0026,6,17,mV_17,29.409,,False,-0.05430115693140048,0.8297232948558774,False
test_0026,6,18,mV_18,18.223,,False,2.98590059332779,1.9837508972250482,False
test_0026,6,19,mV_19,30.421,,False,1.9089012453132117,1.7123796187929596,False
test_0026,6,20,mV_20,30.715,,False,0.04581539121762518,0.5001330069371155,False
test_0026,7,0,mV_0,39.467,,False,-0.17235194242453433,0.1074912878761333,False
test_0026,7,1,mV_1,39.845,,False,-0.08526126665546449,0.152877336933409,False
test_0026,7,2,mV_2,27.676,,False,-0.2686348719981726,0.15637482949717718,False
test_0026,7,3,mV_3,39.652,,False,0.002968307336899061,0.14826884597688444,False
test_0026,7,4,mV_4,46.264,,False,-0.3185038972355671,0.2592065734300175,False
test_0026,7,5,mV_5,51.647,,False,-0.39685019191203696,0.4040023887635637,False
test_0026,7,6,mV_6,56.275,,False,-0.5038052739946137,0.4541402379397607,False
test_0026,7,7,mV_7,61.06,,False,-0.41210021185777834,0.38833625012470663,False
test_0026,7,8,mV_8,64.18,,False,-0.22533930278865602,0.24799214607090322,False
test_0026,7,9,mV_9,65.299,,False,-0.1291897668485226,0.14419531775127362,False
test_0026,7,10,mV_10,64.701,,False,-0.09306243451939318,0.08320913957836394,False
test_0026,7,11,mV_11,61.657,,False,-0.017521922426146797,0.06516223700401592,False
test_0026,7,12,mV_12,57.406,,False,0.13254266864437692,0.08777212923268522,False
test_0026,7,13,mV_13,52.65,,False,0.06848125721584027,0.10260742822277427,False
test_0026,7,14,mV_14,48.337,,False,-0.14092452981503964,0.10719850313387302,False
test_0026,7,15,mV_15,43.113,,False,-0.0784636956895726,0.10455767563331382,False
test_0026,7,16,mV_16,35.747,,False,0.12037878133907048,0.23805799185265022,False
test_0026,7,17,mV_17,30.776,,False,0.6330107090428874,0.38463581742893754,False
test_0026,7,18,mV_18,11.9,,False,0.15214307029090507,0.24714415663595202,False
test_0026,7,19,mV_19,26.4,,False,0.05127977691911061,0.28889382917026196,False
test_0026,7,20,mV_20,32.46,,False,0.9008726925519216,0.46325629050573847,False
test_0026,8,0,mV_0,41.942,,False,0.8254750926648717,0.5560135444295533,False
test_0026,8,1,mV_1,41.621,,False,0.5731039923884699,0.5473897696274961,False
test_0026,8,2,mV_2,28.807,,False,0.21787600106817281,0.36655091393516637,False
test_0026,8,3,mV_3,38.644,,False,-0.4573476612158501,0.3436221014378289,False
test_0026,8,4,mV_4,47.647,,False,0.24191708225144265,0.34716315901832584,False
test_0026,8,5,mV_5,53.832,,False,0.447470810354568,0.4070043299341095,False
test_0026,8,6,mV_6,58.9,,False,0.49115861677585954,0.48695915838329407,False
test_0026,8,7,mV_7,63.685,,False,0.518048589626889,0.5772041652432075,False
test_0026,8,8,mV_8,67.147,,False,0.7815608649431924,0.7564728383933845,False
test_0026,8,9,mV_9,68.516,,False,0.9447210340602643,1.0309739237330018,False
test_0026,8,10,mV_10,69.261,,False,1.452892761868286,1.431664951430492,False
test_0026,8,11,mV_11,67.077,,False,1.8761532479251313,1.8517070812225898,False
test_0026,8,12,mV_12,62.94,,False,2.20162906717181,1.5698528455671878,False
test_0026,8,13,mV_13,,57.12773375272903,True,,,False
test_0026,8,14,mV_14,53.497,,False,2.2510839367823667,1.773114977374903,False
test_0026,8,15,mV_15,48.504,,False,2.590292035934879,2.4579629889694097,True
test_0026,8,16,mV_16,40.065,,False,2.400183947225514,2.300803109304104,True
test_0026,8,17,mV_17,33.122,,False,1.8125525068305086,1.6872111171519435,False
test_0026,8,18,mV_18,13.175,,False,0.7235555077212429,0.9286784487333934,False
test_0026,8,19,mV_19,25.304,,False,-0.4550502726605796,0.6197895681964641,False
test_0026,8,20,mV_20,32.347,,False,0.8455022197434543,0.536513678036872,False
test_0026,9,0,mV_0,41.329,,False,0.5783365179134354,0.4376340732850371,False
test_0026,9,1,mV_1,41.677,,False,0.5938632573132776,0.4871664799777617,False
test_0026,9,2,mV_2,28.725,,False,0.18260288737105612,0.4969254224893105,False
test_0026,9,3,mV_3,41.898,,False,1.028632657901852,0.7987436684095404,False
test_0026,9,4,mV_4,49.407,,False,0.9551064704634012,0.9535199889673309,False
test_0026,9,5,mV_5,54.939,,False,0.875234357040669,0.8095121231010052,False
test_0026,9,6,mV_6,59.009,,False,0.5324733078592818,0.5999407665732,False
test_0026,9,7,mV_7,63.52,,False,0.4595820935335674,0.5169817283491498,False
test_0026,9,8,mV_8,66.66,,False,0.6162894184701828,0.6054748775350673,False
test_0026,9,9,mV_9,67.872,,False,0.7297385796663367,0.7037527905978268,False
test_0026,9,10,mV_10,67.156,,False,0.7392445845884511,0.7758258821096952,False
test_0026,9,11,mV_11,64.269,,False,0.8950757795955416,0.8488758990723146,False
test_0026,9,12,mV_12,59.368,,False,0.8661074525097243,0.7904603709234995,False
test_0026,9,13,mV_13,53.824,,False,0.5345507990790078,0.483802262666935,False
test_0026,9,14,mV_14,,50.38297050441489,True,,,False
test_0026,9,15,mV_15,43.486,,False,0.10618588470291798,0.08279165485287435,False
test_0026,9,16,mV_16,35.744,,False,0.11879485000566144,0.2018366431478895,False
test_0026,9,17,mV_17,30.439,,False,0.4635709878773171,0.4094328369773417,False
test_0026,9,18,mV_18,12.881,,False,0.591794522149071,0.6640310728892214,False
test_0026,9,19,mV_19,28.473,,False,1.0089642593814263,0.6741746958994478,False
test_0026,9,20,mV_20,30.444,,False,-0.08697574268586765,0.2957289361882904,False
test_0026,10,0,mV_0,40.203,,False,0.12437561225255929,0.3835857113014431,False
test_0026,10,1,mV_1,36.607,,False,-1.2855916207006537,0.9473101145565221,False
test_0026,10,2,mV_2,30.843,,False,1.093681604572222,1.1736889489947262,False
test_0026,10,3,mV_3,42.321,,False,1.221800966133807,0.8896900656837139,False
test_0026,10,4,mV_4,46.997,,False,-0.021476725895019505,0.43172726794902255,False
test_0026,10,5,mV_5,51.478,,False,-0.4621546538722443,0.34486751073781235,False
test_0026,10,6,mV_6,56.46,,False,-0.4336840093117414,0.3966938138265861,False
test_0026,10,7,mV_7,61.497,,False,-0.2572525828106174,0.32714907820672146,False
test_0026,10,8,mV_8,63.782,,False,-0.36040713789390955,0.31595498365628666,False
test_0026,10,9,mV_9,64.83,,False,-0.28575307602671024,0.3133696878253037,False
test_0026,10,10,mV_10,64.027,,False,-0.3215654613538849,0.27433522907206376,False
test_0026,10,11,mV_11,61.225,,False,-0.16845691755377482,0.22561001543443807,False
test_0026,10,12,mV_12,56.399,,False,-0.24396076527631774,0.27649319723955784,False
test_0026,10,13,mV_13,51.345,,False,-0.449594340851821,0.45220810583577875,False
test_0026,10,14,mV_14,47.205,,False,-0.6656829763631552,0.6029719032941512,False
test_0026,10,15,mV_15,41.997,,False,-0.6309273195984734,0.6670723756210749,False
test_0026,10,16,mV_16,34.116,,False,-0.7407518869241977,0.6561931412161062,False
test_0026,10,17,mV_17,28.498,,False,-0.5123414714175559,0.6269580820457201,False
test_0026,10,18,mV_18,9.904,,False,-0.7423974984235707,0.5484849841101862,False
test_0026,10,19,mV_19,25.863,,False,-0.19680346817604735,0.4424562117420414,False
test_0026,10,20,mV_20,29.328,,False,-0.6338204121925002,0.3661110731402619,False
test_0026,11,0,mV_0,43.403,,False,1.4144954151964348,0.7307872312183131,False
test_0026,11,1,mV_1,40.329,,False,0.0941580944803826,0.7988696798916748,False
test_0026,11,2,mV_2,32.003,,False,1.5926671154094991,1.4703319679392508,False
test_0026,11,3,mV_3,45.343,,False,2.601835546457622,2.1938596901532326,True
test_0026,11,4,mV_4,51.934,,False,1.9791005522881868,2.036086520801186,True
test_0026,11,5,mV_5,56.774,,False,1.5843094321707467,1.6328756952813341,False
test_0026,11,6,mV_6,61.255,,False,1.3837833644956565,1.4481580904654348,False
test_0026,11,7,mV_7,66.289,,False,1.4407562006996795,1.4140896802277854,False
test_0026,11,8,mV_8,68.943,,False,1.3910629550161262,1.3877081843518635,False
test_0026,11,9,mV_9,69.664,,False,1.327950626675522,1.2804609506744205,False
test_0026,11,10,mV_10,68.146,,False,1.0748795943305114,1.1380925720522352,False
test_0026,11,11,mV_11,64.783,,False,1.074660472872396,1.185778337675932,False
test_0026,11,12,mV_12,61.114,,False,1.5189128106284253,1.4973173836596811,False
test_0026,11,13,mV_13,57.205,,False,1.876783440509477,1.801504967203404,False
test_0026,11,14,mV_14,52.812,,False,1.9335401771662373,1.4359659487104879,False
test_0026,11,15,mV_15,,45.94257309778155,True,,,False
test_0026,11,16,mV_16,37.877,,False,1.2449700280593423,0.9200101030496306,False
test_0026,11,17,mV_17,31.884,,False,1.1901003560798376,0.921140578357934,False
test_0026,11,18,mV_18,11.428,,False,-0.05939157321271843,0.4734375368416216,False
test_0026,11,19,mV_19,27.555,,False,0.5848666448612118,0.783259030108342,False
test_0026,11,20,mV_20,34.507,,False,1.903911257498226,1.098172289964416,False
test_0026,12,0,mV_0,38.242,,False,-0.666225929488988,0.4578539048730321,False
test_0026,12,1,mV_1,38.729,,False,-0.4989637605141526,0.5248150531922338,False
test_0026,12,2,mV_2,27.289,,False,-0.43510676225164213,0.3957809361519192,False
test_0026,12,3,mV_3,40.114,,False,0.21394645959024008,0.2985163593025154,False
test_0026,12,4,mV_4,46.233,,False,-0.33106575577793923,0.43425372540094526,False
test_0026,12,5,mV_5,50.446,,False,-0.8609369304576625,0.8175216552843532,False
test_0026,12,6,mV_6,54.393,,False,-1.2171470044441481,1.1065729704878289,False
test_0026,12,7,mV_7,59.031,,False,-1.1310609426053568,0.8698172224137155,False
test_0026,12,8,mV_8,,62.50279659602364,True,,,False
test_0026,12,9,mV_9,62.306,,False,-1.1283240618811647,0.786774493841473,False
test_0026,12,10,mV_10,62.349,,False,-0.8904498516035627,0.8695194209014095,False
test_0026,12,11,mV_11,60.079,,False,-0.5688539185173479,0.6010250733033724,False
test_0026,12,12,mV_12,56.046,,False,-0.37594260457523104,0.4175728210162962,False
test_0026,12,13,mV_13,51.597,,False,-0.34955215639737497,0.3232309143861378,False
test_0026,12,14,mV_14,48.171,,False,-0.21787674017457034,0.26544624206143147,False
test_0026,12,15,mV_15,43.83,,False,0.2764793314992103,0.27071746896363247,False
test_0026,12,16,mV_16,36.11,,False,0.3120344726815389,0.23921514693852747,False
test_0026,12,17,mV_17,29.629,,False,0.05631231089182181,0.27394477698202796,False
test_0026,12,18,mV_18,13.058,,False,0.6711200134629293,0.777316043759528,False
test_0026,12,19,mV_19,22.586,,False,-1.7107118372204317,1.0774651358931058,False
test_0026,12,20,mV_20,30.178,,False,-0.2173168556686304,0.5363363871394231,False
test_0026,13,0,mV_0,45.676,,False,2.3308836377250093,1.6315058514824285,False
test_0026,13,1,mV_1,45.104,,False,1.8642561304796956,1.751813322328415,False
test_0026,13,2,mV_2,30.504,,False,0.9478573906292597,0.9399927279345537,False
test_0026,13,3,mV_3,,41.34961893799585,True,,,False
test_0026,13,4,mV_4,49.904,,False,1.1565014283846222,0.8527033420457923,False
test_0026,13,5,mV_5,55.515,,False,1.0978105114139252,1.1566860157801846,False
test_0026,13,6,mV_6,60.967,,False,1.274621611908266,1.3075638952393758,False
test_0026,13,7,mV_7,66.691,,False,1.5832018457270458,1.5756125290769547,False
test_0026,13,8,mV_8,70.329,,False,1.861424812945462,1.8223244989426566,False
test_0026,13,9,mV_9,71.627,,False,1.9832465241526567,1.939370035501316,False
test_0026,13,10,mV_10,70.667,,False,1.9295622807544885,1.9298057766780885,False
test_0026,13,11,mV_11,67.079,,False,1.8768520210507202,1.9057002856453642,False
test_0026,13,12,mV_12,62.239,,False,1.939534819725527,1.9122454514062182,False
test_0026,13,13,mV_13,57.246,,False,1.893060145123098,1.9379771983988063,False
test_0026,13,14,mV_14,53.012,,False,2.0262536836235023,2.0131753492323634,True
test_0026,13,15,mV_15,47.528,,False,2.107133884559352,1.9672007158716214,False
test_0026,13,16,mV_16,38.603,,False,1.6282814107442787,1.6632115986696354,False
test_0026,13,17,mV_17,32.081,,False,1.2891496886306324,1.1792069946290598,False
test_0026,13,18,mV_18,10.422,,False,-0.5102471905106959,0.7698256758527331,False
test_0026,13,19,mV_19,27.955,,False,0.7696586337589083,0.8108649131748947,False
test_0026,13,20,mV_20,33.058,,False,1.1938951946710663,0.7893622557752602,False
test_0026,14,0,mV_0,40.023,,False,0.05180637333696629,0.039155753116017586,False
test_0026,14,1,mV_1,40.218,,False,0.05301026579013777,0.24458923957459186,False
test_0026,14,2,mV_2,26.393,,False,-0.8205300533811256,0.6638934045934073,False
test_0026,14,3,mV_3,37.54,,False,-0.9615032458212404,0.8958900455972929,False
test_0026,14,4,mV_4,44.977,,False,-0.8400236373655651,0.7924456175635438,False
test_0026,14,5,mV_5,51.307,,False,-0.5282319497018045,0.6465048509269026,False
test_0026,14,6,mV_6,55.785,,False,-0.6895318669384362,0.6771159628143675,False
test_0026,14,7,mV_7,59.962,,False,-0.8011681676787932,0.7233912161780309,False
test_0026,14,8,mV_8,63.071,,False,-0.6016966624161013,0.5953621087685651,False
test_0026,14,9,mV_9,64.557,,False,-0.37688694256326444,0.38713635861497653,False
test_0026,14,10,mV_10,64.406,,False,-0.19307488691727587,0.19075917909945406,False
test_0026,14,11,mV_11,,61.39630106645175,True,,,False
test_0026,14,12,mV_12,56.461,,False,-0.22077981899718924,0.20680953469452032,False
test_0026,14,13,mV_13,51.506,,False,-0.3856785007837028,0.37447224957224257,False
test_0026,14,14,mV_14,47.55,,False,-0.5057521777243755,0.43425679779768817,False
test_0026,14,15,mV_15,42.585,,False,-0.33984433495829885,0.4220187643606774,False
test_0026,14,16,mV_16,34.567,,False,-0.5026342098017365,0.43897273774450185,False
test_0026,14,17,mV_17,28.7,,False,-0.4107781964162356,0.6023588908789954,False
test_0026,14,18,mV_18,9.139,,False,-1.0852449608817742,0.9140738783980342,False
test_0026,14,19,mV_19,23.962,,False,-1.075027395412353,0.8126837208767679,False
test_0026,14,20,mV_20,30.59,,False,-0.015435131800590925,0.27647441475338375,False
test_0026,15,0,mV_0,42.512,,False,1.0552776825642503,0.7218862487928351,False
test_0026,15,1,mV_1,42.171,,False,0.7769896300428399,0.6618315239618573,False
test_0026,15,2,mV_2,28.212,,False,-0.03806915319749907,0.21328198410945953,False
test_0026,15,3,mV_3,,39.11569971641784,True,,,False
test_0026,15,4,mV_4,46.865,,False,-0.07496593001091562,0.051587183121123925,False
test_0026,15,5,mV_5,52.528,,False,-0.056416872462664476,0.05682211664282595,False
test_0026,15,6,mV_6,57.5,,False,-0.03948879163505925,0.058032482771797136,False
test_0026,15,7,mV_7,62.496,,False,0.09673547535440558,0.1306098246216323,False
test_0026,15,8,mV_8,65.697,,False,0.28947955614265874,0.3048733434191325,False
test_0026,15,9,mV_9,67.315,,False,0.543798786036807,0.5050943908888061,False
test_0026,15,10,mV_10,66.873,,False,0.6433004353389521,0.6314065805978153,False
test_0026,15,11,mV_11,63.697,,False,0.6952266656765499,0.6776686966664142,False
test_0026,15,12,mV_12,58.862,,False,0.6769210199736048,0.644217656795012,False
test_0026,15,13,mV_13,53.807,,False,0.5278019215562885,0.49466980568255414,False
test_0026,15,14,mV_14,49.172,,False,0.24615435964403473,0.2881333993230146,False
test_0026,15,15,mV_15,43.004,,False,-0.13242295644770052,0.24786486091836196,False
test_0026,15,16,mV_16,34.609,,False,-0.48045917113401204,0.283014003113463,False
test_0026,15,17,mV_17,29.44,,False,-0.03871471373812726,0.13947214965256663,False
test_0026,15,18,mV_18,,11.609042378799982,True,,,False
test_0026,15,19,mV_19,27.391,,False,0.5091019294131551,0.31414772360330173,False
test_0026,15,20,mV_20,31.108,,False,0.23838703558689675,0.24646900014673717,False
test_0026,16,0,mV_0,36.75,,False,-1.2677442876115697,0.9396079249974985,False
test_0026,16,1,mV_1,36.776,,False,-1.2229431247668545,1.3451788298143081,False
test_0026,16,2,mV_2,24.425,,False,-1.6670847821119543,1.546335857236486,False
test_0026,16,3,mV_3,36.08,,False,-1.628230739955181,1.2308865655055792,False
test_0026,16,4,mV_4,,43.20764069366838,True,,,False
test_0026,16,5,mV_5,48.377,,False,-1.6604335683018732,1.2784416447934353,False
test_0026,16,6,mV_6,52.874,,False,-1.7928994425699947,1.756612168470844,False
test_0026,16,7,mV_7,57.199,,False,-1.7802162204415135,1.7300466609894734,False
test_0026,16,8,mV_8,60.227,,False,-1.5668547605048715,1.5571308551622243,False
test_0026,16,9,mV_9,61.748,,False,-1.3145976791976406,1.39147042287221,False
test_0026,16,10,mV_10,60.935,,False,-1.3698315725886874,1.4139753556289203,False
test_0026,16,11,mV_11,57.123,,False,-1.6016405981406656,1.5988118280696662,False
test_0026,16,12,mV_12,52.178,,False,-1.8221345434086462,1.7410732500203074,False
test_0026,16,13,mV_13,48.149,,False,-1.7183833151232717,1.7035425611189476,False
test_0026,16,14,mV_14,45.286,,False,-1.555269070820601,1.532656685667027,False
test_0026,16,15,mV_15,40.642,,False,-1.3017052859036347,1.4103098426746346,False
test_0026,16,16,mV_16,32.711,,False,-1.4825597280706677,1.0667061855112425,False
test_0026,16,17,mV_17,,25.531885763270225,True,,,False
test_0026,16,18,mV_18,10.136,,False,-0.6384228431421293,0.36286852894814536,False
test_0026,16,19,mV_19,25.911,,False,-0.17462842950832286,0.4037825149893449,False
test_0026,16,20,mV_20,29.341,,False,-0.6274503577986048,0.35738228627638313,False
test_0027,1,0,mV_0,36.344,,False,-0.7357714501164297,0.6136142560766537,False
test_0027,1,1,mV_1,29.728,,False,-0.982914124073755,0.7630987788952523,False
test_0027,1,2,mV_2,27.216,,False,0.35079541731706937,0.5915755802149824,False
test_0027,1,3,mV_3,35.076,,False,0.6817973621520358,0.4559768894200372,False
test_0027,1,4,mV_4,41.604,,False,0.10951741605900805,0.229410332732112,False
test_0027,1,5,mV_5,47.867,,False,-0.01680913665839611,0.05814692026983853,False
test_0027,1,6,mV_6,52.638,,False,-0.08945199170355385,0.08905755688042838,False
test_0027,1,7,mV_7,55.696,,False,0.16051710745620973,0.1115723409778653,False
test_0027,1,8,mV_8,57.533,,False,0.035803157295487865,0.10547554701915178,False
test_0027,1,9,mV_9,57.635,,False,-0.18977876602942167,0.17490834296199725,False
test_0027,1,10,mV_10,55.626,,False,-0.2842726824936577,0.23980535115602858,False
test_0027,1,11,mV_11,54.485,,False,-0.20089727360737714,0.1954922619456373,False
test_0027,1,12,mV_12,51.27,,False,-0.09590181807413713,0.1366339044985332,False
test_0027,1,13,mV_13,46.739,,False,-0.1538347082384814,0.16660350633936064,False
test_0027,1,14,mV_14,42.846,,False,-0.26284279080634265,0.20397588975376485,False
test_0027,1,15,mV_15,36.751,,False,-0.1363832691638927,0.2784360664570874,False
test_0027,1,16,mV_16,31.439,,False,-0.5781349366942217,0.591589490793185,False
test_0027,1,17,mV_17,22.892,,False,-1.073704820620404,0.6818903319285492,False
test_0027,1,18,mV_18,12.857,,False,-0.002016749779166805,0.4904919967635545,False
test_0027,1,19,mV_19,20.471,,False,0.8842296668754804,0.4426190208825319,False
test_0027,1,20,mV_20,,20.68919027077699,True,,,False
test_0027,2,0,mV_0,36.766,,False,-0.5656369011032072,0.710839276691019,False
test_0027,2,1,mV_1,27.761,,False,-1.7120833045576618,1.7809334075557068,False
test_0027,2,2,mV_2,19.115,,False,-3.1339301200042966,4.145410386057129,True
test_0027,2,3,mV_3,14.747,,False,-8.601697999662264,6.690804228812125,True
test_0027,2,4,mV_4,25.476,,False,-6.425890795919676,6.6402363563947215,True
test_0027,2,5,mV_5,34.693,,False,-5.1074658340772725,5.431769468423219,True
test_0027,2,6,mV_6,39.455,,False,-5.086255409618657,5.0384890932735615,True
test_0027,2,7,mV_7,41.488,,False,-4.873979719779658,4.975535820048417,True
test_0027,2,8,mV_8,42.494,,False,-5.067928431015696,5.169916248190973,True
test_0027,2,9,mV_9,41.219,,False,-5.669828410952843,5.519572825970395,True
test_0027,2,10,mV_10,39.738,,False,-5.670706050960199,5.770021277157502,True
test_0027,2,11,mV_11,37.69,,False,-6.0688445957567705,6.10958320535496,True
test_0027,2,12,mV_12,33.794,,False,-6.629937578946102,6.5955723117201295,True
test_0027,2,13,mV_13,29.359,,False,-7.053569493231543,6.768742966706936,True
test_0027,2,14,mV_14,29.741,,False,-6.337895301418557,6.185964638350771,True
test_0027,2,15,mV_15,26.897,,False,-5.014498457334425,5.390018770305957,True
test_0027,2,16,mV_16,22.698,,False,-5.1931828651364205,4.764851158965076,True
test_0027,2,17,mV_17,17.751,,False,-3.658540448253038,3.6750574846269672,False
test_0027,2,18,mV_18,7.975,,False,-2.189966176865372,2.8553880346820937,False
test_0027,2,19,mV_19,11.234,,False,-3.3830793367445917,2.239031212588639,False
test_0027,2,20,mV_20,,9.358333559725189,True,,,False
test_0027,3,0,mV_0,38.879,,False,0.28624533127817187,0.23426881319957424,False
test_0027,3,1,mV_1,31.396,,False,-0.3645845902419532,0.2538536279405196,False
test_0027,3,2,mV_2,,22.754511648101754,True,,,False
test_0027,3,3,mV_3,23.681,,False,-4.521873730763205,3.1241324988343697,True
test_0027,3,4,mV_4,32.813,,False,-3.452782533811069,3.384173909078287,True
test_0027,3,5,mV_5,42.452,,False,-2.109256837927806,2.3359931619376315,True
test_0027,3,6,mV_6,48.461,,False,-1.6726764380838455,1.787800282000883,False
test_0027,3,7,mV_7,50.455,,False,-1.696591413908035,1.8203532344929578,False
test_0027,3,8,mV_8,50.899,,False,-2.2155536720719167,2.2107134289590054,False
test_0027,3,9,mV_9,50.07,,False,-2.7151549577841534,2.6153247197390845,False
test_0027,3,10,mV_10,48.16,,False,-2.8154352913161156,2.815850834939574,False
test_0027,3,11,mV_11,46.71,,False,-2.9173777993419123,2.888868460653103,False
test_0027,3,12,mV_12,43.756,,False,-2.9052829526124726,2.97016549741649,False
test_0027,3,13,mV_13,39.185,,False,-3.152718285099101,3.0457786349576383,False
test_0027,3,14,mV_14,37.001,,False,-2.972395017019879,2.916628418556051,False
test_0027,3,15,mV_15,31.837,,False,-2.5690053550853453,2.7925082715563234,False
test_0027,3,16,mV_16,26.739,,False,-3.0596273590347245,2.766549559277249,False
test_0027,3,17,mV_17,20.298,,False,-2.3779381639542025,1.9538759217357824,False
test_0027,3,18,mV_18,,11.120080117422622,True,,,False
test_0027,3,19,mV_19,,15.555004202553219,True,,,False
test_0027,3,20,mV_20,13.86,,False,-3.0748544950851646,1.5374272475425823,False
test_0027,4,0,mV_0,38.292,,False,0.049588979925655835,0.06774948680501033,False
test_0027,4,1,mV_1,31.916,,False,-0.17181998736872967,0.09986656838714526,False
test_0027,4,2,mV_2,26.415,,False,0.006237318885465921,0.1414019880660521,False
test_0027,4,3,mV_3,34.418,,False,0.38131332712454685,0.27470543638749834,False
test_0027,4,4,mV_4,42.148,,False,0.3299577724154336,0.4290265120916711,False
test_0027,4,5,mV_5,49.657,,False,0.6748771764112702,0.5333539148573277,False
test_0027,4,6,mV_6,54.071,,False,0.4537035341913368,0.47228619092093566,False
test_0027,4,7,mV_7,56.109,,False,0.30686051888979876,0.29778090800269835,False
test_0027,4,8,mV_8,57.792,,False,0.12369906003985903,0.14494903775524223,False
test_0027,4,9,mV_9,58.28,,False,0.025537512051452178,0.05433043864241517,False
test_0027,4,10,mV_10,56.59,,False,0.04254767042689729,0.04635039433586782,False
test_0027,4,11,mV_11,55.274,,False,0.07476872443822453,0.0499374467561678,False
test_0027,4,12,mV_12,51.547,,False,0.007664667721324806,0.08678772373435818,False
test_0027,4,13,mV_13,46.479,,False,-0.25705283505655857,0.3799578087117216,False
test_0027,4,14,mV_14,41.26,,False,-0.9980608970124445,0.9020860341634214,False
test_0027,4,15,mV_15,34.289,,False,-1.355169507572238,1.428414245063125,False
test_0027,4,16,mV_16,28.736,,False,-2.005257068095579,2.077943200384217,True
test_0027,4,17,mV_17,19.168,,False,-2.946089157773474,2.080294230144041,True
test_0027,4,18,mV_18,11.916,,False,-0.42374153693363636,1.2105666921587945,False
test_0027,4,19,mV_19,20.827,,False,1.0486945369944316,0.7515391284140128,False
test_0027,4,20,mV_20,21.125,,False,0.48502590273355173,0.5046865856153837,False
test_0027,5,0,mV_0,35.351,,False,-1.1361117514674526,0.5972949296791599,False
test_0027,5,1,mV_1,32.695,,False,0.1169562157817343,0.4559069554943485,False
test_0027,5,2,mV_2,25.346,,False,-0.45360363894647276,0.33059105384152343,False
test_0027,5,3,mV_3,32.93,,False,-0.2982007216914141,0.37674674110170914,False
test_0027,5,4,mV_4,40.206,,False,-0.4569818820775356,0.32453556345296153,False
test_0027,5,5,mV_5,47.688,,False,-0.08597776796536086,0.17163764130179002,False
test_0027,5,6,mV_6,53.026,,False,0.0576131471989028,0.050301015590791615,False
test_0027,5,7,mV_7,,53.89778857644904,True,,,False
test_0027,5,8,mV_8,56.18,,False,-0.4233596087783893,0.3595219697458869,False
test_0027,5,9,mV_9,56.432,,False,-0.591368661426769,0.5993030953405835,False
test_0027,5,10,mV_10,54.131,,False,-0.7911154497304065,0.747266949613034,False
test_0027,5,11,mV_11,52.726,,False,-0.8154682375645539,0.7872684249236149,False
test_0027,5,12,mV_12,49.582,,False,-0.7270217748349457,0.7321795810215133,False
test_0027,5,13,mV_13,45.466,,False,-0.6592065368516079,0.6737232403178233,False
test_0027,5,14,mV_14,42.012,,False,-0.6494581127331311,0.6397131743638428,False
test_0027,5,15,mV_15,35.813,,False,-0.6007299351375012,0.46272949575203337,False
test_0027,5,16,mV_16,,31.341535886226303,True,,,False
test_0027,5,17,mV_17,20.629,,False,-2.211515173729264,1.1653077261772253,False
test_0027,5,18,mV_18,12.33,,False,-0.2382005572503729,0.8185422182519886,False
test_0027,5,19,mV_19,19.826,,False,0.5862525847779441,0.5134173639940439,False
test_0027,5,20,mV_20,18.823,,False,-0.6429637291699145,0.46804501077944327,False
test_0027,6,0,mV_0,36.476,,False,-0.6825540082449957,0.5758845003597893,False
test_0027,6,1,mV_1,29.848,,False,-0.938429984949166,0.674965298261774,False
test_0027,6,2,mV_2,26.727,,False,0.14044721490376857,0.5559955706574409,False
test_0027,6,3,mV_3,35.783,,False,1.0046578678730604,0.6963143851288046,False
test_0027,6,4,mV_4,42.902,,False,0.635494589865329,0.6436351366438611,False
test_0027,6,5,mV_5,48.684,,False,0.29889349897172557,0.35029839729613005,False
test_0027,6,6,mV_6,52.431,,False,-0.16791200137574,0.21847465552624468,False
test_0027,6,7,mV_7,54.568,,False,-0.23918112038177314,0.21760644061460604,False
test_0027,6,8,mV_8,56.767,,False,-0.22415152031913793,0.17708703536356024,False
test_0027,6,9,mV_9,58.266,,False,0.020863980434191964,0.08473485630683315,False
test_0027,6,10,mV_10,56.68,,False,0.07305994403981075,0.06760057277531606,False
test_0027,6,11,mV_11,55.356,,False,0.10341842258745074,0.1149807522770685,False
test_0027,6,12,mV_12,52.008,,False,0.18002621989356174,0.1381489362385078,False
test_0027,6,13,mV_13,47.351,,False,0.08912488257945696,0.11958499397865828,False
test_0027,6,14,mV_14,43.672,,False,0.12006399086215748,0.08843932480880373,False
test_0027,6,15,mV_15,37.076,,False,0.024504434931442998,0.1446957747416983,False
test_0027,6,16,mV_16,31.758,,False,-0.4097102382417498,0.21204965339520992,False
test_0027,6,17,mV_17,25.036,,False,0.004273702165897226,0.20377729561290825,False
test_0027,6,18,mV_18,13.747,,False,0.39685153987808874,0.2847295003595816,False
test_0027,6,19,mV_19,19.295,,False,0.3409412195162517,0.459785558283511,False
test_0027,6,20,mV_20,21.687,,False,0.7604082542234516,0.46543943199078874,False
test_0027,7,0,mV_0,37.975,,False,-0.07821351305347203,0.13451596741999722,False
test_0027,7,1,mV_1,33.409,,False,0.3816368435730448,0.40937453449048966,False
test_0027,7,2,mV_2,24.55,,False,-0.7960109377623972,0.742752496073865,False
test_0027,7,3,mV_3,31.399,,False,-0.9973512651976209,0.9469638168892689,False
test_0027,7,4,mV_4,38.873,,False,-0.9971417993994367,0.9050355020616669,False
test_0027,7,5,mV_5,46.284,,False,-0.6285071442501733,0.6490111581154183,False
test_0027,7,6,mV_6,51.972,,False,-0.3418885445618898,0.3754643544191359,False
test_0027,7,7,mV_7,54.708,,False,-0.18957318430259065,0.25979773294702607,False
test_0027,7,8,mV_8,56.49,,False,-0.31815601862103327,0.28821638072733324,False
test_0027,7,9,mV_9,57.224,,False,-0.32698030136467593,0.3769017558142601,False
test_0027,7,10,mV_10,54.885,,False,-0.5354904019066553,0.5205149987828641,False
test_0027,7,11,mV_11,53.102,,False,-0.6840988899534698,0.5464463356453462,False
test_0027,7,12,mV_12,50.772,,False,-0.2820971607677896,0.3153981175341908,False
test_0027,7,13,mV_13,47.16,,False,0.01329925864771401,0.19283401882124174,False
test_0027,7,14,mV_14,44.411,,False,0.4626403972217493,0.5207157271315456,False
test_0027,7,15,mV_15,39.338,,False,1.1442828554349695,0.8852649665878903,False
test_0027,7,16,mV_16,34.03,,False,0.789853758259873,0.8521342253083554,False
test_0027,7,17,mV_17,26.389,,False,0.684546529278706,0.6327872981819478,False
test_0027,7,18,mV_18,13.692,,False,0.37220237591050614,0.6022027005574394,False
test_0027,7,19,mV_19,16.436,,False,-0.9798595211300395,0.5829803545426463,False
test_0027,7,20,mV_20,,19.37212907168273,True,,,False
test_0027,8,0,mV_0,41.555,,False,1.3651080164899905,1.175169511404909,False
test_0027,8,1,mV_1,37.695,,False,1.9704620126396546,1.466901455355701,False
test_0027,8,2,mV_2,27.706,,False,0.5615737796535047,0.774315718321096,False
test_0027,8,3,mV_3,33.575,,False,-0.0036533013377198394,0.19330489233016993,False
test_0027,8,4,mV_4,41.838,,False,0.20433918699173523,0.3171095985238518,False
test_0027,8,5,mV_5,50.126,,False,0.8561067187742168,0.8152464342838872,False
test_0027,8,6,mV_6,56.421,,False,1.34443311259538,1.284435508626823,False
test_0027,8,7,mV_7,59.738,,False,1.5927690905423153,1.5228914686692536,False
test_0027,8,8,mV_8,62.029,,False,1.5615945809970035,1.577950596996721,False
test_0027,8,9,mV_9,62.984,,False,1.595844135450562,1.5614603923658006,False
test_0027,8,10,mV_10,60.867,,False,1.4925587175650752,1.5321860109411265,False
test_0027,8,11,mV_11,59.49,,False,1.5477824731837944,1.622193578926526,False
test_0027,8,12,mV_12,56.61,,False,1.9006506517734398,1.7743103878782522,False
test_0027,8,13,mV_13,51.53,,False,1.7481577747823354,1.8077098397656979,False
test_0027,8,14,mV_14,47.369,,False,1.8338731577246812,1.8220973615891563,False
test_0027,8,15,mV_15,40.809,,False,1.8724853561249268,1.6783666704515992,False
test_0027,8,16,mV_16,34.683,,False,1.1346228118318613,1.167980360651238,False
test_0027,8,17,mV_17,26.082,,False,0.5301904628163026,0.5576582458907663,False
test_0027,8,18,mV_18,12.782,,False,-0.03562924609859879,0.24044833334100224,False
test_0027,8,19,mV_19,19.337,,False,0.3603443783505088,0.535125395860145,False
test_0027,8,20,mV_20,22.96,,False,1.3841835806409635,0.7821778849081089,False
test_0027,9,0,mV_0,,29.44692255955149,True,,,False
test_0027,9,1,mV_1,31.046,,False,-0.49432999602200806,0.24716499801100403,False
test_0027,9,2,mV_2,,29.586447931536856,True,,,False
test_0027,9,3,mV_3,29.404,,False,-1.9083932862916018,0.9541966431458009,False
test_0027,9,4,mV_4,,30.824119640803133,True,,,False
test_0027,9,5,mV_5,26.984,,False,-8.086353983492947,6.579292570087516,False
test_0027,9,6,mV_6,26.11,,False,-10.144462313364167,9.744655151186482,False
test_0027,9,7,mV_7,25.319,,False,-10.603341994524648,10.639977525209986,False
test_0027,9,8,mV_8,24.399,,False,-11.208763798426483,11.127728496063241,False
test_0027,9,9,mV_9,23.784,,False,-11.49004439287535,8.547213146044296,False
test_0027,9,10,mV_10,,23.298284548492376,True,,,False
test_0027,9,11,mV_11,20.211,,False,-12.175772326858242,9.226614331090486,True
test_0027,9,12,mV_12,17.947,,False,-12.55491267064546,12.409655996974527,True
test_0027,9,13,mV_13,16.01,,False,-12.353026319748942,9.315241327535837,True
test_0027,9,14,mV_14,,21.222209280065748,True,,,False
test_0027,9,15,mV_15,33.519,,False,-1.7363496065058006,3.4130244789297564,False
test_0027,9,16,mV_16,51.814,,False,10.179398702707424,8.505888136357445,False
test_0027,9,17,mV_17,48.752,,False,11.928405533509132,10.081725124390431,False
test_0027,9,18,mV_18,26.898,,False,6.290690727836034,6.2850974128236485,False
test_0027,9,19,mV_19,17.192,,False,-0.630602662113392,2.467301019614671,False
test_0027,9,20,mV_20,15.406,,False,-2.317308026395868,1.316304678726282,False
test_0027,10,0,mV_0,38.199,,False,0.012094873152598006,0.15761787311435532,False
test_0027,10,1,mV_1,34.015,,False,0.6062817461522253,0.3152517197405014,False
test_0027,10,2,mV_2,26.316,,False,-0.03634851350495694,0.1745396512962924,False
test_0027,10,3,mV_3,33.625,,False,0.019179832023030374,0.018677044387754423,False
test_0027,10,4,mV_4,,40.99146853542759,True,,,False
test_0027,10,5,mV_5,46.825,,False,-0.41945558259056864,0.28913538562534624,False
test_0027,10,6,mV_6,52.036,,False,-0.3176303773202478,0.27120886031978486,False
test_0027,10,7,mV_7,55.158,,False,-0.030119104048075225,0.12013173185619623,False
test_0027,10,8,mV_8,57.125,,False,-0.10265834200838668,0.08785987981974056,False
test_0027,10,9,mV_9,57.856,,False,-0.11600373121411367,0.0841326108449065,False
test_0027,10,10,mV_10,56.459,,False,-0.0018646389430119772,0.09622935256546919,False
test_0027,10,11,mV_11,55.819,,False,0.26518440116173914,0.3163093489465939,False
test_0027,10,12,mV_12,53.487,,False,0.7330039545198852,0.6311456029791556,False
test_0027,10,13,mV_13,49.125,,False,0.7933901017151129,0.8347922903619326,False
test_0027,10,14,mV_14,45.612,,False,1.0193850034976193,1.0730694758154247,False
test_0027,10,15,mV_15,39.976,,False,1.4601177945513475,1.2508736178849786,False
test_0027,10,16,mV_16,34.549,,False,1.0638738789396,1.2141630768029756,False
test_0027,10,17,mV_17,27.551,,False,1.268786754781355,1.0970509714214516,False
test_0027,10,18,mV_18,14.617,,False,0.7867564971834966,1.2002737078659846,False
test_0027,10,19,mV_19,14.317,,False,-1.9587950823155897,1.2859896636410284,False
test_0027,10,20,mV_20,19.238,,False,-0.4396119927494379,0.7095047669536164,False
test_0027,11,0,mV_0,39.48,,False,0.5285459567685684,0.445777533541596,False
test_0027,11,1,mV_1,34.338,,False,0.7260182206292471,0.7330778069911354,False
test_0027,11,2,mV_2,28.613,,False,0.9517288299374793,0.9913035455270405,False
test_0027,11,3,mV_3,36.508,,False,1.3357383016039563,1.1040827716638235,False
test_0027,11,4,mV_4,43.291,,False,0.7931256535099023,0.9535082755807069,False
test_0027,11,5,mV_5,50.219,,False,0.8920434936990667,0.9014776363747297,False
test_0027,11,6,mV_6,55.588,,False,1.0286979045908835,1.049978408619198,False
test_0027,11,7,mV_7,58.772,,False,1.2504743315959574,1.2206327001411006,False
test_0027,11,8,mV_8,61.414,,False,1.3528842327816042,1.376588271874494,False
test_0027,11,9,mV_9,62.847,,False,1.5501102903388102,1.4562426344055266,False
test_0027,11,10,mV_10,60.511,,False,1.371865724162881,1.370613706323664,False
test_0027,11,11,mV_11,58.462,,False,1.188613086630084,1.2813885135759804,False
test_0027,11,12,mV_12,55.208,,False,1.3764621568808728,1.3679365326174597,False
test_0027,11,13,mV_13,50.981,,False,1.5302087300780092,1.6471900254774967,False
test_0027,11,14,mV_14,48.055,,False,2.151880484873096,1.4584924249560505,False
test_0027,11,15,mV_15,,40.25835609290552,True,,,False
test_0027,11,16,mV_16,35.946,,False,1.8014579031969782,1.2508582863957414,False
test_0027,11,17,mV_17,27.813,,False,1.4005173391890096,1.4226042614451504,False
test_0027,11,18,mV_18,15.289,,False,1.087924464205604,1.0101640349264205,False
test_0027,11,19,mV_19,17.552,,False,-0.4642898721054646,0.8458844106530989,False
test_0027,11,20,mV_20,22.925,,False,1.3670334341958628,0.7995891851242976,False
test_0027,12,0,mV_0,38.855,,False,0.27656943275609247,0.39809989145260505,False
test_0027,12,1,mV_1,35.183,,False,1.0392607002982353,0.6123777341202058,False
test_0027,12,2,mV_2,26.181,,False,-0.09442010312825991,0.310678527976409,False
test_0027,12,3,mV_3,33.551,,False,-0.01461320535088087,0.04147430087521437,False
test_0027,12,4,mV_4,41.438,,False,0.04225068967083583,0.14944640972291584,False
test_0027,12,5,mV_5,49.201,,False,0.4986710541991108,0.4480885125715657,False
test_0027,12,6,mV_6,54.86,,False,0.7527612522172052,0.6821173563473952,False
test_0027,12,7,mV_7,57.287,,False,0.7242758667560599,0.671694162335635,False
test_0027,12,8,mV_8,58.858,,False,0.4854636636132149,0.5717264197740513,False
test_0027,12,9,mV_9,59.976,,False,0.5917024851137153,0.5917727904207106,False
test_0027,12,10,mV_10,58.524,,False,0.6982225278421967,0.7119969679594209,False
test_0027,12,11,mV_11,57.521,,False,0.8598403310395752,0.8577369827355807,False
test_0027,12,12,mV_12,54.236,,False,1.013044741020976,0.9176465183241624,False
test_0027,12,13,mV_13,49.103,,False,0.7846562602151221,0.8559330831377231,False
test_0027,12,14,mV_14,45.228,,False,0.8413750710996721,0.8230972612765965,False
test_0027,12,15,mV_15,38.693,,False,0.8249826426919198,0.698995787402286,False
test_0027,12,16,mV_16,33.111,,False,0.30464279312563225,0.37107392092717173,False
test_0027,12,17,mV_17,24.928,,False,-0.050027454765502626,0.14447852508902742,False
test_0027,12,18,mV_18,12.475,,False,-0.17321639769947217,0.4397097970781797,False
test_0027,12,19,mV_19,21.506,,False,1.3623789381482718,1.0675994385543701,False
test_0027,12,20,mV_20,22.936,,False,1.3724234802214652,1.0268064746478005,False
test_0028,1,0,mV_0,42.277,,False,-1.393934130837018,0.888804915393304,False
test_0028,1,1,mV_1,41.885,,False,-0.7673513998991803,0.7377513116596073,False
test_0028,1,2,mV_2,33.496,,False,0.02236831600305036,0.8763711107848784,False
test_0028,1,3,mV_3,32.13,,False,-2.693396411234233,1.8931843886054025,False
test_0028,1,4,mV_4,47.24,,False,-2.163576415950094,2.286315689612315,True
test_0028,1,5,mV_5,52.516,,False,-2.1247135153148395,2.129965793725674,True
test_0028,1,6,mV_6,56.525,,False,-2.1068597283229233,2.0215567156876117,True
test_0028,1,7,mV_7,59.859,,False,-1.747793890789761,1.7485897202420568,False
test_0028,1,8,mV_8,63.356,,False,-1.3919113710657822,1.405304286779157,False
test_0028,1,9,mV_9,64.743,,False,-1.0896005141953022,1.1295872456265517,False
test_0028,1,10,mV_10,63.651,,False,-0.94723658304982,0.9649527749854273,False
test_0028,1,11,mV_11,60.021,,False,-0.8757374196467672,0.937893761723047,False
test_0028,1,12,mV_12,54.121,,False,-1.0528636245488332,1.003758852927326,False
test_0028,1,13,mV_13,45.891,,False,-1.0335707429648702,1.0568669862776479,False
test_0028,1,14,mV_14,34.105,,False,-1.107462834632018,1.2042569418465086,False
test_0028,1,15,mV_15,31.186,,False,-1.568531355157128,1.518887541591721,False
test_0028,1,16,mV_16,34.546,,False,-1.8310246214206092,1.7741071711950118,False
test_0028,1,17,mV_17,38.535,,False,-1.8658480867817004,1.7940861754063822,False
test_0028,1,18,mV_18,38.488,,False,-1.6136239066415186,1.6719626910629664,False
test_0028,1,19,mV_19,37.852,,False,-1.5947548641871279,1.6433796880835727,False
test_0028,1,20,mV_20,37.675,,False,-1.7703851173185163,1.2838812747060402,False
test_0028,2,0,mV_0,45.184,,False,-0.22194092235019028,0.13979247631623604,False
test_0028,2,1,mV_1,43.644,,False,-0.11528806056456362,0.17991158893662898,False
test_0028,2,2,mV_2,32.823,,False,-0.2671293122671984,0.17505906028995719,False
test_0028,2,3,mV_3,38.139,,False,0.050689556060868377,0.09212710609723379,False
test_0028,2,4,mV_4,,52.28149453458346,True,,,False
test_0028,2,5,mV_5,58.203,,False,0.07283959218638844,0.06811650289916801,False
test_0028,2,6,mV_6,62.418,,False,0.12678682722389514,0.13045827013652508,False
test_0028,2,7,mV_7,65.343,,False,0.19541983391192166,0.17899654186433347,False
test_0028,2,8,mV_8,68.042,,False,0.1983596724095954,0.20453445369857276,False
test_0028,2,9,mV_9,68.684,,False,0.2259986360631786,0.22157963178562315,False
test_0028,2,10,mV_10,67.141,,False,0.23596158260653996,0.24317858322871758,False
test_0028,2,11,mV_11,63.314,,False,0.27479253163861184,0.25190876667175854,False
test_0028,2,12,mV_12,57.531,,False,0.2220884208032705,0.3084176331378632,False
test_0028,2,13,mV_13,49.791,,False,0.5147011593063001,0.5119749399709423,False
test_0028,2,14,mV_14,38.212,,False,0.7964090204678987,0.7320116227820752,False
test_0028,2,15,mV_15,32.697,,False,-0.8205272908862036,0.8687346564057725,False
test_0028,2,16,mV_16,36.049,,False,-1.0374750233827843,0.909272590139365,False
test_0028,2,17,mV_17,40.771,,False,-0.7416130229056883,0.7935880202381772,False
test_0028,2,18,mV_18,40.63,,False,-0.653651011758548,0.6086670808116817,False
test_0028,2,19,mV_19,40.469,,False,-0.3857532768239425,0.35628939135160825,False
test_0028,2,20,mV_20,,40.8646698903666,True,,,False
test_0028,3,0,mV_0,48.244,,False,1.011736139214894,0.83013890876774,False
test_0028,3,1,mV_1,47.454,,False,1.2970833566411721,1.6159713454525142,False
test_0028,3,2,mV_2,40.088,,False,2.8579825293128183,2.235383714728968,True
test_0028,3,3,mV_3,33.805,,False,-1.9284864436490632,1.6847921233124246,False
test_0028,3,4,mV_4,52.639,,False,0.024213076638753304,0.670675782027976,False
test_0028,3,5,mV_5,59.841,,False,0.705790531185334,0.5670855048549598,False
test_0028,3,6,mV_6,64.28,,False,0.8325478804104179,0.778529869298122,False
test_0028,3,7,mV_7,66.889,,False,0.7432331851863179,0.7512608671337424,False
test_0028,3,8,mV_8,69.479,,False,0.6860292177519159,0.7652535314528139,False
test_0028,3,9,mV_9,70.84,,False,0.9457225051211056,0.9521187389110121,False
test_0028,3,10,mV_10,70.076,,False,1.231000727649921,1.2741209779231755,False
test_0028,3,11,mV_11,67.361,,False,1.6887599512717542,1.5891096892214585,False
test_0028,3,12,mV_12,61.612,,False,1.7479181266924047,1.7439073003369865,False
test_0028,3,13,mV_13,53.006,,False,1.791032996691382,1.7753189152352986,False
test_0028,3,14,mV_14,40.315,,False,1.771291540866026,1.3447280387787222,False
test_0028,3,15,mV_15,34.446,,False,0.04529607669145428,0.466526877784506,False
test_0028,3,16,mV_16,38.006,,False,-0.004223816889089559,0.11575338535388784,False
test_0028,3,17,mV_17,43.06,,False,0.40926983094591796,0.31117808731104757,False
test_0028,3,18,mV_18,43.03,,False,0.4219488704632648,0.421857186445509,False
test_0028,3,19,mV_19,42.244,,False,0.43426117390958857,0.4284587083460881,False
test_0028,3,20,mV_20,42.152,,False,0.42336361510191045,0.32024710102835235,False
test_0028,4,0,mV_0,47.318,,False,0.6384077212380085,0.4574753930646053,False
test_0028,4,1,mV_1,45.447,,False,0.5530861297824041,0.4856133863612965,False
test_0028,4,2,mV_2,33.904,,False,0.19787356464236927,1.0902541771244572,False
test_0028,4,3,mV_3,45.5,,False,3.4121834494306857,2.0857903796774226,True
test_0028,4,4,mV_4,55.839,,False,1.3209210552059507,1.7259874019154977,False
test_0028,4,5,mV_5,60.214,,False,0.8499240478194029,0.9297847609249608,False
test_0028,4,6,mV_6,63.926,,False,0.6983698928550861,0.7981452179598524,False
test_0028,4,7,mV_7,67.461,,False,0.9459170383098345,0.9059361002914517,False
test_0028,4,8,mV_8,70.503,,False,1.0335404316910513,0.9606374409388639,False
test_0028,4,9,mV_9,70.492,,False,0.8295518620635186,0.874372532168576,False
test_0028,4,10,mV_10,68.819,,False,0.8048459728562152,0.7487357839755231,False
test_0028,4,11,mV_11,64.118,,False,0.5556993281261431,0.5149542353867449,False
test_0028,4,12,mV_12,57.321,,False,0.143572312438478,0.2754704380092323,False
test_0028,4,13,mV_13,47.842,,False,-0.2590377990338302,0.2684398616771693,False
test_0028,4,14,mV_14,35.605,,False,-0.4121115362025389,0.44624469520983145,False
test_0028,4,15,mV_15,35.772,,False,0.7017179094004181,0.7598495746543166,False
test_0028,4,16,mV_16,40.332,,False,1.2238509436138914,1.0456625359487768,False
test_0028,4,17,mV_17,44.301,,False,1.0332303471669064,1.0337204072001556,False
test_0028,4,18,mV_18,43.973,,False,0.8445699908529177,0.7772618914102932,False
test_0028,4,19,mV_19,42.141,,False,0.38667723676843063,0.4281238179824761,False
test_0028,4,20,mV_20,41.095,,False,-0.09457080754012552,0.1439547129621704,False
test_0028,5,0,mV_0,43.526,,False,-0.8903842452504848,0.6177535123127146,False
test_0028,5,1,mV_1,42.093,,False,-0.6902455587498887,0.6838620199341736,False
test_0028,5,2,mV_2,32.364,,False,-0.46457271698643254,0.42208676386805577,False
test_0028,5,3,mV_3,37.877,,False,-0.06895606274946908,0.37108661646761254,False
test_0028,5,4,mV_4,50.403,,False,-0.8818616233850795,0.7263914821617407,False
test_0028,5,5,mV_5,55.238,,False,-1.0728866191273347,0.7569087154099372,False
test_0028,5,6,mV_6,,59.835443954540494,True,,,False
test_0028,5,7,mV_7,61.947,,False,-1.007926958408814,0.7279877371160983,False
test_0028,5,8,mV_8,64.817,,False,-0.8960970316467654,0.9541535371140579,False
test_0028,5,9,mV_9,64.962,,False,-1.0164931267538868,1.0060337206489531,False
test_0028,5,10,mV_10,63.215,,False,-1.0950515974412733,1.0467874275304583,False
test_0028,5,11,mV_11,59.721,,False,-0.9805533884854001,0.9815479080850086,False
test_0028,5,12,mV_12,54.61,,False,-0.8700332579279607,0.864310009076622,False
test_0028,5,13,mV_13,46.639,,False,-0.7366201319651668,0.7998706884977815,False
test_0028,5,14,mV_14,34.647,,False,-0.8562092321328321,0.6122596490577077,False
test_0028,5,15,mV_15,,32.6026203815346,True,,,False
test_0028,5,16,mV_16,35.43,,False,-1.3642928551761402,1.0758298153407169,False
test_0028,5,17,mV_17,39.114,,False,-1.5747335510105867,1.4910628037587979,False
test_0028,5,18,mV_18,38.852,,False,-1.450491257837878,1.440005097381334,False
test_0028,5,19,mV_19,38.524,,False,-1.2843043228389945,1.2584746422204176,False
test_0028,5,20,mV_20,39.217,,False,-1.014798665365803,0.8284754133926502,False
test_0028,6,0,mV_0,40.097,,False,-2.2728282465925345,1.5452975020831246,False
test_0028,6,1,mV_1,39.543,,False,-1.6355335151474295,1.6856877456665667,False
test_0028,6,2,mV_2,30.657,,False,-1.1988557057788727,1.045529239054319,False
test_0028,6,3,mV_3,37.702,,False,-0.14887202951210088,0.6866005692766493,False
test_0028,6,4,mV_4,49.495,,False,-1.2498025123035224,1.0429814547696128,False
test_0028,6,5,mV_5,54.072,,False,-1.523448764959306,1.5309581948849684,False
test_0028,6,6,mV_6,57.263,,False,-1.827132737317739,1.751574549428375,False
test_0028,6,7,mV_7,59.631,,False,-1.828583958118716,1.8077124833443001,False
test_0028,6,8,mV_8,62.311,,False,-1.746549279822029,1.741524499916034,False
test_0028,6,9,mV_9,63.081,,False,-1.6444154819013623,1.6338917573982654,False
test_0028,6,10,mV_10,62.02,,False,-1.5001867859683076,1.5832999046367338,False
test_0028,6,11,mV_11,57.695,,False,-1.6884105647089576,1.735214976672334,False
test_0028,6,12,mV_12,51.417,,False,-2.063851991303113,2.088968989058271,True
test_0028,6,13,mV_13,42.097,,False,-2.5397614089179,2.4364607338485773,True
test_0028,6,14,mV_14,30.88,,False,-2.602468126255397,2.158261326894925,True
test_0028,6,15,mV_15,32.56,,False,-0.8883476461510063,1.2250692068122284,False
test_0028,6,16,mV_16,37.027,,False,-0.5211134086915047,0.8985753943233212,False
test_0028,6,17,mV_17,38.937,,False,-1.6637271137592693,1.4215687129119434,False
test_0028,6,18,mV_18,37.988,,False,-1.8377072154377299,1.864907404308951,False
test_0028,6,19,mV_19,36.714,,False,-2.1204880726010753,2.1450386801759556,False
test_0028,6,20,mV_20,36.183,,False,-2.501471360063942,1.78085769818224,False
test_0028,7,0,mV_0,46.351,,False,0.24854964328590584,0.14623886533571917,False
test_0028,7,1,mV_1,44.192,,False,0.08785617477106496,0.4536347161005606,False
test_0028,7,2,mV_2,36.676,,False,1.3902768715742067,1.120107283297132,False
test_0028,7,3,mV_3,34.498,,False,-1.6120192152690496,1.2421447166794641,False
test_0028,7,4,mV_4,51.705,,False,-0.35426356460555,0.6349594887271649,False
test_0028,7,5,mV_5,57.447,,False,-0.21929161042851003,0.29424940144143985,False
test_0028,7,6,mV_6,61.07,,False,-0.3841508203031895,0.358206119336388,False
test_0028,7,7,mV_7,63.535,,False,-0.44523122631066303,0.4172816840036492,False
test_0028,7,8,mV_8,66.295,,False,-0.3945134630900812,0.342447642347836,False
test_0028,7,9,mV_9,67.601,,False,-0.13553241690051857,0.18588852680880877,False
test_0028,7,10,mV_10,66.215,,False,-0.07797581034411669,0.10104030102257025,False
test_0028,7,11,mV_11,62.85,,False,0.11267716650152906,0.15668543314101474,False
test_0028,7,12,mV_12,57.802,,False,0.3234115892168842,0.5128783494352046,False
test_0028,7,13,mV_13,51.749,,False,1.292013052805521,1.3434042416477863,False
test_0028,7,14,mV_14,41.814,,False,2.4661792717632194,1.7441458732159596,False
test_0028,7,15,mV_15,35.874,,False,0.7522118965318788,1.0074341253185597,False
test_0028,7,16,mV_16,37.902,,False,-0.05913343644726194,0.2529405837865153,False
test_0028,7,17,mV_17,42.527,,False,0.14128356571965844,0.15942865470159334,False
test_0028,7,18,mV_18,42.749,,False,0.29601405091979455,0.24892907294849442,False
test_0028,7,19,mV_19,41.872,,False,0.26240462423473027,0.2200284514177221,False
test_0028,7,20,mV_20,41.409,,False,0.0592905062816334,0.09524640919949927,False
test_0028,8,0,mV_0,46.121,,False,0.15582228244931584,0.08245223042695947,False
test_0028,8,1,mV_1,44.004,,False,0.0181643568092062,0.24741687339027513,False
test_0028,8,2,mV_2,35.298,,False,0.7975164974933723,0.9181864952339316,False
test_0028,8,3,mV_3,33.518,,False,-2.0595486291397758,1.482036544253681,False
test_0028,8,4,mV_4,50.083,,False,-1.0115324212417993,1.1565272225612189,False
test_0028,8,5,mV_5,56.608,,False,-0.5434954186215014,0.6270173369047713,False
test_0028,8,6,mV_6,61.003,,False,-0.40954608913428336,0.4436276593868913,False
test_0028,8,7,mV_7,63.629,,False,-0.4119230406574973,0.4278474432063792,False
test_0028,8,8,mV_8,66.049,,False,-0.4779976023762386,0.44404615363656574,False
test_0028,8,9,mV_9,66.784,,False,-0.4082663691362884,0.41271147284879667,False
test_0028,8,10,mV_10,65.394,,False,-0.35631555074637133,0.33992579657492833,False
test_0028,8,11,mV_11,61.844,,False,-0.2388057156706822,0.26643411121975663,False
test_0028,8,12,mV_12,56.317,,False,-0.23180946279129075,0.2052317476740817,False
test_0028,8,13,mV_13,48.793,,False,0.11850234944306304,0.23946947705987104,False
test_0028,8,14,mV_14,37.549,,False,0.4890637465620673,0.4087462131061652,False
test_0028,8,15,mV_15,33.267,,False,-0.5383550098574633,0.5326773187982021,False
test_0028,8,16,mV_16,36.944,,False,-0.5649355089158146,0.4638158365020893,False
test_0028,8,17,mV_17,41.874,,False,-0.18703731831926468,0.3181675480879757,False
test_0028,8,18,mV_18,41.344,,False,-0.33366004679755895,0.33970988540127367,False
test_0028,8,19,mV_19,40.212,,False,-0.5044821296907119,0.3376160932813287,False
test_0028,8,20,mV_20,41.272,,False,-0.007840066946331804,0.1300405658958439,False
test_0028,9,0,mV_0,45.051,,False,-0.2755615266600436,0.15603779542907217,False
test_0028,9,1,mV_1,43.758,,False,-0.07302812839620158,0.11852432351874688,False
test_0028,9,2,mV_2,33.322,,False,-0.05247951062254082,0.46576809791618407,False
test_0028,9,3,mV_3,41.718,,False,1.685085242023453,1.0535880265306652,False
test_0028,9,4,mV_4,54.533,,False,0.7917021114532137,0.9702883787145871,False
test_0028,9,5,mV_5,59.6,,False,0.6126640499284681,0.5742366798117279,False
test_0028,9,6,mV_6,62.822,,False,0.2799165079367615,0.3411819545272056,False
test_0028,9,7,mV_7,65.334,,False,0.1922307523068314,0.18302040332824504,False
test_0028,9,8,mV_8,67.657,,False,0.06770360076255592,0.12447200854373984,False
test_0028,9,9,mV_9,67.497,,False,-0.17025008034301609,0.1540913181352853,False
test_0028,9,10,mV_10,65.831,,False,-0.20816151109255301,0.24503926637929574,False
test_0028,9,11,mV_11,61.401,,False,-0.39358396298906084,0.4168007482337778,False
test_0028,9,12,mV_12,55.14,,False,-0.6718735558644364,0.7335164641536147,False
test_0028,9,13,mV_13,45.48,,False,-1.1967347818965248,1.1019586732896667,False
test_0028,9,14,mV_14,33.598,,False,-1.3424915735011806,1.0865780286043145,False
test_0028,9,15,mV_15,35.293,,False,0.46459418551837206,0.8676789909821021,False
test_0028,9,16,mV_16,40.285,,False,1.1990360193904837,0.8210007447519477,False
test_0028,9,17,mV_17,43.084,,False,0.42133675470845133,0.6126653918401174,False
test_0028,9,18,mV_18,43.001,,False,0.408952038553083,0.4637650337040485,False
test_0028,9,19,mV_19,42.637,,False,0.6158193030015766,0.6013717940019292,False
test_0028,9,20,mV_20,42.849,,False,0.7648965314514808,0.5364030914761346,False
test_0028,10,0,mV_0,48.45,,False,1.0947876015294065,0.5927120174978795,False
test_0028,10,1,mV_1,44.444,,False,0.1812728669327052,0.4217596835873052,False
test_0028,10,2,mV_2,32.91,,False,-0.22970539895440412,1.5694319072359537,False
test_0028,10,3,mV_3,50.372,,False,5.637043964102301,3.5261007671783657,True
test_0028,10,4,mV_4,58.997,,False,2.600609741554455,3.2418068872018715,True
test_0028,10,5,mV_5,63.524,,False,2.1289641015962735,2.1250807807460186,True
test_0028,10,6,mV_6,66.415,,False,1.6417851782370714,1.353133614517604,False
test_0028,10,7,mV_7,,68.10027276668086,True,,,False
test_0028,10,8,mV_8,70.612,,False,1.0705313714560554,0.7388146788440153,False
test_0028,10,9,mV_9,70.446,,False,0.8141959724639506,0.8701788928498259,False
test_0028,10,10,mV_10,68.751,,False,0.7817922550153468,0.7853412038710184,False
test_0028,10,11,mV_11,64.713,,False,0.763584332989429,0.8230704266764135,False
test_0028,10,12,mV_12,59.567,,False,0.9833207857114494,0.867009253690965,False
test_0028,10,13,mV_13,50.353,,False,0.7378111103515322,0.7273826619492043,False
test_0028,10,14,mV_14,37.466,,False,0.4505876413823035,0.8815807304816978,False
test_0028,10,15,mV_15,38.167,,False,1.8873365288106518,1.731993882727553,False
test_0028,10,16,mV_16,43.133,,False,2.7027148319066043,2.3558959534227957,False
test_0028,10,17,mV_17,46.484,,False,2.130817621067323,2.1237657891070416,False
test_0028,10,18,mV_18,45.504,,False,1.5307130823869155,1.6103594076973968,False
test_0028,10,19,mV_19,44.008,,False,1.2491938449484339,1.2896401041849224,False
test_0028,10,20,mV_20,43.593,,False,1.1294596444559057,0.8770282834650613,False
test_0028,11,0,mV_0,44.416,,False,-0.5315696750567213,0.38783819425145494,False
test_0028,11,1,mV_1,42.638,,False,-0.48821342689237734,0.5677750581210004,False
test_0028,11,2,mV_2,31.67,,False,-0.7631037036425256,1.1637110940036797,False
test_0028,11,3,mV_3,43.81,,False,2.6404235418372903,1.6330355468842332,False
test_0028,11,4,mV_4,53.784,,False,0.4881914002198269,0.9481082097717726,False
test_0028,11,5,mV_5,57.56,,False,-0.175626496810146,0.39828830767879964,False
test_0028,11,6,mV_6,60.095,,False,-0.7537088368750797,0.6162251693520688,False
test_0028,11,7,mV_7,62.585,,False,-0.7818565068479698,0.7864962411662889,False
test_0028,11,8,mV_8,65.016,,False,-0.8285631140941363,0.8517678567957007,False
test_0028,11,9,mV_9,65.107,,False,-0.9680886921465602,0.9011265183167858,False
test_0028,11,10,mV_10,63.968,,False,-0.8397655748798868,0.8674752793613498,False
test_0028,11,11,mV_11,60.174,,False,-0.8222812755390655,0.8445725256564312,False
test_0028,11,12,mV_12,54.546,,False,-0.8939619766677069,0.9225560322268709,False
test_0028,11,13,mV_13,45.774,,False,-1.080018900033004,1.060530840495888,False
test_0028,11,14,mV_14,33.931,,False,-1.1881235852498369,0.9033602453641455,False
test_0028,11,15,mV_15,34.037,,False,-0.15717491092390426,0.3871018539416253,False
test_0028,11,16,mV_16,37.927,,False,-0.0459340086688557,0.24703550217919354,False
test_0028,11,17,mV_17,40.776,,False,-0.7390990804551585,0.5869095823513127,False
test_0028,11,18,mV_18,40.251,,False,-0.8235061598260782,0.7645730649306725,False
test_0028,11,19,mV_19,39.849,,False,-0.6721808596153749,0.5804322982196469,False
test_0028,11,20,mV_20,40.974,,False,-0.1538613138217599,0.2449758718147237,False
test_0028,12,0,mV_0,,47.70886443184517,True,,,False
test_0028,12,1,mV_1,44.883,,False,0.3440106758968303,0.20415979220280012,False
test_0028,12,2,mV_2,33.743,,False,0.12861781701753977,0.15031157748297747,False
test_0028,12,3,mV_3,,41.50690999106323,True,,,False
test_0028,12,4,mV_4,55.291,,False,1.0988598138763173,0.8283746316572458,False
test_0028,12,5,mV_5,60.902,,False,1.1157788988763488,1.0889734320957793,False
test_0028,12,6,mV_6,64.789,,False,1.0254761167541027,1.085299754764798,False
test_0028,12,7,mV_7,68.106,,False,1.1744678866746374,1.190647557637669,False
test_0028,12,8,mV_8,71.548,,False,1.3881783404472983,1.3254522571610265,False
test_0028,12,9,mV_9,72.054,,False,1.3509844610748722,1.3832596948063844,False
test_0028,12,10,mV_10,70.701,,False,1.4428915166284948,1.4123780152488044,False
test_0028,12,11,mV_11,66.571,,False,1.412744566663355,1.0670951624888012,False
test_0028,12,12,mV_12,,59.1072228802669,True,,,False
test_0028,12,13,mV_13,50.51,,False,0.800138979237832,0.4674026736835043,False
test_0028,12,14,mV_14,37.075,,False,0.2693327362583534,0.48253216104777047,False
test_0028,12,15,mV_15,35.549,,False,0.5913241924365431,0.3629952802828599,False
test_0028,12,16,mV_16,,39.28849892149128,True,,,False
test_0028,12,17,mV_17,43.928,,False,0.8456902403575334,0.6897843617822526,False
test_0028,12,18,mV_18,44.471,,False,1.0677569664139432,1.057137524561219,False
test_0028,12,19,mV_19,44.004,,False,1.2473459250594554,1.1278967303057827,False
test_0028,12,20,mV_20,43.225,,False,0.9491381046902773,0.7864055336100024,False
test_0029,1,0,mV_0,37.533,,False,0.9250562149546037,0.6082600007552557,False
test_0029,1,1,mV_1,37.159,,False,0.5829275731118154,0.6058024754501179,False
test_0029,1,2,mV_2,36.812,,False,0.3322985406222371,0.3144498910921569,False
test_0029,1,3,mV_3,24.723,,False,0.010274910012337731,0.3596090178634102,False
test_0029,1,4,mV_4,36.628,,False,1.0855877108067282,0.7402133222167167,False
test_0029,1,5,mV_5,42.616,,False,0.7794029572410724,0.8647817285328022,False
test_0029,1,6,mV_6,47.455,,False,0.8147332888423359,0.7901074416313385,False
test_0029,1,7,mV_7,51.65,,False,0.7515602315996098,0.5794634380103889,False
test_0029,1,8,mV_8,,54.19920081417975,True,,,False
test_0029,1,9,mV_9,57.108,,False,0.8726151176796912,0.5898274401777617,False
test_0029,1,10,mV_10,57.468,,False,0.6140795253516641,0.6542045304079707,False
test_0029,1,11,mV_11,55.406,,False,0.516043953248863,0.4758502895754163,False
test_0029,1,12,mV_12,51.968,,False,0.25723372645227494,0.3259106123564669,False
test_0029,1,13,mV_13,47.468,,False,0.2731310432724548,0.3402339426428711,False
test_0029,1,14,mV_14,43.708,,False,0.5574399575743,0.4765173414020072,False
test_0029,1,15,mV_15,39.26,,False,0.5180584071869742,0.47520986265739085,False
test_0029,1,16,mV_16,31.838,,False,0.3072826786813149,0.29924517282077845,False
test_0029,1,17,mV_17,25.953,,False,0.06435692673350984,0.5924588717649091,False
test_0029,1,18,mV_18,8.088,,False,-1.9338389549113015,1.2257214370568472,False
test_0029,1,19,mV_19,22.014,,False,0.9708509116712761,0.9743364911120848,False
test_0029,1,20,mV_20,24.443,,False,-0.021805186194485144,0.2536153210150616,False
test_0029,2,0,mV_0,35.156,,False,-0.03326090116964653,0.06885297641129498,False
test_0029,2,1,mV_1,36.15,,False,0.2088901033058869,0.18271503444527903,False
test_0029,2,2,mV_2,36.69,,False,0.2798190299996959,0.2252971670328109,False
test_0029,2,3,mV_3,24.41,,False,-0.13266050482596503,0.28155682563676354,False
test_0029,2,4,mV_4,35.383,,False,0.5810872628954283,0.3237087576542054,False
test_0029,2,5,mV_5,,41.16656903468723,True,,,False
test_0029,2,6,mV_6,47.753,,False,0.927685380061232,0.657579397539851,False
test_0029,2,7,mV_7,51.716,,False,0.7749468300369395,0.7863206178036142,False
test_0029,2,8,mV_8,55.146,,False,0.6677034310793453,0.6743873893838902,False
test_0029,2,9,mV_9,56.253,,False,0.5871958653399306,0.5753100355524342,False
test_0029,2,10,mV_10,57.011,,False,0.45914498045053037,0.5390982481822236,False
test_0029,2,11,mV_11,55.792,,False,0.6509071664879033,0.5967112157407066,False
test_0029,2,12,mV_12,52.954,,False,0.6258855495364898,0.6254350984752979,False
test_0029,2,13,mV_13,48.289,,False,0.5990621283403084,0.5640716325185255,False
test_0029,2,14,mV_14,43.438,,False,0.4322767238569956,0.37920806954453534,False
test_0029,2,15,mV_15,38.106,,False,-0.053216702123841705,0.1916990600288872,False
test_0029,2,16,mV_16,30.824,,False,-0.22808611201086978,0.15487490136967408,False
test_0029,2,17,mV_17,25.606,,False,-0.11011067933311504,0.579514649818171,False
test_0029,2,18,mV_18,8.231,,False,-1.8697511285955843,1.2573196989124897,False
test_0029,2,19,mV_19,22.466,,False,1.179665859125675,1.0813421672578922,False
test_0029,2,20,mV_20,24.684,,False,0.09628582218463505,0.34305937587373625,False
test_0029,3,0,mV_0,35.236,,False,-0.0010079060960502641,0.0017550694609042424,False
test_0029,3,1,mV_1,35.573,,False,-0.005004465651516441,0.010658397937387088,False
test_0029,3,2,mV_2,35.966,,False,-0.0316167543504652,0.03241477577321718,False
test_0029,3,3,mV_3,24.835,,False,0.06142112874042187,0.23859143652748796,False
test_0029,3,4,mV_4,35.923,,False,0.7999067342786429,0.47066287521673406,False
test_0029,3,5,mV_5,41.172,,False,0.22141690356922863,0.37450496206226686,False
test_0029,3,6,mV_6,45.979,,False,0.25527930683196726,0.30630503470511494,False
test_0029,3,7,mV_7,50.921,,False,0.4932446215872966,0.4983238716979819,False
test_0029,3,8,mV_8,55.393,,False,0.7515269367853672,0.49907462378950773,False
test_0029,3,9,mV_9,,55.2879188595356,True,,,False
test_0029,3,10,mV_10,56.632,,False,0.33065440601392115,0.2629807473082855,False
test_0029,3,11,mV_11,55.047,,False,0.3906141772052998,0.35003726099810084,False
test_0029,3,12,mV_12,52.051,,False,0.28826628356788275,0.28615063097726706,False
test_0029,3,13,mV_13,47.227,,False,0.17745577956800304,0.19318624199447873,False
test_0029,3,14,mV_14,42.785,,False,0.12956712527402617,0.1238130405561659,False
test_0029,3,15,mV_15,38.095,,False,-0.05866213210860825,0.062382818761731185,False
test_0029,3,16,mV_16,31.261,,False,0.0026398855556820583,0.10032824502019894,False
test_0029,3,17,mV_17,26.496,,False,0.3373710768608234,0.2692866655424424,False
test_0029,3,18,mV_18,11.511,,False,-0.3997646228924407,0.8891301068187316,False
test_0029,3,19,mV_19,25.15,,False,2.4196201046292214,1.6798881186368002,False
test_0029,3,20,mV_20,27.509,,False,1.480547642396317,1.3451788473554638,False
test_0029,4,0,mV_0,35.157,,False,-0.0328577387312275,0.06401763069994089,False
test_0029,4,1,mV_1,35.073,,False,-0.19035504533730854,0.19603765079678795,False
test_0029,4,2,mV_2,35.178,,False,-0.3705827737813072,0.3321471955108473,False
test_0029,4,3,mV_3,23.831,,False,-0.39706818914346625,0.35246950106652486,False
test_0029,4,4,mV_4,33.344,,False,-0.2451588521978598,0.3308160489633696,False
test_0029,4,5,mV_5,39.471,,False,-0.43587830231429237,0.36342176105895047,False
test_0029,4,6,mV_6,44.417,,False,-0.33677158740935736,0.315092834943487,False
test_0029,4,7,mV_7,49.103,,False,-0.15094986264094093,0.17956318453724515,False
test_0029,4,8,mV_8,53.413,,False,0.07958142545774138,0.11349768065765461,False
test_0029,4,9,mV_9,54.925,,False,0.14387800907419476,0.12893143332874235,False
test_0029,4,10,mV_10,55.219,,False,-0.14838828970883855,0.13785253222450622,False
test_0029,4,11,mV_11,53.612,,False,-0.11075554040615294,0.16257851081313604,False
test_0029,4,12,mV_12,50.53,,False,-0.28041467273139975,0.24739402875693078,False
test_0029,4,13,mV_13,45.979,,False,-0.31799122915877065,0.2971857640667881,False
test_0029,4,14,mV_14,41.918,,False,-0.2723459252182114,0.26263760351739773,False
test_0029,4,15,mV_15,37.834,,False,-0.18786733447439752,0.18894698120970155,False
test_0029,4,16,mV_16,31.052,,False,-0.10770733067179969,0.19345927825644682,False
test_0029,4,17,mV_17,25.088,,False,-0.37055511720779044,0.8723538189854831,False
test_0029,4,18,mV_18,6.511,,False,-2.6405977108545517,1.414612312128609,False
test_0029,4,19,mV_19,19.927,,False,0.006698709597541615,0.683650204585402,False
test_0029,4,20,mV_20,24.323,,False,-0.08060568829197318,0.041977521545371994,False
test_0029,5,0,mV_0,37.74,,False,1.008510839707536,0.6458169250887913,False
test_0029,5,1,mV_1,37.114,,False,0.5662460209400935,0.5887518608369188,False
test_0029,5,2,mV_2,36.537,,False,0.21400456175995194,0.7351949408660134,False
test_0029,5,3,mV_3,28.963,,False,1.9465246190040562,1.1712248231792675,False
test_0029,5,4,mV_4,32.523,,False,-0.5778454929490059,0.8013472316151264,False
test_0029,5,5,mV_5,40.866,,False,0.10317332155843756,0.2588255176007982,False
test_0029,5,6,mV_6,45.968,,False,0.2511099343373117,0.21353538885752577,False
test_0029,5,7,mV_7,50.231,,False,0.24874836519704208,0.2855255071404731,False
test_0029,5,8,mV_8,54.338,,False,0.39349536383049666,0.44295508064409184,False
test_0029,5,9,mV_9,56.699,,False,0.7360812297183319,0.6062885703444858,False
test_0029,5,10,mV_10,57.307,,False,0.559496458110783,0.6376756981164043,False
test_0029,5,11,mV_11,55.92,,False,0.6956286465257194,0.6022845673801219,False
test_0029,5,12,mV_12,52.506,,False,0.4583845183582656,0.4875596380434325,False
test_0029,5,13,mV_13,47.631,,False,0.33784086893147947,0.3861388265151902,False
test_0029,5,14,mV_14,43.391,,False,0.41048904983953644,0.49471280510180754,False
test_0029,5,15,mV_15,39.87,,False,0.8200322517966778,0.8984576623210582,False
test_0029,5,16,mV_16,34.179,,False,1.5432770958513404,1.2589623480691063,False
test_0029,5,17,mV_17,28.071,,False,1.129262948777067,1.040980405105038,False
test_0029,5,18,mV_18,13.211,,False,0.3621186270146775,0.5664543320086022,False
test_0029,5,19,mV_19,20.805,,False,0.4123171252279867,0.4806235399913653,False
test_0029,5,20,mV_20,25.989,,False,0.7357412824948104,0.4709499225544019,False
test_0029,6,0,mV_0,38.574,,False,1.3447483133497824,0.9236632050839039,False
test_0029,6,1,mV_1,38.298,,False,1.0051561936360507,1.0146468137275324,False
test_0029,6,2,mV_2,37.675,,False,0.7035265542882456,0.6392999247633284,False
test_0029,6,3,mV_3,25.018,,False,0.14499039684077167,0.41472015736802115,False
test_0029,6,4,mV_4,35.591,,False,0.6653732815022956,0.5480384891835707,False
test_0029,6,5,mV_5,42.453,,False,0.7164169968889198,0.7950398594109207,False
test_0029,6,6,mV_6,48.16,,False,1.081952162363548,1.0519219885336764,False
test_0029,6,7,mV_7,53.275,,False,1.3273666325186897,1.3501921667990966,False
test_0029,6,8,mV_8,58.082,,False,1.6640832397954592,1.647844168178945,False
test_0029,6,9,mV_9,60.293,,False,1.9358435606061721,1.8113948835813678,False
test_0029,6,10,mV_10,60.7,,False,1.7098091733176675,1.7891374096129986,False
test_0029,6,11,mV_11,59.084,,False,1.8010877312104878,1.3279961589346607,False
test_0029,6,12,mV_12,,56.44031325087892,True,,,False
test_0029,6,13,mV_13,51.193,,False,1.7519292063391476,1.424075264156611,False
test_0029,6,14,mV_14,47.235,,False,2.192442643948149,2.2109839388245036,True
test_0029,6,15,mV_15,43.682,,False,2.70712126106257,2.788276855393916,True
test_0029,6,16,mV_16,37.973,,False,3.5464222555023746,3.083882031917402,True
test_0029,6,17,mV_17,30.868,,False,2.53556235560229,3.125003593727527,True
test_0029,6,18,mV_18,21.066,,False,3.882467408203154,2.7040744527548237,True
test_0029,6,19,mV_19,18.796,,False,-0.5158006390106975,1.6009816020299086,False
test_0029,6,20,mV_20,27.528,,False,1.4898577218950853,0.873879020700217,False
test_0029,7,0,mV_0,30.87,,False,-1.7612151122376014,1.3570975588460505,False
test_0029,7,1,mV_1,30.445,,False,-1.9059600109089994,1.979645528738093,False
test_0029,7,2,mV_2,30.587,,False,-2.3454469808967713,2.1329905062565553,True
test_0029,7,3,mV_3,20.463,,False,-1.9351080523236794,1.9034190937342228,False
test_0029,7,4,mV_4,30.499,,False,-1.3980132893927613,1.6156672288478553,False
test_0029,7,5,mV_5,36.118,,False,-1.7315342842822188,1.672148407284522,False
test_0029,7,6,mV_6,40.484,,False,-1.8275117711808888,1.817117579011958,False
test_0029,7,7,mV_7,44.218,,False,-1.8819124894038353,1.8394771621456179,False
test_0029,7,8,mV_8,47.973,,False,-1.7665718985939125,1.769875297427462,False
test_0029,7,9,mV_9,49.508,,False,-1.6644449031181874,1.798904607494642,False
test_0029,7,10,mV_10,49.462,,False,-2.1001567251482816,1.9740229573768575,False
test_0029,7,11,mV_11,48.115,,False,-2.0313334760926796,1.5407059193334103,False
test_0029,7,12,mV_12,,45.48254547659941,True,,,False
test_0029,7,13,mV_13,41.958,,False,-1.9142992596798936,1.4673636450625764,False
test_0029,7,14,mV_14,38.103,,False,-2.040856060890519,2.014524177218398,False
test_0029,7,15,mV_15,34.048,,False,-2.062085327412661,1.9324877182809412,False
test_0029,7,16,mV_16,28.292,,False,-1.5649241574079236,1.7384261278895892,False
test_0029,7,17,mV_17,22.321,,False,-1.7617708693298484,1.522529571596671,False
test_0029,7,18,mV_18,14.638,,False,1.0016523903190637,1.650350422390376,False
test_0029,7,19,mV_19,13.773,,False,-2.8363260395935286,1.9546773103946173,False
test_0029,7,20,mV_20,22.152,,False,-1.1444047720723491,1.2812838959345567,False
test_0029,8,0,mV_0,35.826,,False,0.23685793257172852,0.11842896628586426,False
test_0029,8,1,mV_1,,36.40482803252736,True,,,False
test_0029,8,2,mV_2,36.043,,False,0.0015055597309736747,0.007888134040721447,False
test_0029,8,3,mV_3,24.638,,False,-0.02854141670093844,0.016470593878072832,False
test_0029,8,4,mV_4,33.931,,False,-0.007293982379440778,0.062272401910503636,False
test_0029,8,5,mV_5,40.066,,False,-0.20596022618219456,0.1246555072684733,False
test_0029,8,6,mV_6,45.515,,False,0.07940759433006331,0.10837946013801146,False
test_0029,8,7,mV_7,49.335,,False,-0.06874242570972468,0.15582093338369468,False
test_0029,8,8,mV_8,51.981,,False,-0.406391287785266,0.3327963768994967,False
test_0029,8,9,mV_9,53.147,,False,-0.44966050631773,0.3264280751051815,False
test_0029,8,10,mV_10,,55.25038190324452,True,,,False
test_0029,8,11,mV_11,53.885,,False,-0.015373008762999473,0.055730884976146595,False
test_0029,8,12,mV_12,51.794,,False,0.19217752237858743,0.21505992406174604,False
test_0029,8,13,mV_13,47.94,,False,0.46051164272680983,0.44014321666751344,False
test_0029,8,14,mV_14,43.902,,False,0.6473720588378468,0.6782272197717214,False
test_0029,8,15,mV_15,40.148,,False,0.9576531186843824,1.1093812544628836,False
test_0029,8,16,mV_16,34.807,,False,1.8748467216449227,1.176836640493557,False
test_0029,8,17,mV_17,,26.88777339042307,True,,,False
test_0029,8,18,mV_18,23.566,,False,5.0028839521842094,3.0878678033596403,True
test_0029,8,19,mV_19,14.835,,False,-2.345703309070143,2.423572642581124,True
test_0029,8,20,mV_20,,24.57775691018138,True,,,False
test_0029,9,0,mV_0,33.348,,False,-0.7621785898329372,0.6097655726038146,False
test_0029,9,1,mV_1,33.119,,False,-0.914705110749384,0.9892828718314038,False
test_0029,9,2,mV_2,32.865,,False,-1.3655426759939102,1.2446401142510657,False
test_0029,9,3,mV_3,21.782,,False,-1.3327699942670583,1.1531437871666883,False
test_0029,9,4,mV_4,32.514,,False,-0.5814924841387265,0.8856396096453072,False
test_0029,9,5,mV_5,37.89,,False,-1.0468034760367175,0.9223011342679353,False
test_0029,9,6,mV_6,42.63,,False,-1.0141051008595796,0.9621357845476393,False
test_0029,9,7,mV_7,47.346,,False,-0.7735294604346804,0.7818492233173537,False
test_0029,9,8,mV_8,51.51,,False,-0.5662328715404749,0.642826452900295,False
test_0029,9,9,mV_9,52.501,,False,-0.6653106080855502,0.7252355349078721,False
test_0029,9,10,mV_10,52.695,,False,-1.0040880519199133,0.8912803050448337,False
test_0029,9,11,mV_11,51.377,,False,-0.8916345082539581,0.9380893572135397,False
test_0029,9,12,mV_12,48.699,,False,-0.965000360426329,0.9636526207195762,False
test_0029,9,13,mV_13,44.178,,False,-1.032975253771689,1.0529722891172764,False
test_0029,9,14,mV_14,39.958,,False,-1.180938288499398,1.1938170829771138,False
test_0029,9,15,mV_15,35.425,,False,-1.38041650113797,1.3496150351000815,False
test_0029,9,16,mV_16,28.497,,False,-1.4566888496249877,1.4130821751632856,False
test_0029,9,17,mV_17,23.123,,False,-1.3585345002651972,1.5444897410071734,False
test_0029,9,18,mV_18,7.931,,False,-2.0042011138733122,1.4267962443924267,False
test_0029,9,19,mV_19,20.649,,False,0.34024824955788535,0.6711744032472707,False
test_0029,9,20,mV_20,,22.911857751926096,True,,,False
test_0029,10,0,mV_0,22.478,,False,-5.144554295457921,3.84716477245276,False
test_0029,10,1,mV_1,21.83,,False,-5.099550498895198,4.185580070830917,False
test_0029,10,2,mV_2,32.788,,False,-1.3986649900753527,2.2101434702114395,False
test_0029,10,3,mV_3,26.767,,False,0.9436934017998547,0.8438001168003891,False
test_0029,10,4,mV_4,33.729,,False,-0.08914867352649435,0.4515837850409169,False
test_0029,10,5,mV_5,38.828,,False,-0.6843443913108241,1.0402293628017623,False
test_0029,10,6,mV_6,38.174,,False,-2.703079995058906,2.1521153699619253,False
test_0029,10,7,mV_7,42.423,,False,-2.517957098419066,2.8991006508158557,True
test_0029,10,8,mV_8,41.812,,False,-3.857408411366385,3.8869786661808483,True
test_0029,10,9,mV_9,38.572,,False,-5.3151407435715585,4.852727495844281,True
test_0029,10,10,mV_10,41.135,,False,-4.923220084867625,4.9495724970412684,True
test_0029,10,11,mV_11,40.658,,False,-4.636709074858266,4.637542375074185,True
test_0029,10,12,mV_12,39.636,,False,-4.353531265712583,4.531883697876474,True
test_0029,10,13,mV_13,34.73,,False,-4.783763185222464,4.847846575225555,True
test_0029,10,14,mV_14,30.705,,False,-5.47032866474471,4.84488540805328,True
test_0029,10,15,mV_15,30.83,,False,-3.655121117501233,3.658838622792229,True
test_0029,10,16,mV_16,27.743,,False,-1.8547835914217414,2.4035410012692373,False
test_0029,10,17,mV_17,21.351,,False,-2.2494757047322333,2.502469566801297,False
test_0029,10,18,mV_18,4.245,,False,-3.65614326631898,3.1009080091576635,False
test_0029,10,19,mV_19,13.761,,False,-2.841869799260461,3.2152019825047584,False
test_0029,10,20,mV_20,17.302,,False,-3.520925065179132,2.470929982404681,False
test_0029,11,0,mV_0,28.497,,False,-2.7179195786081713,1.3714246157879555,False
test_0029,11,1,mV_1,35.452,,False,-0.049859305935478944,1.62188689367759,False
test_0029,11,2,mV_2,44.571,,False,3.6699093842312314,4.231255724295332,False
test_0029,11,3,mV_3,45.581,,False,9.535344822783388,7.222153933294936,False
test_0029,11,4,mV_4,49.121,,False,6.148016703381734,5.682835817601694,False
test_0029,11,5,mV_5,42.928,,False,0.8999650408599186,2.8136121725740804,False
test_0029,11,6,mV_6,36.582,,False,-3.30650190519475,3.2174793157499932,False
test_0029,11,7,mV_7,34.411,,False,-5.356948411750554,5.038399587914935,True
test_0029,11,8,mV_8,35.106,,False,-6.1331996229638825,6.014616717739341,True
test_0029,11,9,mV_9,35.217,,False,-6.435119213279045,6.608098462133657,True
test_0029,11,10,mV_10,33.744,,False,-7.428955799012653,7.248639703751051,True
test_0029,11,11,mV_11,31.886,,False,-7.701528003699854,7.589211519400485,True
test_0029,11,12,mV_12,31.154,,False,-7.52483427118958,7.132356670978528,True
test_0029,11,13,mV_13,32.225,,False,-5.778230137835099,5.559837090140082,True
test_0029,11,14,mV_14,35.693,,False,-3.1580538137005503,3.254087017368711,False
test_0029,11,15,mV_15,40.076,,False,0.9220103042386454,2.5295431572720917,False
test_0029,11,16,mV_16,40.946,,False,5.116098206910526,4.071667906264289,False
test_0029,11,17,mV_17,36.033,,False,5.13246490699746,4.924330178734516,False
test_0029,11,18,mV_18,22.034,,False,4.316292694032619,3.473774414312363,False
test_0029,11,19,mV_19,19.631,,False,-0.13004736218675386,1.8979070413867167,False
test_0029,11,20,mV_20,18.334,,False,-3.0152407471407403,1.5401322141170586,False
test_0029,12,0,mV_0,31.802,,False,-1.3854677196301977,1.0687638483526496,False
test_0029,12,1,mV_1,31.529,,False,-1.5041199541502026,1.6309111218341115,False
test_0029,12,2,mV_2,31.088,,False,-2.129936859405843,1.9685008817072314,False
test_0029,12,3,mV_3,20.08,,False,-2.110009853867036,1.9496556279863644,False
test_0029,12,4,mV_4,30.374,,False,-1.4486659448055426,1.7174678421538583,False
test_0029,12,5,mV_5,35.779,,False,-1.862529625137312,1.7386539502733813,False
test_0029,12,6,mV_6,40.607,,False,-1.7808906060133587,1.7286687434857229,False
test_0029,12,7,mV_7,45.323,,False,-1.4903641367788625,1.50470044548787,False
test_0029,12,8,mV_8,49.474,,False,-1.2571829023803962,1.3199006504976476,False
test_0029,12,9,mV_9,50.675,,False,-1.2748726604509357,1.404050318330191,False
test_0029,12,10,mV_10,50.32,,False,-1.8092730500384957,1.7093513989804368,False
test_0029,12,11,mV_11,48.365,,False,-1.9439868353938197,1.957660387741659,False
test_0029,12,12,mV_12,45.574,,False,-2.1333948301405017,2.003181698560298,False
test_0029,12,13,mV_13,42.241,,False,-1.8019502985663698,1.8351359344213691,False
test_0029,12,14,mV_14,39.047,,False,-1.6032483104122353,1.5941218608226762,False
test_0029,12,15,mV_15,35.45,,False,-1.3680405238998647,1.2943072583963087,False
test_0029,12,16,mV_16,29.669,,False,-0.8378996753732706,1.1039874160361134,False
test_0029,12,17,mV_17,23.096,,False,-1.3721097894980476,1.2117113623037954,False
test_0029,12,18,mV_18,15.225,,False,1.2647261948458157,1.859331474190248,False
test_0029,12,19,mV_19,12.259,,False,-3.5357637175713132,2.5594287166414857,True
test_0029,12,20,mV_20,20.607,,False,-1.9014612365774997,1.834671547681578,False
test_0030,1,0,mV_0,33.151,,False,-2.002507831631948,1.5972023671507167,False
test_0030,1,1,mV_1,31.151,,False,-2.383793805338972,2.0918809354465364,True
test_0030,1,2,mV_2,22.349,,False,-1.5974282994762536,1.609869342991543,False
test_0030,1,3,mV_3,32.854,,False,0.8608269676746929,1.037851667142115,False
test_0030,1,4,mV_4,41.372,,False,-0.8323244337428204,0.9058444223979977,False
test_0030,1,5,mV_5,44.868,,False,-1.0979018544316568,1.1057431897501373,False
test_0030,1,6,mV_6,47.815,,False,-1.3948446163944155,1.275081988289053,False
test_0030,1,7,mV_7,50.536,,False,-1.2127368659357236,1.2608911521650035,False
test_0030,1,8,mV_8,53.006,,False,-1.223246260394151,1.2480885701368072,False
test_0030,1,9,mV_9,54.471,,False,-1.3331248938232036,1.3038983404460174,False
test_0030,1,10,mV_10,54.206,,False,-1.3260973137435108,1.2639599874288625,False
test_0030,1,11,mV_11,53.3,,False,-1.0705204284052252,1.0970984605085479,False
test_0030,1,12,mV_12,50.272,,False,-0.9212556714802299,1.0647640259786408,False
test_0030,1,13,mV_13,45.365,,False,-1.346024332548878,1.322880831920944,False
test_0030,1,14,mV_14,38.416,,False,-1.6782189911057896,1.4974528667669738,False
test_0030,1,15,mV_15,29.487,,False,-1.287349152307438,1.4259495992807887,False
test_0030,1,16,mV_16,24.154,,False,-1.4508811014024885,1.524675510133324,False
test_0030,1,17,mV_17,25.862,,False,-1.9095906854208815,1.860357433619885,False
test_0030,1,18,mV_18,28.955,,False,-2.1713672622352873,2.085407408591511,False
test_0030,1,19,mV_19,30.62,,False,-2.0893044244745878,2.0473017040938637,False
test_0030,1,20,mV_20,30.834,,False,-1.8392307051909924,1.441941458714143,False
test_0030,2,0,mV_0,35.523,,False,-1.0462065276997987,1.0108069766481396,False
test_0030,2,1,mV_1,32.319,,False,-1.9508148511929606,1.5807179623252192,False
test_0030,2,2,mV_2,22.866,,False,-1.3750356192151567,1.6070005342512184,False
test_0030,2,3,mV_3,34.751,,False,1.7271160473815999,1.26597270346259,False
test_0030,2,4,mV_4,44.005,,False,0.23462309987200436,0.5490905617814021,False
test_0030,2,5,mV_5,,47.360123765073176,True,,,False
test_0030,2,6,mV_6,51.307,,False,-0.07125836627232163,0.05082161356041054,False
test_0030,2,7,mV_7,53.787,,False,-0.06076972169699891,0.10406764928643322,False
test_0030,2,8,mV_8,55.952,,False,-0.22347278747941346,0.2802790803552756,False
test_0030,2,9,mV_9,56.627,,False,-0.6134010247652766,0.5808586000582193,False
test_0030,2,10,mV_10,55.542,,False,-0.8731595632229108,0.7500364302037845,False
test_0030,2,11,mV_11,54.531,,False,-0.6404255696040397,0.6030915218935464,False
test_0030,2,12,mV_12,52.045,,False,-0.25835538514319556,0.3812426061100732,False
test_0030,2,13,mV_13,47.829,,False,-0.36783408454986194,0.4413761130491668,False
test_0030,2,14,mV_14,40.372,,False,-0.7714808979537476,0.7859226832292856,False
test_0030,2,15,mV_15,29.597,,False,-1.232894852459785,0.9423678827246711,False
test_0030,2,16,mV_16,25.894,,False,-0.5322009280253668,0.711334040681392,False
test_0030,2,17,mV_17,28.57,,False,-0.5480394542150498,0.44975782943954534,False
test_0030,2,18,mV_18,33.419,,False,-0.17075148130271486,0.3144928611713159,False
test_0030,2,19,mV_19,34.345,,False,-0.36842902786478426,0.3758024057153543,False
test_0030,2,20,mV_20,33.372,,False,-0.5956000858291337,0.3899072998807629,False
test_0030,3,0,mV_0,39.778,,False,0.6692496477771367,0.3501479349372535,False
test_0030,3,1,mV_1,37.749,,False,0.06209244419474063,0.419184628353319,False
test_0030,3,2,mV_2,28.116,,False,0.883303977246658,0.4794329447051551,False
test_0030,3,3,mV_3,30.774,,False,-0.08903138013256379,0.2759787420146304,False
test_0030,3,4,mV_4,43.321,,False,-0.042548230546736183,0.1172181548414828,False
test_0030,3,5,mV_5,48.472,,False,0.2947447781398951,0.22415085582642116,False
test_0030,3,6,mV_6,52.193,,False,0.2645656364791583,0.3092155297393512,False
test_0030,3,7,mV_7,55.124,,False,0.41298606785919295,0.36769946141335164,False
test_0030,3,8,mV_8,57.731,,False,0.3802600734558624,0.37987861657289373,False
test_0030,3,9,mV_9,59.501,,False,0.34600825152065723,0.375921555714388,False
test_0030,3,10,mV_10,59.39,,False,0.43140964636037515,0.4350611265633172,False
test_0030,3,11,mV_11,57.885,,False,0.5314169620118612,0.4841377452097738,False
test_0030,3,12,mV_12,53.919,,False,0.4423074104549979,0.41608262922920747,False
test_0030,3,13,mV_13,49.381,,False,0.24829873399497301,0.396601049204905,False
test_0030,3,14,mV_14,43.433,,False,0.6474993183746761,0.6357572030095635,False
test_0030,3,15,mV_15,34.107,,False,0.9997314412939288,0.9807707196447292,False
test_0030,3,16,mV_16,29.319,,False,1.2761206776163831,1.1314685254652868,False
test_0030,3,17,mV_17,31.597,,False,0.973901305334452,1.013145841053419,False
test_0030,3,18,mV_18,35.649,,False,0.8286600759283886,0.8498157902618209,False
test_0030,3,19,mV_19,36.805,,False,0.7680417038560541,0.9281249980333305,False
test_0030,3,20,mV_20,37.338,,False,1.3477565084928251,0.8658886802104261,False
test_0030,4,0,mV_0,38.099,,False,-0.00766008632997988,0.1759743940481692,False
test_0030,4,1,mV_1,39.439,,False,0.688577403532717,0.5053164811466935,False
test_0030,4,2,mV_2,24.583,,False,-0.63645103119136,0.693694459062759,False
test_0030,4,3,mV_3,29.188,,False,-0.8132983703355987,0.7592550866424636,False
test_0030,4,4,mV_4,41.516,,False,-0.7739725747072969,0.9141511069502949,False
test_0030,4,5,mV_5,44.357,,False,-1.2953609080509874,1.8886336785191564,False
test_0030,4,6,mV_6,40.441,,False,-4.1898403232673544,3.400421716613314,True
test_0030,4,7,mV_7,42.877,,False,-3.926645311867559,4.235428883626703,True
test_0030,4,8,mV_8,42.176,,False,-4.898584587504338,4.99838101581825,True
test_0030,4,9,mV_9,39.683,,False,-6.269709576396763,5.8745624544290695,True
test_0030,4,10,mV_10,40.242,,False,-6.060246077418411,6.04191448340474,True
test_0030,4,11,mV_11,39.828,,False,-5.777456202385373,5.692668927978387,True
test_0030,4,12,mV_12,38.947,,False,-5.155517229724389,5.520626660890044,True
test_0030,4,13,mV_13,33.657,,False,-5.994015981726026,6.010732325105761,True
test_0030,4,14,mV_14,27.153,,False,-6.8993801072466026,4.948194049054807,True
test_0030,4,15,mV_15,,23.203779307040882,True,,,False
test_0030,4,16,mV_16,,21.879089022189916,True,,,False
test_0030,4,17,mV_17,23.604,,False,-3.0448870960792136,2.219790805013416,False
test_0030,4,18,mV_18,27.576,,False,-2.7893890278952367,2.948731667835073,False
test_0030,4,19,mV_19,28.278,,False,-3.1712615194706055,3.382731157501181,False
test_0030,4,20,mV_20,25.61,,False,-4.399012563168277,2.99232166145179,False
test_0030,5,0,mV_0,37.973,,False,-0.05845855357089415,0.1900672423077936,False
test_0030,5,1,mV_1,35.846,,False,-0.6433518620893861,0.3664481778192336,False
test_0030,5,2,mV_2,26.343,,False,0.12063043352726807,0.2473015799776325,False
test_0030,5,3,mV_3,31.198,,False,0.10459359076660771,0.08427789935998148,False
test_0030,5,4,mV_4,43.444,,False,0.007293982379442426,0.06377724337840922,False
test_0030,5,5,mV_5,48.061,,False,0.1359274179881443,0.1163136112906758,False
test_0030,5,6,mV_6,51.004,,False,-0.18610562680697218,0.21965091284835303,False
test_0030,5,7,mV_7,52.913,,False,-0.37046497979132337,0.3467616921282873,False
test_0030,5,8,mV_8,55.255,,False,-0.4600111821235302,0.40278124883776606,False
test_0030,5,9,mV_9,57.504,,False,-0.32063765131268057,0.318165938718691,False
test_0030,5,10,mV_10,57.612,,False,-0.17137727012587264,0.1720496593807256,False
test_0030,5,11,mV_11,56.435,,False,0.024806445958476614,0.07973708859591543,False
test_0030,5,12,mV_12,52.474,,False,-0.09795819234083585,0.055180707660037076,False
test_0030,5,13,mV_13,,48.25310206513482,True,,,False
test_0030,5,14,mV_14,40.161,,False,-0.8692936472661604,0.6323530600117704,False
test_0030,5,15,mV_15,30.49,,False,-0.7908249455147606,0.6861247030218625,False
test_0030,5,16,mV_16,26.346,,False,-0.2935552737917684,0.4172625072173528,False
test_0030,5,17,mV_17,29.081,,False,-0.2911145357711139,0.23283925147886395,False
test_0030,5,18,mV_18,33.924,,False,0.05557266058145962,0.15432788350343174,False
test_0030,5,19,mV_19,35.608,,False,0.21505167707969378,0.33107954397656497,False
test_0030,5,20,mV_20,36.299,,False,0.8386421611654127,0.4730839998526298,False
test_0030,6,0,mV_0,42.069,,False,1.5928947941972706,1.033279100292156,False
test_0030,6,1,mV_1,40.137,,False,0.9473268127740829,1.3809202477488647,False
test_0030,6,2,mV_2,30.796,,False,2.0361325712500227,1.423981801348488,False
test_0030,6,3,mV_3,32.45,,False,0.6763352501198235,0.8472007678724174,False
test_0030,6,4,mV_4,,46.62596888194551,True,,,False
test_0030,6,5,mV_5,51.701,,False,1.5424850602080251,1.1062137066634055,False
test_0030,6,6,mV_6,55.03,,False,1.3398847062375718,1.430590756369396,False
test_0030,6,7,mV_7,58.192,,False,1.5001085527944154,1.4484444678267876,False
test_0030,6,8,mV_8,60.894,,False,1.453676059480748,1.4689460396981713,False
test_0030,6,9,mV_9,62.863,,False,1.468323487036773,1.4790265567078025,False
test_0030,6,10,mV_10,62.618,,False,1.5257831932769161,1.5530795959429273,False
test_0030,6,11,mV_11,61.208,,False,1.6924285101811043,1.702962923689507,False
test_0030,6,12,mV_12,57.821,,False,1.901211481118903,1.7725366903474504,False
test_0030,6,13,mV_13,52.774,,False,1.5952952889708916,1.8207453149872013,False
test_0030,6,14,mV_14,46.763,,False,2.191179200888119,2.1846835531419564,True
test_0030,6,15,mV_15,37.665,,False,2.7610805218206953,2.2065789987011963,True
test_0030,6,16,mV_16,29.01,,False,1.1129757502752748,1.4322869584417595,False
test_0030,6,17,mV_17,31.136,,False,0.7421158113957923,0.8174763665182713,False
test_0030,6,18,mV_18,35.301,,False,0.672698093006226,0.9313654972500522,False
test_0030,6,19,mV_19,38.688,,False,1.6379499915919646,1.5360154558137724,False
test_0030,6,20,mV_20,39.068,,False,2.195463747064934,1.5072193714304583,False
test_0030,7,0,mV_0,37.065,,False,-0.42453004765621993,0.42778141035776474,False
test_0030,7,1,mV_1,35.256,,False,-0.8620655461186192,0.6718517546771285,False
test_0030,7,2,mV_2,27.315,,False,0.5387458788150561,1.0787746646567347,False
test_0030,7,3,mV_3,25.767,,False,-2.375541354878208,1.5490771274596509,False
test_0030,7,4,mV_4,41.189,,False,-0.906479921267132,1.1660679467540263,False
test_0030,7,5,mV_5,46.478,,False,-0.4757705896036329,0.5678867612929404,False
test_0030,7,6,mV_6,50.404,,False,-0.41352594469736387,0.3484278261858587,False
test_0030,7,7,mV_7,53.702,,False,-0.09088882574507415,0.1559101730615059,False
test_0030,7,8,mV_8,56.527,,False,-0.02833709605851148,0.06330455369521255,False
test_0030,7,9,mV_9,58.781,,False,0.1056551969187531,0.09682324791407124,False
test_0030,7,10,mV_10,58.553,,False,0.1476455017602673,0.16024369226993862,False
test_0030,7,11,mV_11,57.051,,False,0.24002856864046684,0.26180074736184455,False
test_0030,7,12,mV_12,53.858,,False,0.4195003504061771,0.31704401923128145,False
test_0030,7,13,mV_13,49.232,,False,0.18914680747230472,0.3264398641268199,False
test_0030,7,14,mV_14,43.132,,False,0.507965491156493,0.524470196935503,False
test_0030,7,15,mV_15,33.891,,False,0.8928029979567216,0.586724293823675,False
test_0030,7,16,mV_16,26.801,,False,-0.053325688224763336,0.30039383685716997,False
test_0030,7,17,mV_17,29.258,,False,-0.20212097302243168,0.13769657268221283,False
test_0030,7,18,mV_18,33.592,,False,-0.09321865645922461,0.14016145640046546,False
test_0030,7,19,mV_19,35.515,,False,0.1720875396609809,0.12276229848628598,False
test_0030,7,20,mV_20,34.697,,False,0.053655458163957476,0.06984961399722396,False
test_0030,8,0,mV_0,37.803,,False,-0.12699616810228836,0.2776243412331556,False
test_0030,8,1,mV_1,39.892,,False,0.8565050287280456,0.5419006079845976,False
test_0030,8,2,mV_2,25.301,,False,-0.32759620638001097,0.5821622782903465,False
test_0030,8,3,mV_3,29.18,,False,-0.8169516716733186,0.7425238060764869,False
test_0030,8,4,mV_4,40.937,,False,-1.0085956745792999,1.1149726020076764,False
test_0030,8,5,mV_5,43.502,,False,-1.6257473871987878,2.2115052898091663,False
test_0030,8,6,mV_6,39.396,,False,-4.58593071025979,3.759018858020911,True
test_0030,8,7,mV_7,41.997,,False,-4.238466624365277,4.540164158738483,True
test_0030,8,8,mV_8,41.589,,False,-5.097792675963589,5.218586364179796,True
test_0030,8,9,mV_9,39.172,,False,-6.4402934804267264,6.059154116864258,True
test_0030,8,10,mV_10,39.658,,False,-6.25823683063999,6.2577131339763525,True
test_0030,8,11,mV_11,38.979,,False,-6.074085394198702,5.972081881955285,True
test_0030,8,12,mV_12,38.074,,False,-5.481919908783743,4.259481302941547,True
test_0030,8,13,mV_13,,33.22597162129047,True,,,False
test_0030,8,14,mV_14,27.538,,False,-6.720906607316369,4.6067760914213105,False
test_0030,8,15,mV_15,22.017,,False,-4.985291151052505,5.048390271897077,False
test_0030,8,16,mV_16,20.269,,False,-3.502072178166926,3.818789572556532,False
test_0030,8,17,mV_17,23.125,,False,-3.285722782839772,3.2965087257564605,False
test_0030,8,18,mV_18,26.855,,False,-3.1125171591793728,3.289002518047929,False
test_0030,8,19,mV_19,27.252,,False,-3.6452529709931984,2.6007557752914425,False
test_0030,8,20,mV_20,,24.24243706018919,True,,,False
test_0030,9,0,mV_0,36.291,,False,-0.7365777749932707,0.6939035183596508,False
test_0030,9,1,mV_1,34.068,,False,-1.3024585234520618,0.9365224136296686,False
test_0030,9,2,mV_2,25.122,,False,-0.4045948326212798,0.8142439995110688,False
test_0030,9,3,mV_3,33.477,,False,1.1453278093496542,0.6872862191699467,False
test_0030,9,4,mV_4,43.293,,False,-0.053894425359198674,0.3988933518021342,False
test_0030,9,5,mV_5,46.823,,False,-0.34245674714048535,0.34114820692547543,False
test_0030,9,6,mV_6,49.844,,False,-0.6257849080617323,0.5355928570347991,False
test_0030,9,7,mV_7,52.411,,False,-0.5483448648752466,0.6063680441393151,False
test_0030,9,8,mV_8,54.539,,False,-0.7029975387450353,0.6842473941031925,False
test_0030,9,9,mV_9,56.12,,False,-0.7826496340474526,0.7362054294726837,False
test_0030,9,10,mV_10,56.122,,False,-0.6765249110507945,0.6479995767899711,False
test_0030,9,11,mV_11,55.058,,False,-0.45629885101084317,0.4816854697602718,False
test_0030,9,12,mV_12,51.833,,False,-0.33761926596860636,0.3832789637778802,False
test_0030,9,13,mV_13,47.744,,False,-0.4015784721634648,0.31332964910295025,False
test_0030,9,14,mV_14,42.279,,False,0.11254238611626506,0.3983067666729522,False
test_0030,9,15,mV_15,34.04,,False,0.9665638222958136,0.7006973020193286,False
test_0030,9,16,mV_16,28.336,,False,0.7571191773694224,0.6592923493643711,False
test_0030,9,17,mV_17,29.971,,False,0.15636722042282628,0.3772642258639123,False
test_0030,9,18,mV_18,32.82,,False,-0.4392032852405743,0.3399441753444499,False
test_0030,9,19,mV_19,34.439,,False,-0.3250029104738245,0.31131885970965995,False
test_0030,9,20,mV_20,34.269,,False,-0.1560663326504163,0.15928389394366427,False
test_0030,10,0,mV_0,39.172,,False,0.4249332100946393,0.24235438602165377,False
test_0030,10,1,mV_1,37.904,,False,0.11955112389733648,0.621056936931318,False
test_0030,10,2,mV_2,30.294,,False,1.82019228983596,1.3400159623790868,False
test_0030,10,3,mV_3,27.465,,False,-1.6001281459470909,1.284591990882774,False
test_0030,10,4,mV_4,43.135,,False,-0.11791938180095478,0.5458160977012003,False
test_0030,10,5,mV_5,48.608,,False,0.347297481255801,0.3199657743943294,False
test_0030,10,6,mV_6,52.728,,False,0.4673487532647609,0.5088760256470113,False
test_0030,10,7,mV_7,56.085,,False,0.7535091148027222,0.6544090079298639,False
test_0030,10,8,mV_8,58.506,,False,0.6432690488492503,0.6766315508727716,False
test_0030,10,9,mV_9,60.461,,False,0.6664789909898634,0.7014130838016766,False
test_0030,10,10,mV_10,60.564,,False,0.829425304377729,0.8740309929182093,False
test_0030,10,11,mV_11,59.715,,False,1.170794371927516,1.1902880464337406,False
test_0030,10,12,mV_12,56.989,,False,1.5901381375022012,1.456320783322324,False
test_0030,10,13,mV_13,52.469,,False,1.4742124863573773,1.5848546122299985,False
test_0030,10,14,mV_14,45.921,,False,1.8008553387030384,1.7524483417473424,False
test_0030,10,15,mV_15,35.994,,False,1.9338702032259159,1.7202077980809412,False
test_0030,10,16,mV_16,29.198,,False,1.2122354471688943,1.3348203604399083,False
test_0030,10,17,mV_17,31.611,,False,0.9809403441959295,1.0569389633801347,False
test_0030,10,18,mV_18,36.151,,False,1.0536397179597856,1.0691658146784544,False
test_0030,10,19,mV_19,37.715,,False,1.1884434785983164,1.138465316827625,False
test_0030,10,20,mV_20,36.88,,False,1.1233345921540825,0.8587781657266204,False
test_0030,11,0,mV_0,38.723,,False,0.2439132752440772,0.1330313347582645,False
test_0030,11,1,mV_1,37.462,,False,-0.04429878854490366,0.08312771308347112,False
test_0030,11,2,mV_2,,25.712136809175753,True,,,False
test_0030,11,3,mV_3,,31.12392186804113,True,,,False
test_0030,11,4,mV_4,44.5,,False,0.4352076153066171,0.3811319395004038,False
test_0030,11,5,mV_5,49.402,,False,0.654112527388381,0.5621712024158015,False
test_0030,11,6,mV_6,52.828,,False,0.5052521395798271,0.5661739154764645,False
test_0030,11,7,mV_7,55.652,,False,0.6000788553578228,0.6002353319508842,False
test_0030,11,8,mV_8,58.66,,False,0.6955314775080642,0.7110570605918098,False
test_0030,11,9,mV_9,61.02,,False,0.853086431993288,0.8232080609057327,False
test_0030,11,10,mV_10,60.746,,False,0.8911279021282906,0.9048910459111548,False
test_0030,11,11,mV_11,59.181,,False,0.9842219473947498,0.9483849000571285,False
test_0030,11,12,mV_12,55.234,,False,0.9339678033107235,0.7985366469345867,False
test_0030,11,13,mV_13,49.617,,False,0.34198903372215017,0.4319789750340485,False
test_0030,11,14,mV_14,41.799,,False,-0.10997002938117008,0.2552694620045248,False
test_0030,11,15,mV_15,31.16,,False,-0.45914875553360907,0.27000232433493565,False
test_0030,11,16,mV_16,26.804,,False,-0.051741756891354296,0.21444227825206896,False
test_0030,11,17,mV_17,30.247,,False,0.29513684369195814,0.3103035529990847,False
test_0030,11,18,mV_18,35.137,,False,0.5991987677210682,0.508801474147617,False
test_0030,11,19,mV_19,36.315,,False,0.5416715174563737,0.6305409930418803,False
test_0030,11,20,mV_20,36.301,,False,0.8396221695337055,0.5552289641309461,False
test_0030,12,0,mV_0,39.671,,False,0.626111266866201,0.31569687919362344,False
test_0030,12,1,mV_1,37.553,,False,-0.010564983042091728,0.5046941807389826,False
test_0030,12,2,mV_2,29.251,,False,1.3715354900055463,0.8154709179222859,False
test_0030,12,3,mV_3,29.856,,False,-0.5082477086359589,0.6300332581484999,False
test_0030,12,4,mV_4,43.752,,False,0.13210212531653528,0.19311298981725739,False
test_0030,12,5,mV_5,,47.792349004153735,True,,,False
test_0030,12,6,mV_6,51.394,,False,-0.03828242017821597,0.05134207574050594,False
test_0030,12,7,mV_7,53.595,,False,-0.12880346260559183,0.09980660505937772,False
test_0030,12,8,mV_8,56.306,,False,-0.1033370748481112,0.08758319159273988,False
test_0030,12,9,mV_9,58.509,,False,0.014855154069145284,0.061951858574299704,False
test_0030,12,10,mV_10,57.779,,False,-0.11476005131079704,0.09882756295459211,False
test_0030,12,11,mV_11,55.932,,False,-0.15093499512762903,0.10658777088851971,False
test_0030,12,12,mV_12,52.762,,False,0.00972104198802375,0.05732756241675573,False
test_0030,12,13,mV_13,48.904,,False,0.058933170563346404,0.03189684577867914,False
test_0030,12,14,mV_14,,41.96545095578112,True,,,False
test_0030,12,15,mV_15,32.789,,False,0.34726992130115913,0.40343699827264473,False
test_0030,12,16,mV_16,28.643,,False,0.9192081504882607,0.7097021177311976,False
test_0030,12,17,mV_17,30.959,,False,0.6531222486471101,0.630198612193972,False
test_0030,12,18,mV_18,34.459,,False,0.295341800993407,0.38481051072102934,False
test_0030,12,19,mV_19,34.503,,False,-0.29543619225019313,0.2745352487842054,False
test_0030,12,20,mV_20,34.155,,False,-0.21192680964302815,0.17982245288406234,False
test_0031,1,0,mV_0,35.459,,False,-0.9486412176021689,0.5350229236481814,False
test_0031,1,1,mV_1,33.822,,False,-0.2428092593883879,0.7580759627069098,False
test_0031,1,2,mV_2,22.662,,False,-1.5980441144486945,1.3929922017117926,False
test_0031,1,3,mV_3,33.89,,False,-2.133071318561394,1.7269078632686938,False
test_0031,1,4,mV_4,40.082,,False,-1.0434447015032926,1.2558786843065715,False
test_0031,1,5,mV_5,44.911,,False,-0.8035540156583065,0.8074525243857494,False
test_0031,1,6,mV_6,48.653,,False,-0.5792573647230924,0.7303184058588843,False
test_0031,1,7,mV_7,51.85,,False,-0.959204878331046,0.6244167803462961,False
test_0031,1,8,mV_8,,53.365260111295015,True,,,False
test_0031,1,9,mV_9,53.569,,False,-1.5161467821299295,1.178888497976414,False
test_0031,1,10,mV_10,53.605,,False,-1.6832604276457968,1.5555539297948087,False
test_0031,1,11,mV_11,51.881,,False,-1.3395480817577117,1.3616099289852044,False
test_0031,1,12,mV_12,48.8,,False,-1.0840831247795977,1.1747228035192685,False
test_0031,1,13,mV_13,44.492,,False,-1.191176882760167,1.2095912505253232,False
test_0031,1,14,mV_14,40.972,,False,-1.3719281118013613,1.2749031411170875,False
test_0031,1,15,mV_15,37.479,,False,-1.1645794581054605,1.3456578827784913,False
test_0031,1,16,mV_16,31.684,,False,-1.6815445031016825,1.5035406588264713,False
test_0031,1,17,mV_17,25.599,,False,-1.48649417099706,1.187293920608773,False
test_0031,1,18,mV_18,16.762,,False,-0.09464283733928869,0.7902036166136892,False
test_0031,1,19,mV_19,14.113,,False,-1.4850346207791192,1.1905216431945826,False
test_0031,1,20,mV_20,21.924,,False,-1.6973744938808037,1.2199459021351817,False
test_0031,2,0,mV_0,37.35,,False,-0.18626104655002207,1.101623027345406,False
test_0031,2,1,mV_1,23.595,,False,-4.03397001628158,3.1152912818447978,False
test_0031,2,2,mV_2,16.597,,False,-4.206964048266009,3.1122028595370073,False
test_0031,2,3,mV_3,38.563,,False,0.0009133253344315149,1.2406255528692645,False
test_0031,2,4,mV_4,40.797,,False,-0.7537115125421855,0.6589269393338557,False
test_0031,2,5,mV_5,44.073,,False,-1.1273714069166203,1.5921707862587209,False
test_0031,2,6,mV_6,41.316,,False,-3.3602288186594573,1.9619572610588838,False
test_0031,2,7,mV_7,,46.58141960040707,True,,,False
test_0031,2,8,mV_8,42.822,,False,-5.072340194473908,4.13349633828284,True
test_0031,2,9,mV_9,38.971,,False,-6.389304964183545,6.019880560755997,True
test_0031,2,10,mV_10,40.198,,False,-6.228572120182988,6.086361079096733,True
test_0031,2,11,mV_11,39.976,,False,-5.498995111837409,5.503871031191171,True
test_0031,2,12,mV_12,38.891,,False,-4.788921780906874,5.0781445391245414,True
test_0031,2,13,mV_13,34.304,,False,-5.235739482847008,5.3139878563564995,True
test_0031,2,14,mV_14,30.998,,False,-5.99555067882511,5.285093090682512,True
test_0031,2,15,mV_15,31.926,,False,-3.9135315222328177,4.215792827614301,True
test_0031,2,16,mV_16,29.11,,False,-3.040557587166461,3.3642749084194032,True
test_0031,2,17,mV_17,21.669,,False,-3.4624529371118733,3.13865042306223,False
test_0031,2,18,mV_18,11.196,,False,-2.5891382308587114,2.9454905550260064,False
test_0031,2,19,mV_19,10.528,,False,-3.141232821274729,3.384723431849058,False
test_0031,2,20,mV_20,15.863,,False,-4.667289853988063,3.1189531323127135,False
test_0031,3,0,mV_0,36.656,,False,-0.46605577881347654,0.3362681622917242,False
test_0031,3,1,mV_1,35.591,,False,0.41296109153994365,0.4695714842817913,False
test_0031,3,2,mV_2,25.014,,False,-0.5863079752338013,0.7796484039620984,False
test_0031,3,3,mV_3,35.204,,False,-1.5330165738408477,1.2164946866514337,False
test_0031,3,4,mV_4,39.662,,False,-1.2136376236902382,1.3183824434292502,False
test_0031,3,5,mV_5,43.592,,False,-1.3132379524956763,1.2035810447019168,False
test_0031,3,6,mV_6,47.611,,False,-0.9742106501260769,1.0405108231462474,False
test_0031,3,7,mV_7,52.016,,False,-0.9003840398371595,0.8919770924522445,False
test_0031,3,8,mV_8,55.432,,False,-0.7929296400085823,0.6215608299635811,False
test_0031,3,9,mV_9,,55.80483183682036,True,,,False
test_0031,3,10,mV_10,57.207,,False,-0.46209143260447594,0.3103564660568024,False
test_0031,3,11,mV_11,54.807,,False,-0.31724299901825764,0.32410490518522556,False
test_0031,3,12,mV_12,51.165,,False,-0.19984219009991092,0.24230407518229738,False
test_0031,3,13,mV_13,46.857,,False,-0.25228892151111004,0.2670221905501872,False
test_0031,3,14,mV_14,43.147,,False,-0.36366872907861797,0.2969475792033085,False
test_0031,3,15,mV_15,39.411,,False,-0.20816393714488793,0.24896916148894271,False
test_0031,3,16,mV_16,34.46,,False,-0.21588004258737706,0.18933128368982213,False
test_0031,3,17,mV_17,28.322,,False,-0.11740111243964649,0.11267056686666752,False
test_0031,3,18,mV_18,,16.82735558662408,True,,,False
test_0031,3,19,mV_19,8.534,,False,-4.062420885929749,2.5144770695785987,True
test_0031,3,20,mV_20,21.443,,False,-1.9330665064548977,1.982138474709886,False
test_0031,4,0,mV_0,35.027,,False,-1.1228073909995933,0.6083900674501448,False
test_0031,4,1,mV_1,34.984,,False,0.18794548780139245,0.61717724831828,False
test_0031,4,2,mV_2,24.122,,False,-0.9700106266707419,1.2233789634492707,False
test_0031,4,3,mV_3,32.505,,False,-2.7655491126542064,2.1036408907130943,True
test_0031,4,4,mV_4,37.935,,False,-1.9134547108732223,2.0658796421015277,True
test_0031,4,5,mV_5,42.666,,False,-1.6710600340054604,1.6958884757683321,False
test_0031,4,6,mV_6,46.15,,False,-1.5279791241891856,1.6868696626022033,False
test_0031,4,7,mV_7,48.855,,False,-2.020460368024982,1.8900330821954987,False
test_0031,4,8,mV_8,51.901,,False,-1.9912324685428453,1.8649128677410052,False
test_0031,4,9,mV_9,53.747,,False,-1.4567261658533484,1.6841943295184723,False
test_0031,4,10,mV_10,53.166,,False,-1.8320925178243475,1.8229124790375257,False
test_0031,4,11,mV_11,49.502,,False,-2.17073871464806,2.090341305942715,False
test_0031,4,12,mV_12,45.848,,False,-2.187795276650393,2.0803706382055154,False
test_0031,4,13,mV_13,43.021,,False,-1.7751532848732148,1.8203874862860312,False
test_0031,4,14,mV_14,40.602,,False,-1.5434480987473018,1.5826457353602694,False
test_0031,4,15,mV_15,36.865,,False,-1.4685334590732597,1.561765958722111,False
test_0031,4,16,mV_16,31.523,,False,-1.7665488179946236,1.4367537579109964,False
test_0031,4,17,mV_17,27.073,,False,-0.7453839365814785,0.8212558351052558,False
test_0031,4,18,mV_18,17.035,,False,0.027706649263442608,0.25107485322048817,False
test_0031,4,19,mV_19,16.887,,False,-0.20350217777358903,0.2999018840655256,False
test_0031,4,20,mV_20,23.827,,False,-0.7648965314514816,0.43332381016913807,False
test_0031,5,0,mV_0,40.68,,False,1.15626987338845,1.075708567860733,False
test_0031,5,1,mV_1,39.846,,False,1.9902945246660322,1.423263925833706,False
test_0031,5,2,mV_2,27.67,,False,0.5561967806143103,0.7804669794794211,False
test_0031,5,3,mV_3,38.519,,False,-0.01917983202303155,0.31295632532415607,False
test_0031,5,4,mV_4,44.279,,False,0.6572688566362509,0.5086211640825208,False
test_0031,5,5,mV_5,48.804,,False,0.7007671110345496,0.7468356053988923,False
test_0031,5,6,mV_6,52.631,,False,0.9285393428902193,0.8096343870753704,False
test_0031,5,7,mV_7,56.478,,False,0.6806917514864936,0.6890106558860661,False
test_0031,5,8,mV_8,59.142,,False,0.46611977768105767,0.4032328267121522,False
test_0031,5,9,mV_9,,59.5006864479096,True,,,False
test_0031,5,10,mV_10,60.697,,False,0.7211067330518837,0.5454662048854277,False
test_0031,5,11,mV_11,57.832,,False,0.7396513534379439,0.6822244066172218,False
test_0031,5,12,mV_12,53.113,,False,0.528488186541116,0.5093509642407786,False
test_0031,5,13,mV_13,48.099,,False,0.24077613044293866,0.32360978212116287,False
test_0031,5,14,mV_14,44.545,,False,0.28439868105765814,0.3670557502925186,False
test_0031,5,15,mV_15,41.162,,False,0.6586495086118193,0.5293984829321995,False
test_0031,5,16,mV_16,35.846,,False,0.5158962334475011,0.6984528292608629,False
test_0031,5,17,mV_17,30.75,,False,1.1033693415366304,0.9193995743957314,False
test_0031,5,18,mV_18,19.104,,False,0.9549633810621637,1.2622527128388037,False
test_0031,5,19,mV_19,21.734,,False,2.035714747694257,1.595068609311331,False
test_0031,5,20,mV_20,28.151,,False,1.3538815607946464,1.1858694673208876,False
test_0031,6,0,mV_0,40.216,,False,0.9692025019615881,0.6268578208896397,False
test_0031,6,1,mV_1,32.942,,False,-0.5690262796353828,1.2959397078745125,False
test_0031,6,2,mV_2,33.529,,False,3.0765037702656968,2.1893448319860385,True
test_0031,6,3,mV_3,43.018,,False,2.0353455077773788,2.3150045870995966,True
test_0031,6,4,mV_4,47.871,,False,2.112823562577932,2.031025470868143,True
test_0031,6,5,mV_5,51.812,,False,1.863109250539328,1.9963543022124668,False
test_0031,6,6,mV_6,55.844,,False,2.1463751451932787,2.0325638492193345,False
test_0031,6,7,mV_7,60.129,,False,1.9743958559514532,1.5237917142740462,False
test_0031,6,8,mV_8,,61.25921366759414,True,,,False
test_0031,6,9,mV_9,62.365,,False,1.4201663682566703,0.9129050473386262,False
test_0031,6,10,mV_10,60.963,,False,0.8112874528411642,0.9455108102035371,False
test_0031,6,11,mV_11,57.831,,False,0.7393019668751494,0.7451615492716206,False
test_0031,6,12,mV_12,53.547,,False,0.6907548104950195,0.6813082797360317,False
test_0031,6,13,mV_13,49.015,,False,0.6044215310789383,0.6841422630489616,False
test_0031,6,14,mV_14,45.737,,False,0.8369711795429505,0.847741060967566,False
test_0031,6,15,mV_15,42.079,,False,1.1126003537054248,0.8607264949876045,False
test_0031,6,16,mV_16,35.59,,False,0.38073409299661776,0.6055898470396909,False
test_0031,6,17,mV_17,29.646,,False,0.5482908484601031,0.5970897106137327,False
test_0031,6,18,mV_18,19.006,,False,0.9110430525381069,0.8623327946781865,False
test_0031,6,19,mV_19,19.663,,False,1.0789542251764292,1.1585062167631053,False
test_0031,6,20,mV_20,28.582,,False,1.5650733641614558,1.0522752383748353,False
test_0031,7,0,mV_0,38.11,,False,0.12014240664914809,0.2587670247477436,False
test_0031,7,1,mV_1,32.333,,False,-0.7947832856926782,0.8843646228594001,False
test_0031,7,2,mV_2,30.626,,False,1.8277495134030959,1.2892990303369336,False
test_0031,7,3,mV_3,40.109,,False,0.7069138088488641,1.047752626039499,False
test_0031,7,4,mV_4,45.0,,False,0.9494333730571715,0.9228547332337108,False
test_0031,7,5,mV_5,49.8,,False,1.085638377971636,1.1900792497903234,False
test_0031,7,6,mV_6,54.507,,False,1.6396068701608497,1.4654871901707351,False
test_0031,7,7,mV_7,58.782,,False,1.4970966423896055,1.4039392227030052,False
test_0031,7,8,mV_8,60.662,,False,0.98195673587196,1.1202304704351584,False
test_0031,7,9,mV_9,61.166,,False,1.0199117676071079,0.9053789900527827,False
test_0031,7,10,mV_10,60.339,,False,0.599735689124955,0.7154762587094575,False
test_0031,7,11,mV_11,57.554,,False,0.6425218889808125,0.6458464721045197,False
test_0031,7,12,mV_12,53.568,,False,0.6986064213314989,0.6645127526409105,False
test_0031,7,13,mV_13,49.05,,False,0.6183162789198319,0.6176069237989295,False
test_0031,7,14,mV_14,45.086,,False,0.5351887160245553,0.5781726208285186,False
test_0031,7,15,mV_15,41.092,,False,0.623996772345132,0.5206519696491121,False
test_0031,7,16,mV_16,35.436,,False,0.29942561788162925,0.47735142283687976,False
test_0031,7,17,mV_17,29.921,,False,0.6865576832391287,0.7689177457536183,False
test_0031,7,18,mV_18,20.104,,False,1.4031299986545862,0.8932428014331694,False
test_0031,7,19,mV_19,17.501,,False,0.08015352518437678,0.5564806764970908,False
test_0031,7,20,mV_20,26.74,,False,0.6624856569650232,0.3512812097786058,False
test_0031,8,0,mV_0,40.498,,False,1.0828943095960162,0.8315208120062723,False
test_0031,8,1,mV_1,37.607,,False,1.1602946288330565,1.3077007301855224,False
test_0031,8,2,mV_2,30.625,,False,1.8273193534799597,1.5288771530053435,False
test_0031,8,3,mV_3,41.409,,False,1.3005752762283986,1.5203418393416581,False
test_0031,8,4,mV_4,46.736,,False,1.652897451429876,1.5544805012883849,False
test_0031,8,5,mV_5,51.161,,False,1.6115518260653894,1.2190002758901637,False
test_0031,8,6,mV_6,,51.03049400245198,True,,,False
test_0031,8,7,mV_7,58.602,,False,1.4333150102878,0.929567512805096,False
test_0031,8,8,mV_8,60.278,,False,0.851640030644784,0.9757002092761722,False
test_0031,8,9,mV_9,60.406,,False,0.7662057655273207,0.6400014182168079,False
test_0031,8,10,mV_10,59.089,,False,0.1759541111678064,0.32730710942800967,False
test_0031,8,11,mV_11,56.262,,False,0.1911144498491052,0.16744701265327883,False
test_0031,8,12,mV_12,51.998,,False,0.1116050397470984,0.13151950031591117,False
test_0031,8,13,mV_13,47.774,,False,0.1117534719203427,0.13900047818055397,False
test_0031,8,14,mV_14,44.408,,False,0.22088992913443203,0.1624546082754112,False
test_0031,8,15,mV_15,40.026,,False,0.09628510291243797,0.103365033739827,False
test_0031,8,16,mV_16,,35.07876288416282,True,,,False
test_0031,8,17,mV_17,28.698,,False,0.07164735984004107,0.5989649551817211,False
test_0031,8,18,mV_18,11.947,,False,-2.252565101046802,1.9474043197265583,False
test_0031,8,19,mV_19,24.282,,False,3.2128397169725873,2.338367575186197,True
test_0031,8,20,mV_20,26.766,,False,0.675225765752812,1.140822812119553,False
test_0032,1,0,mV_0,23.094,,False,-5.601337338187738,2.800668669093869,False
test_0032,1,1,mV_1,,22.356162778256902,True,,,False
test_0032,1,2,mV_2,23.342,,False,-3.953599853539152,2.4009253789455327,False
test_0032,1,3,mV_3,21.477,,False,-1.6965018087038275,2.6730275139125457,False
test_0032,1,4,mV_4,25.299,,False,-3.345506584703375,3.268736401048815,False
test_0032,1,5,mV_5,28.734,,False,-4.6874306260846845,4.722475506843994,False
test_0032,1,6,mV_6,31.817,,False,-6.169534190503233,5.898115922392872,False
test_0032,1,7,mV_7,34.325,,False,-6.565964682480337,4.825365888865977,False
test_0032,1,8,mV_8,,34.055095002320016,True,,,False
test_0032,1,9,mV_9,35.596,,False,-6.913321644830752,5.232136121424646,False
test_0032,1,10,mV_10,35.058,,False,-7.101901196037081,7.004551856310104,False
test_0032,1,11,mV_11,35.126,,False,-6.901083388335505,6.990189218815441,False
test_0032,1,12,mV_12,34.629,,False,-7.056688902553676,6.537589247058286,False
test_0032,1,13,mV_13,36.397,,False,-5.135895794790291,5.1121304420468325,False
test_0032,1,14,mV_14,38.361,,False,-3.1200412760530734,2.958967415266083,False
test_0032,1,15,mV_15,40.841,,False,0.45989131416789386,2.3238141286619087,False
test_0032,1,16,mV_16,43.945,,False,5.255432610258774,5.411714611664628,False
test_0032,1,17,mV_17,47.547,,False,10.676101911973072,6.65190910855123,False
test_0032,1,18,mV_18,,46.061115014680965,True,,,False
test_0032,1,19,mV_19,54.504,,False,16.317606776833024,11.987941085423305,True
test_0032,1,20,mV_20,53.046,,False,15.316550788027172,11.737677088221842,True
test_0032,2,0,mV_0,,36.37915814222625,True,,,False
test_0032,2,1,mV_1,33.925,,False,-0.9132223061118984,1.1260475334357016,False
test_0032,2,2,mV_2,26.308,,False,-2.6777455215190096,3.5103921519542265,False
test_0032,2,3,mV_3,8.171,,False,-7.772855258666987,5.960259533688018,False
test_0032,2,4,mV_4,19.692,,False,-5.617582095899089,5.7212834411336795,False
test_0032,2,5,mV_5,30.831,,False,-3.877114314069551,4.275186467428587,False
test_0032,2,6,mV_6,38.256,,False,-3.728935145676157,3.917325212285033,False
test_0032,2,7,mV_7,40.623,,False,-4.334316243718269,4.3557688154113965,False
test_0032,2,8,mV_8,40.257,,False,-5.025507628532892,5.042749182776884,False
test_0032,2,9,mV_9,38.974,,False,-5.785665230323484,5.677620161355217,False
test_0032,2,10,mV_10,37.973,,False,-6.11364255624101,4.503237585701376,False
test_0032,2,11,mV_11,,37.66703661643065,True,,,False
test_0032,2,12,mV_12,35.186,,False,-6.84843427227182,5.190140338514817,True
test_0032,2,13,mV_13,31.541,,False,-7.063692809515626,6.83045690613416,True
test_0032,2,14,mV_14,31.402,,False,-6.346007733233568,6.254864728723144,True
test_0032,2,15,mV_15,29.279,,False,-5.263750638909813,4.218377252763299,True
test_0032,2,16,mV_16,,25.892390551291836,True,,,False
test_0032,2,17,mV_17,20.001,,False,-3.1737098364744196,2.037934618843983,False
test_0032,2,18,mV_18,9.613,,False,-1.8043188024270924,2.428053062026868,False
test_0032,2,19,mV_19,12.841,,False,-2.9298648067788675,3.4606277934695786,False
test_0032,2,20,mV_20,9.179,,False,-6.178462757893487,3.8216975806414606,False
test_0032,3,0,mV_0,32.863,,False,-1.6628434772631324,1.1499003721766785,False
test_0032,3,1,mV_1,32.952,,False,-1.2739145341804494,1.6308030731002325,False
test_0032,3,2,mV_2,27.157,,False,-2.312539746776899,3.341927987509006,False
test_0032,3,3,mV_3,8.837,,False,-7.468717922301778,5.7696694887600035,False
test_0032,3,4,mV_4,19.171,,False,-5.828702363659561,5.834661715747259,False
test_0032,3,5,mV_5,29.963,,False,-4.2125242133681375,4.542482166117105,False
test_0032,3,6,mV_6,37.762,,False,-3.916177874072581,4.056087144046101,False
test_0032,3,7,mV_7,41.06,,False,-4.179468614671105,4.219782409619634,False
test_0032,3,8,mV_8,41.499,,False,-4.604014535063745,3.3468744211996486,False
test_0032,3,9,mV_9,,41.0093076309044,True,,,False
test_0032,3,10,mV_10,38.975,,False,-5.77393924335056,4.391515507713137,True
test_0032,3,11,mV_11,37.653,,False,-6.018183544151431,6.074485097919376,True
test_0032,3,12,mV_12,36.151,,False,-6.4876340600240825,6.433696580951613,True
test_0032,3,13,mV_13,32.353,,False,-6.741334659606858,6.529707835929349,True
test_0032,3,14,mV_14,31.828,,False,-6.148527964479597,5.9619238358231845,True
test_0032,3,15,mV_15,30.197,,False,-4.809304754726685,4.824574986801029,True
test_0032,3,16,mV_16,27.303,,False,-3.5311624732711504,3.46041597310768,False
test_0032,3,17,mV_17,22.395,,False,-1.9700341911617327,2.1312176433886005,False
test_0032,3,18,mV_18,11.288,,False,-1.0536397179597856,1.019328406770326,False
test_0032,3,19,mV_19,,13.518361210370735,True,,,False
test_0032,3,20,mV_20,,11.517256185912364,True,,,False
test_0032,4,0,mV_0,39.764,,False,1.119380510273025,0.8004143205034346,False
test_0032,4,1,mV_1,38.986,,False,0.9628962614676884,0.8620582202966106,False
test_0032,4,2,mV_2,33.47,,False,0.4030598479780409,0.7556387447322555,False
test_0032,4,3,mV_3,27.937,,False,1.2535390215052515,0.9289294306683541,False
test_0032,4,4,mV_4,35.543,,False,0.8055798316848723,0.8993846003719095,False
test_0032,4,5,mV_5,42.761,,False,0.7328397166126412,0.7369586776585191,False
test_0032,4,6,mV_6,49.879,,False,0.6765754457239216,0.6722703434557789,False
test_0032,4,7,mV_7,54.557,,False,0.6030907657626309,0.6919985708650875,False
test_0032,4,8,mV_8,57.674,,False,0.8852373062111665,0.9081453533764777,False
test_0032,4,9,mV_9,60.077,,False,1.259016035320947,1.1777224534494093,False
test_0032,4,10,mV_10,59.863,,False,1.3076204369445763,1.2009936382021908,False
test_0032,4,11,mV_11,57.539,,False,0.929717643598664,0.9533862061587453,False
test_0032,4,12,mV_12,55.232,,False,0.6464891004930771,0.6833071448847123,False
test_0032,4,13,mV_13,50.62,,False,0.5105327349540314,0.5706192254947356,False
test_0032,4,14,mV_14,46.418,,False,0.6149223315778026,0.6612034536675437,False
test_0032,4,15,mV_15,41.739,,False,0.9044364165605383,0.8660966241891884,False
test_0032,4,16,mV_16,35.962,,False,1.0405913320578746,1.1478541577863077,False
test_0032,4,17,mV_17,29.507,,False,1.6057975504689432,1.5111011841869644,False
test_0032,4,18,mV_18,17.638,,False,1.7922183037520965,1.450008886035354,False
test_0032,4,19,mV_19,17.863,,False,-0.60980138616828,0.920781702092076,False
test_0032,4,20,mV_20,23.158,,False,0.6713057322796475,0.4881032126818937,False
test_0032,5,0,mV_0,39.108,,False,0.8549059506695276,0.6335164823004432,False
test_0032,5,1,mV_1,38.612,,False,0.8242540278627178,0.6861834308185064,False
test_0032,5,2,mV_2,33.094,,False,0.24131971687906276,0.3307191637433423,False
test_0032,5,3,mV_3,25.157,,False,-0.015983193352525956,0.10469013248240569,False
test_0032,5,4,mV_4,33.914,,False,0.14547442634550808,0.19898566921893973,False
test_0032,5,5,mV_5,42.13,,False,0.4890106308322168,0.4378886998126448,False
test_0032,5,6,mV_6,49.751,,False,0.6280591112406375,0.43628221332837297,False
test_0032,5,7,mV_7,,54.158800797803295,True,,,False
test_0032,5,8,mV_8,56.745,,False,0.5699659021589623,0.42422915649728543,False
test_0032,5,9,mV_9,57.974,,False,0.5569848216712171,0.4209838863753491,False
test_0032,5,10,mV_10,,57.25111163564617,True,,,False
test_0032,5,11,mV_11,56.277,,False,0.48879180135082034,0.347037622967508,False
test_0032,5,12,mV_12,54.601,,False,0.4105668891683914,0.4161100365070387,False
test_0032,5,13,mV_13,50.227,,False,0.3545145663405518,0.3996732666168516,False
test_0032,5,14,mV_14,46.125,,False,0.47909704461791147,0.37087428536554734,False
test_0032,5,15,mV_15,40.257,,False,0.17078848588581452,0.3363579277168176,False
test_0032,5,16,mV_16,34.985,,False,0.52475769447773,0.3919054586440062,False
test_0032,5,17,mV_17,27.004,,False,0.34731795973475044,0.32703265105763274,False
test_0032,5,18,mV_18,13.441,,False,-0.08873699028329991,0.4519306251044336,False
test_0032,5,19,mV_19,21.96,,False,1.282930560116384,0.7246550485551602,False
test_0032,5,20,mV_20,22.286,,False,0.24402208370457268,0.44274368188138236,False
test_0032,6,0,mV_0,40.329,,False,1.3471672879803023,0.6735836439901511,False
test_0032,6,1,mV_1,,38.15756281616006,True,,,False
test_0032,6,2,mV_2,33.816,,False,0.5518951813829546,0.34570281310857287,False
test_0032,6,3,mV_3,25.803,,False,0.2790208896683823,0.3481953471361724,False
test_0032,6,4,mV_4,34.253,,False,0.28284442782497055,0.2966238810097659,False
test_0032,6,5,mV_5,41.749,,False,0.34178577872074006,0.24160399631661267,False
test_0032,6,6,mV_6,,48.12506908617407,True,,,False
test_0032,6,7,mV_7,53.495,,False,0.22677913636197514,0.2487543489036173,False
test_0032,6,8,mV_8,56.661,,False,0.541459122890519,0.5418643364383897,False
test_0032,6,9,mV_9,58.875,,False,0.857759963610546,0.8046984298607889,False
test_0032,6,10,mV_10,58.843,,False,0.9618146693315445,0.8907417608117583,False
test_0032,6,11,mV_11,57.115,,False,0.7815777409733983,0.773329257409234,False
test_0032,6,12,mV_12,55.023,,False,0.5683468783585949,0.5761363719168684,False
test_0032,6,13,mV_13,50.307,,False,0.3862739899768854,0.4155947354882318,False
test_0032,6,14,mV_14,45.785,,False,0.3214840836405615,0.2794635385707064,False
test_0032,6,15,mV_15,39.733,,False,-0.08861199702481708,0.12467701942254891,False
test_0032,6,16,mV_16,,33.777195288737495,True,,,False
test_0032,6,17,mV_17,,25.93343313214335,True,,,False
test_0032,6,18,mV_18,13.083,,False,-0.2491806393813873,0.1807239306168994,False
test_0032,6,19,mV_19,19.669,,False,0.22453444370482306,0.2712157070205035,False
test_0032,6,20,mV_20,20.999,,False,-0.38661330129098076,0.24944026157169613,False
test_0032,7,0,mV_0,37.602,,False,0.24774331840906505,0.12387165920453252,False
test_0032,7,1,mV_1,,38.06701177649042,True,,,False
test_0032,7,2,mV_2,32.709,,False,0.07570814647186358,0.09493690663781026,False
test_0032,7,3,mV_3,25.692,,False,0.2283313336075139,0.13309270342172286,False
test_0032,7,4,mV_4,,34.22146408093796,True,,,False
test_0032,7,5,mV_5,41.351,,False,0.18799183871977387,0.12953034403026123,False
test_0032,7,6,mV_6,48.469,,False,0.14213769868149717,0.19141568593776867,False
test_0032,7,7,mV_7,53.683,,False,0.29339550766830647,0.3327836065160015,False
test_0032,7,8,mV_8,56.84,,False,0.6022057120458957,0.5672766401128368,False
test_0032,7,9,mV_9,58.616,,False,0.7712996286912496,0.7326663818980323,False
test_0032,7,10,mV_10,58.324,,False,0.7858605581637343,0.6960739934573396,False
test_0032,7,11,mV_11,56.141,,False,0.4412752288106397,0.46973719293458494,False
test_0032,7,12,mV_12,54.066,,False,0.21053775595332616,0.27007494635540485,False
test_0032,7,13,mV_13,49.883,,False,0.2179490447043274,0.24267533354906518,False
test_0032,7,14,mV_14,45.791,,False,0.32426548883427975,0.3713197210695043,False
test_0032,7,15,mV_15,41.162,,False,0.6187988619051303,0.5865964114503293,False
test_0032,7,16,mV_16,35.477,,False,0.7845224331567767,0.8268612021888896,False
test_0032,7,17,mV_17,28.54,,False,1.1196010805368748,1.0563148239989524,False
test_0032,7,18,mV_18,16.32,,False,1.2015347017652835,0.8806676210168605,False
test_0032,7,19,mV_19,,18.87294728258863,True,,,False
test_0032,7,20,mV_20,23.076,,False,0.6311253891796973,0.31556269458984865,False
test_0032,8,0,mV_0,35.61,,False,-0.5553562589234977,0.40394821187269436,False
test_0032,8,1,mV_1,35.026,,False,-0.5050803296437821,0.7060412133264452,False
test_0032,8,2,mV_2,29.607,,False,-1.2586479350947188,1.0461456719738664,False
test_0032,8,3,mV_3,22.647,,False,-1.162206488062246,1.2069751426609305,False
test_0032,8,4,mV_4,30.483,,False,-1.2448396594245112,1.1552065676527035,False
test_0032,8,5,mV_5,38.357,,False,-0.9689404636995455,1.013908893414891,False
test_0032,8,6,mV_6,45.791,,False,-0.8729149868359622,0.899979438496077,False
test_0032,8,7,mV_7,50.357,,False,-0.8851473166128382,0.872524630207087,False
test_0032,8,8,mV_8,52.57,,False,-0.8468889007667094,0.8413117031875316,False
test_0032,8,9,mV_9,53.95,,False,-0.7863216946038692,0.7984664973044376,False
test_0032,8,10,mV_10,53.722,,False,-0.7743336992433029,0.8137309782327162,False
test_0032,8,11,mV_11,52.245,,False,-0.9199348198403896,0.9999464750394738,False
test_0032,8,12,mV_12,49.797,,False,-1.385582561233813,1.360360294366337,False
test_0032,8,13,mV_13,44.925,,False,-1.7503412351573322,1.6992146539666355,False
test_0032,8,14,mV_14,40.97,,False,-1.910593584318065,1.902401083841051,False
test_0032,8,15,mV_15,35.795,,False,-2.0380759315707415,1.95115554877337,False
test_0032,8,16,mV_16,30.548,,False,-1.8178767476339326,1.7779783488671668,False
test_0032,8,17,mV_17,23.453,,False,-1.4380839686300602,1.3663348584426531,False
test_0032,8,18,mV_18,11.918,,False,-0.7712947488765599,0.7501376955959508,False
test_0032,8,19,mV_19,19.226,,False,0.019877316000623334,0.40623658268596563,False
test_0032,8,20,mV_20,20.127,,False,-0.8138969498660561,0.4119178039331839,False
test_0032,9,0,mV_0,38.401,,False,0.5698701067066172,0.4840479135807706,False
test_0032,9,1,mV_1,38.537,,False,0.796451440909848,0.557684564095434,False
test_0032,9,2,mV_2,32.691,,False,0.06796526785542262,0.3237430335973564,False
test_0032,9,3,mV_3,24.398,,False,-0.36259015776873244,0.27568365331895195,False
test_0032,9,4,mV_4,32.791,,False,-0.30958902988292025,0.2552473841010412,False
test_0032,9,5,mV_5,40.763,,False,-0.039221318869591876,0.097007916905526,False
test_0032,9,6,mV_6,,47.63585643789851,True,,,False
test_0032,9,7,mV_7,52.657,,False,-0.07015979531198761,0.048018242413249715,False
test_0032,9,8,mV_8,55.218,,False,0.051753379029023626,0.09912346610180403,False
test_0032,9,9,mV_9,56.973,,False,0.22282731103718123,0.1856308164484498,False
test_0032,9,10,mV_10,56.729,,False,0.24511526469041317,0.21084475708517667,False
test_0032,9,11,mV_11,55.251,,False,0.1303211879226991,0.1315703937282902,False
test_0032,9,12,mV_12,53.448,,False,-0.02052393437734952,0.061600173754557605,False
test_0032,9,13,mV_13,49.145,,False,-0.0750316383408323,0.05406215324730378,False
test_0032,9,14,mV_14,44.993,,False,-0.04566140193020098,0.18898649945611148,False
test_0032,9,15,mV_15,38.721,,False,-0.5895915556232116,0.5265224664136997,False
test_0032,9,16,mV_16,32.322,,False,-0.8812453524781745,0.8873326356122657,False
test_0032,9,17,mV_17,23.932,,False,-1.1972482818695023,1.1281704451930663,False
test_0032,9,18,mV_18,10.879,,False,-1.236939864555086,0.9494306751421796,False
test_0032,9,19,mV_19,19.457,,False,0.126594689589044,0.4515454856267922,False
test_0032,9,20,mV_20,21.143,,False,-0.316052698773995,0.1896750217842585,False
test_0032,10,0,mV_0,36.943,,False,-0.0179407285096893,0.05072058232906909,False
test_0032,10,1,mV_1,35.938,,False,-0.16700087229689775,0.3379085336176455,False
test_0032,10,2,mV_2,30.209,,False,-0.9996916613670973,0.5558667571082427,False
test_0032,10,3,mV_3,25.317,,False,0.05708283340187856,0.40935079362934035,False
test_0032,10,4,mV_4,34.847,,False,0.5235458463465071,0.4954801483027389,False
test_0032,10,5,mV_5,43.136,,False,0.877746067116063,0.7461049999755012,False
test_0032,10,6,mV_6,49.955,,False,0.7053820193233716,0.5721275264407015,False
test_0032,10,7,mV_7,,53.93038069532738,True,,,False
test_0032,10,8,mV_8,55.156,,False,0.030712660997550992,0.01790173611174735,False
test_0032,10,9,mV_9,56.275,,False,-0.010181622451887412,0.028957432753294432,False
test_0032,10,10,mV_10,56.197,,False,0.06475382511185192,0.07449034640548183,False
test_0032,10,11,mV_11,55.331,,False,0.15827211294633609,0.1737571016307511,False
test_0032,10,12,mV_12,54.342,,False,0.31373035551848033,0.29667388684799634,False
test_0032,10,13,mV_13,50.344,,False,0.40096272340868844,0.3642683224661833,False
test_0032,10,14,mV_14,45.828,,False,0.34141748752887596,0.31426534494996916,False
test_0032,10,15,mV_15,40.262,,False,0.17326368133343623,0.22199915533116665,False
test_0032,10,16,mV_16,34.37,,False,0.20005177112891825,0.22954281021887352,False
test_0032,10,17,mV_17,26.999,,False,0.34480401728422133,0.23518770002572412,False
test_0032,10,18,mV_18,13.753,,False,0.051090994405535516,0.4555720515680706,False
test_0032,10,19,mV_19,16.206,,False,-1.3753022001769901,0.8073672618796843,False
test_0032,10,20,mV_20,20.915,,False,-0.42777365275922175,0.5577123764238584,False
test_0032,11,0,mV_0,37.855,,False,0.3497434153293154,0.26258886950095883,False
test_0032,11,1,mV_1,37.335,,False,0.3508686473452046,0.29437939187461254,False
test_0032,11,2,mV_2,32.826,,False,0.12603685747872556,0.16135299758841332,False
test_0032,11,3,mV_3,25.099,,False,-0.04246962805099752,0.11717420608023812,False
test_0032,11,4,mV_4,34.191,,False,0.2577207107402319,0.27738030594528895,False
test_0032,11,5,mV_5,42.292,,False,0.5516101742496945,0.46124182562075267,False
test_0032,11,6,mV_6,49.371,,False,0.4840262432433898,0.4530873709009121,False
test_0032,11,7,mV_7,53.681,,False,0.2926868228671744,0.33891386603292606,False
test_0032,11,8,mV_8,55.909,,False,0.28625557515396577,0.3340975268252304,False
test_0032,11,9,mV_9,57.717,,False,0.4711921341258158,0.4653152457450069,False
test_0032,11,10,mV_10,57.872,,False,0.6326211395744301,0.434108603318669,False
test_0032,11,11,mV_11,,56.61303410904373,True,,,False
test_0032,11,12,mV_12,55.018,,False,0.566477447207051,0.3610493115125384,False
test_0032,11,13,mV_13,50.118,,False,0.3112423516360517,0.3061062666747645,False
test_0032,11,14,mV_14,45.168,,False,0.035462916219903655,0.2621226996438261,False
test_0032,11,15,mV_15,38.566,,False,-0.6663226144994454,0.5268319137003279,False
test_0032,11,16,mV_16,32.591,,False,-0.7392195095825169,0.5361904084161198,False
test_0032,11,17,mV_17,,25.709787900939432,True,,,False
test_0032,11,18,mV_18,11.78,,False,-0.833141742104314,0.6148788184365284,False
test_0032,11,19,mV_19,20.9,,False,0.7932317895374854,0.6354040907578927,False
test_0032,11,20,mV_20,21.539,,False,-0.12201104185228634,0.2593134683105145,False
test_0032,12,0,mV_0,34.678,,False,-0.9311036515309029,0.6455735762852772,False
test_0032,12,1,mV_1,34.446,,False,-0.7200870020793029,0.6173385295411056,False
test_0032,12,2,mV_2,32.305,,False,-0.0980764624749136,0.9830100453292931,False
test_0032,12,3,mV_3,31.796,,False,3.0158002542880427,2.03854057564726,False
test_0032,12,4,mV_4,38.551,,False,2.0244853315380404,2.1278306780807372,False
test_0032,12,5,mV_5,44.608,,False,1.4465517949588256,1.4674304964225355,False
test_0032,12,6,mV_6,50.606,,False,0.9521330642344503,0.9192918185871585,False
test_0032,12,7,mV_7,53.776,,False,0.3263493509209074,0.7314538888476995,False
test_0032,12,8,mV_8,51.173,,False,-1.3209837893145329,2.461229492204136,False
test_0032,12,9,mV_9,35.706,,False,-6.87660103926657,4.262845299491137,False
test_0032,12,10,mV_10,50.174,,False,-1.977195330116874,3.0657818050997054,False
test_0032,12,11,mV_11,58.977,,False,1.4321355208985034,2.067230313360461,False
test_0032,12,12,mV_12,62.67,,False,3.427454881527963,3.1561471417716076,False
test_0032,12,13,mV_13,60.26,,False,4.337543283132002,4.473298819336631,True
test_0032,12,14,mV_14,57.583,,False,5.790653829554558,5.705047722324167,True
test_0032,12,15,mV_15,53.853,,False,6.9013399470555505,6.9157210840701975,True
test_0032,12,16,mV_16,49.275,,False,8.069550612615132,7.6097162293152,True
test_0032,12,17,mV_17,41.028,,False,7.3984237449749894,7.250673857660139,True
test_0032,12,18,mV_18,27.331,,False,6.136297328075445,6.4015218204354465,True
test_0032,12,19,mV_19,32.03,,False,5.93506888061591,5.775252147967601,True
test_0032,12,20,mV_20,32.185,,False,5.0945735025631365,4.031053971435545,False
test_0032,13,0,mV_0,,36.787810757189376,True,,,False
test_0032,13,1,mV_1,35.718,,False,-0.2485551273586458,0.4061398533139144,False
test_0032,13,2,mV_2,29.912,,False,-1.127449158538366,0.6264341894428631,False
test_0032,13,3,mV_3,25.187,,False,-0.002283313336074752,0.29678146857490567,False
test_0032,13,4,mV_4,33.419,,False,-0.05511008908910716,0.04594935399049272,False
test_0032,13,5,mV_5,40.68,,False,-0.07129392444768182,0.08183187979549839,False
test_0032,13,6,mV_6,47.752,,False,-0.12962958119752277,0.12002139497035136,False
test_0032,13,7,mV_7,52.433,,False,-0.14953249303867813,0.14530994325076085,False
test_0032,13,8,mV_8,54.616,,False,-0.15254520572816443,0.16176806500500127,False
test_0032,13,9,mV_9,55.729,,False,-0.1924493555249981,0.21403191585048423,False
test_0032,13,10,mV_10,55.066,,False,-0.3186837466237763,0.3327092949553019,False
test_0032,13,11,mV_11,53.444,,False,-0.5010203310486568,0.46598532326744324,False
test_0032,13,12,mV_12,52.05,,False,-0.543216884348683,0.4990891697659481,False
test_0032,13,13,mV_13,48.304,,False,-0.40890257931776974,0.34025551074605564,False
test_0032,13,14,mV_14,,44.231080053881335,True,,,False
test_0032,13,15,mV_15,40.089,,False,0.08762191884576544,0.11507498092834767,False
test_0032,13,16,mV_16,34.531,,False,0.2850560860218598,0.16443352272237124,False
test_0032,13,17,mV_17,,26.61138656242676,True,,,False
test_0032,13,18,mV_18,14.547,,False,0.40693528877391916,0.44046032584972583,False
test_0032,13,19,mV_19,17.131,,False,-0.9479707258510651,0.6634299340810976,False
test_0032,13,20,mV_20,22.504,,False,0.3508429958483413,0.4124141793869369,False
test_0032,14,0,mV_0,37.259,,False,0.10945860203101963,0.05551704097917428,False
test_0032,14,1,mV_1,36.397,,False,0.00315095985465785,0.24348239209895634,False
test_0032,14,2,mV_2,30.538,,False,-0.85816904665549,0.5122998747237221,False
test_0032,14,3,mV_3,25.914,,False,0.3297104457292507,0.3897306262327049,False
test_0032,14,4,mV_4,33.453,,False,-0.04133256681682797,0.16767382504841807,False
test_0032,14,5,mV_5,40.196,,False,-0.2583197208307657,0.24837047930961564,False
test_0032,14,6,mV_6,46.945,,False,-0.43550990876010326,0.28233488458774303,False
test_0032,14,7,mV_7,,51.534278864009266,True,,,False
test_0032,14,8,mV_8,,53.82123052223038,True,,,False
test_0032,14,9,mV_9,54.784,,False,-0.5079127396899978,0.39939820739989274,False
test_0032,14,10,mV_10,54.29,,False,-0.5817673502195753,0.5278312806721511,False
test_0032,14,11,mV_11,53.619,,False,-0.43987768255945614,0.5582025500438442,False
test_0032,14,12,mV_12,51.44,,False,-0.7712874848368892,0.6837877481035737,False
test_0032,14,13,mV_13,47.438,,False,-0.7526983401810603,0.6907995725833751,False
test_0032,14,14,mV_14,44.042,,False,-0.48651412513449055,0.7407073187926957,False
test_0032,14,15,mV_15,37.413,,False,-1.2371026847207414,1.0664826168241452,False
test_0032,14,16,mV_16,31.519,,False,-1.3052109727206074,1.3340975590731692,False
test_0032,14,17,mV_17,23.352,,False,-1.4888656061307206,1.0980737099186497,False
test_0032,14,18,mV_18,13.883,,False,0.10935265469255008,0.7786935220414763,False
test_0032,14,19,mV_19,22.229,,False,1.4072031726500847,0.7358397918396369,False
test_0032,14,20,mV_20,21.828,,False,0.019600167365828022,0.3616008768454352,False
test_0032,15,0,mV_0,35.965,,False,-0.4122335932844096,0.22062047950261812,False
test_0032,15,1,mV_1,36.232,,False,-0.058014731441653235,0.26982447942609966,False
test_0032,15,2,mV_2,33.814,,False,0.5510348615366826,0.3115984246546647,False
test_0032,15,3,mV_3,25.003,,False,-0.0863092441036403,0.6753845595755612,False
test_0032,15,4,mV_4,28.674,,False,-1.9778848885582816,1.4647045598996091,False
test_0032,15,5,mV_5,36.163,,False,-1.816739218378233,1.804806243199958,False
test_0032,15,6,mV_6,43.852,,False,-1.6078616474850853,1.529276150369917,False
test_0032,15,7,mV_7,49.794,,False,-1.0846420881312648,1.1510878680405758,False
test_0032,15,8,mV_8,52.628,,False,-0.8272056484146882,0.8402000004748993,False
test_0032,15,9,mV_9,54.443,,False,-0.6217466169389557,0.608194465624797,False
test_0032,15,10,mV_10,54.938,,False,-0.36207898020658835,0.5440991092792224,False
test_0032,15,11,mV_11,52.501,,False,-0.8304918597647573,0.7765428251625772,False
test_0032,15,12,mV_12,50.606,,False,-1.0831086009142061,0.970897741659433,False
test_0032,15,13,mV_13,47.1,,False,-0.8868819050445621,0.9187093304306353,False
test_0032,15,14,mV_14,43.327,,False,-0.8179649107192108,0.8646089014208861,False
test_0032,15,15,mV_15,38.022,,False,-0.9356238792005603,0.9984739161824505,False
test_0032,15,16,mV_16,31.52,,False,-1.3046829956094705,1.150992829377494,False
test_0032,15,17,mV_17,24.207,,False,-1.0589814470904744,0.8556614724476048,False
test_0032,15,18,mV_18,,14.0740532648333,True,,,False
test_0032,15,19,mV_19,17.957,,False,-0.5663752687773201,0.3027878017544891,False
test_0032,15,20,mV_20,21.948,,False,0.07840066946331606,0.18079415192598808,False
test_0032,16,0,mV_0,36.868,,False,-0.04817791139118471,0.058239800002699335,False
test_0032,16,1,mV_1,36.757,,False,0.1366033772284279,0.1816488283604402,False
test_0032,16,2,mV_2,33.475,,False,0.4052106475937202,0.24646024978228656,False
test_0032,16,3,mV_3,25.277,,False,0.03881632671327785,0.2095555828490875,False
test_0032,16,4,mV_4,32.678,,False,-0.3553790303760741,0.20328499330489772,False
test_0032,16,5,mV_5,40.7,,False,-0.06356558575416485,0.15256115344154378,False
test_0032,16,6,mV_6,47.757,,False,-0.12773441188177134,0.1173188968393794,False
test_0032,16,7,mV_7,52.431,,False,-0.15024117783981006,0.15062035604018797,False
test_0032,16,8,mV_8,54.552,,False,-0.17426465659936038,0.15302590818926703,False
test_0032,16,9,mV_9,55.966,,False,-0.11333314171853728,0.10836934130588538,False
test_0032,16,10,mV_10,56.102,,False,0.03254642518710658,0.10871893229615044,False
test_0032,16,11,mV_11,54.144,,False,-0.2564497370918513,0.1363614748427023,False
test_0032,16,12,mV_12,,53.32178705666916,True,,,False
test_0032,16,13,mV_13,49.169,,False,-0.06550381124993529,0.057031255128463756,False
test_0032,16,14,mV_14,44.882,,False,-0.09711739801398446,0.07075136112138428,False
test_0032,16,15,mV_15,39.865,,False,-0.023266837207632878,0.037879793776141285,False
test_0032,16,16,mV_16,34.006,,False,0.007868102675314927,0.04605000731764535,False
test_0032,16,17,mV_17,26.602,,False,0.14519698671231868,0.1022398076613204,False
test_0032,16,18,mV_18,13.392,,False,-0.11069715454532934,0.3500070791298067,False
test_0032,16,19,mV_19,16.946,,False,-1.0334370207162495,0.7048691693021832,False
test_0032,16,20,mV_20,20.478,,False,-0.6419054812309043,0.5793119957945145,False
test_0033,1,0,mV_0,39.891,,False,0.4944787307220824,0.31679217038813456,False
test_0033,1,1,mV_1,38.641,,False,0.2782112201083735,0.2828890391316879,False
test_0033,1,2,mV_2,30.473,,False,0.0806549855879221,0.1633669127186146,False
test_0033,1,3,mV_3,30.351,,False,0.21394645959024067,0.14253538343758637,False
test_0033,1,4,mV_4,38.681,,False,-0.061593628981942074,0.08491135690737962,False
test_0033,1,5,mV_5,46.879,,False,0.0025117100753937,0.12254684780089731,False
test_0033,1,6,mV_6,54.299,,False,0.42357034207085975,0.4030493100585639,False
test_0033,1,7,mV_7,58.37,,False,0.7625448460171426,0.64891552839322,False
test_0033,1,8,mV_8,60.571,,False,0.6470020794677354,0.6895615987288487,False
test_0033,1,9,mV_9,61.406,,False,0.7016973899627813,0.7019024457217824,False
test_0033,1,10,mV_10,59.317,,False,0.7572129234938316,0.8152409382475512,False
test_0033,1,11,mV_11,58.431,,False,1.0448405160397598,0.9189031962630553,False
test_0033,1,12,mV_12,55.469,,False,0.8287188294788699,0.823300487757749,False
test_0033,1,13,mV_13,50.031,,False,0.5909237760334962,0.7584736724356949,False
test_0033,1,14,mV_14,45.225,,False,1.0233283081969173,0.6593950981068327,False
test_0033,1,15,mV_15,,36.925692537533926,True,,,False
test_0033,1,16,mV_16,31.491,,False,0.04503223034953955,0.31312358424323106,False
test_0033,1,17,mV_17,20.393,,False,1.1624298762738452,0.8520174881375189,False
test_0033,1,18,mV_18,12.458,,False,-1.038177969652846,0.8229783780969063,False
test_0033,1,19,mV_19,20.689,,False,-0.053127696808088015,0.3840266319254041,False
test_0033,1,20,mV_20,20.335,,False,-0.39167316443259426,0.20911850641831914,False
test_0033,2,0,mV_0,34.962,,False,-1.492708928249907,0.9964387337660083,False
test_0033,2,1,mV_1,35.192,,False,-1.0003370785642192,0.9042635158199566,False
test_0033,2,2,mV_2,30.573,,False,0.12367097790148096,1.0376138196298759,False
test_0033,2,3,mV_3,23.526,,False,-2.9027762441523226,2.161861891569404,True
test_0033,2,4,mV_4,32.125,,False,-2.7182241000714904,2.777313560129678,True
test_0033,2,5,mV_5,39.704,,False,-2.770029796223408,2.65363692569859,True
test_0033,2,6,mV_6,46.965,,False,-2.356264010276053,2.272818078835821,True
test_0033,2,7,mV_7,51.678,,False,-1.60871449856777,1.7474248485719024,False
test_0033,2,8,mV_8,54.492,,False,-1.4160063868760167,1.352454358881801,False
test_0033,2,9,mV_9,56.401,,False,-0.9690901632074005,0.9945406771687311,False
test_0033,2,10,mV_10,55.243,,False,-0.6239759953841065,0.7257656675061144,False
test_0033,2,11,mV_11,53.477,,False,-0.6860205160488437,0.800029408047608,False
test_0033,2,12,mV_12,50.032,,False,-1.204100604708638,1.1221647298747022,False
test_0033,2,13,mV_13,45.03,,False,-1.3944371940326885,1.2109625544026716,False
test_0033,2,14,mV_14,41.182,,False,-0.8508752248366716,1.0143693631480528,False
test_0033,2,15,mV_15,34.595,,False,-0.9612898088861793,1.1543811789762723,False
test_0033,2,16,mV_16,27.913,,False,-1.8440698732960596,1.4143843977475288,False
test_0033,2,17,mV_17,16.076,,False,-1.0081080355118166,0.9650714860799232,False
test_0033,2,18,mV_18,,12.677241241135336,True,,,False
test_0033,2,19,mV_19,20.652,,False,-0.07022095578112453,0.08366084744602878,False
test_0033,2,20,mV_20,20.738,,False,-0.19420147822186606,0.11465597805621416,False
test_0033,3,0,mV_0,40.099,,False,0.5783365179134337,0.3978300362975127,False
test_0033,3,1,mV_1,39.063,,False,0.4346471093631834,0.38959922921180334,False
test_0033,3,2,mV_2,30.028,,False,-0.11076618020741283,0.47520339231814157,False
test_0033,3,3,mV_3,32.608,,False,1.2446340994945573,0.9181637525543955,False
test_0033,3,4,mV_4,41.48,,False,1.0726206310210546,1.2039867647394193,False
test_0033,3,5,mV_5,50.563,,False,1.4260716974210108,1.3832037975699343,False
test_0033,3,6,mV_6,57.424,,False,1.6080511644166608,1.5628107168056662,False
test_0033,3,7,mV_7,60.759,,False,1.609068840968332,1.5693723352237592,False
test_0033,3,8,mV_8,62.941,,False,1.4513004945417116,1.53927169575349,False
test_0033,3,9,mV_9,64.233,,False,1.6454169529622054,1.620884415151909,False
test_0033,3,10,mV_10,62.22,,False,1.7414032601415133,1.726519249507456,False
test_0033,3,11,mV_11,60.529,,False,1.7778535247845924,1.6187597195744348,False
test_0033,3,12,mV_12,56.403,,False,1.177928568587041,1.2742534200320401,False
test_0033,3,13,mV_13,50.969,,False,0.9633030181694866,1.0316180526315182,False
test_0033,3,14,mV_14,45.222,,False,1.0219376056000584,1.0273028364049737,False
test_0033,3,15,mV_15,38.763,,False,1.1020331162502912,0.8182869942236816,False
test_0033,3,16,mV_16,31.495,,False,0.04714413879408537,0.36859513542925487,False
test_0033,3,17,mV_17,17.528,,False,-0.2780591478785575,0.6937134450238207,False
test_0033,3,18,mV_18,19.62,,False,2.1715913455440825,1.5564245706427444,False
test_0033,3,19,mV_19,24.277,,False,1.6044564436042559,1.7463995296784607,False
test_0033,3,20,mV_20,24.41,,False,1.6050938859612482,1.203661053881688,False
test_0033,4,0,mV_0,31.97,,False,-2.6989709440024345,1.3494854720012173,False
test_0033,4,1,mV_1,,34.92251786079806,True,,,False
test_0033,4,2,mV_2,31.449,,False,0.5004910705682529,0.7893928967648682,False
test_0033,4,3,mV_3,34.605,,False,2.1565894459229673,1.212129747334545,False
test_0033,4,4,mV_4,38.747,,False,-0.034849026923992575,0.5808678397104777,False
test_0033,4,5,mV_5,46.621,,False,-0.09718385907095878,0.06388989963872031,False
test_0033,4,6,mV_6,53.251,,False,0.026342853488971137,0.16786539492036162,False
test_0033,4,7,mV_7,54.746,,False,-0.5215920136325455,0.2673817201885155,False
test_0033,4,8,mV_8,,51.13882008710634,True,,,False
test_0033,4,9,mV_9,33.912,,False,-8.476451058960498,5.0115845310942495,False
test_0033,4,10,mV_10,47.959,,False,-3.093436006456003,3.7999515347612247,False
test_0033,4,11,mV_11,53.905,,False,-0.5364830671723945,1.907193894143246,False
test_0033,4,12,mV_12,62.513,,False,3.4623734357721916,3.1541942192205124,False
test_0033,4,13,mV_13,61.529,,False,5.155546938165273,5.367694345656448,True
test_0033,4,14,mV_14,59.622,,False,7.697310070523056,7.355088397068484,True
test_0033,4,15,mV_15,54.455,,False,8.870186509062552,8.57392731452111,True
test_0033,4,16,mV_16,48.183,,False,8.858026169436279,8.790948344071403,True
test_0033,4,17,mV_17,35.141,,False,8.577554528350502,8.28401784071061,True
test_0033,4,18,mV_18,30.668,,False,7.122936136705162,7.38307498967293,True
test_0033,4,19,mV_19,35.326,,False,6.7088731569308955,6.522577504725329,True
test_0033,4,20,mV_20,32.46,,False,5.549627568334361,4.452032073399904,False
test_0033,5,0,mV_0,36.978,,False,-0.6799334523952648,0.5539076327999577,False
test_0033,5,1,mV_1,35.582,,False,-0.8557636264093011,0.9978601348291678,False
test_0033,5,2,mV_2,26.566,,False,-1.599979834102804,1.1100012322690884,False
test_0033,5,3,mV_3,29.041,,False,-0.3842816344614451,0.7185648036667251,False
test_0033,5,4,mV_4,37.585,,False,-0.5057161116412064,0.3489284644359645,False
test_0033,5,5,mV_5,,46.39383681383654,True,,,False
test_0033,5,6,mV_6,52.433,,False,-0.283706846568265,0.16249386811707772,False
test_0033,5,7,mV_7,56.451,,False,0.08256177933178088,0.16332466829973669,False
test_0033,5,8,mV_8,59.267,,False,0.20446826796711995,0.17545180951067144,False
test_0033,5,9,mV_9,59.934,,False,0.21030892277666494,0.1667389333556537,False
test_0033,5,10,mV_10,57.207,,False,0.041869619902164965,0.0751279534981782,False
test_0033,5,11,mV_11,55.459,,False,0.006463651411717947,0.20910152179639827,False
test_0033,5,12,mV_12,51.162,,False,-0.7816091644599922,0.6315590302446167,False
test_0033,5,13,mV_13,46.133,,False,-0.9565541406467645,0.942026271521907,False
test_0033,5,14,mV_14,40.702,,False,-1.0733876403341067,1.059346968111267,False
test_0033,5,15,mV_15,34.246,,False,-1.1340584511300904,1.5470507374845344,False
test_0033,5,16,mV_16,26.014,,False,-2.8466984073438506,2.6040941552603503,True
test_0033,5,17,mV_17,10.943,,False,-3.5889213552236088,2.6744778651809207,True
test_0033,5,18,mV_18,16.277,,False,0.6733703429326148,1.2656766333640013,False
test_0033,5,19,mV_19,20.529,,False,-0.12704449236716694,0.2397874445840661,False
test_0033,5,20,mV_20,21.199,,False,0.031690450669315695,0.047606348426449584,False
test_0033,6,0,mV_0,37.983,,False,-0.27475520178320517,0.13881406788416747,False
test_0033,6,1,mV_1,37.906,,False,0.005745867970259537,0.3696087911734991,False
test_0033,6,2,mV_2,33.057,,False,1.1921882269702722,1.2890891071414585,False
test_0033,6,3,mV_3,23.825,,False,-2.76623410665503,2.2464477444767215,True
test_0033,6,4,mV_4,33.253,,False,-2.261134537626553,2.262882611591608,True
test_0033,6,5,mV_5,42.31,,False,-1.7630272644582956,1.715295379445132,False
test_0033,6,6,mV_6,50.348,,False,-1.073992451237384,1.0533165586538775,False
test_0033,6,7,mV_7,55.365,,False,-0.3022540676824468,0.48312908796732784,False
test_0033,6,8,mV_8,57.916,,False,-0.2540157652670339,0.2488894361180373,False
test_0033,6,9,mV_9,58.749,,False,-0.18527214625563457,0.19813676882012948,False
test_0033,6,10,mV_10,56.588,,False,-0.16798701750221495,0.14922209302631922,False
test_0033,6,11,mV_11,55.224,,False,-0.07564219084521245,0.11155144359559685,False
test_0033,6,12,mV_12,52.913,,False,-0.12693437518974757,0.1635131378771179,False
test_0033,6,13,mV_13,47.725,,False,-0.32454161028376405,0.21248989945795252,False
test_0033,6,14,mV_14,43.177,,False,0.0739420020745344,0.19419963788013134,False
test_0033,6,15,mV_15,35.922,,False,-0.3043729370876926,0.1706719690624799,False
test_0033,6,16,mV_16,,31.12141597505004,True,,,False
test_0033,6,17,mV_17,17.143,,False,-0.4716327165691935,0.5265084306204817,False
test_0033,6,18,mV_18,12.18,,False,-1.16276828934354,0.7442198761148212,False
test_0033,6,19,mV_19,20.415,,False,-0.1797102092030112,0.47466793561840986,False
test_0033,6,20,mV_20,20.366,,False,-0.376483034724077,0.2331690696627913,False
test_0033,7,0,mV_0,39.195,,False,0.2138776735817899,0.12209124668020868,False
test_0033,7,1,mV_1,37.727,,False,-0.06060963955725492,0.211585505335735,False
test_0033,7,2,mV_2,29.097,,False,-0.5112450686466403,0.49322674597975436,False
test_0033,7,3,mV_3,31.831,,False,0.8898072070684818,0.6752358452513703,False
test_0033,7,4,mV_4,39.845,,False,0.41008389822187724,0.5366082328071364,False
test_0033,7,5,mV_5,48.002,,False,0.43645792771630926,0.42929576097339334,False
test_0033,7,6,mV_6,54.327,,False,0.4341832902390776,0.39831480556371257,False
test_0033,7,7,mV_7,57.032,,False,0.2884347140603858,0.270961703855085,False
test_0033,7,8,mV_8,58.45,,False,-0.07279409706049077,0.138633314792317,False
test_0033,7,9,mV_9,58.943,,False,-0.12051035098790068,0.10799127574268674,False
test_0033,7,10,mV_10,56.735,,False,-0.11815030393445483,0.10182432929518757,False
test_0033,7,11,mV_11,55.296,,False,-0.05048635832393996,0.21232706544184243,False
test_0033,7,12,mV_12,51.567,,False,-0.630185241185035,0.5012496858863965,False
test_0033,7,13,mV_13,46.794,,False,-0.694141902851576,0.6708634228195116,False
test_0033,7,14,mV_14,41.583,,False,-0.664984644389859,0.6551392978845517,False
test_0033,7,15,mV_15,35.332,,False,-0.5964459999069128,0.8358625147595533,False
test_0033,7,16,mV_16,28.592,,False,-1.4855734148345285,1.2189663984202002,False
test_0033,7,17,mV_17,15.479,,False,-1.3082727641048306,1.3229443073608183,False
test_0033,7,18,mV_18,17.429,,False,1.1896582863990839,1.0459389567733288,False
test_0033,7,19,mV_19,21.878,,False,0.4961664901903167,0.6437037002911086,False
test_0033,7,20,mV_20,21.936,,False,0.3928235343847166,0.3204533897399375,False
test_0033,8,0,mV_0,39.182,,False,0.20863656188233115,0.19110868987903756,False
test_0033,8,1,mV_1,38.827,,False,0.34716163575148795,0.48668572171845076,False
test_0033,8,2,mV_2,32.712,,False,1.043783053488496,1.041541061368564,False
test_0033,8,3,mV_3,26.091,,False,-1.7314365027457765,1.5791948382027994,False
test_0033,8,4,mV_4,34.366,,False,-1.810123293831149,1.7922021814302451,False
test_0033,8,5,mV_5,42.17,,False,-1.8171256353129066,1.7124106530220051,False
test_0033,8,6,mV_6,49.474,,False,-1.4052680476310586,1.3683692601812705,False
test_0033,8,7,mV_7,53.831,,False,-0.8458153101500578,0.9836561688403997,False
test_0033,8,8,mV_8,56.196,,False,-0.8377260074304245,0.7741948403269227,False
test_0033,8,9,mV_9,57.58,,False,-0.5755120362967836,0.5674928837890895,False
test_0033,8,10,mV_10,56.254,,False,-0.2812214551323662,0.30820334959011936,False
test_0033,8,11,mV_11,55.169,,False,-0.09485845179896144,0.12740889589180607,False
test_0033,8,12,mV_12,53.356,,False,0.03869722483693526,0.08906476554145723,False
test_0033,8,13,mV_13,49.006,,False,0.18400616069299694,0.10167738655573229,False
test_0033,8,14,mV_14,,42.5499871402777,True,,,False
test_0033,8,15,mV_15,38.18,,False,0.8134253270577385,0.469052506618689,False
test_0033,8,16,mV_16,31.878,,False,0.2493593723592791,0.7929853959566351,False
test_0033,8,17,mV_17,21.78,,False,1.859797512050244,1.3197923757478032,False
test_0033,8,18,mV_18,11.851,,False,-1.310215106531446,1.1786128927602417,False
test_0033,8,19,mV_19,20.297,,False,-0.23422384592783108,0.44466569959677704,False
test_0033,8,20,mV_20,,20.86065232626711,True,,,False
test_0033,9,0,mV_0,39.305,,False,0.25822554180798546,0.16548782216732955,False
test_0033,9,1,mV_1,37.498,,False,-0.14550020505334726,0.26447251525562665,False
test_0033,9,2,mV_2,29.103,,False,-0.5086641091078267,0.7049572278146825,False
test_0033,9,3,mV_3,33.511,,False,1.6570004879897298,1.23628198225863,False
test_0033,9,4,mV_4,41.603,,False,1.1224628439472333,1.2295023764035482,False
test_0033,9,5,mV_5,49.502,,False,1.0160833297299963,1.027496088869614,False
test_0033,9,6,mV_6,55.702,,False,0.9553548520712303,0.7316982584681142,False
test_0033,9,7,mV_7,,57.752507687470924,True,,,False
test_0033,9,8,mV_8,61.014,,False,0.7973414034667965,0.6365200786831997,False
test_0033,9,9,mV_9,62.154,,False,0.9513975077992056,0.912055141317735,False
test_0033,9,10,mV_10,59.88,,False,0.9480841462057322,0.9582526501438018,False
test_0033,9,11,mV_11,58.261,,False,0.9854448003645372,0.8403670251262398,False
test_0033,9,12,mV_12,54.436,,False,0.4424943535701528,0.5581723583391878,False
test_0033,9,13,mV_13,49.455,,False,0.3622559258519081,0.5573185465457339,False
test_0033,9,14,mV_14,45.309,,False,1.0622679809089666,0.882478838066691,False
test_0033,9,15,mV_15,38.644,,False,1.043123464596923,0.8451127594486484,False
test_0033,9,16,mV_16,31.845,,False,0.2319361276917813,0.3767489299951214,False
test_0033,9,17,mV_17,,18.17906807176586,True,,,False
test_0033,9,18,mV_18,14.654,,False,-0.0540040774198869,0.1642100904664836,False
test_0033,9,19,mV_19,21.992,,False,0.5488322070261606,0.3499851978834834,False
test_0033,9,20,mV_20,21.641,,False,0.24827230006172557,0.2613442017874029,False
test_0033,10,0,mV_0,37.881,,False,-0.31587777050203997,0.33017591142404257,False
test_0033,10,1,mV_1,39.749,,False,0.6889481046920902,0.4234434949715551,False
test_0033,10,2,mV_2,,30.739821234673634,True,,,False
test_0033,10,3,mV_3,40.081,,False,4.657274211592462,2.8167260933537914,False
test_0033,10,4,mV_4,43.651,,False,1.9523559502302417,2.141897289401436,False
test_0033,10,5,mV_5,46.858,,False,-0.005603045552798229,0.9457785253476407,False
test_0033,10,6,mV_6,48.381,,False,-1.8195520600547246,1.602055886918317,False
test_0033,10,7,mV_7,48.419,,False,-2.7635163820110202,2.7926838315741573,False
test_0033,10,8,mV_8,47.396,,False,-3.824150502219865,3.6681022757391135,False
test_0033,10,9,mV_9,46.541,,False,-4.260591716505705,5.050772988428181,False
test_0033,10,10,mV_10,33.906,,False,-7.857758018481451,7.886030538586046,True
test_0033,10,11,mV_11,22.331,,False,-11.568014400875576,10.719486898426137,True
test_0033,10,12,mV_12,21.467,,False,-11.884160773471947,9.567280056059245,True
test_0033,10,13,mV_13,41.155,,False,-2.9327842764175056,4.86594182406519,False
test_0033,10,14,mV_14,39.32,,False,-1.714037969953799,1.9270701287600216,False
test_0033,10,15,mV_15,33.815,,False,-1.3474202987149821,1.6283102891175019,False
test_0033,10,16,mV_16,27.42,,False,-2.104362589086244,1.5903988812965935,False
test_0033,10,17,mV_17,19.683,,False,0.8054500482989039,1.2242134932416184,False
test_0033,10,18,mV_18,17.411,,False,1.1815912872824215,0.9559300558765209,False
test_0033,10,19,mV_19,19.386,,False,-0.655087600642337,0.6883971360502678,False
test_0033,10,20,mV_20,20.6,,False,-0.26182205563397565,0.29468292797757206,False
test_0033,11,0,mV_0,40.756,,False,0.84321423995535,0.6582534725915103,False
test_0033,11,1,mV_1,40.444,,False,0.9465854104553413,1.0418280112941383,False
test_0033,11,2,mV_2,33.612,,False,1.4309269843105208,0.9591310332775268,False
test_0033,11,3,mV_3,29.944,,False,0.028084754033724364,0.3771433045682477,False
test_0033,11,4,mV_4,38.886,,False,0.021476725895021292,0.040026827316634844,False
test_0033,11,5,mV_5,47.103,,False,0.08906910344277243,0.16261892824956856,False
test_0033,11,6,mV_6,54.371,,False,0.4508607802177081,0.437448021472419,False
test_0033,11,7,mV_7,58.36,,False,0.7590014220114873,0.6519302274079298,False
test_0033,11,8,mV_8,60.547,,False,0.6388572853910367,0.7132287268447988,False
test_0033,11,9,mV_9,61.749,,False,0.8161989145856342,0.8039872520360946,False
test_0033,11,10,mV_10,59.87,,False,0.9446938935820732,0.948612481175442,False
test_0033,11,11,mV_11,58.557,,False,1.0888632229519868,1.0301274078236704,False
test_0033,11,12,mV_12,55.922,,False,0.998089291808635,1.0608170718266823,False
test_0033,11,13,mV_13,51.46,,False,1.1582264807374723,0.8286355633208948,False
test_0033,11,14,mV_14,,45.54382236362525,True,,,False
test_0033,11,15,mV_15,39.783,,False,1.60697298756488,0.9411950694869631,False
test_0033,11,16,mV_16,32.449,,False,0.5508343028180923,0.9809660652339982,False
test_0033,11,17,mV_17,20.498,,False,1.2152226677349285,0.8943913307486667,False
test_0033,11,18,mV_18,13.444,,False,-0.5962856847067174,0.6019485092870909,False
test_0033,11,19,mV_19,,21.123777263340795,True,,,False
test_0033,11,20,mV_20,21.581,,False,0.2188720490129828,0.1094360245064914,False
test_0033,12,0,mV_0,39.797,,False,0.45658146151060547,0.22829073075530273,False
test_0033,12,1,mV_1,,39.927932344129566,True,,,False
test_0033,12,2,mV_2,28.354,,False,-0.83085389153638,0.6542044378882478,False
test_0033,12,3,mV_3,31.974,,False,0.9551099684802312,0.814230117805152,False
test_0033,12,4,mV_4,40.106,,False,0.5158466427237656,0.4967008134819406,False
test_0033,12,5,mV_5,,48.39226052160916,True,,,False
test_0033,12,6,mV_6,55.39,,False,0.8370962867682262,0.67013124778568,False
test_0033,12,7,mV_7,59.058,,False,1.0063324176062676,0.96895887310871,False
test_0033,12,8,mV_8,61.688,,False,1.0260743704540785,1.0833384547413394,False
test_0033,12,9,mV_9,63.123,,False,1.2748726604509335,1.2470073554350867,False
test_0033,12,10,mV_10,61.249,,False,1.4122097303844015,1.4012433783966702,False
test_0033,12,11,mV_11,59.75,,False,1.5056813923669445,1.3441053932648985,False
test_0033,12,12,mV_12,55.801,,False,0.9528490579413039,1.0501999205025305,False
test_0033,12,13,mV_13,50.531,,False,0.7894201737605697,1.0020966900588455,False
test_0033,12,14,mV_14,46.203,,False,1.4766973547729385,1.2794036344711301,False
test_0033,12,15,mV_15,39.314,,False,1.3747996545780743,1.2412727045779237,False
test_0033,12,16,mV_16,32.805,,False,0.7387941543826079,1.117334658668138,False
test_0033,12,17,mV_17,21.297,,False,1.6169506713292627,0.9972633946458141,False
test_0033,12,18,mV_18,14.811,,False,0.016358081542123103,0.7575157478698269,False
test_0033,12,19,mV_19,23.792,,False,1.3803961570657983,1.0733883810761475,False
test_0033,12,20,mV_20,24.229,,False,1.5164031286308708,1.1033006035818849,False
test_0033,13,0,mV_0,41.608,,False,1.1867086374891564,0.5933543187445782,False
test_0033,13,1,mV_1,,42.84763220258922,True,,,False
test_0033,13,2,mV_2,35.305,,False,2.1591877341790635,1.091181682270113,False
test_0033,13,3,mV_3,29.781,,False,-0.04635126072232524,0.6210205070089759,False
test_0033,13,4,mV_4,39.406,,False,0.23219177241218958,0.199605553353208,False
test_0033,13,5,mV_5,47.617,,False,0.2876874078661276,0.3547844315845078,False
test_0033,13,6,mV_6,54.795,,False,0.6115711381935863,0.6216721638527319,False
test_0033,13,7,mV_7,58.972,,False,0.9758589711576277,0.9145637085487484,False
test_0033,13,8,mV_8,61.891,,False,1.0949657536861517,1.181019862299736,False
test_0033,13,9,mV_9,63.972,,False,1.5582889706690137,1.5312929471118697,False
test_0033,13,10,mV_10,62.728,,False,1.9136280934232994,1.917764339510494,False
test_0033,13,11,mV_11,61.982,,False,2.2855122005263633,2.1074489019140454,True
test_0033,13,12,mV_12,58.455,,False,1.945143113180155,1.9553830151104596,False
test_0033,13,13,mV_13,52.688,,False,1.6457336335551644,1.8306088681219115,False
test_0033,13,14,mV_14,47.517,,False,2.085825092197162,1.9157414116662468,False
test_0033,13,15,mV_15,40.265,,False,1.8455818287154984,1.5845956486672446,False
test_0033,13,16,mV_16,32.469,,False,0.5613938450408195,0.7658534140693185,False
test_0033,13,17,mV_17,17.892,,False,-0.09504413748013676,0.5455635116662252,False
test_0033,13,18,mV_18,17.967,,False,1.4307719266638077,1.1081535005320269,False
test_0033,13,19,mV_19,23.999,,False,1.4760260113203552,1.4294813824503676,False
test_0033,13,20,mV_20,23.859,,False,1.3351015804969528,1.0365572930785651,False
test_0033,14,0,mV_0,,34.61148114676938,True,,,False
test_0033,14,1,mV_1,31.083,,False,-2.5235481424220585,1.9529872976995204,False
test_0033,14,2,mV_2,23.858,,False,-2.764852905953964,2.8414141527435475,False
test_0033,14,3,mV_3,22.629,,False,-3.312402656644202,3.083296332647478,False
test_0033,14,4,mV_4,31.569,,False,-2.9435271113475423,3.0006796329862033,False
test_0033,14,5,mV_5,39.618,,False,-2.8032616526055265,2.802006345475643,False
test_0033,14,6,mV_6,46.169,,False,-2.657974965343978,2.6004713319342496,False
test_0033,14,7,mV_7,49.776,,False,-2.2826737444435157,2.338169263914467,False
test_0033,14,8,mV_8,52.39,,False,-2.1293546014268574,2.124480894123531,False
test_0033,14,9,mV_9,53.443,,False,-1.9565406291968934,2.0222404640228273,False
test_0033,14,10,mV_10,51.047,,False,-2.0465259962706646,2.036084939744568,False
test_0033,14,11,mV_11,49.445,,False,-2.0947471372400512,2.2768198941012905,False
test_0033,14,12,mV_12,45.573,,False,-2.8712593056543954,2.6864583661109114,True
test_0033,14,13,mV_13,41.216,,False,-2.908567715894803,2.948399717947261,True
test_0033,14,14,mV_14,36.319,,False,-3.1052041343450427,3.099138423338589,True
test_0033,14,15,mV_15,29.916,,False,-3.2775777087694675,3.584916627995462,True
test_0033,14,16,mV_16,22.543,,False,-4.67930696009787,4.265061166563534,True
test_0033,14,17,mV_17,9.282,,False,-4.424053037288927,3.4044296520301494,True
test_0033,14,18,mV_18,14.976,,False,0.09030557344487324,1.5553985217583812,False
test_0033,14,19,mV_19,17.304,,False,-1.616929902854851,1.2744125857195308,False
test_0033,14,20,mV_20,17.515,,False,-1.773484963723548,1.2909749575754867,False
test_0033,15,0,mV_0,33.413,,False,-2.1172075453624304,1.5071985131657535,False
test_0033,15,1,mV_1,33.05,,False,-1.7943789619381534,1.824550606181275,False
test_0033,15,2,mV_2,26.584,,False,-1.592236955486363,1.631106917525035,False
test_0033,15,3,mV_3,26.498,,False,-1.5455747971892602,1.6400928372102257,False
test_0033,15,4,mV_4,34.201,,False,-1.8769847989760198,1.8135586147996974,False
test_0033,15,5,mV_5,41.814,,False,-1.9546900640574891,1.8781686642026652,False
test_0033,15,6,mV_6,48.627,,False,-1.7263097297196623,1.7262787126718884,False
test_0033,15,7,mV_7,51.991,,False,-1.49780532719074,1.6126208109176159,False
test_0033,15,8,mV_8,53.571,,False,-1.7285628595693205,1.6329785358668585,False
test_0033,15,9,mV_9,54.58,,False,-1.5769830971380523,1.5333406898359367,False
test_0033,15,10,mV_10,53.394,,False,-1.250833705498322,1.2390337151488597,False
test_0033,15,11,mV_11,52.929,,False,-0.8774843524607423,0.7514506026049517,False
test_0033,15,12,mV_12,,50.298800778848104,True,,,False
test_0033,15,13,mV_13,45.59,,False,-1.1721212285783658,0.7219431020218937,False
test_0033,15,14,mV_14,41.845,,False,-0.5435299509308432,0.6920013028752997,False
test_0033,15,15,mV_15,35.509,,False,-0.5088240810611464,0.5885113895192171,False
test_0033,15,16,mV_16,29.904,,False,-0.7928674450237322,0.862514906895747,False
test_0033,15,17,mV_17,20.777,,False,1.355500656474377,1.2536035856419363,False
test_0033,15,18,mV_18,11.404,,False,-1.5105455845952593,1.2285841283392986,False
test_0033,15,19,mV_19,19.64,,False,-0.5377446876922986,0.646508739994964,False
test_0033,15,20,mV_20,,19.885627435004142,True,,,False
test_0033,16,0,mV_0,34.48,,False,-1.6870332235683312,1.32046999096063,False
test_0033,16,1,mV_1,32.744,,False,-1.907813516705857,1.924602896156408,False
test_0033,16,2,mV_2,25.181,,False,-2.1957513276455862,1.7783293440769536,False
test_0033,16,3,mV_3,28.1,,False,-0.8140012043107857,1.3203336371063374,False
test_0033,16,4,mV_4,35.236,,False,-1.4575808121581926,1.3469643801807512,False
test_0033,16,5,mV_5,42.58,,False,-1.6586946920958334,1.5429748747479004,False
test_0033,16,6,mV_6,49.496,,False,-1.396929302641742,1.3843874319777871,False
test_0033,16,7,mV_7,53.156,,False,-1.084996430531831,0.891730540926351,False
test_0033,16,8,mV_8,,56.35558385014373,True,,,False
test_0033,16,9,mV_9,55.759,,False,-1.183404970227433,0.8250790000947188,False
test_0033,16,10,mV_10,54.33,,False,-0.9335060599240091,0.8936679068875018,False
test_0033,16,11,mV_11,53.94,,False,-0.5242545374745553,0.7196953145670352,False
test_0033,16,12,mV_12,50.854,,False,-0.8967661233950209,0.870789783830061,False
test_0033,16,13,mV_13,45.607,,False,-1.1653723510556468,1.0301426739452604,False
test_0033,16,14,mV_14,41.091,,False,-0.893059870274727,0.9701510899180537,False
test_0033,16,15,mV_15,34.66,,False,-0.9291122680671138,1.1234956685917123,False
test_0033,16,16,mV_16,28.105,,False,-1.7426982679578946,1.3415761321507245,False
test_0033,16,17,mV_17,16.188,,False,-0.9517957246199952,1.2070822927744747,False
test_0033,16,18,mV_18,12.137,,False,-1.1820394539000139,0.9593625052709432,False
test_0033,16,19,mV_19,19.675,,False,-0.5215753886637499,0.7452341261200962,False
test_0033,16,20,mV_20,19.592,,False,-0.7557462732528714,0.5082669837923731,False
test_0034,1,0,mV_0,43.01,,False,0.21609506699309872,0.15633135950469793,False
test_0034,1,1,mV_1,35.499,,False,-0.19313530403259424,0.17252957484448664,False
test_0034,1,2,mV_2,30.042,,False,0.08775262431965938,0.2542183021959115,False
test_0034,1,3,mV_3,36.481,,False,0.6482326561117331,0.4228945623969703,False
test_0034,1,4,mV_4,46.031,,False,0.3073603130447558,0.32365986771116456,False
test_0034,1,5,mV_5,53.58,,False,-0.03168618864341359,0.13584565374917645,False
test_0034,1,6,mV_6,59.748,,False,-0.17264992466512283,0.15076412238362652,False
test_0034,1,7,mV_7,64.458,,False,-0.22607045156084685,0.26899462074848124,False
test_0034,1,8,mV_8,65.915,,False,-0.4511876552071085,0.3852212317995487,False
test_0034,1,9,mV_9,66.22,,False,-0.41243916522313107,0.3877114902001969,False
test_0034,1,10,mV_10,61.466,,False,-0.2747799751474168,0.2753510885183363,False
test_0034,1,11,mV_11,53.471,,False,-0.13940523855538042,0.18443235517128267,False
test_0034,1,12,mV_12,45.385,,False,-0.18413896842695313,0.14483509374718986,False
test_0034,1,13,mV_13,39.203,,False,-0.07165719957947284,0.09623393539735077,False
test_0034,1,14,mV_14,34.87,,False,-0.057482374003504276,0.05315287494662369,False
test_0034,1,15,mV_15,33.046,,False,0.025989552200013394,0.10682592482689265,False
test_0034,1,16,mV_16,35.907,,False,0.3178422209040395,0.5315113678601268,False
test_0034,1,17,mV_17,40.603,,False,1.4643714774324146,0.977019775833821,False
test_0034,1,18,mV_18,44.201,,False,0.6614939275664151,0.7551648046371469,False
test_0034,1,19,mV_19,42.565,,False,-0.23329988598334242,0.3070748887977256,False
test_0034,1,20,mV_20,42.211,,False,-0.10020585565780243,0.10842789932473682,False
test_0034,2,0,mV_0,37.639,,False,-1.9492903897605138,1.0222802938595055,False
test_0034,2,1,mV_1,35.506,,False,-0.190540395916994,0.714329271858898,False
test_0034,2,2,mV_2,28.613,,False,-0.5269459058410906,1.161585186754381,False
test_0034,2,3,mV_3,27.612,,False,-3.401908539418349,2.6151223143306788,True
test_0034,2,4,mV_4,37.549,,False,-3.129726272644927,3.007041202399356,True
test_0034,2,5,mV_5,47.537,,False,-2.366803724889221,2.4965282182496544,True
test_0034,2,6,mV_6,54.603,,False,-2.1227791505752487,2.1170132944504254,True
test_0034,2,7,mV_7,59.859,,False,-1.855691151761983,1.895517049900174,False
test_0034,2,8,mV_8,62.094,,False,-1.7479067455014803,1.7874949390480976,False
test_0034,2,9,mV_9,62.068,,False,-1.7984751134274468,1.5713706406975156,False
test_0034,2,10,mV_10,59.502,,False,-0.9406255904336885,1.0890346699666982,False
test_0034,2,11,mV_11,51.934,,False,-0.6764123855719694,0.7819443711277806,False
test_0034,2,12,mV_12,43.646,,False,-0.8343271229334949,0.7648637917146737,False
test_0034,2,13,mV_13,37.584,,False,-0.7143885354197356,0.7318491168848152,False
test_0034,2,14,mV_14,33.561,,False,-0.6642922737662951,0.7732996278444293,False
test_0034,2,15,mV_15,30.872,,False,-1.0502254284253911,1.139042367175616,False
test_0034,2,16,mV_16,31.912,,False,-1.7914263380853863,1.4264443370590891,False
test_0034,2,17,mV_17,35.557,,False,-1.0726992436401925,1.2867186732163283,False
test_0034,2,18,mV_18,40.025,,False,-1.210049867499542,1.2649587611229371,False
test_0034,2,19,mV_19,39.678,,False,-1.5670360658524722,1.3456714668753396,False
test_0034,2,20,mV_20,40.296,,False,-1.0385638682968716,0.9110409506115539,False
test_0034,3,0,mV_0,42.295,,False,-0.0721660764771721,0.06870474026328546,False
test_0034,3,1,mV_1,35.668,,False,-0.13048680809879767,0.15834782975585124,False
test_0034,3,2,mV_2,29.14,,False,-0.3002516263486375,0.34925814023229734,False
test_0034,3,3,mV_3,33.603,,False,-0.6660425001331167,0.5509752975731734,False
test_0034,3,4,mV_4,43.862,,False,-0.5715645636778228,0.5359521732294991,False
test_0034,3,5,mV_5,52.796,,False,-0.3346370654292339,0.36711213233956425,False
test_0034,3,6,mV_6,59.603,,False,-0.2276098348219664,0.2692185198828234,False
test_0034,3,7,mV_7,64.286,,False,-0.28701734445812704,0.3640281661107324,False
test_0034,3,8,mV_8,65.316,,False,-0.6544681407047093,0.6031633189959004,False
test_0034,3,9,mV_9,65.009,,False,-0.8166996501160558,0.6534600576753655,False
test_0034,3,10,mV_10,61.315,,False,-0.3259727897646415,0.37048047975789167,False
test_0034,3,11,mV_11,53.908,,False,0.013276689386227926,0.11210699665280952,False
test_0034,3,12,mV_12,46.134,,False,0.09590181807414071,0.11007463921027255,False
test_0034,3,13,mV_13,39.976,,False,0.2352182313065809,0.1989510522922575,False
test_0034,3,14,mV_14,35.489,,False,0.22946592848172753,0.20800461867562486,False
test_0034,3,15,mV_15,32.715,,False,-0.13786838643246346,0.31016870428987164,False
test_0034,3,16,mV_16,33.912,,False,-0.7354721158128321,0.42024069159706845,False
test_0034,3,17,mV_17,37.834,,False,0.07215014833014621,0.2485137249897976,False
test_0034,3,18,mV_18,42.98,,False,0.11428248748606587,0.08811422004840866,False
test_0034,3,19,mV_19,43.182,,False,0.051741756891356704,0.17443127490988036,False
test_0034,3,20,mV_20,43.395,,False,0.47995909837074213,0.25291498840821025,False
test_0034,4,0,mV_0,43.048,,False,0.2314152396530591,0.7032689574304903,False
test_0034,4,1,mV_1,42.36,,False,2.350245350415843,2.48237598186849,False
test_0034,4,2,mV_2,41.456,,False,4.997597986989214,3.9624105753171963,False
test_0034,4,3,mV_3,42.735,,False,3.504200976874515,3.001499985184561,False
test_0034,4,4,mV_4,,44.15236384584252,True,,,False
test_0034,4,5,mV_5,46.939,,False,-2.5978810518253437,2.39041591408788,False
test_0034,4,6,mV_6,48.685,,False,-4.365901552700833,4.209572779104909,False
test_0034,4,7,mV_7,49.55,,False,-5.508606959192628,5.311969063984697,False
test_0034,4,8,mV_8,49.963,,False,-5.864760784852699,5.775810949178728,False
test_0034,4,9,mV_9,49.886,,False,-5.865115267816891,5.553679764528237,False
test_0034,4,10,mV_10,48.65,,False,-4.619727737626471,4.454476697434802,False
test_0034,4,11,mV_11,46.104,,False,-2.7133360466693763,2.786546544354445,False
test_0034,4,12,mV_12,42.936,,False,-1.0997863464525555,1.8950262089582925,False
test_0034,4,13,mV_13,32.665,,False,-2.667196096258683,3.8344800328983144,True
test_0034,4,14,mV_14,15.787,,False,-8.903741592623335,6.260663120022259,True
test_0034,4,15,mV_15,23.766,,False,-4.567973198583683,4.741835943514285,True
test_0034,4,16,mV_16,37.062,,False,0.9276557842664404,1.605821191779141,False
test_0034,4,17,mV_17,,33.38244306117962,True,,,False
test_0034,4,18,mV_18,39.544,,False,-1.4256180105614977,1.2279166743330796,False
test_0034,4,19,mV_19,38.61,,False,-2.0604306762093225,1.8121272241525823,False
test_0034,4,20,mV_20,38.942,,False,-1.702029533630187,1.3661224358674242,False
test_0034,5,0,mV_0,41.931,,False,-0.21891720406204002,0.1283643611589705,False
test_0034,5,1,mV_1,36.224,,False,0.07562303651180205,0.12200677400619858,False
test_0034,5,2,mV_2,29.564,,False,-0.11786381893915024,0.30086029869866504,False
test_0034,5,3,mV_3,33.108,,False,-0.8920905204045575,0.47551121493706633,False
test_0034,5,4,mV_4,,46.02684204673408,True,,,False
test_0034,5,5,mV_5,53.861,,False,0.07689697000048344,0.1100385059028228,False
test_0034,5,6,mV_6,60.959,,False,0.28636008361032433,0.23300700761797605,False
test_0034,5,7,mV_7,65.893,,False,0.2824108932507721,0.2463503222918653,False
test_0034,5,8,mV_8,67.64,,False,0.13421941905559268,0.1643765998353883,False
test_0034,5,9,mV_9,67.775,,False,0.1066566679795957,0.24126681760348465,False
test_0034,5,10,mV_10,64.098,,False,0.6175345153991545,0.4890741656837703,False
test_0034,5,11,mV_11,55.629,,False,0.6145709639571766,0.5034976328441448,False
test_0034,5,12,mV_12,46.325,,False,0.16731408806307185,0.2545193475236537,False
test_0034,5,13,mV_13,39.21,,False,-0.06887825001129454,0.11636623856418135,False
test_0034,5,14,mV_14,34.648,,False,-0.1603943661710645,0.22297103466890764,False
test_0034,5,15,mV_15,31.979,,False,-0.502217156322207,0.5957179685517171,False
test_0034,5,16,mV_16,32.998,,False,-1.2180431953913902,0.8477661456112594,False
test_0034,5,17,mV_17,36.79,,False,-0.4527610353400502,0.5688734373588301,False
test_0034,5,18,mV_18,42.386,,False,-0.15192848336383027,0.21502537896260546,False
test_0034,5,19,mV_19,42.846,,False,-0.10348351378271113,0.14846312930678257,False
test_0034,5,20,mV_20,42.895,,False,0.23495700629787772,0.14334938159461663,False
test_0034,6,0,mV_0,41.782,,False,-0.27898840738661473,0.22438476918940015,False
test_0034,6,1,mV_1,35.104,,False,-0.33956226198437117,0.23952823283883928,False
test_0034,6,2,mV_2,,29.356490220675045,True,,,False
test_0034,6,3,mV_3,34.425,,False,-0.29066578768236595,0.19856883468001607,False
test_0034,6,4,mV_4,44.747,,False,-0.21294376335533233,0.1969135075933435,False
test_0034,6,5,mV_5,53.478,,False,-0.07110071598034341,0.10996481593254755,False
test_0034,6,6,mV_6,59.98,,False,-0.08471406841417099,0.06172675400471658,False
test_0034,6,7,mV_7,65.114,,False,0.006378163210180929,0.05546204692852903,False
test_0034,6,8,mV_8,67.611,,False,0.12437779287958327,0.11857224986252721,False
test_0034,6,9,mV_9,68.112,,False,0.21915525048076134,0.3848973968369809,False
test_0034,6,10,mV_10,65.158,,False,0.9769012935068174,0.8672081497256698,False
test_0034,6,11,mV_11,57.579,,False,1.2958747614082833,1.1665484613485229,False
test_0034,6,12,mV_12,48.813,,False,1.0975430290707073,1.0804170610093746,False
test_0034,6,13,mV_13,41.476,,False,0.8307074244878003,0.8868715626163346,False
test_0034,6,14,mV_14,36.695,,False,0.78852837241903,0.7396237891053565,False
test_0034,6,15,mV_15,34.106,,False,0.5507309870955661,0.5782250031575797,False
test_0034,6,16,mV_16,34.504,,False,-0.4229096660201567,0.37861355501640775,False
test_0034,6,17,mV_17,37.456,,False,-0.11790390092975161,0.260923148097888,False
test_0034,6,18,mV_18,41.866,,False,-0.38497512451189214,0.22692982219000926,False
test_0034,6,19,mV_19,43.027,,False,-0.019865138806501117,0.10672760523838756,False
test_0034,6,20,mV_20,42.411,,False,-0.0022050188286558818,0.00606879411595322,False
test_0034,7,0,mV_0,43.838,,False,0.5499135660048285,0.2749567830024143,False
test_0034,7,1,mV_1,,36.56121033788623,True,,,False
test_0034,7,2,mV_2,30.287,,False,0.19314180548787632,0.2949337488154659,False
test_0034,7,3,mV_3,36.799,,False,0.793451384286111,0.5690594966209258,False
test_0034,7,4,mV_4,46.497,,False,0.4961934124236049,0.5334033625853835,False
test_0034,7,5,mV_5,54.562,,False,0.34777524120821296,0.2979359737100077,False
test_0034,7,6,mV_6,,61.14468104900356,True,,,False
test_0034,7,7,mV_7,66.427,,False,0.47162973515279794,0.3034760475364721,False
test_0034,7,8,mV_8,68.042,,False,0.27064471984029254,0.31786640509347597,False
test_0034,7,9,mV_9,68.23,,False,0.25854644554052075,0.3175850179747334,False
test_0034,7,10,mV_10,63.7,,False,0.4826024609775995,0.43189169776168557,False
test_0034,7,11,mV_11,55.312,,False,0.5038154235510226,0.42962271292075166,False
test_0034,7,12,mV_12,46.488,,False,0.2282575436033619,0.3097052391922075,False
test_0034,7,13,mV_13,40.085,,False,0.2784904460110836,0.3341050578784909,False
test_0034,7,14,mV_14,36.183,,False,0.5511817958884343,0.5031928588913681,False
test_0034,7,15,mV_15,34.27,,False,0.6319173977775202,0.5461501423097181,False
test_0034,7,16,mV_16,36.005,,False,0.36958397779539787,0.5959881916714863,False
test_0034,7,17,mV_17,39.705,,False,1.0128674133176294,0.7620743915657042,False
test_0034,7,18,mV_18,44.182,,False,0.6529787618321599,0.6309860111645988,False
test_0034,7,19,mV_19,43.514,,False,0.20511910767644606,0.3189084477530565,False
test_0034,7,20,mV_20,41.982,,False,-0.21241681382717403,0.15748818383269853,False
test_0034,8,0,mV_0,42.489,,False,0.006047436576298487,0.10635666646297817,False
test_0034,8,1,mV_1,37.135,,False,0.4133317926993157,0.32335307491328485,False
test_0034,8,2,mV_2,30.909,,False,0.4607012776782095,0.401783407262375,False
test_0034,8,3,mV_3,35.658,,False,0.27239928099376526,0.2805002367787844,False
test_0034,8,4,mV_4,45.56,,False,0.11650110744939747,0.22952369553157653,False
test_0034,8,5,mV_5,54.73,,False,0.41269328623374596,0.3939554540090909,False
test_0034,8,6,mV_6,61.876,,False,0.6339341361194741,0.5533731322308336,False
test_0034,8,7,mV_7,66.6,,False,0.5329309704506402,0.4825988898293203,False
test_0034,8,8,mV_8,67.924,,False,0.23059948229652666,0.3004003391203269,False
test_0034,8,9,mV_9,68.077,,False,0.20747142143761405,0.16422491786525198,False
test_0034,8,10,mV_10,62.243,,False,-0.011357346289253181,0.10951777971985152,False
test_0034,8,11,mV_11,53.275,,False,-0.2078850048632857,0.2191813869904595,False
test_0034,8,12,mV_12,44.675,,False,-0.4495981919460134,0.3586004871518144,False
test_0034,8,13,mV_13,38.559,,False,-0.32732055985194514,0.2973839343976462,False
test_0034,8,14,mV_14,34.81,,False,-0.08529642594068118,0.2341913911491066,False
test_0034,8,15,mV_15,33.88,,False,0.4388521528631188,0.48771147665072423,False
test_0034,8,16,mV_16,37.176,,False,0.9878451749359782,1.2274075962209667,False
test_0034,8,17,mV_17,42.653,,False,2.495087882148792,1.8170731578205364,False
test_0034,8,18,mV_18,45.604,,False,1.2902716920485828,1.4072708182486406,False
test_0034,8,19,mV_19,44.268,,False,0.5534520067486044,0.723326235498335,False
test_0034,8,20,mV_20,43.428,,False,0.49612923644754864,0.38642761991092545,False
test_0035,1,0,mV_0,39.354,,False,0.30882242782969,0.154411213914845,False
test_0035,1,1,mV_1,,36.37068976422558,True,,,False
test_0035,1,2,mV_2,,28.085148515816634,True,,,False
test_0035,1,3,mV_3,28.71,,False,-0.5890948407073846,0.2945474203536923,False
test_0035,1,4,mV_4,,38.038051681019056,True,,,False
test_0035,1,5,mV_5,43.767,,False,-0.5869673237725251,0.41245291568267467,False
test_0035,1,6,mV_6,50.549,,False,-0.47587701518564834,0.46166122505882934,False
test_0035,1,7,mV_7,54.991,,False,-0.3079235460914956,0.3849219453967637,False
test_0035,1,8,mV_8,57.201,,False,-0.4479636742184153,0.4186773012417992,False
test_0035,1,9,mV_9,58.413,,False,-0.4708583104388706,0.45361973721010096,False
test_0035,1,10,mV_10,58.259,,False,-0.42479865374424713,0.41822930594093427,False
test_0035,1,11,mV_11,56.364,,False,-0.35246160583637237,0.3923062822861686,False
test_0035,1,12,mV_12,55.228,,False,-0.43950326372768256,0.39073927937398717,False
test_0035,1,13,mV_13,52.27,,False,-0.3314889842042113,0.3277716554162371,False
test_0035,1,14,mV_14,48.379,,False,-0.2086053895288433,0.1888456977426181,False
test_0035,1,15,mV_15,44.716,,False,0.0066830277085745135,0.10617866390558131,False
test_0035,1,16,mV_16,38.52,,False,0.2027432106763329,0.1954993990532385,False
test_0035,1,17,mV_17,32.862,,False,0.3698281471517136,0.39637965030622124,False
test_0035,1,18,mV_18,23.493,,False,0.6431190962451249,0.4203110620323186,False
test_0035,1,19,mV_19,14.08,,False,-0.025177908487311138,0.31949508710314867,False
test_0035,1,20,mV_20,23.564,,False,0.5845054351928476,0.2985471947182516,False
test_0035,2,0,mV_0,38.245,,False,-0.1382847163780482,0.09337694648294154,False
test_0035,2,1,mV_1,35.944,,False,-0.09693835317566976,0.08304035568234694,False
test_0035,2,2,mV_2,,26.42848238647575,True,,,False
test_0035,2,3,mV_3,27.633,,False,-1.08092053329797,0.8376926663920348,False
test_0035,2,4,mV_4,35.795,,False,-1.1889295989721986,1.079252935789325,False
test_0035,2,5,mV_5,43.065,,False,-0.8582320119149329,0.8907069646092192,False
test_0035,2,6,mV_6,50.07,,False,-0.6574342356348125,0.5720654408420938,False
test_0035,2,7,mV_7,55.535,,False,-0.11516128018381697,0.25222765197333424,False
test_0035,2,8,mV_8,58.878,,False,0.12115381189089065,0.1306361792902334,False
test_0035,2,9,mV_9,60.318,,False,0.16507581319533543,0.14749169264728473,False
test_0035,2,10,mV_10,59.921,,False,0.13866133230757743,0.11059961945262257,False
test_0035,2,11,mV_11,,57.688602526075016,True,,,False
test_0035,2,12,mV_12,57.343,,False,0.35126611337487024,0.22337144034079603,False
test_0035,2,13,mV_13,53.586,,False,0.19095353461344372,0.19974994304660376,False
test_0035,2,14,mV_14,48.971,,False,0.06582658958465734,0.11029214393094572,False
test_0035,2,15,mV_15,44.463,,False,-0.11856186194102447,0.15269024231478923,False
test_0035,2,16,mV_16,37.553,,False,-0.30781065579245054,0.3649827865785518,False
test_0035,2,17,mV_17,30.683,,False,-0.7257479727882817,0.6392607951708816,False
test_0035,2,18,mV_18,20.278,,False,-0.7977365793145127,0.6573981907225848,False
test_0035,2,19,mV_19,13.467,,False,-0.30837163147303176,0.35361996056514405,False
test_0035,2,20,mV_20,,22.068283901628828,True,,,False
test_0035,3,0,mV_0,36.138,,False,-0.9877479741289074,0.9261578765366425,False
test_0035,3,1,mV_1,31.541,,False,-1.7291355578887553,1.2822584155812389,False
test_0035,3,2,mV_2,25.704,,False,-0.6830145724185379,1.2080773722029494,False
test_0035,3,3,mV_3,33.804,,False,1.737144786085967,1.243554924991102,False
test_0035,3,4,mV_4,40.745,,False,0.8169155553739361,1.0483177834559811,False
test_0035,3,5,mV_5,47.414,,False,0.8222952369900856,0.7052549121381264,False
test_0035,3,6,mV_6,52.753,,False,0.35951361919839875,0.411463370888433,False
test_0035,3,7,mV_7,55.565,,False,-0.10453100816684895,0.2571042836114246,False
test_0035,3,8,mV_8,57.166,,False,-0.4598414989136018,0.39863794378578854,False
test_0035,3,9,mV_9,58.115,,False,-0.5703377691491015,0.5824400941401171,False
test_0035,3,10,mV_10,57.361,,False,-0.7292433393486638,0.5663224287086789,False
test_0035,3,11,mV_11,56.696,,False,-0.2364652669882866,0.44668624860315753,False
test_0035,3,12,mV_12,54.84,,False,-0.5845711210873933,0.5583343719212418,False
test_0035,3,13,mV_13,51.02,,False,-0.827729978521894,0.7232994327806507,False
test_0035,3,14,mV_14,47.42,,False,-0.6531666529914214,0.7575828890220325,False
test_0035,3,15,mV_15,42.892,,False,-0.8962682715833933,0.773910754991741,False
test_0035,3,16,mV_16,36.905,,False,-0.6499398238087564,0.5490369798002265,False
test_0035,3,17,mV_17,,31.299891752975192,True,,,False
test_0035,3,18,mV_18,20.249,,False,-0.8107334112246927,0.43037137161006594,False
test_0035,3,19,mV_19,13.918,,False,-0.10001866399087847,0.2641903940057854,False
test_0035,3,20,mV_20,22.465,,False,0.045990836816692124,0.04800008440606568,False
test_0035,4,0,mV_0,36.206,,False,-0.9603329283163479,0.8186629603093523,False
test_0035,4,1,mV_1,32.553,,False,-1.353985984604713,1.2061238463483637,False
test_0035,4,2,mV_2,24.604,,False,-1.156190487867681,1.0984576473034033,False
test_0035,4,3,mV_3,28.407,,False,-0.7274636288735384,0.9471752874436234,False
test_0035,4,4,mV_4,35.823,,False,-1.1775834041597362,1.064431083885523,False
test_0035,4,5,mV_5,42.245,,False,-1.1750938983490817,1.2688889952584015,False
test_0035,4,6,mV_6,47.721,,False,-1.5477847801757059,1.4841067709398303,False
test_0035,4,7,mV_7,51.159,,False,-1.665763625058828,1.676954575128042,False
test_0035,4,8,mV_8,53.133,,False,-1.8285062702188066,1.7850698072699676,False
test_0035,4,9,mV_9,54.379,,False,-1.8175030635834297,1.8000847041213113,False
test_0035,4,10,mV_10,54.389,,False,-1.7368264190995786,1.688404654405017,False
test_0035,4,11,mV_11,53.187,,False,-1.4624627158374808,1.5508679303629462,False
test_0035,4,12,mV_12,52.28,,False,-1.5417198706772446,1.5039916946896683,False
test_0035,4,13,mV_13,49.402,,False,-1.4700643215667037,1.5252724760216911,False
test_0035,4,14,mV_14,45.336,,False,-1.6192413902761125,1.642164120251439,False
test_0035,4,15,mV_15,40.945,,False,-1.8601093788868275,1.8621821767597986,False
test_0035,4,16,mV_16,34.141,,False,-2.1092685589894278,1.9709703394776452,False
test_0035,4,17,mV_17,28.536,,False,-1.805234861044898,1.600125843300528,False
test_0035,4,18,mV_18,20.539,,False,-0.6807650921228892,1.129456368529741,False
test_0035,4,19,mV_19,11.21,,False,-1.3510604288282875,1.1530940010735258,False
test_0035,4,20,mV_20,19.862,,False,-1.2294900545146392,0.9525101344643915,False
test_0035,5,0,mV_0,38.767,,False,0.07216607647717406,0.04660168363575562,False
test_0035,5,1,mV_1,36.319,,False,0.04207458158867437,0.18330977052502723,False
test_0035,5,2,mV_2,28.633,,False,0.5769238424455861,0.4692015758243634,False
test_0035,5,3,mV_3,31.491,,False,0.680884036817607,0.5636885036832892,False
test_0035,5,4,mV_4,39.509,,False,0.3160620986523565,0.44929716331777203,False
test_0035,5,5,mV_5,46.539,,False,0.4841804191487681,0.3757339897640618,False
test_0035,5,6,mV_6,52.381,,False,0.2185130221063545,0.27716339831516856,False
test_0035,5,7,mV_7,56.389,,False,0.18744712989919707,0.21274659864508477,False
test_0035,5,8,mV_8,59.28,,False,0.2575791126755904,0.32900159500391396,False
test_0035,5,9,mV_9,61.661,,False,0.6134010247652779,0.6297715657365797,False
test_0035,5,10,mV_10,62.564,,False,1.0347051007401726,0.9737256621518064,False
test_0035,5,11,mV_11,60.842,,False,1.2120914223616024,1.1544370790761707,False
test_0035,5,12,mV_12,59.503,,False,1.1588603708413054,1.2062006657039095,False
test_0035,5,13,mV_13,56.367,,False,1.2949904987714245,1.28500188319385,False
test_0035,5,14,mV_14,51.83,,False,1.3911661643912454,1.4072557134168058,False
test_0035,5,15,mV_15,47.837,,False,1.5517000261133078,1.4911136235053146,False
test_0035,5,16,mV_16,40.92,,False,1.469888277403397,1.544401248792036,False
test_0035,5,17,mV_17,35.48,,False,1.6861284142480422,1.8743830787836457,False
test_0035,5,18,mV_18,27.983,,False,2.655387209235102,1.8950381369191507,False
test_0035,5,19,mV_19,15.397,,False,0.5832497149583566,1.1883635374264627,False
test_0035,5,20,mV_20,20.47,,False,-0.9315675105540362,0.6115961840166073,False
test_0035,6,0,mV_0,42.618,,False,1.6247446268324464,1.218243745283186,False
test_0035,6,1,mV_1,40.585,,False,1.6234857274678511,1.8655546311028508,False
test_0035,6,2,mV_2,33.314,,False,2.5905024426432544,1.7624296162622075,False
test_0035,6,3,mV_3,30.537,,False,0.2452278522944702,0.8161282248311791,False
test_0035,6,4,mV_4,39.182,,False,0.18355475209252162,0.31161188657062194,False
test_0035,6,5,mV_5,46.927,,False,0.6341101898029744,0.5587621524748259,False
test_0035,6,6,mV_6,53.871,,False,0.7832734782008333,0.745406949262799,False
test_0035,6,7,mV_7,58.064,,False,0.7809706508465553,0.7080513980991354,False
test_0035,6,8,mV_8,59.956,,False,0.48699081250259824,0.5774835388503219,False
test_0035,6,9,mV_9,61.486,,False,0.5549818795495357,0.6427435375945945,False
test_0035,6,10,mV_10,62.385,,False,0.9740195787767082,0.9474702959756947,False
test_0035,6,11,mV_11,61.056,,False,1.2868601467998262,1.2500252335024662,False
test_0035,6,12,mV_12,60.288,,False,1.452361061633504,1.4567981468344793,False
test_0035,6,13,mV_13,57.225,,False,1.6356103172710832,1.6264997144541422,False
test_0035,6,14,mV_14,52.674,,False,1.7824171616408988,1.797687324996136,False
test_0035,6,15,mV_15,48.723,,False,1.9903046594316627,1.9358671560941,False
test_0035,6,16,mV_16,41.887,,False,1.9804421438721762,1.4877972367940038,False
test_0035,6,17,mV_17,,35.17597015327989,True,,,False
test_0035,6,18,mV_18,26.618,,False,2.0436397762214447,1.153772917682984,False
test_0035,6,19,mV_19,15.277,,False,0.5278121182890468,0.9613677071901188,False
test_0035,6,20,mV_20,23.894,,False,0.7462068159609371,0.5050564375527302,False
test_0035,7,0,mV_0,43.366,,False,1.9263101307705768,1.298037225232593,False
test_0035,7,1,mV_1,39.819,,False,1.3395286393892185,1.493123757698667,False
test_0035,7,2,mV_2,30.47,,False,1.3671276212456538,1.7278714239886772,False
test_0035,7,3,mV_3,36.214,,False,2.8377018140741823,2.3943962190923735,False
test_0035,7,4,mV_4,44.985,,False,2.5350536269754755,2.7427340273000334,False
test_0035,7,5,mV_5,53.213,,False,3.0631270411750005,2.890939879100408,False
test_0035,7,6,mV_6,59.462,,False,2.902451807076154,2.858455994455682,False
test_0035,7,7,mV_7,63.101,,False,2.5657933224954204,2.6197933767939627,False
test_0035,7,8,mV_8,65.726,,False,2.4451350551088558,2.485804203078106,False
test_0035,7,9,mV_9,67.274,,False,2.4871533795992913,2.4270503401346017,False
test_0035,7,10,mV_10,66.263,,False,2.288759546230969,2.4251285344535614,False
test_0035,7,11,mV_11,64.917,,False,2.6358416657530164,1.8901107194342504,False
test_0035,7,12,mV_12,,61.561538339139695,True,,,False
test_0035,7,13,mV_13,59.416,,False,2.505421532111116,1.252710766055558,False
test_0035,7,14,mV_14,,53.915685726780595,True,,,False
test_0035,7,15,mV_15,50.822,,False,3.0293917083427617,2.3404520559885187,True
test_0035,7,16,mV_16,44.392,,False,3.3030248072685517,3.0264799454231417,True
test_0035,7,17,mV_17,37.04,,False,2.4704784588127024,2.2993080301282594,True
test_0035,7,18,mV_18,24.185,,False,0.9532503956190811,1.6687746554949632,False
test_0035,7,19,mV_19,19.109,,False,2.2981193719289874,1.9631098121172434,False
test_0035,7,20,mV_20,27.071,,False,2.3029501089919173,1.7260048974782056,False
test_0035,8,0,mV_0,34.46,,False,-1.6642545457976021,1.2071378332480802,False
test_0035,8,1,mV_1,32.159,,False,-1.5000422413971168,1.4471744205368706,False
test_0035,8,2,mV_2,24.678,,False,-1.124358653555647,1.0030634768728703,False
test_0035,8,3,mV_3,29.423,,False,-0.2634943589830709,0.6013686441076682,False
test_0035,8,4,mV_4,36.868,,False,-0.7541272049088843,0.6025273862213115,False
test_0035,8,5,mV_5,43.634,,False,-0.6383607760844066,0.756784816592299,False
test_0035,8,6,mV_6,49.176,,False,-0.9962905092914986,0.978946834779556,False
test_0035,8,7,mV_7,52.234,,False,-1.28484554445082,1.2955111223945153,False
test_0035,8,8,mV_8,53.759,,False,-1.6160628913849222,1.5753564614490827,False
test_0035,8,9,mV_9,54.478,,False,-1.7844545185756662,1.779353981005214,False
test_0035,8,10,mV_10,53.812,,False,-1.9324439954846002,1.742313876940452,False
test_0035,8,11,mV_11,53.595,,False,-1.3199129982169415,1.489052468351382,False
test_0035,8,12,mV_12,52.702,,False,-1.383939881487044,1.4221169281155368,False
test_0035,8,13,mV_13,49.073,,False,-1.600674951271118,1.5546095500684958,False
test_0035,8,14,mV_14,45.306,,False,-1.633148416244703,1.7630804611161728,False
test_0035,8,15,mV_15,40.288,,False,-2.1853500607041663,2.02550739432715,True
test_0035,8,16,mV_16,34.162,,False,-2.0981810396555653,2.179598608775441,True
test_0035,8,17,mV_17,27.479,,False,-2.336682295086466,2.3391426700253977,True
test_0035,8,18,mV_18,16.29,,False,-2.5850250502730927,1.9012257849336383,False
test_0035,8,19,mV_19,13.922,,False,-0.09817074410190112,0.6953416346192237,False
test_0035,8,20,mV_20,,21.34748424593009,True,,,False
test_0036,1,0,mV_0,38.877,,False,2.3204014143260903,1.562735828595664,False
test_0036,1,1,mV_1,32.173,,False,1.6101404857304757,1.747606966410601,False
test_0036,1,2,mV_2,32.635,,False,1.4497454798553624,1.5071228691495957,False
test_0036,1,3,mV_3,42.854,,False,1.5188600311571823,1.1218663855424318,False
test_0036,1,4,mV_4,,54.58869577197617,True,,,False
test_0036,1,5,mV_5,61.859,,False,1.9745905361932967,1.4402881137945769,False
test_0036,1,6,mV_6,67.652,,False,1.811971382791714,1.8491609533617002,False
test_0036,1,7,mV_7,70.158,,False,1.798110511670075,1.7940304426013067,False
test_0036,1,8,mV_8,70.904,,False,1.767929364273363,1.775057591963463,False
test_0036,1,9,mV_9,69.069,,False,1.7662611276370508,1.6932095835004453,False
test_0036,1,10,mV_10,61.42,,False,1.4723867144543161,1.5821735855721413,False
test_0036,1,11,mV_11,52.466,,False,1.617659785742882,1.5938097182790372,False
test_0036,1,12,mV_12,44.778,,False,1.6675325871760682,1.6177559765773502,False
test_0036,1,13,mV_13,39.033,,False,1.5182989462143823,1.6057597223306261,False
test_0036,1,14,mV_14,35.358,,False,1.718908409717671,1.7596863038194086,False
test_0036,1,15,mV_15,35.342,,False,2.08262944962791,1.9957850785739404,False
test_0036,1,16,mV_16,39.232,,False,2.09897300532227,2.176443935574143,True
test_0036,1,17,mV_17,45.256,,False,2.425200282024122,2.224164380702397,True
test_0036,1,18,mV_18,46.81,,False,1.947283953439074,1.988967565151314,False
test_0036,1,19,mV_19,45.852,,False,1.6361020717029855,1.630541055099116,False
test_0036,1,20,mV_20,45.616,,False,1.3026761235514188,1.060363579701456,False
test_0036,2,0,mV_0,31.596,,False,-0.6150242998096518,0.5152438120876774,False
test_0036,2,1,mV_1,25.588,,False,-0.830926648731406,0.7557203607195028,False
test_0036,2,2,mV_2,30.999,,False,0.7460038456055473,0.8717418696684016,False
test_0036,2,3,mV_3,42.077,,False,1.1640331387311056,0.9296942802904098,False
test_0036,2,4,mV_4,51.572,,False,0.6447069980938807,0.8255046808667267,False
test_0036,2,5,mV_5,58.945,,False,0.8485715885480397,0.7206354952435934,False
test_0036,2,6,mV_6,64.298,,False,0.5406918057844132,0.5605770065538582,False
test_0036,2,7,mV_7,65.965,,False,0.31235282609856657,0.3559562466766983,False
test_0036,2,8,mV_8,66.456,,False,0.25842752872524666,0.20730197088726499,False
test_0036,2,9,mV_9,,64.28813507765419,True,,,False
test_0036,2,10,mV_10,57.686,,False,0.2064663847807209,0.163502374472574,False
test_0036,2,11,mV_11,48.526,,False,0.24107672832885424,0.1769220097960415,False
test_0036,2,12,mV_12,40.369,,False,0.019068197745736704,0.13585295729876573,False
test_0036,2,13,mV_13,34.543,,False,-0.2641987053747353,0.2098782884588971,False
test_0036,2,14,mV_14,31.02,,False,-0.29204754534038124,0.24128075529579637,False
test_0036,2,15,mV_15,31.371,,False,0.11682922512768781,0.14706782081635156,False
test_0036,2,16,mV_16,35.138,,False,-0.06256528766964942,0.08079003540475828,False
test_0036,2,17,mV_17,40.594,,False,0.08120034115204647,0.06542890815408024,False
test_0036,2,18,mV_18,42.383,,False,-0.03674966264257862,0.06183166271804348,False
test_0036,2,19,mV_19,42.11,,False,-0.09262698443497021,0.07197729857003002,False
test_0036,2,20,mV_20,43.092,,False,0.06590556276760104,0.05610952749254307,False
test_0036,3,0,mV_0,31.677,,False,-0.5823681422976352,0.36462923834931293,False
test_0036,3,1,mV_1,27.037,,False,-0.29378066880198117,0.3631095026283076,False
test_0036,3,2,mV_2,28.608,,False,-0.2825085306116328,0.36779559169014986,False
test_0036,3,3,mV_3,38.187,,False,-0.6123846367353526,0.5679825725484207,False
test_0036,3,4,mV_4,48.094,,False,-0.7646524861113447,0.6090348282952481,False
test_0036,3,5,mV_5,55.987,,False,-0.2944497042229504,0.47422423434592736,False
test_0036,3,6,mV_6,61.438,,False,-0.5433450428264639,0.46057910605299796,False
test_0036,3,7,mV_7,63.782,,False,-0.46117663433611367,0.49703822871922787,False
test_0036,3,8,mV_8,64.155,,False,-0.5224546033782204,0.38770455378586643,False
test_0036,3,9,mV_9,63.644,,False,-0.04473237405091144,0.1691682941479735,False
test_0036,3,10,mV_10,57.268,,False,0.06475382511185064,0.17728771297860718,False
test_0036,3,11,mV_11,49.367,,False,0.534910827639816,0.4457235509366211,False
test_0036,3,12,mV_12,42.052,,False,0.6483187233550015,0.5395187121527133,False
test_0036,3,13,mV_13,36.031,,False,0.32652657426103404,0.3626601543183164,False
test_0036,3,14,mV_14,31.972,,False,0.1492687453961958,0.21344303110339086,False
test_0036,3,15,mV_15,30.673,,False,-0.22870805936013777,0.39803853551308294,False
test_0036,3,16,mV_16,33.39,,False,-0.9854692779358604,0.9295798123989186,False
test_0036,3,17,mV_17,37.412,,False,-1.5186726343638162,1.0910793773172296,False
test_0036,3,18,mV_18,41.703,,False,-0.3415029626054261,0.6352507122970158,False
test_0036,3,19,mV_19,41.576,,False,-0.3393242896133947,0.321127199794709,False
test_0036,3,20,mV_20,42.418,,False,-0.26435725734662047,0.2170097010766589,False
test_0036,4,0,mV_0,34.402,,False,0.516249502396761,0.3132202110099821,False
test_0036,4,1,mV_1,28.424,,False,0.22038183924640622,0.2634231561766586,False
test_0036,4,2,mV_2,29.04,,False,-0.09667944381706114,0.13380324908993124,False
test_0036,4,3,mV_3,39.794,,False,0.12147226947919647,0.0891608187485374,False
test_0036,4,4,mV_4,50.023,,False,0.017019292218695515,0.038877713479146876,False
test_0036,4,5,mV_5,,57.49851740194119,True,,,False
test_0036,4,6,mV_6,64.099,,False,0.46526406701743295,0.5120753091547531,False
test_0036,4,7,mV_7,68.238,,False,1.1177731025841464,0.6752025680464314,False
test_0036,4,8,mV_8,,67.29175306223738,True,,,False
test_0036,4,9,mV_9,67.406,,False,1.2111123362440421,0.8360933465307092,False
test_0036,4,10,mV_10,59.797,,False,0.9221487136347525,1.0783876940349804,False
test_0036,4,11,mV_11,51.437,,False,1.2581410126263743,1.2244271739454287,False
test_0036,4,12,mV_12,44.221,,False,1.4592779568942134,1.3562601929300908,False
test_0036,4,13,mV_13,38.353,,False,1.2483438453055629,1.2470826354767435,False
test_0036,4,14,mV_14,33.877,,False,1.0323648944016346,0.9517806613634726,False
test_0036,4,15,mV_15,32.133,,False,0.4940490113450582,0.5051157292729378,False
test_0036,4,16,mV_16,,35.8437784319251,True,,,False
test_0036,4,17,mV_17,40.764,,False,0.166674384469991,0.2636122141615467,False
test_0036,4,18,mV_18,44.074,,False,0.7211000877062048,0.4810439727347747,False
test_0036,4,19,mV_19,42.993,,False,0.3153013310566982,0.393969916016568,False
test_0036,4,20,mV_20,43.415,,False,0.22417691424667074,0.19091378988750993,False
test_0036,5,0,mV_0,29.21,,False,-1.5769698778796803,0.9117894120758135,False
test_0036,5,1,mV_1,26.499,,False,-0.4932178925438933,1.2103565192512682,False
test_0036,5,2,mV_2,23.969,,False,-2.2780204140376057,2.0765442157991703,False
test_0036,5,3,mV_3,32.396,,False,-3.2569181425775766,2.9668714839642094,False
test_0036,5,4,mV_4,42.391,,False,-3.075629236664077,3.04730482369185,False
test_0036,5,5,mV_5,49.552,,False,-2.781042678861669,2.942939022962154,False
test_0036,5,6,mV_6,54.603,,False,-3.134041497461201,2.875072307424131,False
test_0036,5,7,mV_7,58.166,,False,-2.4511635559124536,2.541770169098104,False
test_0036,5,8,mV_8,59.416,,False,-2.1307120671063084,2.0788188027895123,False
test_0036,5,9,mV_9,58.977,,False,-1.6026875210329787,1.694575143819009,False
test_0036,5,10,mV_10,52.823,,False,-1.44221346610377,1.3422415344340517,False
test_0036,5,11,mV_11,45.312,,False,-0.8818516844956876,0.9765514361157577,False
test_0036,5,12,mV_12,38.445,,False,-0.7002889093678852,0.8341609678899864,False
test_0036,5,13,mV_13,32.553,,False,-1.0542143683284877,1.1251847847174816,False
test_0036,5,14,mV_14,28.0,,False,-1.6920214928450652,1.6638843589992716,False
test_0036,5,15,mV_15,26.656,,False,-2.2172800819784686,2.2506842424292177,True
test_0036,5,16,mV_16,29.809,,False,-2.876155312914869,2.802201388828304,True
test_0036,5,17,mV_17,33.99,,False,-3.2392148475050084,3.0244532185520256,True
test_0036,5,18,mV_18,36.344,,False,-2.7432278662832177,2.9569087759263533,True
test_0036,5,19,mV_19,35.596,,False,-3.1019645236339692,3.054299959111918,True
test_0036,5,20,mV_20,36.284,,False,-3.2700429228965175,2.410512592356751,True
test_0036,6,0,mV_0,35.667,,False,1.0262499869980128,0.7266025236521172,False
test_0036,6,1,mV_1,30.133,,False,0.8539101206124432,0.6927393606810286,False
test_0036,6,2,mV_2,29.179,,False,-0.03688721450121526,0.2668558314456677,False
test_0036,6,3,mV_3,39.222,,False,-0.13973877616779717,0.10745667874035991,False
test_0036,6,4,mV_4,49.701,,False,-0.11346194812463009,0.13958136800406268,False
test_0036,6,5,mV_5,57.245,,False,0.1916627995991934,0.1352362480950166,False
test_0036,6,6,mV_6,62.755,,False,-0.04415744505704955,0.1303655089246852,False
test_0036,6,7,mV_7,65.765,,False,0.24148434598544835,0.18069271951966043,False
test_0036,6,8,mV_8,66.271,,False,0.19564474105069543,0.3100832345826353,False
test_0036,6,9,mV_9,65.598,,False,0.6075591102437019,0.5600046883211618,False
test_0036,6,10,mV_10,59.523,,False,0.8292557917465477,0.8825378194826738,False
test_0036,6,11,mV_11,51.454,,False,1.2640805841938978,1.1223861163771471,False
test_0036,6,12,mV_12,43.346,,False,1.132127505374245,1.0979983553632207,False
test_0036,6,13,mV_13,37.384,,False,0.8636578265104947,1.0159479018187727,False
test_0036,6,14,mV_14,34.248,,False,1.2043484488798568,1.1586755746601365,False
test_0036,6,15,mV_15,33.887,,False,1.3623475743703377,1.233248018611541,False
test_0036,6,16,mV_16,37.158,,False,1.0039484768256324,1.0121893988547601,False
test_0036,6,17,mV_17,41.782,,False,0.6785130673974382,0.7845238816314415,False
test_0036,6,18,mV_18,44.199,,False,0.7771209149052573,0.5658691413405484,False
test_0036,6,19,mV_19,42.244,,False,-0.030721668154240916,0.20964106280343478,False
test_0036,6,20,mV_20,,43.8981482249483,True,,,False
test_0036,7,0,mV_0,29.345,,False,-1.5225429486929867,0.994581516525984,False
test_0036,7,1,mV_1,25.312,,False,-0.9332401687179629,1.2580319134045992,False
test_0036,7,2,mV_2,25.445,,False,-1.6431043674894845,1.5723751935456634,False
test_0036,7,3,mV_3,34.995,,False,-2.070051870485721,1.9886971878294208,False
test_0036,7,4,mV_4,44.622,,False,-2.171580642856757,2.081977266879445,True
test_0036,7,5,mV_5,51.794,,False,-1.914695911318546,2.0469520847353904,True
test_0036,7,6,mV_6,57.102,,False,-2.1868358734477127,2.0265803360789296,True
test_0036,7,7,mV_7,59.953,,False,-1.8179536861017465,1.8998740342102476,False
test_0036,7,8,mV_8,60.459,,False,-1.7767528911897852,1.6445580241987618,False
test_0036,7,9,mV_9,60.163,,False,-1.2067726283137306,1.0475745369543117,False
test_0036,7,10,mV_10,,55.380146594012,True,,,False
test_0036,7,11,mV_11,46.108,,False,-0.6037399805105188,0.4595565078878838,False
test_0036,7,12,mV_12,38.631,,False,-0.6307460705304976,0.6497683259921261,False
test_0036,7,13,mV_13,33.36,,False,-0.7338411823969904,0.7166399590807275,False
test_0036,7,14,mV_14,29.993,,False,-0.7681314009984316,0.8776679856853151,False
test_0036,7,15,mV_15,28.629,,False,-1.2405679583474074,1.3608190507550115,False
test_0036,7,16,mV_16,31.101,,False,-2.1940088853268,1.4071464322502518,False
test_0036,7,17,mV_17,,36.31419067026237,True,,,False
test_0036,7,18,mV_18,39.682,,False,-1.2472476967597121,0.992341613727292,False
test_0036,7,19,mV_19,39.118,,False,-1.4748710613897438,1.4502546290850604,False
test_0036,7,20,mV_20,39.684,,False,-1.6040286968010424,1.1707321137479572,False
test_0036,8,0,mV_0,34.718,,False,0.64364883293747,0.3895237156989703,False
test_0036,8,1,mV_1,28.56,,False,0.27079719692094134,0.29631080669483817,False
test_0036,8,2,mV_2,,29.280504654512356,True,,,False
test_0036,8,3,mV_3,43.873,,False,1.9841992890492948,1.03586353880129,False
test_0036,8,4,mV_4,50.413,,False,0.1750555771065702,0.7296432121230573,False
test_0036,8,5,mV_5,55.237,,False,-0.5842624052297939,1.049852757368694,False
test_0036,8,6,mV_6,55.337,,False,-2.8558306419086184,2.248161632137859,True
test_0036,8,7,mV_7,57.473,,False,-2.696722839504405,2.8551214578304913,True
test_0036,8,8,mV_8,56.35,,False,-3.1712095104045375,3.1721256015047663,True
test_0036,8,9,mV_9,52.846,,False,-3.6493605457055853,3.3922401312751864,True
test_0036,8,10,mV_10,47.936,,False,-3.099029923285038,3.119400609249931,True
test_0036,8,11,mV_11,40.308,,False,-2.630182044724062,2.754431277556712,True
test_0036,8,12,mV_12,33.208,,False,-2.6583310974936856,2.8390049676684788,True
test_0036,8,13,mV_13,26.621,,False,-3.4091756309624826,3.3863536475739187,True
test_0036,8,14,mV_14,22.873,,False,-4.068732230877025,3.472662545403293,True
test_0036,8,15,mV_15,26.4,,False,-2.3440100888966393,2.6005482688816275,True
test_0036,8,16,mV_16,32.14,,False,-1.645440666856207,1.9358337389666702,False
test_0036,8,17,mV_17,36.239,,False,-2.1084435332576277,1.945792464093146,False
test_0036,8,18,mV_18,38.179,,False,-1.9208421230011221,2.291781328995664,False
test_0036,8,19,mV_19,35.347,,False,-3.2169975367227837,3.159184689901034,False
test_0036,8,20,mV_20,34.219,,False,-4.2819015631574455,2.9452001657594185,False
test_0036,9,0,mV_0,31.018,,False,-0.8480521892163896,0.5283321333263743,False
test_0036,9,1,mV_1,26.704,,False,-0.41722415487271786,0.6519169886845051,False
test_0036,9,2,mV_2,27.114,,False,-0.925167455776195,0.8914627573293575,False
test_0036,9,3,mV_3,36.685,,False,-1.2982919628923222,1.313619354480315,False
test_0036,9,4,mV_4,45.705,,False,-1.7327260363604209,1.629326021292976,False
test_0036,9,5,mV_5,52.211,,False,-1.7535600495587405,1.7570793546885684,False
test_0036,9,6,mV_6,58.153,,False,-1.7884712832763718,1.584695979230216,False
test_0036,9,7,mV_7,62.238,,False,-1.0082813008093796,1.1313347777632878,False
test_0036,9,8,mV_8,63.572,,False,-0.7203052261580203,0.6122229382813551,False
test_0036,9,9,mV_9,,61.97276281337417,True,,,False
test_0036,9,10,mV_10,56.042,,False,-0.35089114654852044,0.17544557327426022,False
test_0036,9,11,mV_11,,46.754471461274164,True,,,False
test_0036,9,12,mV_12,,38.56309642127283,True,,,False
test_0036,9,13,mV_13,33.59,,False,-0.6425328394425351,0.5902514803304042,False
test_0036,9,14,mV_14,29.329,,False,-1.0759402424365465,1.0721103241248446,False
test_0036,9,15,mV_15,28.117,,False,-1.49402797218375,1.5507738631431685,False
test_0036,9,16,mV_16,31.205,,False,-2.1390992657686274,1.938617531490534,False
test_0036,9,17,mV_17,36.49,,False,-1.9822436222411322,1.720288897943437,False
test_0036,9,18,mV_18,40.73,,False,-0.7775690815228562,1.1568558824492834,False
test_0036,9,19,mV_19,39.951,,False,-1.0900417445102895,1.1184926295955977,False
test_0036,9,20,mV_20,39.863,,False,-1.516317947838956,1.0306694100470504,False
test_0036,10,0,mV_0,35.533,,False,0.9722262202497379,0.7202572299129457,False
test_0036,10,1,mV_1,30.356,,False,0.9365764791523072,1.2085287605246502,False
test_0036,10,2,mV_2,33.888,,False,1.9887358635442487,1.7831288608928528,False
test_0036,10,3,mV_3,44.386,,False,2.2184672373306062,2.071206350619046,False
test_0036,10,4,mV_4,54.569,,False,1.8591550642707226,2.049135899964021,False
test_0036,10,5,mV_5,62.597,,False,2.2597662339840308,2.127640873882412,False
test_0036,10,6,mV_6,68.496,,False,2.1318759632908657,2.144188800160765,False
test_0036,10,7,mV_7,70.878,,False,2.0532370400772977,2.083866208746347,False
test_0036,10,8,mV_8,71.874,,False,2.097114791539926,2.087221683122269,False
test_0036,10,9,mV_9,70.073,,False,2.1014201093319254,1.9982617926145436,False
test_0036,10,10,mV_10,62.071,,False,1.693092160254398,1.7664458834969297,False
test_0036,10,11,mV_11,52.353,,False,1.5781791041469972,1.2123625921370982,False
test_0036,10,12,mV_12,,43.94654244309219,True,,,False
test_0036,10,13,mV_13,39.088,,False,1.5401335499643602,1.192492688778089,False
test_0036,10,14,mV_14,35.295,,False,1.689703655183635,1.7406417956994034,False
test_0036,10,15,mV_15,35.262,,False,2.0430263224659826,1.9628745781369692,False
test_0036,10,16,mV_16,39.188,,False,2.075742012432276,2.154927657338664,True
test_0036,10,17,mV_17,45.256,,False,2.425200282024122,2.2366194221467897,True
test_0036,10,18,mV_18,46.973,,False,2.020335112106637,2.0914407855229618,True
test_0036,10,19,mV_19,46.423,,False,1.8998926358544512,1.8850700180647804,False
test_0036,10,20,mV_20,46.468,,False,1.720159688443582,1.3350530031854038,False
test_0036,11,0,mV_0,31.146,,False,-0.7964473970986345,0.4670351012576677,False
test_0036,11,1,mV_1,27.087,,False,-0.2752456108334016,0.9942607319262103,False
test_0036,11,2,mV_2,35.379,,False,2.6301043089394036,2.159961760109992,True
test_0036,11,3,mV_3,46.326,,False,3.104392811727759,2.6841352536948397,True
test_0036,11,4,mV_4,54.664,,False,1.8976510823844366,1.724923744124158,False
test_0036,11,5,mV_5,,59.173514040733224,True,,,False
test_0036,11,6,mV_6,64.896,,False,0.7673540559485051,0.5192572889906609,False
test_0036,11,7,mV_7,66.614,,False,0.5423210440656334,0.5523796668512126,False
test_0036,11,8,mV_8,66.748,,False,0.3575225233250788,0.37960405347710385,False
test_0036,11,9,mV_9,62.996,,False,-0.2610501231926243,0.3760268257469959,False
test_0036,11,10,mV_10,55.235,,False,-0.6244845332776563,0.46930611681148593,False
test_0036,11,11,mV_11,46.785,,False,-0.3672052774980068,0.36655010909305463,False
test_0036,11,12,mV_12,40.031,,False,-0.10730534809854858,0.1763698073697678,False
test_0036,11,13,mV_13,35.52,,False,0.12366325578396721,0.19446725416097352,False
test_0036,11,14,mV_14,32.563,,False,0.42323715697741104,0.39847170563479084,False
test_0036,11,15,mV_15,32.395,,False,0.623749252800374,0.426725523672749,False
test_0036,11,16,mV_16,35.325,,False,0.036166432112836926,0.20575905269442493,False
test_0036,11,17,mV_17,40.18,,False,-0.12695409375165187,0.07274273821283161,False
test_0036,11,18,mV_18,42.463,,False,-0.0008963332351857786,0.03778819721896699,False
test_0036,11,19,mV_19,42.262,,False,-0.022406028653844546,0.05350620694923331,False
test_0036,11,20,mV_20,42.614,,False,-0.16831643725405837,0.08975972579049032,False
test_0036,12,0,mV_0,,34.637376804465,True,,,False
test_0036,12,1,mV_1,30.034,,False,0.8172107058346563,1.5386621057166183,False
test_0036,12,2,mV_2,39.773,,False,4.520227011197161,3.7179552035624956,False
test_0036,12,3,mV_3,28.548,,False,-5.014156086021004,4.268570798185523,False
test_0036,12,4,mV_4,43.748,,False,-2.525744009502924,2.615140553066378,False
test_0036,12,5,mV_5,55.727,,False,-0.3949181072386585,0.8821966930006213,False
test_0036,12,6,mV_6,62.309,,False,-0.21320654802224426,0.47830932765650114,False
test_0036,12,7,mV_7,62.002,,False,-1.0919061073428575,1.1433863241239242,False
test_0036,12,8,mV_8,59.281,,False,-2.176526533787737,2.2483762417914734,False
test_0036,12,9,mV_9,53.148,,False,-3.5485457922475616,3.7245965615481262,False
test_0036,12,10,mV_10,40.486,,False,-5.624768127909645,5.530742834268306,True
test_0036,12,11,mV_11,26.871,,False,-7.324889289006373,7.267742011597825,True
test_0036,12,12,mV_12,16.791,,False,-8.796421340468909,8.52221525853204,True
test_0036,12,13,mV_13,12.107,,False,-9.171129064183964,8.405417851965252,True
test_0036,12,14,mV_14,17.665,,False,-6.482991939024177,6.319657751088072,True
test_0036,12,15,mV_15,24.789,,False,-3.1415180621199714,3.202132555177647,False
test_0036,12,16,mV_16,35.176,,False,-0.04250215744646863,1.8156642453338034,False
test_0036,12,17,mV_17,48.46,,False,4.036134604322306,4.287004427570986,False
test_0036,12,18,mV_18,62.621,,False,9.033246344192863,6.864994510209598,False
test_0036,12,19,mV_19,53.907,,False,5.357350748130362,5.674627008821773,False
test_0036,12,20,mV_20,48.979,,False,2.9505601948335025,2.814617784449342,False
test_0037,1,0,mV_0,38.005,,False,-0.9328149375328316,0.7308564083331199,False
test_0037,1,1,mV_1,34.65,,False,-1.0577957582668165,1.1841422681030158,False
test_0037,1,2,mV_2,25.265,,False,-1.6881626183455984,1.1450061792833037,False
test_0037,1,3,mV_3,31.372,,False,0.145903722175202,0.5424034011403633,False
test_0037,1,4,mV_4,39.401,,False,-0.18964354186545113,0.2653843778090258,False
test_0037,1,5,mV_5,47.294,,False,-0.5363467053299991,0.483780514904466,False
test_0037,1,6,mV_6,52.631,,False,-0.6727851070924147,0.5933031644747541,False
test_0037,1,7,mV_7,54.932,,False,-0.49129573838418783,0.544585059217201,False
test_0037,1,8,mV_8,56.292,,False,-0.5229636530080137,0.5742514389729477,False
test_0037,1,9,mV_9,56.533,,False,-0.7597827114915757,0.6701436549408626,False
test_0037,1,10,mV_10,54.641,,False,-0.6380455437722847,0.70401349843959,False
test_0037,1,11,mV_11,53.707,,False,-0.7801801947222149,0.6352476276651913,False
test_0037,1,12,mV_12,50.51,,False,-0.3425845774440506,0.47327727167803973,False
test_0037,1,13,mV_13,45.918,,False,-0.4277597371018429,0.650098959203463,False
test_0037,1,14,mV_14,39.29,,False,-1.4022917851661152,1.2807862774678485,False
test_0037,1,15,mV_15,31.632,,False,-1.8908018024373205,1.2959738475101892,False
test_0037,1,16,mV_16,,24.66319012734286,True,,,False
test_0037,1,17,mV_17,10.824,,False,-3.1773745612340223,1.6388259209601634,False
test_0037,1,18,mV_18,15.807,,False,-0.20055456137260907,1.1106543055155238,False
test_0037,1,19,mV_19,18.975,,False,-0.864133538082855,0.6153027959031633,False
test_0037,1,20,mV_20,19.303,,False,-0.532389546074334,0.48222815755788073,False
test_0037,2,0,mV_0,42.602,,False,0.9205227918837304,0.7491766120270935,False
test_0037,2,1,mV_1,40.621,,False,1.1556608643409134,1.0566473357041486,False
test_0037,2,2,mV_2,31.502,,False,0.9947448222510369,1.1248459121172882,False
test_0037,2,3,mV_3,34.018,,False,1.3542331396261658,0.9258027753758421,False
test_0037,2,4,mV_4,,43.40164097152759,True,,,False
test_0037,2,5,mV_5,51.396,,False,1.0487355607100988,0.9028330927109798,False
test_0037,2,6,mV_6,58.4,,False,1.5138612494237216,1.0191145148893854,False
test_0037,2,7,mV_7,,60.02202671678613,True,,,False
test_0037,2,8,mV_8,62.349,,False,1.5325787520987626,1.0966913702052632,False
test_0037,2,9,mV_9,62.768,,False,1.3216079766235276,1.410604497584979,False
test_0037,2,10,mV_10,60.849,,False,1.4666232849940977,1.396504337715586,False
test_0037,2,11,mV_11,59.75,,False,1.331162804250621,1.4136684522257599,False
test_0037,2,12,mV_12,55.507,,False,1.5257249154077002,1.3751857108656558,False
test_0037,2,13,mV_13,49.812,,False,1.1181302083966025,1.2341663647536096,False
test_0037,2,14,mV_14,44.849,,False,1.1746801268135334,1.1967542887875424,False
test_0037,2,15,mV_15,38.117,,False,1.3195266931265004,1.4458380315401043,False
test_0037,2,16,mV_16,31.62,,False,1.969618613093883,1.5549603550347577,False
test_0037,2,17,mV_17,19.055,,False,0.9610775008247645,1.0699154555674135,False
test_0037,2,18,mV_18,17.12,,False,0.3878882075262417,0.7151550495903422,False
test_0037,2,19,mV_19,23.278,,False,1.1237662824841208,0.9757041486968521,False
test_0037,2,20,mV_20,22.976,,False,1.2673958222929251,0.9146394817674928,False
test_0037,3,0,mV_0,40.99,,False,0.270624941150754,0.27641059936118617,False
test_0037,3,1,mV_1,35.981,,False,-0.5643925151432367,0.7247906358623601,False
test_0037,3,2,mV_2,25.703,,False,-1.4997525720122131,1.1442509465960506,False
test_0037,3,3,mV_3,33.271,,False,1.0131061272165398,1.0149103009685891,False
test_0037,3,4,mV_4,41.186,,False,0.5336763774290634,0.5986539624915213,False
test_0037,3,5,mV_5,49.495,,False,0.314156967891418,0.40079643247981595,False
test_0037,3,6,mV_6,55.57,,False,0.44119541670736445,0.5119638546662422,False
test_0037,3,7,mV_7,58.721,,False,0.8513076173588219,0.7889503288636984,False
test_0037,3,8,mV_8,60.815,,False,1.0119906640297853,0.9081837227753349,False
test_0037,3,9,mV_9,61.078,,False,0.7574459456829469,0.8315760310135109,False
test_0037,3,10,mV_10,58.881,,False,0.7994215686583641,0.7009633174851576,False
test_0037,3,11,mV_11,57.221,,False,0.44756418694095534,0.5668097142228796,False
test_0037,3,12,mV_12,52.958,,False,0.5726889143512439,0.5195664270215347,False
test_0037,3,13,mV_13,48.218,,False,0.48532369244269546,0.4186314777184161,False
test_0037,3,14,mV_14,42.598,,False,0.13118961163702952,0.1907004019868096,False
test_0037,3,15,mV_15,35.482,,False,0.015098692230483893,0.17069109833626755,False
test_0037,3,16,mV_16,26.902,,False,-0.5213773972470729,0.8452476008173304,False
test_0037,3,17,mV_17,12.523,,False,-2.323136916544692,1.4417685203415804,False
test_0037,3,18,mV_18,14.917,,False,-0.5994228510298653,0.9483489630744787,False
test_0037,3,19,mV_19,20.258,,False,-0.27141323369349246,0.32641642845736274,False
test_0037,3,20,mV_20,20.056,,False,-0.16341639541260075,0.1495615061296735,False
test_0037,4,0,mV_0,40.07,,False,-0.10028450219561146,0.0791032791737108,False
test_0037,4,1,mV_1,37.816,,False,0.11584411230362028,0.14929157985398486,False
test_0037,4,2,mV_2,28.573,,False,-0.26519359261308745,0.35090158277647965,False
test_0037,4,3,mV_3,29.394,,False,-0.7573750335761235,0.49128244198861565,False
test_0037,4,4,mV_4,39.412,,False,-0.18518610818912812,0.2928530908931856,False
test_0037,4,5,mV_5,48.569,,False,-0.043665113618362755,0.17264767162025701,False
test_0037,4,6,mV_6,55.509,,False,0.41807435105517443,0.44110740468517473,False
test_0037,4,7,mV_7,58.815,,False,0.8846158030119873,0.8149259609611125,False
test_0037,4,8,mV_8,60.993,,False,1.0723978867653008,1.0154820600674843,False
test_0037,4,9,mV_9,61.902,,False,1.0325166637273482,1.0409151708502566,False
test_0037,4,10,mV_10,59.55,,False,1.026229469181029,0.9842823571868698,False
test_0037,4,11,mV_11,58.379,,False,0.8521538266580736,0.682634280624294,False
test_0037,4,12,mV_12,,52.57381125063026,True,,,False
test_0037,4,13,mV_13,48.973,,False,0.7850532530105742,0.47283970147389265,False
test_0037,4,14,mV_14,43.008,,False,0.32125229987442216,0.36524324782557344,False
test_0037,4,15,mV_15,35.519,,False,0.033415138542875325,0.1344410219918265,False
test_0037,4,16,mV_16,27.606,,False,-0.14968151100713328,0.6059066986682672,False
test_0037,4,17,mV_17,12.985,,False,-2.0908486341159267,1.3764498501599824,False
test_0037,4,18,mV_18,13.634,,False,-1.1744206214009425,1.3401617378966773,False
test_0037,4,19,mV_19,18.852,,False,-0.9209570746688974,0.9173163365282304,False
test_0037,4,20,mV_20,19.057,,False,-0.6529305753741842,0.5567045563543165,False
test_0037,5,0,mV_0,35.88,,False,-1.7895351191752502,1.4368716675236455,False
test_0037,5,1,mV_1,31.654,,False,-2.1684164317440815,2.2552822963510812,True
test_0037,5,2,mV_2,22.46,,False,-2.8947612027409115,2.431819585337632,True
test_0037,5,3,mV_3,27.178,,False,-1.7693395041246234,2.0284731767411466,True
test_0037,5,4,mV_4,35.722,,False,-1.680452495974429,1.776015549599356,False
test_0037,5,5,mV_5,43.574,,False,-1.973817702323943,1.9270564353982793,False
test_0037,5,6,mV_6,48.918,,False,-2.080137840970802,1.9710033323646756,False
test_0037,5,7,mV_7,51.38,,False,-1.7499199451931553,1.7777149128391407,False
test_0037,5,8,mV_8,53.322,,False,-1.5308819199994501,1.5767200197570177,False
test_0037,5,9,mV_9,54.33,,False,-1.495196293836015,1.4511212814314318,False
test_0037,5,10,mV_10,52.738,,False,-1.2832106180542473,1.437638043624415,False
test_0037,5,11,mV_11,51.106,,False,-1.6889346445531503,1.5747950681559182,False
test_0037,5,12,mV_12,47.045,,False,-1.638100365463124,1.6623443275484036,False
test_0037,5,13,mV_13,42.753,,False,-1.6842419347142157,1.766785478976061,False
test_0037,5,14,mV_14,37.87,,False,-2.060557681012689,1.4513393241848984,False
test_0037,5,15,mV_15,,32.243266440794244,True,,,False
test_0037,5,16,mV_16,24.282,,False,-1.90467742842412,1.6902443465062174,False
test_0037,5,17,mV_17,11.273,,False,-2.95162252917663,2.280990939834382,False
test_0037,5,18,mV_18,13.318,,False,-1.3160412725601482,1.804951786499978,False
test_0037,5,19,mV_19,17.304,,False,-1.6361020717029864,1.4615827896900697,False
test_0037,5,20,mV_20,17.822,,False,-1.2580857427941583,1.0380683893228257,False
test_0037,6,0,mV_0,41.348,,False,0.414957094105099,0.31465751975585826,False
test_0037,6,1,mV_1,38.66,,False,0.42871589081323497,0.37686781843129136,False
test_0037,6,2,mV_2,29.736,,False,0.2350823979935966,0.2560586472377383,False
test_0037,6,3,mV_3,30.778,,False,-0.12535390215052497,0.14363341364446,False
test_0037,6,4,mV_4,40.088,,False,0.08874345228319351,0.07686945248325507,False
test_0037,6,5,mV_5,48.67,,False,-0.004637003216108269,0.052647629017789126,False
test_0037,6,6,mV_6,54.703,,False,0.11257305735574645,0.09646773634418535,False
test_0037,6,7,mV_7,56.759,,False,0.15608782744914018,0.14029350325968162,False
test_0037,6,8,mV_8,58.235,,False,0.13642530078469967,0.1800081710091001,False
test_0037,6,9,mV_9,59.681,,False,0.2910942550178609,0.30348242978418405,False
test_0037,6,10,mV_10,57.984,,False,0.4953159083163148,0.3274192491685315,False
test_0037,6,11,mV_11,56.02,,False,0.02795092502363563,0.1378044395908965,False
test_0037,6,12,mV_12,,50.92356054742292,True,,,False
test_0037,6,13,mV_13,46.469,,False,-0.2090167068066074,0.19386099525149175,False
test_0037,6,14,mV_14,41.544,,False,-0.3574105673927522,0.3261926052452277,False
test_0037,6,15,mV_15,34.682,,False,-0.380932579388799,0.3456180790179463,False
test_0037,6,16,mV_16,27.391,,False,-0.2631965899014349,0.5019202669499154,False
test_0037,6,17,mV_17,14.955,,False,-1.1003553086079927,0.7099237289921665,False
test_0037,6,18,mV_18,17.093,,False,0.3757877088512457,0.5160526308891785,False
test_0037,6,19,mV_19,21.305,,False,0.21227979724623003,0.21533820606746204,False
test_0037,6,20,mV_20,20.514,,False,0.06100552092614243,0.08357270977462872,False
test_0037,7,0,mV_0,44.356,,False,1.6276697088723453,1.3984769204100818,False
test_0037,7,1,mV_1,43.812,,False,2.3385682638956364,2.4530287924874004,True
test_0037,7,2,mV_2,37.343,,False,3.5073089332859837,2.365068381482382,True
test_0037,7,3,mV_3,31.287,,False,0.10708739546192426,1.1232562428643293,False
test_0037,7,4,mV_4,41.773,,False,0.7715412472474853,0.5888451989350535,False
test_0037,7,5,mV_5,50.507,,False,0.705210905783319,0.8339355345611807,False
test_0037,7,6,mV_6,57.45,,False,1.1537790794305995,1.1598444636102117,False
test_0037,7,7,mV_7,60.909,,False,1.6266087897963282,1.5696506161411483,False
test_0037,7,8,mV_8,63.348,,False,1.8716058055413376,1.8794939565958813,False
test_0037,7,9,mV_9,65.244,,False,2.148155425504521,2.132984952756634,False
test_0037,7,10,mV_10,63.496,,False,2.3640231544761576,2.2442657841364526,False
test_0037,7,11,mV_11,61.953,,False,2.1008614020889733,2.2456104402217614,False
test_0037,7,12,mV_12,57.89,,False,2.416695802232941,2.1921395544876843,False
test_0037,7,13,mV_13,51.616,,False,1.834305211395883,1.944216037584372,False
test_0037,7,14,mV_14,45.964,,False,1.6915579253127802,1.6773053395755841,False
test_0037,7,15,mV_15,38.465,,False,1.4918002962808923,1.6413951410745011,False
test_0037,7,16,mV_16,31.47,,False,1.8904220464234405,1.4947020313672559,False
test_0037,7,17,mV_17,18.548,,False,0.70616373634125,1.1302726172577349,False
test_0037,7,18,mV_18,18.973,,False,1.2183409499249993,1.1619363489442178,False
test_0037,7,19,mV_19,24.103,,False,1.5048997595856226,1.4449346795484233,False
test_0037,7,20,mV_20,23.556,,False,1.5515982490974485,1.1520240644451298,False
test_0037,8,0,mV_0,40.114,,False,-0.0825453549051344,0.12046371262332135,False
test_0037,8,1,mV_1,38.358,,False,0.3167641406830166,0.23864932841246211,False
test_0037,8,2,mV_2,29.744,,False,0.23852367737868085,0.7640866700393082,False
test_0037,8,3,mV_3,26.098,,False,-2.2625351847168544,1.3621044869982977,False
test_0037,8,4,mV_4,38.179,,False,-0.6848239011808009,0.9228261945209627,False
test_0037,8,5,mV_5,48.529,,False,-0.059121791005394116,0.29325113340665737,False
test_0037,8,6,mV_6,53.43,,False,-0.3699370504350404,0.2936940019188202,False
test_0037,8,7,mV_7,55.258,,False,-0.3757801157998061,0.7243504392936956,False
test_0037,8,8,mV_8,52.6,,False,-1.7759044751401298,2.479096502477713,False
test_0037,8,9,mV_9,40.869,,False,-5.988796943830787,3.438374590700426,False
test_0037,8,10,mV_10,,52.4951600825689,True,,,False
test_0037,8,11,mV_11,58.624,,False,0.937753534542958,1.3347710790456886,False
test_0037,8,12,mV_12,60.69,,False,3.463577247096838,2.980493975470071,False
test_0037,8,13,mV_13,57.215,,False,4.05706787314365,4.1807122585575,True
test_0037,8,14,mV_14,53.414,,False,5.145136040845862,5.154685665117874,True
test_0037,8,15,mV_15,48.12,,False,6.271402705636125,6.320921040370041,True
test_0037,8,16,mV_16,42.276,,False,7.595742709362054,6.793452122803034,True
test_0037,8,17,mV_17,28.502,,False,5.7109203668519,5.883271549654576,True
test_0037,8,18,mV_18,26.33,,False,4.51550275555245,4.835869347873896,True
test_0037,8,19,mV_19,30.806,,False,4.601551513538782,4.340997977645539,True
test_0037,8,20,mV_20,27.829,,False,3.645386127952145,2.973080942360768,False
test_0037,9,0,mV_0,,40.35948931268815,True,,,False
test_0037,9,1,mV_1,36.666,,False,-0.31046222097370363,0.5139307163915369,False
test_0037,9,2,mV_2,25.854,,False,-1.43479842361874,0.9035292333497671,False
test_0037,9,3,mV_3,32.003,,False,0.43405786518788464,0.6515049109961479,False
test_0037,9,4,mV_4,40.617,,False,0.3031054899900822,0.26006721129201227,False
test_0037,9,5,mV_5,,49.90124814830116,True,,,False
test_0037,9,6,mV_6,55.405,,False,0.37865482928750654,0.38541164055673466,False
test_0037,9,7,mV_7,58.532,,False,0.7843369036519255,0.6968151314377221,False
test_0037,9,8,mV_8,60.308,,False,0.8399318891595309,0.7233744858462359,False
test_0037,9,9,mV_9,60.095,,False,0.42929726141395647,0.4789604012909673,False
test_0037,9,10,mV_10,57.164,,False,0.21731519317642517,0.25450178048989874,False
test_0037,9,11,mV_11,55.499,,False,-0.15407947419278822,0.15629924364323708,False
test_0037,9,12,mV_12,51.693,,False,0.09972283301094662,0.10550159935763037,False
test_0037,9,13,mV_13,47.168,,False,0.06848125721584003,0.12766343975596034,False
test_0037,9,14,mV_14,41.724,,False,-0.2739684115812147,0.19624472259030745,False
test_0037,9,15,mV_15,35.111,,False,-0.16856080998296033,0.23837079702975272,False
test_0037,9,16,mV_16,27.241,,False,-0.3423931565718756,0.21333678078167786,False
test_0037,9,17,mV_17,,16.89201073219474,True,,,False
test_0037,9,18,mV_18,16.618,,False,0.1629085654948447,0.11292666835656134,False
test_0037,9,19,mV_19,21.118,,False,0.12588954243655598,0.20908406270633878,False
test_0037,9,20,mV_20,21.25,,False,0.42164860045739844,0.2422966858378382,False
test_0037,10,0,mV_0,45.506,,False,2.091306513055301,1.8714364266727754,False
test_0037,10,1,mV_1,46.414,,False,3.3031326805804997,3.9966041729467996,False
test_0037,10,2,mV_2,46.134,,False,7.288844817570898,6.272596043594886,False
test_0037,10,3,mV_3,46.84,,False,7.209561858657251,6.200255571252868,False
test_0037,10,4,mV_4,47.502,,False,3.0930537501260744,3.514980017404271,False
test_0037,10,5,mV_5,46.963,,False,-0.6642507107076844,2.2032603775012367,False
test_0037,10,6,mV_6,42.82,,False,-4.391486338463505,4.984338246294659,False
test_0037,10,7,mV_7,26.714,,False,-10.490129597543943,9.24799777901527,False
test_0037,10,8,mV_8,23.592,,False,-11.62024558250969,11.527701504170773,False
test_0037,10,9,mV_9,21.723,,False,-12.380185254119764,12.105189814601342,False
test_0037,10,10,mV_10,21.009,,False,-12.040143167656144,12.16849441626805,False
test_0037,10,11,mV_11,20.983,,False,-12.21350607564015,11.867215609061633,False
test_0037,10,12,mV_12,22.001,,False,-11.001707117310081,9.634000857100924,False
test_0037,10,13,mV_13,36.116,,False,-4.319083118143385,5.5279038589368765,False
test_0037,10,14,mV_14,47.647,,False,2.471742082150656,3.9987128451069416,False
test_0037,10,15,mV_15,49.051,,False,6.7322840979830705,6.921544224474769,False
test_0037,10,16,mV_16,50.144,,False,11.749866619782281,11.609033373225593,True
test_0037,10,17,mV_17,49.372,,False,16.204116155354736,14.730456932632531,True
test_0037,10,18,mV_18,49.197,,False,14.763728800038372,14.617032650054785,True
test_0037,10,19,mV_19,48.415,,False,12.736556844787655,13.34254490879489,True
test_0037,10,20,mV_20,47.192,,False,13.13333714556588,9.750807783979853,True
test_0037,11,0,mV_0,37.424,,False,-1.1670523142548306,0.6262031281000692,False
test_0037,11,1,mV_1,37.043,,False,-0.17070788389061542,0.5149295058835779,False
test_0037,11,2,mV_2,30.471,,False,0.5512499414982504,0.8079014038096906,False
test_0037,11,3,mV_3,26.764,,False,-1.9583978483516458,1.5103799314860447,False
test_0037,11,4,mV_4,35.986,,False,-1.5734740877426368,1.6562809569792014,False
test_0037,11,5,mV_5,44.749,,False,-1.5197778040798862,1.427204148567739,False
test_0037,11,6,mV_6,51.515,,False,-1.095786898368547,1.156344455768979,False
test_0037,11,7,mV_7,53.739,,False,-0.9140262222589356,0.9897267308667121,False
test_0037,11,8,mV_8,54.783,,False,-1.0350675805804308,0.9579349311446141,False
test_0037,11,9,mV_9,56.27,,False,-0.8475783411586596,0.8084191943777113,False
test_0037,11,10,mV_10,55.038,,False,-0.5034525146130948,0.6538618260383288,False
test_0037,11,11,mV_11,53.762,,False,-0.7609639337684658,0.5992820213895353,False
test_0037,11,12,mV_12,50.432,,False,-0.3717477034081149,0.5748593533704057,False
test_0037,11,13,mV_13,44.993,,False,-0.794978072896927,0.6429396804226907,False
test_0037,11,14,mV_14,40.999,,False,-0.6100548724887936,0.535516336084362,False
test_0037,11,15,mV_15,35.195,,False,-0.12697752646293387,0.3540024987769097,False
test_0037,11,16,mV_16,28.935,,False,0.5520000696929775,0.40811289429654396,False
test_0037,11,17,mV_17,17.942,,False,0.401473911337287,0.6518373763073939,False
test_0037,11,18,mV_18,13.46,,False,-1.252401612862024,0.7888788330217757,False
test_0037,11,19,mV_19,20.306,,False,-0.24923819502576822,0.6232473349505666,False
test_0037,11,20,mV_20,18.875,,False,-0.7421113368887062,0.4333652172007952,False
test_0037,12,0,mV_0,39.925,,False,-0.15874305576650716,0.22992253623303852,False
test_0037,12,1,mV_1,35.879,,False,-0.6022040333991397,0.6842167092745686,False
test_0037,12,2,mV_2,25.996,,False,-1.3737157145334875,0.8837030435054521,False
test_0037,12,3,mV_3,30.647,,False,-0.1851767115556937,0.5030814001777408,False
test_0037,12,4,mV_4,39.207,,False,-0.26825646306608864,0.30880943596799915,False
test_0037,12,5,mV_5,47.353,,False,-0.5135481061841256,0.4547943685771366,False
test_0037,12,6,mV_6,53.024,,False,-0.5238247988742065,0.4903568613428428,False
test_0037,12,7,mV_7,55.189,,False,-0.4002297414388325,0.44687986121602397,False
test_0037,12,8,mV_8,56.468,,False,-0.46323516311222435,0.4808942049811693,False
test_0037,12,9,mV_9,57.021,,False,-0.5968767522613961,0.5648591397147249,False
test_0037,12,10,mV_10,54.746,,False,-0.6024478912238829,0.655183659475418,False
test_0037,12,11,mV_11,53.596,,False,-0.8189621031925101,0.6606946179755795,False
test_0037,12,12,mV_12,50.35,,False,-0.40240637429341497,0.5719363255440999,False
test_0037,12,13,mV_13,45.323,,False,-0.6639704503970595,0.6276328579813522,False
test_0037,12,14,mV_14,40.632,,False,-0.7801841568378749,0.7482217376397459,False
test_0037,12,15,mV_15,33.899,,False,-0.7685481864861741,0.5904736489253097,False
test_0037,12,16,mV_16,27.974,,False,0.044614065891015846,0.23461779322953769,False
test_0037,12,17,mV_17,17.304,,False,0.08069485464994501,0.552943368056448,False
test_0037,12,18,mV_18,11.779,,False,-2.0057696970348857,1.238860956714521,False
test_0037,12,19,mV_19,18.977,,False,-0.8632095781383674,1.1526303383482095,False
test_0037,12,20,mV_20,18.597,,False,-0.8783325000812177,0.6549686445752007,False
test_0038,1,0,mV_0,47.98,,False,2.4793130683969946,1.5301472302110546,False
test_0038,1,1,mV_1,38.855,,False,1.161962784050229,1.5920938792065682,False
test_0038,1,2,mV_2,33.43,,False,1.5651368803288208,2.038615263169742,True
test_0038,1,3,mV_3,42.597,,False,3.8622245079710966,3.207500974750692,True
test_0038,1,4,mV_4,54.671,,False,3.540418002731756,3.636164888270082,True
test_0038,1,5,mV_5,64.406,,False,3.6015990396457176,3.543847169747309,True
test_0038,1,6,mV_6,71.48,,False,3.431772596966045,3.366827555592437,True
test_0038,1,7,mV_7,74.856,,False,3.00216598879194,3.024099484962892,True
test_0038,1,8,mV_8,75.105,,False,2.660293365301643,2.7295996993130798,True
test_0038,1,9,mV_9,74.166,,False,2.595646077857094,2.6616274459897045,True
test_0038,1,10,mV_10,66.23,,False,2.794924262942987,2.740573812196922,True
test_0038,1,11,mV_11,55.855,,False,2.7768006450446197,2.709651961721768,True
test_0038,1,12,mV_12,46.687,,False,2.4900822938548446,2.5019834440179025,True
test_0038,1,13,mV_13,40.09,,False,2.2509685433173012,2.265114427387751,True
test_0038,1,14,mV_14,36.211,,False,2.0684383290615567,2.0967651411208785,True
test_0038,1,15,mV_15,36.871,,False,1.999215363043099,1.8573944947476217,False
test_0038,1,16,mV_16,40.911,,False,1.3627089238427315,1.586949404943183,False
test_0038,1,17,mV_17,46.04,,False,1.623164409044169,1.774594804837045,False
test_0038,1,18,mV_18,46.127,,False,2.4893414774171108,2.2037406052286084,False
test_0038,1,19,mV_19,44.992,,False,2.2131150570360436,2.2801476050362437,False
test_0038,1,20,mV_20,44.378,,False,2.2050188286557777,1.6557881785868998,False
test_0038,2,0,mV_0,45.826,,False,1.6109011760403984,0.9066983421735632,False
test_0038,2,1,mV_1,36.813,,False,0.40499101661345593,0.7681976431948216,False
test_0038,2,2,mV_2,31.307,,False,0.6519073635119763,1.0777744881905609,False
test_0038,2,3,mV_3,39.838,,False,2.602292209124835,1.9935444998148006,False
test_0038,2,4,mV_4,51.16,,False,2.117686217497556,2.1996343447830626,True
test_0038,2,5,mV_5,60.16,,False,1.9608727350123039,1.8915450220732515,False
test_0038,2,6,mV_6,66.454,,False,1.5267484007708423,1.4996388885312273,False
test_0038,2,7,mV_7,69.161,,False,0.984186017570921,1.058819649408165,False
test_0038,2,8,mV_8,69.447,,False,0.7401581617199757,0.7946795298085427,False
test_0038,2,9,mV_9,68.53,,False,0.7142157782232986,0.8036206631412035,False
test_0038,2,10,mV_10,61.071,,False,1.0458929343982406,0.9978366246327941,False
test_0038,2,11,mV_11,51.3,,False,1.1853448515113967,1.08988092756479,False
test_0038,2,12,mV_12,42.549,,False,0.942941072838126,0.9784162755584094,False
test_0038,2,13,mV_13,36.542,,False,0.842438105045989,0.9150455443329343,False
test_0038,2,14,mV_14,33.976,,False,1.032364894401633,1.1804334191249652,False
test_0038,2,15,mV_15,36.498,,False,1.8145657826506056,1.5259824818317878,False
test_0038,2,16,mV_16,41.062,,False,1.442433467624307,1.3944918432742668,False
test_0038,2,17,mV_17,44.559,,False,0.8785346551978483,0.9752769044652352,False
test_0038,2,18,mV_18,42.138,,False,0.7016048398409368,0.7819651635112631,False
test_0038,2,19,mV_19,42.033,,False,0.8461163191653304,0.9495473674833138,False
test_0038,2,20,mV_20,42.744,,False,1.4043519917616578,0.9137050756721615,False
test_0038,3,0,mV_0,46.662,,False,1.9479449745594863,1.1408343466418773,False
test_0038,3,1,mV_1,37.521,,False,0.6674474374485371,0.8265708913168623,False
test_0038,3,2,mV_2,29.846,,False,0.02344371581088894,0.5331251955266454,False
test_0038,3,3,mV_3,37.245,,False,1.4181659130362665,1.0895709249037853,False
test_0038,3,4,mV_4,49.632,,False,1.4985081577317185,1.534215720236923,False
test_0038,3,5,mV_5,59.541,,False,1.7216806524479888,1.6281464478810035,False
test_0038,3,6,mV_6,66.57,,False,1.5707163288963177,1.5928429345620123,False
test_0038,3,7,mV_7,70.64,,False,1.5082584280074247,1.515445069803364,False
test_0038,3,8,mV_8,71.611,,False,1.4745470943022891,1.3992983989232104,False
test_0038,3,9,mV_9,69.805,,False,1.1398409790808395,1.1463797489461776,False
test_0038,3,10,mV_10,60.438,,False,0.8312899433207419,0.8852250758545888,False
test_0038,3,11,mV_11,50.021,,False,0.7384794376960316,0.7744741342811081,False
test_0038,3,12,mV_12,42.139,,False,0.7896477184116277,0.8190337189594719,False
test_0038,3,13,mV_13,36.834,,False,0.9583600013186004,0.9604111519045064,False
test_0038,3,14,mV_14,34.198,,False,1.1352768865691967,1.2342615382149797,False
test_0038,3,15,mV_15,36.283,,False,1.7081323784029248,1.4309127075243948,False
test_0038,3,16,mV_16,40.55,,False,1.1721091867225328,1.2366179625597782,False
test_0038,3,17,mV_17,44.59,,False,0.8941210983911224,1.0246176272201837,False
test_0038,3,18,mV_18,43.112,,False,1.1381191253759573,1.1427129087503645,False
test_0038,3,19,mV_19,43.233,,False,1.4004922858584206,1.450034897119569,False
test_0038,3,20,mV_20,43.676,,False,1.861035891385477,1.2806410171573437,False
test_0038,4,0,mV_0,41.58,,False,-0.1009265374907599,0.2145448694122272,False
test_0038,4,1,mV_1,33.95,,False,-0.656326402667389,0.648645852948571,False
test_0038,4,2,mV_2,27.046,,False,-1.181004068968746,0.7866071046896741,False
test_0038,4,3,mV_3,34.42,,False,0.1280938781538152,0.3795590184842064,False
test_0038,4,4,mV_4,45.734,,False,-0.08104424866044928,0.07375314678953984,False
test_0038,4,5,mV_5,55.073,,False,-0.004830211683445597,0.024002786527862398,False
test_0038,4,6,mV_6,62.412,,False,-0.005306474084109108,0.05927108285135998,False
test_0038,4,7,mV_7,65.758,,False,-0.2216411715537761,0.2582444480486944,False
test_0038,4,8,mV_8,65.544,,False,-0.5843889750031163,0.6335664962210529,False
test_0038,4,9,mV_9,62.964,,False,-1.143846863324203,0.9997506684387933,False
test_0038,4,10,mV_10,54.662,,False,-1.1269199721036516,1.0810959320296336,False
test_0038,4,11,mV_11,45.255,,False,-0.9266969205870286,0.9437989847284134,False
test_0038,4,12,mV_12,37.901,,False,-0.7948821256359446,0.7744098078278743,False
test_0038,4,13,mV_13,32.956,,False,-0.5811780594525794,0.6675512772993657,False
test_0038,4,14,mV_14,30.211,,False,-0.7129668646563595,0.5868627907032801,False
test_0038,4,15,mV_15,32.145,,False,-0.34033937404782194,0.5032406910287148,False
test_0038,4,16,mV_16,37.157,,False,-0.6193171513628559,0.6317674015322872,False
test_0038,4,17,mV_17,40.926,,False,-0.9480959293556146,0.7232723463489255,False
test_0038,4,18,mV_18,39.73,,False,-0.37758037532161665,0.6227908806653509,False
test_0038,4,19,mV_19,38.496,,False,-0.7879068426625557,0.8018286919689113,False
test_0038,4,20,mV_20,37.319,,False,-1.253920707228917,0.8239370642800974,False
test_0038,5,0,mV_0,39.265,,False,-1.0342475824329704,0.8903735210587489,False
test_0038,5,1,mV_1,31.693,,False,-1.4929989193690547,1.3236485483650617,False
test_0038,5,2,mV_2,26.829,,False,-1.2743487722891673,1.0104241159868472,False
test_0038,5,3,mV_3,,33.629768823306584,True,,,False
test_0038,5,4,mV_4,45.896,,False,-0.015398407245485295,0.09778265151903631,False
test_0038,5,5,mV_5,54.153,,False,-0.36033379158517465,0.423565899115173,False
test_0038,5,6,mV_6,59.898,,False,-0.9581976060448575,0.8681143585958662,False
test_0038,5,7,mV_7,63.009,,False,-1.1957284307085747,1.1094158023852443,False
test_0038,5,8,mV_8,64.06,,False,-1.0880087420789701,1.0580441169931594,False
test_0038,5,9,mV_9,63.813,,False,-0.8604305531061226,0.7022174620728039,False
test_0038,5,10,mV_10,,55.945494609188806,True,,,False
test_0038,5,11,mV_11,,46.913708419079065,True,,,False
test_0038,5,12,mV_12,39.298,,False,-0.27256306189492147,0.20654440746977187,False
test_0038,5,13,mV_13,33.712,,False,-0.28105150608924456,0.41286801649047644,False
test_0038,5,14,mV_14,29.987,,False,-0.8168059918884952,0.814735534367236,False
test_0038,5,15,mV_15,30.117,,False,-1.3442786476027087,1.4885302821359918,False
test_0038,5,16,mV_16,33.692,,False,-2.4487578414500546,2.0657102244359193,True
test_0038,5,17,mV_17,38.792,,False,-2.02104656724086,1.8036039950086853,False
test_0038,5,18,mV_18,38.958,,False,-0.7235650041029669,1.0155129574416926,False
test_0038,5,19,mV_19,38.916,,False,-0.5938752543199761,0.5199692380222625,False
test_0038,5,20,mV_20,39.534,,False,-0.1685614393461308,0.23274953325305942,False
test_0038,6,0,mV_0,,41.90167430828279,True,,,False
test_0038,6,1,mV_1,33.623,,False,-0.777545681781899,0.41667946590437016,False
test_0038,6,2,mV_2,30.051,,False,0.11162650005368276,0.9595680411574599,False
test_0038,6,3,mV_3,40.353,,False,2.8374734827405748,1.4466433663837082,False
test_0038,6,4,mV_4,,50.08585886367473,True,,,False
test_0038,6,5,mV_5,60.037,,False,1.913343452047182,1.3629960273210946,False
test_0038,6,6,mV_6,66.714,,False,1.6252972051900145,1.6168465957269311,False
test_0038,6,7,mV_7,70.062,,False,1.3034485204805137,1.3665326371927158,False
test_0038,6,8,mV_8,70.902,,False,1.2339363026198207,0.9898576933287095,False
test_0038,6,9,mV_9,66.954,,False,0.1881096475946831,0.48653240820340415,False
test_0038,6,10,mV_10,56.995,,False,-0.3359740350044298,0.3261502953832168,False
test_0038,6,11,mV_11,46.635,,False,-0.44454346392932464,0.4251610619538837,False
test_0038,6,12,mV_12,38.755,,False,-0.4755832849524557,0.4186941439865529,False
test_0038,6,13,mV_13,33.717,,False,-0.2790665421119755,0.2670050916413988,False
test_0038,6,14,mV_14,31.823,,False,0.034303997389188295,0.3629648065184673,False
test_0038,6,15,mV_15,35.063,,False,1.104184689183517,0.8670270626758805,False
test_0038,6,16,mV_16,40.651,,False,1.2254348749472999,0.9857168819832368,False
test_0038,6,17,mV_17,43.583,,False,0.3878130888548306,0.7134245106566361,False
test_0038,6,18,mV_18,42.475,,False,0.8526369899695837,0.7684098899706007,False
test_0038,6,19,mV_19,42.324,,False,0.9805524910884045,1.0252457409743054,False
test_0038,6,20,mV_20,42.505,,False,1.2872409917508296,0.8887586186475159,False
test_0038,7,0,mV_0,41.24,,False,-0.23800176655354544,0.22580915482071068,False
test_0038,7,1,mV_1,34.568,,False,-0.42723308617575184,0.5353532278677925,False
test_0038,7,2,mV_2,27.353,,False,-1.0489449725661208,0.7392243957899504,False
test_0038,7,3,mV_3,33.194,,False,-0.4317745518518083,0.5525829225242229,False
test_0038,7,4,mV_4,45.199,,False,-0.2978376138271544,0.28135161811160714,False
test_0038,7,5,mV_5,54.832,,False,-0.09795669294031141,0.18645212967574049,False
test_0038,7,6,mV_6,61.761,,False,-0.2520575189951847,0.1510051535334476,False
test_0038,7,7,mV_7,66.389,,False,0.0019488832031096309,0.07349108110649935,False
test_0038,7,8,mV_8,67.378,,False,0.03800903902459348,0.0464897309949205,False
test_0038,7,9,mV_9,66.067,,False,-0.10799196272738541,0.07595741951178109,False
test_0038,7,10,mV_10,58.133,,False,0.04983671356776003,0.10717583201472297,False
test_0038,7,11,mV_11,48.54,,False,0.22103793819598644,0.16905962537546051,False
test_0038,7,12,mV_12,40.52,,False,0.18432591154210917,0.19476867945103038,False
test_0038,7,13,mV_13,34.897,,False,0.18938495652391676,0.185044655480829,False
test_0038,7,14,mV_14,31.367,,False,-0.17708279733337323,0.2202299226753351,False
test_0038,7,15,mV_15,32.151,,False,-0.3373691395106772,0.4801116873236387,False
test_0038,7,16,mV_16,36.306,,False,-1.0686256729398271,0.8251347029125751,False
test_0038,7,17,mV_17,41.169,,False,-0.8259183262599691,0.7229715141722171,False
test_0038,7,18,mV_18,40.19,,False,-0.171423731229103,0.3405261017755977,False
test_0038,7,19,mV_19,39.783,,False,-0.19333861838421587,0.13952524199938368,False
test_0038,7,20,mV_20,,39.376931962192295,True,,,False
test_0038,8,0,mV_0,46.613,,False,1.9281900150769085,1.523436719385253,False
test_0038,8,1,mV_1,41.756,,False,2.237366847387195,2.0771868123258757,False
test_0038,8,2,mV_2,34.222,,False,1.905823539452204,1.6941764716246877,False
test_0038,8,3,mV_3,32.546,,False,-0.7276919602071477,2.092030285527274,False
test_0038,8,4,mV_4,33.578,,False,-5.0069136822425975,4.4111661635520045,False
test_0038,8,5,mV_5,37.221,,False,-6.9031453295156755,6.497647393473694,False
test_0038,8,6,mV_6,43.49,,False,-7.177385232620829,7.169328537249973,True
test_0038,8,7,mV_7,45.445,,False,-7.4193983542425554,7.6259340254663694,True
test_0038,8,8,mV_8,42.256,,False,-8.487554160759537,8.518806671345938,True
test_0038,8,9,mV_9,37.391,,False,-9.680720009622124,9.48612211068254,True
test_0038,8,10,mV_10,28.208,,False,-10.09549426272638,10.302618603382195,True
test_0038,8,11,mV_11,15.454,,False,-11.338765878453897,11.25304794219602,True
test_0038,8,12,mV_12,7.292,,False,-12.239165749149901,11.962085410673692,True
test_0038,8,13,mV_13,4.114,,False,-12.03124426594107,12.238103059281425,True
test_0038,8,14,mV_14,4.459,,False,-12.650757956093658,12.269328764385754,True
test_0038,8,15,mV_15,9.108,,False,-11.744554879414638,12.055259992985807,True
test_0038,8,16,mV_16,15.448,,False,-12.081172257020295,11.83390534976526,True
test_0038,8,17,mV_17,20.081,,False,-11.428722005605815,11.052403750764393,True
test_0038,8,18,mV_18,19.886,,False,-9.270998734825644,10.172452445313539,True
test_0038,8,19,mV_19,16.999,,False,-10.719090305997046,10.865874563987225,True
test_0038,8,20,mV_20,13.849,,False,-12.75431890912916,9.056932031063841,True
test_0038,9,0,mV_0,,44.77651753367372,True,,,False
test_0038,9,1,mV_1,38.069,,False,0.8705916727841656,0.46148182171296137,False
test_0038,9,2,mV_2,30.035,,False,0.10474394128351425,0.5681635276958092,False
test_0038,9,3,mV_3,36.751,,False,1.192574555432043,0.9483724479627349,False
test_0038,9,4,mV_4,49.151,,False,1.3035967397033392,0.9499420087096804,False
test_0038,9,5,mV_5,,58.16110315157183,True,,,False
test_0038,9,6,mV_6,66.133,,False,1.4050785306994826,1.0216688898591242,False
test_0038,9,7,mV_7,69.986,,False,1.2765184980375313,1.3089575243891554,False
test_0038,9,8,mV_8,71.031,,False,1.2777145707820765,1.3249843257378773,False
test_0038,9,9,mV_9,70.788,,False,1.4679896633498255,1.4589824444754227,False
test_0038,9,10,mV_10,62.771,,False,1.6222358804199637,1.568873287520755,False
test_0038,9,11,mV_11,52.381,,False,1.5630317258932669,1.4956244446137434,False
test_0038,9,12,mV_12,43.328,,False,1.2341984462484763,1.1876997392113555,False
test_0038,9,13,mV_13,36.232,,False,0.7193703384552026,0.6810987798106658,False
test_0038,9,14,mV_14,31.86,,False,0.05145599608378141,0.26194315897524817,False
test_0038,9,15,mV_15,33.288,,False,0.22549030527822717,0.14224043066085182,False
test_0038,9,16,mV_16,38.456,,False,0.06652511600317161,0.2348561015849832,False
test_0038,9,17,mV_17,43.967,,False,0.5808838690553625,0.6128909092081033,False
test_0038,9,18,mV_18,43.302,,False,1.2232707827185165,1.122917739130131,False
test_0038,9,19,mV_19,43.371,,False,1.4642455220281283,1.4276162841355835,False
test_0038,9,20,mV_20,43.059,,False,1.5587033097675607,1.1454130353908125,False
test_0038,10,0,mV_0,37.676,,False,-1.6748726970822891,1.3930710487942277,False
test_0038,10,1,mV_1,29.725,,False,-2.222538801012332,2.0563420107235175,False
test_0038,10,2,mV_2,24.897,,False,-2.105417743787116,1.6755300670606519,False
test_0038,10,3,mV_3,33.551,,False,-0.2687459796560437,0.761323599424584,False
test_0038,10,4,mV_4,44.941,,False,-0.40238469459913295,0.46627261488441674,False
test_0038,10,5,mV_5,53.037,,False,-0.7915750906833575,0.8809135731578026,False
test_0038,10,6,mV_6,58.368,,False,-1.5381194166653624,1.4192272625254225,False
test_0038,10,7,mV_7,61.278,,False,-1.8090951260876074,1.7438284198258092,False
test_0038,10,8,mV_8,61.906,,False,-1.8190040104626597,1.89860600332502,False
test_0038,10,9,mV_9,59.958,,False,-2.1473208662871537,2.0314401687943775,False
test_0038,10,10,mV_10,52.051,,False,-2.0121149321405425,1.9564176187238427,False
test_0038,10,11,mV_11,43.173,,False,-1.654119744327132,1.7146305930710306,False
test_0038,10,12,mV_12,35.913,,False,-1.538167951489315,1.5393070902689183,False
test_0038,10,13,mV_13,30.826,,False,-1.4267727137699115,1.4911495040191547,False
test_0038,10,14,mV_14,28.356,,False,-1.5728846370474805,1.424379579702101,False
test_0038,10,15,mV_15,30.56,,False,-1.1249763309435312,1.4294367877006606,False
test_0038,10,16,mV_16,34.741,,False,-1.8949098518680998,1.8453283010385275,False
test_0038,10,17,mV_17,37.906,,False,-2.466517169474379,2.1940871401999784,True
test_0038,10,18,mV_18,36.225,,False,-1.9484043699830549,2.0892501199151297,True
test_0038,10,19,mV_19,35.886,,False,-1.99367457022003,2.014367906943529,True
test_0038,10,20,mV_20,35.548,,False,-2.1217181173510022,1.5592777012305086,False
test_0038,11,0,mV_0,41.595,,False,-0.09487910091446017,0.14053187910441917,False
test_0038,11,1,mV_1,36.725,,False,0.37236931458875633,0.2232931601305882,False
test_0038,11,2,mV_2,29.667,,False,-0.05355491043037993,0.15645988007298303,False
test_0038,11,3,mV_3,33.819,,False,-0.1463603848424159,0.198308677869398,False
test_0038,11,4,mV_4,44.831,,False,-0.44695903136238024,0.32648502253919504,False
test_0038,11,5,mV_5,54.398,,False,-0.26566164258960373,0.33364353697580124,False
test_0038,11,6,mV_6,61.486,,False,-0.3562918313616173,0.3183088384459223,False
test_0038,11,7,mV_7,65.551,,False,-0.29499004847085064,0.327772707413859,False
test_0038,11,8,mV_8,66.191,,False,-0.36481890135211753,0.3056045964228089,False
test_0038,11,9,mV_9,65.798,,False,-0.19779053451614992,0.24807331246064201,False
test_0038,11,10,mV_10,58.67,,False,0.2318932794581508,0.24091817854924488,False
test_0038,11,11,mV_11,48.772,,False,0.302095620764528,0.2692168133264759,False
test_0038,11,12,mV_12,40.671,,False,0.24078273231869682,0.19591527135048042,False
test_0038,11,13,mV_13,,34.76890230002906,True,,,False
test_0038,11,14,mV_14,33.478,,False,0.8015082633230471,0.5946238150964012,False
test_0038,11,15,mV_15,34.399,,False,0.7754787337395103,0.6310145729803394,False
test_0038,11,16,mV_16,38.005,,False,-0.17159256111928964,0.27966596399452237,False
test_0038,11,17,mV_17,,41.94935096770645,True,,,False
test_0038,11,18,mV_18,40.871,,False,0.1337777353513386,0.08438635912441993,False
test_0038,11,19,mV_19,40.353,,False,0.0699899657950025,0.08497705795025402,False
test_0038,11,20,mV_20,40.013,,False,0.06615056485967248,0.050572773878586864,False
test_0038,12,0,mV_0,28.368,,False,-5.427508673895295,3.448345021887363,False
test_0038,12,1,mV_1,27.794,,False,-2.9383627397588614,3.116577796440949,False
test_0038,12,2,mV_2,27.09,,False,-1.16207703235078,1.8989586756489016,False
test_0038,12,3,mV_3,29.03,,False,-2.3333178981351845,2.9262065194367683,False
test_0038,12,4,mV_4,31.433,,False,-5.8761132491259245,5.5846110196813115,False
test_0038,12,5,mV_5,33.728,,False,-8.252899682338212,8.14088006143882,True
test_0038,12,6,mV_6,35.564,,False,-10.18160763195293,9.827320684828024,True
test_0038,12,7,mV_7,36.206,,False,-10.693167793068021,10.628212406268103,True
test_0038,12,8,mV_8,35.015,,False,-10.944906406983442,10.925954000536693,True
test_0038,12,9,mV_9,33.077,,False,-11.120835395111868,10.814161141314031,True
test_0038,12,10,mV_10,28.283,,False,-10.07006736804895,10.008897006326984,True
test_0038,12,11,mV_11,22.793,,False,-8.774617894098172,8.8695044577751,True
test_0038,12,12,mV_12,19.008,,False,-7.858714674855104,7.848436899921606,True
test_0038,12,13,mV_13,17.035,,False,-6.901700355878044,6.995946456099932,True
test_0038,12,14,mV_14,18.112,,False,-6.321670437788538,5.402400438578851,False
test_0038,12,15,mV_15,28.662,,False,-2.064560522860283,3.23755878190706,False
test_0038,12,16,mV_16,43.064,,False,2.4994436441191357,1.7658619527746384,False
test_0038,12,17,mV_17,,55.01603910542178,True,,,False
test_0038,12,18,mV_18,31.308,,False,-4.152039628684996,3.914526861384993,False
test_0038,12,19,mV_19,24.283,,False,-7.3540281881699805,6.725878671944271,False
test_0038,12,20,mV_20,23.463,,False,-8.043418682752128,5.860216388418559,False
test_0039,1,0,mV_0,33.208,,False,0.23081049599542736,0.4118271625602166,False
test_0039,1,1,mV_1,29.908,,False,1.1856876582500118,0.6672689201357588,False
test_0039,1,2,mV_2,27.929,,False,-0.06688986804758404,0.34402339126996107,False
test_0039,1,3,mV_3,35.749,,False,0.056626170734664485,0.1255732744855503,False
test_0039,1,4,mV_4,44.595,,False,0.3221508884252882,0.2712565951632451,False
test_0039,1,5,mV_5,51.115,,False,0.3840984330677393,0.32176658238398953,False
test_0039,1,6,mV_6,56.046,,False,0.19671857497519138,0.25524220305167,False
test_0039,1,7,mV_7,59.49,,False,0.24343322918855784,0.27915414627419427,False
test_0039,1,8,mV_8,60.359,,False,0.43303155174447006,0.41899878235667687,False
test_0039,1,9,mV_9,60.123,,False,0.5664987967492094,0.5930154266293461,False
test_0039,1,10,mV_10,55.243,,False,0.8060325612744957,0.7468825242125797,False
test_0039,1,11,mV_11,47.734,,False,0.8089661775521182,0.7953646047459559,False
test_0039,1,12,mV_12,39.925,,False,0.7574935026050914,0.74752677338359,False
test_0039,1,13,mV_13,33.658,,False,0.6661539107720591,0.6387974347543002,False
test_0039,1,14,mV_14,29.345,,False,0.46538841486799115,0.4285637511813133,False
test_0039,1,15,mV_15,26.963,,False,0.11732426421721172,0.19276246618756118,False
test_0039,1,16,mV_16,28.215,,False,0.07101292144783015,0.13302821574878318,False
test_0039,1,17,mV_17,31.915,,False,0.2727627558822607,0.25161084762943997,False
test_0039,1,18,mV_18,36.627,,False,0.38990495730540853,0.4720158625741985,False
test_0039,1,19,mV_19,37.209,,False,0.835490779803716,0.7091407851038815,False
test_0039,1,20,mV_20,36.62,,False,0.7756766235026854,0.5967110067022717,False
test_0039,2,0,mV_0,32.563,,False,-0.029229276785446404,0.3082562942599393,False
test_0039,2,1,mV_1,23.541,,False,-1.1745666234688643,1.3676417827958298,False
test_0039,2,2,mV_2,20.896,,False,-3.092204607460144,4.374335928307495,False
test_0039,2,3,mV_3,13.424,,False,-10.13836787484083,7.636352144006161,False
test_0039,2,4,mV_4,26.09,,False,-7.176468218882842,7.391239666224914,False
test_0039,2,5,mV_5,36.991,,False,-5.073654352293138,5.577302331372425,False
test_0039,2,6,mV_6,42.374,,False,-4.9854324020205825,5.176904850543382,False
test_0039,2,7,mV_7,42.821,,False,-5.663100245839224,5.6563862838099155,False
test_0039,2,8,mV_8,40.478,,False,-6.313912241540631,6.395074689274283,False
test_0039,2,9,mV_9,36.59,,False,-7.289374028176647,7.12861418344221,False
test_0039,2,10,mV_10,30.384,,False,-7.621796435874911,5.633241724981618,False
test_0039,2,11,mV_11,,22.152185208029696,True,,,False
test_0039,2,12,mV_12,13.439,,False,-9.145257193346774,6.875385306705162,True
test_0039,2,13,mV_13,8.778,,False,-9.2110268401271,8.923073099882693,True
test_0039,2,14,mV_14,10.814,,False,-8.124981525929794,7.791702609460382,True
test_0039,2,15,mV_15,15.2,,False,-5.70582054585484,5.998649338879657,True
test_0039,2,16,mV_16,19.637,,False,-4.457974737879155,4.054593717985831,False
test_0039,2,17,mV_17,28.197,,False,-1.596604850330176,2.0143058485195606,False
test_0039,2,18,mV_18,34.851,,False,-0.40603895553873515,0.6021706903519115,False
test_0039,2,19,mV_19,,30.030671712296357,True,,,False
test_0039,2,20,mV_20,20.367,,False,-7.188361381417834,3.594180690708917,False
test_0039,3,0,mV_0,32.544,,False,-0.036889363115427835,0.05991687376240985,False
test_0039,3,1,mV_1,27.157,,False,0.16588876881878373,0.25084196683488713,False
test_0039,3,2,mV_2,29.56,,False,0.6347009665865532,0.7322585716130614,False
test_0039,3,3,mV_3,38.896,,False,1.4937435844603557,1.36547314502487,False
test_0039,3,4,mV_4,48.34,,False,1.8397044445922153,1.8159170225602048,False
test_0039,3,5,mV_5,55.531,,False,2.090515616596033,1.9765125282739113,False
test_0039,3,6,mV_6,60.501,,False,1.885314435311365,1.749557312658433,False
test_0039,3,7,mV_7,62.012,,False,1.1370847634149692,1.2119297654055812,False
test_0039,3,8,mV_8,61.111,,False,0.6882350994810209,0.7118446623310252,False
test_0039,3,9,mV_9,59.426,,False,0.33382368694708947,0.37122039642633875,False
test_0039,3,10,mV_10,53.246,,False,0.12899911233015515,0.15062915259334544,False
test_0039,3,11,mV_11,45.388,,False,-0.010694698765982112,0.0905955006117648,False
test_0039,3,12,mV_12,38.466,,False,0.21199349258493985,0.30815930069967445,False
test_0039,3,13,mV_13,33.99,,False,0.797955518862836,0.7653394375163367,False
test_0039,3,14,mV_14,31.045,,False,1.253453219754735,1.1540551266304149,False
test_0039,3,15,mV_15,29.375,,False,1.3113585481493535,1.3918862478946266,False
test_0039,3,16,mV_16,31.284,,False,1.6913746755250643,1.6503590091037215,False
test_0039,3,17,mV_17,35.166,,False,1.907328137215404,1.663110289439322,False
test_0039,3,18,mV_18,38.315,,False,1.1464102078014151,1.245743403946526,False
test_0039,3,19,mV_19,37.095,,False,0.78282506296787,0.862256656673082,False
test_0039,3,20,mV_20,36.541,,False,0.7369662929551727,0.5641894122195539,False
test_0039,4,0,mV_0,31.008,,False,-0.656146868528488,0.3741793909610849,False
test_0039,4,1,mV_1,26.212,,False,-0.18442382678736352,0.26544329888282703,False
test_0039,4,2,mV_2,28.17,,False,0.036778673428093045,0.26725351765436006,False
test_0039,4,3,mV_3,37.401,,False,0.8110328969738907,0.6778010090579542,False
test_0039,4,4,mV_4,46.397,,False,1.0523595688559422,1.0082208482083725,False
test_0039,4,5,mV_5,53.012,,False,1.1171313581477151,1.0142995322341646,False
test_0039,4,6,mV_6,57.56,,False,0.7705758437852864,0.715950409511582,False
test_0039,4,7,mV_7,59.383,,False,0.2055185923280401,0.3250129772433395,False
test_0039,4,8,mV_8,59.432,,False,0.11843888053199145,0.15341197619896982,False
test_0039,4,9,mV_9,58.939,,False,0.17125155140385628,0.1454511223432704,False
test_0039,4,10,mV_10,53.222,,False,0.12086250603337757,0.10324414086765285,False
test_0039,4,11,mV_11,,45.32321986306751,True,,,False
test_0039,4,12,mV_12,37.587,,False,-0.11665250385626197,0.07896987729174651,False
test_0039,4,13,mV_13,31.772,,False,-0.08257450145446213,0.07090559733671445,False
test_0039,4,14,mV_14,28.345,,False,0.0018208825816715404,0.08145379648686776,False
test_0039,4,15,mV_15,27.21,,False,0.23959891932966584,0.2718501083452545,False
test_0039,4,16,mV_16,29.229,,False,0.6063817121400148,0.5412662570835782,False
test_0039,4,17,mV_17,32.79,,False,0.7127026847246173,0.6000450103125552,False
test_0039,4,18,mV_18,36.579,,False,0.36839295966097135,0.45043708322069864,False
test_0039,4,19,mV_19,36.163,,False,0.35225972883623446,0.4351970300810166,False
test_0039,4,20,mV_20,36.4,,False,0.667875702990626,0.4220027837043716,False
test_0039,5,0,mV_0,32.925,,False,0.11671552592257765,0.09074777676138099,False
test_0039,5,1,mV_1,27.059,,False,0.12956005520036865,0.3622173911462572,False
test_0039,5,2,mV_2,30.579,,False,1.0730339282617138,1.1328853719415082,False
test_0039,5,3,mV_3,40.565,,False,2.2559135760422357,1.9909787499434233,False
test_0039,5,4,mV_4,49.671,,False,2.379053919427508,2.2922671648960358,True
test_0039,5,5,mV_5,55.698,,False,2.1550472446868905,2.033222098385535,True
test_0039,5,6,mV_6,59.336,,False,1.4437399847408507,1.419642955795955,False
test_0039,5,7,mV_7,60.598,,False,0.6360446090152279,0.8209821474052563,False
test_0039,5,8,mV_8,60.757,,False,0.5680993868497185,0.5671598013012463,False
test_0039,5,9,mV_9,59.913,,False,0.4963958224903204,0.4631555675240146,False
test_0039,5,10,mV_10,53.726,,False,0.2917312382656992,0.28458553492230837,False
test_0039,5,11,mV_11,45.586,,False,0.05848384066751478,0.13404853103398498,False
test_0039,5,12,mV_12,38.24,,False,0.12749520453521115,0.20441377499117608,False
test_0039,5,13,mV_13,33.25,,False,0.5041808502267673,0.5310373740689263,False
test_0039,5,14,mV_14,30.473,,False,0.9882925912869593,0.9584269661175159,False
test_0039,5,15,mV_15,29.459,,False,1.3529418316693778,0.9235440636564287,False
test_0039,5,16,mV_16,,31.301883064707628,True,,,False
test_0039,5,17,mV_17,34.467,,False,1.5558789826316253,1.0240950060284506,False
test_0039,5,18,mV_18,37.954,,False,0.984622058850552,1.1390078520989393,False
test_0039,5,19,mV_19,37.632,,False,1.030908308063028,1.135360360201306,False
test_0039,5,20,mV_20,38.088,,False,1.4950027658286165,1.0052284599300652,False
test_0039,6,0,mV_0,30.509,,False,-0.8573249253000486,0.48653818115691283,False
test_0039,6,1,mV_1,26.085,,False,-0.2315028740275541,0.537903681203668,False
test_0039,6,2,mV_2,26.152,,False,-0.8312840514595153,0.6805000981518579,False
test_0039,6,3,mV_3,33.812,,False,-0.8279294156608465,0.8309811875500885,False
test_0039,6,4,mV_4,41.735,,False,-0.8367818674191458,0.7827415842715004,False
test_0039,6,5,mV_5,48.492,,False,-0.6294731865868632,0.6374527021618394,False
test_0039,6,6,mV_6,54.329,,False,-0.45408256805448516,0.49071230084363493,False
test_0039,6,7,mV_7,57.603,,False,-0.42521088067870616,0.43743826806785335,False
test_0039,6,8,mV_8,57.771,,False,-0.4452487428595161,0.44818560376128247,False
test_0039,6,9,mV_9,56.997,,False,-0.4770340486473917,0.45157916690608674,False
test_0039,6,10,mV_10,51.665,,False,-0.4069998274700474,0.32275842589687165,False
test_0039,6,11,mV_11,,45.105970782211635,True,,,False
test_0039,6,12,mV_12,37.292,,False,-0.2269489417972804,0.12796470793271633,False
test_0039,6,13,mV_13,31.834,,False,-0.05796094813630454,0.08571770951747237,False
test_0039,6,14,mV_14,,28.029144046099645,True,,,False
test_0039,6,15,mV_15,26.045,,False,-0.33712161996591655,0.16856080998295828,False
test_0039,6,16,mV_16,,26.924640137619374,True,,,False
test_0039,6,17,mV_17,30.448,,False,-0.4648279591025812,0.38311000471674267,False
test_0039,6,18,mV_18,34.412,,False,-0.6027841006618083,0.536501135462911,False
test_0039,6,19,mV_19,34.371,,False,-0.47560838142544615,0.5810718602474463,False
test_0039,6,20,mV_20,33.465,,False,-0.7702865774770844,0.5040453840949037,False
test_0039,7,0,mV_0,31.434,,False,-0.4843996697615836,0.29395898425804934,False
test_0039,7,1,mV_1,26.151,,False,-0.20703659750903025,0.43674082829114597,False
test_0039,7,2,mV_2,26.112,,False,-0.8484904483849398,0.6910924898280055,False
test_0039,7,3,mV_3,33.741,,False,-0.8603524650331125,0.7960803064459954,False
test_0039,7,4,mV_4,42.282,,False,-0.6151258473328165,0.6443723743475605,False
test_0039,7,5,mV_5,48.861,,False,-0.4868853376914963,0.6063560646723266,False
test_0039,7,6,mV_6,53.32,,False,-0.8365277359734975,0.8150434908486606,False
test_0039,7,7,mV_7,55.698,,False,-1.1002331537561512,0.75924851087145,False
test_0039,7,8,mV_8,,57.54707662758381,True,,,False
test_0039,7,9,mV_9,56.087,,False,-0.7808136037692419,0.4956317676913812,False
test_0039,7,10,mV_10,51.624,,False,-0.4208998632270409,0.4288534678115584,False
test_0039,7,11,mV_11,45.153,,False,-0.09280054102290995,0.15872907469407752,False
test_0039,7,12,mV_12,37.975,,False,0.028415353503449224,0.0374078120074521,False
test_0039,7,13,mV_13,,31.50826157894286,True,,,False
test_0039,7,14,mV_14,27.947,,False,-0.18267899526828288,0.14864027224655685,False
test_0039,7,15,mV_15,26.263,,False,-0.22920309844966166,0.20429138968288849,False
test_0039,7,16,mV_16,27.747,,False,-0.1760803665639478,0.22497008501485577,False
test_0039,7,17,mV_17,30.739,,False,-0.31851650848186586,0.3907240336899501,False
test_0039,7,18,mV_18,34.084,,False,-0.749782751232121,0.6387927641654492,False
test_0039,7,19,mV_19,33.805,,False,-0.7370890457156889,0.8955631102788646,False
test_0039,7,20,mV_20,32.265,,False,-1.3582915984519595,0.863418060654902,False
test_0039,8,0,mV_0,34.028,,False,0.5614036954997961,0.3788913173384461,False
test_0039,8,1,mV_1,27.769,,False,0.3927578783541923,1.1218254927648772,False
test_0039,8,2,mV_2,35.385,,False,3.1403825188513284,1.6871038983700286,False
test_0039,8,3,mV_3,35.461,,False,-0.07489267742326519,0.9271903545072704,False
test_0039,8,4,mV_4,42.767,,False,-0.41859354433122264,0.43513941850765164,False
test_0039,8,5,mV_5,47.977,,False,-0.8284779079448961,1.4294214378089178,False
test_0039,8,6,mV_6,45.918,,False,-3.6421363910146565,2.894200499475849,False
test_0039,8,7,mV_7,49.027,,False,-3.4640513079291857,3.776298118873692,True
test_0039,8,8,mV_8,45.72,,False,-4.53495346862174,4.658729986954419,True
test_0039,8,9,mV_9,40.15,,False,-6.10096170264501,5.664361135808874,True
test_0039,8,10,mV_10,35.402,,False,-5.9205676693237335,5.945838674997185,True
test_0039,8,11,mV_11,28.7,,False,-5.841257658696263,5.7442374437352095,True
test_0039,8,12,mV_12,23.526,,False,-5.3738667882245785,5.640039967892808,True
test_0039,8,13,mV_13,16.939,,False,-5.971168636425813,6.197352409152859,True
test_0039,8,14,mV_14,12.22,,False,-7.4732055755352285,6.47652217315767,True
test_0039,8,15,mV_15,16.649,,False,-4.98850890513441,5.0831786060131385,True
test_0039,8,16,mV_16,22.621,,False,-2.8824910382485056,3.5167796314180126,False
test_0039,8,17,mV_17,24.782,,False,-3.31362754404063,3.237692354051096,False
test_0039,8,18,mV_18,28.079,,False,-3.441023289874618,3.4609247436541324,False
test_0039,8,19,mV_19,27.504,,False,-3.648024850826663,3.908543701970088,False
test_0039,8,20,mV_20,25.043,,False,-4.89710181635241,3.360557120882871,False
test_0040,1,0,mV_0,20.925,,False,-8.362193716487637,5.382585653412043,False
test_0040,1,1,mV_1,20.742,,False,-4.8059551806729015,5.4249210539571635,False
test_0040,1,2,mV_2,20.873,,False,-3.725580137995218,4.863643938659847,False
test_0040,1,3,mV_3,23.262,,False,-7.197460297976051,6.847686779243222,False
test_0040,1,4,mV_4,24.303,,False,-9.270246383025567,9.160418229560332,False
test_0040,1,5,mV_5,26.504,,False,-10.903719854214144,10.769285032769334,False
test_0040,1,6,mV_6,28.149,,False,-11.999454039623481,11.65815039764601,False
test_0040,1,7,mV_7,28.97,,False,-11.729973657122933,11.66647479885882,False
test_0040,1,8,mV_8,30.109,,False,-11.206497841565932,11.456198860320312,False
test_0040,1,9,mV_9,29.571,,False,-11.681826101026452,11.413051954957364,False
test_0040,1,10,mV_10,29.667,,False,-11.08205777621062,11.213035615337052,False
test_0040,1,11,mV_11,29.537,,False,-11.006200807900512,10.999666088961229,False
test_0040,1,12,mV_12,28.744,,False,-10.904204963833275,10.35287243028165,False
test_0040,1,13,mV_13,30.936,,False,-8.59687898555954,8.523378403444367,False
test_0040,1,14,mV_14,35.209,,False,-5.99555067882511,5.344639442294938,False
test_0040,1,15,mV_15,40.07,,False,-0.7905774259699966,3.0510402303297512,False
test_0040,1,16,mV_16,45.354,,False,4.627455390553902,5.253643325366386,False
test_0040,1,17,mV_17,49.832,,False,10.969085094387742,11.169793940640577,True
test_0040,1,18,mV_18,54.672,,False,18.113550183232928,16.603002854091688,True
test_0040,1,19,mV_19,59.727,,False,19.215825955513157,18.572430903682125,True
test_0040,1,20,mV_20,59.141,,False,17.744521520469256,13.676217249112916,True
test_0040,2,0,mV_0,42.393,,False,0.292897511512103,0.40005468641113606,False
test_0040,2,1,mV_1,36.443,,False,1.0144237226203383,0.6873222410168693,False
test_0040,2,2,mV_2,28.54,,False,-0.4275440073146979,0.5568838170865793,False
test_0040,2,3,mV_3,38.239,,False,-0.3580235310965829,0.30565230298795054,False
test_0040,2,4,mV_4,46.985,,False,-0.07901814244393843,0.1453893716030019,False
test_0040,2,5,mV_5,54.891,,False,0.06549767042754776,0.0914491002634889,False
test_0040,2,6,mV_6,60.218,,False,0.1557829177549217,0.1878565630337336,False
test_0040,2,7,mV_7,63.13,,False,0.37436274619754334,0.2261271025375021,False
test_0040,2,8,mV_8,,63.742515026916166,True,,,False
test_0040,2,9,mV_9,66.519,,False,0.6522914842946137,0.5356633542893205,False
test_0040,2,10,mV_10,64.827,,False,0.838070448568055,0.7932685992471745,False
test_0040,2,11,mV_11,63.456,,False,0.8446420155579745,0.7788226442110446,False
test_0040,2,12,mV_12,59.481,,False,0.5879360971601744,0.6514203975944334,False
test_0040,2,13,mV_13,54.065,,False,0.5851673804994104,0.6215759169036649,False
test_0040,2,14,mV_14,49.713,,False,0.7280328094556644,0.6013954423251198,False
test_0040,2,15,mV_15,42.403,,False,0.3643487698897402,0.4124264958388635,False
test_0040,2,16,mV_16,36.224,,False,-0.19297563412030927,0.4162809239693517,False
test_0040,2,17,mV_17,26.196,,False,-0.9148236577470479,0.607165476288285,False
test_0040,2,18,mV_18,13.349,,False,-0.40603895553873515,1.040210763148328,False
test_0040,2,19,mV_19,23.401,,False,2.4339414837687934,1.3792409996031505,False
test_0040,2,20,mV_20,23.424,,False,0.24304207533628072,0.7300064086103387,False
test_0040,3,0,mV_0,38.073,,False,-1.4487642224621318,0.7445389867718962,False
test_0040,3,1,mV_1,33.489,,False,-0.08062750216332118,0.8156646737984036,False
test_0040,3,2,mV_2,25.692,,False,-1.6526394684048402,1.2514222298961764,False
test_0040,3,3,mV_3,35.476,,False,-1.6197824806117036,1.5103529689083568,False
test_0040,3,4,mV_4,44.344,,False,-1.1492074460051795,1.247287976769004,False
test_0040,3,5,mV_5,51.95,,False,-1.070954534453953,1.0801431218075668,False
test_0040,3,6,mV_6,57.091,,False,-1.0294559723171819,0.7824666197720792,False
test_0040,3,7,mV_7,,61.01814751023841,True,,,False
test_0040,3,8,mV_8,61.829,,False,-0.44179500352944695,0.43421083772391406,False
test_0040,3,9,mV_9,62.009,,False,-0.8532533438367623,0.8117706416325673,False
test_0040,3,10,mV_10,59.114,,False,-1.0987808753272974,1.0535244138296922,False
test_0040,3,11,mV_11,57.709,,False,-1.1632825608274118,1.137639151773914,False
test_0040,3,12,mV_12,54.899,,False,-1.1252106101135346,0.8534259452636203,False
test_0040,3,13,mV_13,,50.95055633653644,True,,,False
test_0040,3,14,mV_14,46.958,,False,-0.5490957419931464,0.47293478612335854,False
test_0040,3,15,mV_15,40.064,,False,-0.7935476605071414,0.8689832456289328,False
test_0040,3,16,mV_16,34.052,,False,-1.3397419195083018,1.1780384333472185,False
test_0040,3,17,mV_17,25.551,,False,-1.2391222338651295,1.2594739800812838,False
test_0040,3,18,mV_18,11.533,,False,-1.2199095330865746,0.97858002397418,False
test_0040,3,19,mV_19,17.623,,False,-0.2353787958584412,0.6737939255755501,False
test_0040,3,20,mV_20,20.878,,False,-1.0045085774987432,0.5610989877139819,False
test_0040,4,0,mV_0,38.749,,False,-1.1762264140902368,0.9858292134059068,False
test_0040,4,1,mV_1,29.415,,False,-1.5908640254431539,3.0659571840008417,False
test_0040,4,2,mV_2,11.155,,False,-7.905874271026822,7.348529386474054,True
test_0040,4,3,mV_3,12.764,,False,-11.991504978399414,9.554711317362523,True
test_0040,4,4,mV_4,31.559,,False,-6.329961041624443,6.162856765412075,True
test_0040,4,5,mV_5,,44.142985971195465,True,,,False
test_0040,4,6,mV_6,50.111,,False,-3.675112337108765,2.9419085527171074,False
test_0040,4,7,mV_7,49.607,,False,-4.4174095366509,4.443021760416515,False
test_0040,4,8,mV_8,47.625,,False,-5.262155631255496,5.406384664804131,False
test_0040,4,9,mV_9,44.543,,False,-6.68381786005463,6.402071837975178,False
test_0040,4,10,mV_10,41.771,,False,-6.978496000535959,7.053309882468372,False
test_0040,4,11,mV_11,39.365,,False,-7.5724296687469375,7.6297893956807865,False
test_0040,4,12,mV_12,35.453,,False,-8.395802244693312,8.286775691190275,False
test_0040,4,13,mV_13,30.467,,False,-8.783068606627536,8.364166884046863,False
test_0040,4,14,mV_14,31.975,,False,-7.494728078239067,7.238277208743859,False
test_0040,4,15,mV_15,31.202,,False,-5.180584071869762,5.614370183521703,False
test_0040,4,16,mV_16,27.874,,False,-4.601584512108222,4.243215606471185,False
test_0040,4,17,mV_17,22.866,,False,-2.5891093297985317,2.667241435252163,False
test_0040,4,18,mV_18,12.271,,False,-0.8891625693033659,1.2366315909033552,False
test_0040,4,19,mV_19,16.879,,False,-0.5790918952081578,1.82272028356578,False
test_0040,4,20,mV_20,12.227,,False,-5.243534774543439,2.766540361073759,False
test_0040,5,0,mV_0,41.436,,False,-0.09292894205580067,0.046464471027900335,False
test_0040,5,1,mV_1,,30.3429265569497,True,,,False
test_0040,5,2,mV_2,16.124,,False,-5.768409612966107,4.8431734831687185,True
test_0040,5,3,mV_3,21.864,,False,-7.8358747067426595,6.254869567135049,True
test_0040,5,4,mV_4,38.347,,False,-3.5793192420887716,4.2507288022244065,True
test_0040,5,5,mV_5,49.524,,False,-2.008402017977424,2.372917906915013,False
test_0040,5,6,mV_6,54.806,,False,-1.895548349616433,2.0802055171086824,False
test_0040,5,7,mV_7,54.958,,False,-2.521323351224441,2.504301626086439,False
test_0040,5,8,mV_8,54.058,,False,-3.0790114522804415,3.2268892686642907,False
test_0040,5,9,mV_9,51.899,,False,-4.228210818871838,3.9942507630693505,False
test_0040,5,10,mV_10,49.254,,False,-4.4415699622532845,4.5086828732525825,False
test_0040,5,11,mV_11,46.947,,False,-4.9233807496319235,4.973922550142347,False
test_0040,5,12,mV_12,42.911,,False,-5.607358739052256,5.498633986569001,False
test_0040,5,13,mV_13,37.839,,False,-5.856437718539568,4.330058544032848,False
test_0040,5,14,mV_14,,36.3854243658115,True,,,False
test_0040,5,15,mV_15,34.361,,False,-3.6167555880631155,2.7383434781592175,False
test_0040,5,16,mV_16,29.544,,False,-3.719862736510639,3.3696661530419707,False
test_0040,5,17,mV_17,23.198,,False,-2.422183551083489,2.4003218479466204,False
test_0040,5,18,mV_18,11.941,,False,-1.037057553108865,1.1873081730262354,False
test_0040,5,19,mV_19,17.585,,False,-0.2529340348037226,0.3857314056790776,False
test_0040,5,20,mV_20,,14.45657397285869,True,,,False
test_0040,6,0,mV_0,41.733,,False,0.02681030215492705,0.028094184517562577,False
test_0040,6,1,mV_1,33.865,,False,0.05875613376039621,0.275903538637536,False
test_0040,6,2,mV_2,31.764,,False,0.9592915848744246,0.6561075757382346,False
test_0040,6,3,mV_3,40.44,,False,0.6470909994436934,1.2921588020195491,False
test_0040,6,4,mV_4,39.986,,False,-2.9151616243163856,1.6193535620191162,False
test_0040,6,5,mV_5,,42.21762138794855,True,,,False
test_0040,6,6,mV_6,48.696,,False,-4.211445253466944,3.0523040570443687,False
test_0040,6,7,mV_7,51.388,,False,-3.786325721243588,4.002287137027503,False
test_0040,6,8,mV_8,50.681,,False,-4.225051852155891,4.396071222611937,False
test_0040,6,9,mV_9,48.545,,False,-5.347855464892376,5.159860226881397,True
test_0040,6,10,mV_10,45.487,,False,-5.7186781255849475,5.8113859888578325,True
test_0040,6,11,mV_11,42.548,,False,-6.460332239369058,6.4618270738315395,True
test_0040,6,12,mV_12,38.63,,False,-7.2079656910030945,7.017840261546549,True
test_0040,6,13,mV_13,34.467,,False,-7.19509742481095,7.368717066366997,True
test_0040,6,14,mV_14,31.151,,False,-7.876707724842996,7.814931037129287,True
test_0040,6,15,mV_15,24.878,,False,-8.311211274020206,8.328757021520348,True
test_0040,6,16,mV_16,19.892,,False,-8.815897813197985,8.598406111966304,True
test_0040,6,17,mV_17,11.208,,False,-8.45061754744904,7.914395356070906,True
test_0040,6,18,mV_18,1.0,,False,-5.940448516187558,6.120427915120079,True
test_0040,6,19,mV_19,9.149,,False,-4.150197080656158,3.5602106693749684,False
test_0040,6,20,mV_20,,7.522643981670621,True,,,False
test_0040,7,0,mV_0,45.45,,False,1.525365085761927,1.3323112119003238,False
test_0040,7,1,mV_1,39.853,,False,2.278514676077441,1.7447206685033596,False
test_0040,7,2,mV_2,31.618,,False,0.8964882360966289,1.2908428963954577,False
test_0040,7,3,mV_3,41.414,,False,1.0918804373111317,1.076004316372922,False
test_0040,7,4,mV_4,50.2,,False,1.2237681547727959,1.2869693093611767,False
test_0040,7,5,mV_5,58.884,,False,1.6084604905879836,1.1101722839871908,False
test_0040,7,6,mV_6,,62.789635193830094,True,,,False
test_0040,7,7,mV_7,68.121,,False,2.1428856674203884,1.6478717166294037,False
test_0040,7,8,mV_8,69.925,,False,2.3057155316768383,2.1779647077579494,True
test_0040,7,9,mV_9,70.429,,False,1.9575421002577325,2.0239871145842727,True
test_0040,7,10,mV_10,67.886,,False,1.8751487261447883,1.9017325536554794,False
test_0040,7,11,mV_11,66.474,,False,1.8990906620746084,1.8206808321642742,False
test_0040,7,12,mV_12,62.213,,False,1.609393278363092,1.578603376074897,False
test_0040,7,13,mV_13,55.605,,False,1.196536285498795,1.3015297367355272,False
test_0040,7,14,mV_14,50.739,,False,1.2036530975814266,1.1913010461712996,False
test_0040,7,15,mV_15,44.013,,False,1.1613617040235498,1.0906070652782058,False
test_0040,7,16,mV_16,38.173,,False,0.8360517554842976,0.7385964617156325,False
test_0040,7,17,mV_17,27.775,,False,-0.12092063187038517,0.3257181653141158,False
test_0040,7,18,mV_18,14.757,,False,0.22497964203139523,0.9283746692811593,False
test_0040,7,19,mV_19,24.935,,False,3.1426187611914616,1.6275542911035796,False
test_0040,7,20,mV_20,,24.910830858758857,True,,,False
test_0040,8,0,mV_0,40.232,,False,-0.5783365179134349,0.41794057419342157,False
test_0040,8,1,mV_1,32.317,,False,-0.5150892609468165,0.402128759951767,False
test_0040,8,2,mV_2,,29.4558374730876,True,,,False
test_0040,8,3,mV_3,38.85,,False,-0.07900264142819895,0.04385744907959851,False
test_0040,8,4,mV_4,47.137,,False,-0.01742451346199615,0.04599658549896224,False
test_0040,8,5,mV_5,54.903,,False,0.07013467364365772,0.061502187715853654,False
test_0040,8,6,mV_6,60.04,,False,0.08831489011410305,0.07830091349447788,False
test_0040,8,7,mV_7,62.261,,False,0.06643920010604765,0.05529832258154958,False
test_0040,8,8,mV_8,,62.04364595712523,True,,,False
test_0040,8,9,mV_9,63.951,,False,-0.2049677437855143,0.16011816649492996,False
test_0040,8,10,mV_10,61.675,,False,-0.23053717840869128,0.19843572232615725,False
test_0040,8,11,mV_11,60.673,,False,-0.12770078870173202,0.14929247733223594,False
test_0040,8,12,mV_12,57.611,,False,-0.11123115351678847,0.13468366839400722,False
test_0040,8,13,mV_13,52.116,,False,-0.18857157784071993,0.15854157452556875,False
test_0040,8,14,mV_14,47.828,,False,-0.14579198890404663,0.13786029613507095,False
test_0040,8,15,mV_15,41.811,,False,0.07128562889147058,0.07209081167174694,False
test_0040,8,16,mV_16,,37.095041064029395,True,,,False
test_0040,8,17,mV_17,29.488,,False,0.7403560516804232,0.5228908007848294,False
test_0040,8,18,mV_18,15.618,,False,0.6108510997784713,0.5219869484184807,False
test_0040,8,19,mV_19,17.86,,False,-0.1258895424365568,0.33117603257525174,False
test_0040,8,20,mV_20,21.985,,False,-0.4620739456494221,0.26250935843385026,False
test_0040,9,0,mV_0,44.492,,False,1.1391354697556015,0.5695677348778008,False
test_0040,9,1,mV_1,,34.75204798736511,True,,,False
test_0040,9,2,mV_2,38.541,,False,3.874485383964275,2.8909826724607233,True
test_0040,9,3,mV_3,47.377,,False,3.814959921914343,3.7438825994800085,True
test_0040,9,4,mV_4,55.746,,False,3.4711251701270722,3.4645998428522633,True
test_0040,9,5,mV_5,62.747,,False,3.1011891092405657,3.076378633581591,True
test_0040,9,6,mV_6,66.751,,False,2.6320111457181605,2.7120664431600607,True
test_0040,9,7,mV_7,69.081,,False,2.4830543719633553,2.5433230896731205,True
test_0040,9,8,mV_8,70.719,,False,2.5751724690476117,2.403827634865862,True
test_0040,9,9,mV_9,70.502,,False,1.9819112294048677,2.134641481322589,True
test_0040,9,10,mV_10,68.253,,False,1.9995709974330085,1.9848849005051796,False
test_0040,9,11,mV_11,66.644,,False,1.958486377749834,1.9325197282610573,False
test_0040,9,12,mV_12,62.759,,False,1.8135351601115521,1.866230147913217,False
test_0040,9,13,mV_13,57.325,,False,1.8793638936799295,1.8996871037152643,False
test_0040,9,14,mV_14,52.514,,False,2.026485467389646,1.8995353411769584,False
test_0040,9,15,mV_15,45.032,,False,1.6658065362486116,1.6813238172935654,False
test_0040,9,16,mV_16,39.179,,False,1.3671967292873923,1.4144813507056075,False
test_0040,9,17,mV_17,30.517,,False,1.2577254079990348,1.3252737224913695,False
test_0040,9,18,mV_18,17.42,,False,1.418447344680017,1.9909833387226812,False
test_0040,9,19,mV_19,26.508,,False,3.8693132575316556,2.9537141386374395,False
test_0040,9,20,mV_20,28.352,,False,2.65778269480643,2.296219661786129,False
test_0040,10,0,mV_0,40.594,,False,-0.4323917152054079,0.2226367902467854,False
test_0040,10,1,mV_1,33.776,,False,0.02576373057632573,0.12184885300630437,False
test_0040,10,2,mV_2,29.542,,False,0.0034762356671581276,0.023363084162560055,False
test_0040,10,3,mV_3,39.156,,False,0.060736134739598234,0.0337697590572277,False
test_0040,10,4,mV_4,47.205,,False,0.010130531082556194,0.06232044298900384,False
test_0040,10,5,mV_5,54.286,,False,-0.16828457505130476,0.17309464109464062,False
test_0040,10,6,mV_6,58.895,,False,-0.34567888319339685,0.2864434574737031,False
test_0040,10,7,mV_7,61.266,,False,-0.2861314884567138,0.24002084282530317,False
test_0040,10,8,mV_8,63.255,,False,0.0421415111943881,0.11780731607587769,False
test_0040,10,9,mV_9,64.263,,False,-0.1008147534580207,0.07484279028460197,False
test_0040,10,10,mV_10,62.191,,False,-0.0556001430279784,0.05339681976163918,False
test_0040,10,11,mV_11,61.043,,False,0.0015722395325792331,0.020434656314278363,False
test_0040,10,12,mV_12,57.97,,False,0.022994003163976588,0.023899093527621186,False
test_0040,10,13,mV_13,52.712,,False,0.048036128249952334,0.03051986215593561,False
test_0040,10,14,mV_14,48.149,,False,0.003013188959861176,0.05930674232339893,False
test_0040,10,15,mV_15,41.297,,False,-0.183164463123921,0.22716768355835246,False
test_0040,10,16,mV_16,35.568,,False,-0.5393286190257066,0.3962158265170379,False
test_0040,10,17,mV_17,28.658,,False,0.32304160489281725,0.504414309420117,False
test_0040,10,18,mV_18,16.112,,False,0.832245408869127,0.5901453125545745,False
test_0040,10,19,mV_19,17.325,,False,-0.3730488275872265,0.507409229410449,False
test_0040,10,20,mV_20,23.849,,False,0.45129385359821567,0.31890913369591445,False
test_0040,11,0,mV_0,42.087,,False,0.16952980535559595,0.13986036248939965,False
test_0040,11,1,mV_1,33.112,,False,-0.22038183924640664,0.337120717057786,False
test_0040,11,2,mV_2,31.25,,False,0.7381893843827347,0.6348258072559008,False
test_0040,11,3,mV_3,40.868,,False,0.8425426210117268,0.808834499495974,False
test_0040,11,4,mV_4,49.184,,False,0.8120633715777077,0.7915693060994157,False
test_0040,11,5,mV_5,56.532,,False,0.6996078602305205,0.5528197730096871,False
test_0040,11,6,mV_6,,60.05630188940174,True,,,False
test_0040,11,7,mV_7,64.516,,False,0.8654813133814484,0.4327406566907242,False
test_0040,11,8,mV_8,,64.1266151802869,True,,,False
test_0040,11,9,mV_9,67.297,,False,0.9120063127394465,0.6767933584853968,False
test_0040,11,10,mV_10,64.96,,False,0.8831608084626942,0.8715710890323216,False
test_0040,11,11,mV_11,63.351,,False,0.8079564264644519,0.7731545130016001,False
test_0040,11,12,mV_12,59.496,,False,0.5935443906148025,0.6416787082870066,False
test_0040,11,13,mV_13,54.031,,False,0.5716696254539697,0.43422091038068544,False
test_0040,11,14,mV_14,,49.80589407489617,True,,,False
test_0040,11,15,mV_15,44.768,,False,1.53511621661425,1.1498795339086818,False
test_0040,11,16,mV_16,39.486,,False,1.5292857024062274,1.5598914359468063,False
test_0040,11,17,mV_17,31.289,,False,1.6458781223605206,1.4939918301657351,False
test_0040,11,18,mV_18,16.832,,False,1.1549253735356722,0.9889322173579662,False
test_0040,11,19,mV_19,,18.27689281142841,True,,,False
test_0040,11,20,mV_20,,23.506787804327853,True,,,False
test_0040,12,0,mV_0,43.328,,False,0.6698543914347682,0.37714079024082303,False
test_0040,12,1,mV_1,34.162,,False,0.1688543780937556,0.5358050752455733,False
test_0040,12,2,mV_2,32.174,,False,1.1356571533600137,0.9416934332683593,False
test_0040,12,3,mV_3,41.928,,False,1.3266050482596543,1.276560377963734,False
test_0040,12,4,mV_4,50.431,,False,1.3173742619756135,1.3450208369682628,False
test_0040,12,5,mV_5,58.393,,False,1.4187297756621702,1.4036233050732831,False
test_0040,12,6,mV_6,63.658,,False,1.459659406993179,1.4578561592080488,False
test_0040,12,7,mV_7,66.288,,False,1.493376047183667,1.4951019485675427,False
test_0040,12,8,mV_8,67.651,,False,1.533996292909657,1.1403421582507454,False
test_0040,12,9,mV_9,,67.60081128150676,True,,,False
test_0040,12,10,mV_10,65.05,,False,0.9136730820756104,0.701538154955661,False
test_0040,12,11,mV_11,63.84,,False,0.9788064556714231,0.9340679468093139,False
test_0040,12,12,mV_12,60.222,,False,0.8649857938187989,0.882539034275912,False
test_0040,12,13,mV_13,54.66,,False,0.821378093794627,0.6269354953520132,False
test_0040,12,14,mV_14,,49.32957973548541,True,,,False
test_0040,12,15,mV_15,43.033,,False,0.6762233962899282,0.3600887453960121,False
test_0040,12,16,mV_16,36.756,,False,0.08790818900419203,0.23180166339227304,False
test_0040,12,17,mV_17,28.165,,False,0.07516687927077982,0.12521689636372782,False
test_0040,12,18,mV_18,13.669,,False,-0.2626256379091596,0.15073976123411076,False
test_0040,12,19,mV_19,18.138,,False,0.0025408898473439972,0.15329009185664672,False
test_0040,12,20,mV_20,22.223,,False,-0.3454529498227393,0.17336169737320564,False
test_0041,1,0,mV_0,30.271,,False,-1.7541597695652533,1.264555271615775,False
test_0041,1,1,mV_1,24.148,,False,-1.5499015473325937,1.4906212465377102,False
test_0041,1,2,mV_2,21.701,,False,-1.1085221219203993,1.166642811396749,False
test_0041,1,3,mV_3,29.256,,False,-0.8996254544136041,0.9433820542657159,False
test_0041,1,4,mV_4,38.609,,False,-0.8657551863152555,0.8524897897207924,False
test_0041,1,5,mV_5,46.279,,False,-0.7788233318390545,0.8290066494282902,False
test_0041,1,6,mV_6,51.949,,False,-0.8926247477197959,0.9200222684271199,False
test_0041,1,7,mV_7,55.533,,False,-1.116016246429833,1.085194201539126,False
test_0041,1,8,mV_8,56.211,,False,-1.216119565577042,1.2415945209996146,False
test_0041,1,9,mV_9,55.722,,False,-1.418122706414541,1.4295837794178168,False
test_0041,1,10,mV_10,51.353,,False,-1.6659701392651434,1.5847682681346207,False
test_0041,1,11,mV_11,44.211,,False,-1.5890100875936546,1.595212416033921,False
test_0041,1,12,mV_12,36.96,,False,-1.5368593496832315,1.5697712384129183,False
test_0041,1,13,mV_13,31.619,,False,-1.6163561666915556,1.5230904091113382,False
test_0041,1,14,mV_14,27.946,,False,-1.3227899533790106,1.3774205246487712,False
test_0041,1,15,mV_15,25.552,,False,-1.2477460251455081,1.1931501580122121,False
test_0041,1,16,mV_16,26.31,,False,-0.9543186283788214,1.0213212543432888,False
test_0041,1,17,mV_17,29.611,,False,-0.9289017354700044,0.7030305248297075,False
test_0041,1,18,mV_18,,33.909297761671866,True,,,False
test_0041,1,19,mV_19,35.676,,False,-0.8456543391930857,0.5206442548566339,False
test_0041,1,20,mV_20,35.728,,False,-0.39126834104036395,0.4070477553184534,False
test_0041,2,0,mV_0,34.434,,False,-0.07579453842295372,0.1150031103607665,False
test_0041,2,1,mV_1,27.497,,False,-0.3084233645971586,0.24402916424090523,False
test_0041,2,2,mV_2,23.619,,False,-0.2834753893463501,0.3298125639557162,False
test_0041,2,3,mV_3,30.254,,False,-0.44387611253300596,0.450387314592253,False
test_0041,2,4,mV_4,39.19,,False,-0.63032164395665,0.603543525244599,False
test_0041,2,5,mV_5,46.458,,False,-0.70965470053209,0.7120638486698153,False
test_0041,2,6,mV_6,52.197,,False,-0.7986243496584313,0.7886706122626592,False
test_0041,2,7,mV_7,56.29,,False,-0.847779049201684,0.8148210104104158,False
test_0041,2,8,mV_8,57.54,,False,-0.7651015935798635,0.5944955590903528,False
test_0041,2,9,mV_9,,58.83143936386636,True,,,False
test_0041,2,10,mV_10,54.419,,False,-0.6265186848518507,0.4091659539132728,False
test_0041,2,11,mV_11,47.661,,False,-0.38362644594939,0.4424285453314653,False
test_0041,2,12,mV_12,40.065,,False,-0.3759426045752306,0.4534434615333147,False
test_0041,2,13,mV_13,33.982,,False,-0.6782621910334078,0.5619305746945724,False
test_0041,2,14,mV_14,29.688,,False,-0.5152553121362435,0.5844299946365679,False
test_0041,2,15,mV_15,26.802,,False,-0.6289471632403763,0.6009545744673199,False
test_0041,2,16,mV_16,26.923,,False,-0.6306686592522837,0.6493641232696001,False
test_0041,2,17,mV_17,30.052,,False,-0.7071720113334572,0.6839093599072799,False
test_0041,2,18,mV_18,34.685,,False,-0.6906247577099213,0.6885914141858444,False
test_0041,2,19,mV_19,36.065,,False,-0.6659441299900773,0.7005886691895006,False
test_0041,2,20,mV_20,34.935,,False,-0.7798416590679261,0.5564068620314824,False
test_0041,3,0,mV_0,36.189,,False,0.6317555410040803,0.5517363831522102,False
test_0041,3,1,mV_1,30.874,,False,0.9434344506006803,0.8166681371345552,False
test_0041,3,2,mV_2,26.017,,False,0.7480481063327798,0.8060192813854148,False
test_0041,3,3,mV_3,32.944,,False,0.7845464622754191,0.7934953374615563,False
test_0041,3,4,mV_4,42.86,,False,0.8568403189626073,0.8970290161134263,False
test_0041,3,5,mV_5,51.115,,False,1.0898889642530718,0.7591545618671878,False
test_0041,3,6,mV_6,,57.40859335852064,True,,,False
test_0041,3,7,mV_7,62.208,,False,1.2492192773454636,0.9183736958661533,False
test_0041,3,8,mV_8,63.257,,False,1.1750562287736859,1.169802919475841,False
test_0041,3,9,mV_9,63.205,,False,1.079879943010529,0.960329964192282,False
test_0041,3,10,mV_10,57.761,,False,0.506503741974384,0.5803465597568784,False
test_0041,3,11,mV_11,49.413,,False,0.22849881206821687,0.2731697646706045,False
test_0041,3,12,mV_12,41.416,,False,0.12917769257160017,0.1217135493028543,False
test_0041,3,13,mV_13,,36.882731887341365,True,,,False
test_0041,3,14,mV_14,32.742,,False,0.9004799314661751,0.8408876872537969,False
test_0041,3,15,mV_15,31.229,,False,1.5625908860828377,1.6890238334682772,False
test_0041,3,16,mV_16,33.289,,False,2.7304336302412584,2.5265764434118845,True
test_0041,3,17,mV_17,37.59,,False,3.082847627082184,2.864238234332182,True
test_0041,3,18,mV_18,41.94,,False,2.560824052923101,2.4825554798116887,True
test_0041,3,19,mV_19,41.242,,False,1.7257261863183682,2.0328248799745094,True
test_0041,3,20,mV_20,40.851,,False,2.1190230943382002,1.490943093748692,False
test_0041,4,0,mV_0,40.497,,False,2.3685793257172754,1.6567482904777213,False
test_0041,4,1,mV_1,33.427,,False,1.8898345104763348,2.1903674699296545,False
test_0041,4,2,mV_2,30.353,,False,2.613221533048672,2.6043729994677784,False
test_0041,4,3,mV_3,38.455,,False,3.301214421297435,3.068514427366818,False
test_0041,4,4,mV_4,48.293,,False,3.0584073338237308,3.0863326443953385,False
test_0041,4,5,mV_5,55.87,,False,2.9273014886364583,2.906344158950686,False
test_0041,4,6,mV_6,61.46,,False,2.712366324706098,2.680066679095061,False
test_0041,4,7,mV_7,65.366,,False,2.3682325783315896,2.445875691703228,False
test_0041,4,8,mV_8,66.674,,False,2.3346712854436347,2.3143657457884252,False
test_0041,4,9,mV_9,66.62,,False,2.219887833934842,2.114596357870961,False
test_0041,4,10,mV_10,61.234,,False,1.6839384781705253,1.794368412748785,False
test_0041,4,11,mV_11,53.309,,False,1.5897088607192464,1.6300582573053242,False
test_0041,4,12,mV_12,45.502,,False,1.6568768296122776,1.5867817051532014,False
test_0041,4,13,mV_13,39.327,,False,1.4436643006690042,1.6184513210230234,False
test_0041,4,14,mV_14,34.962,,False,1.9295998531418073,1.8906174827713493,False
test_0041,4,15,mV_15,32.637,,False,2.2596059241327784,2.432745353196508,True
test_0041,4,16,mV_16,34.334,,False,3.282169711378669,3.05060815153859,True
test_0041,4,17,mV_17,38.178,,False,3.3784872592642445,3.2162086884568453,True
test_0041,4,18,mV_18,42.531,,False,2.8256905239202217,2.776674818082171,True
test_0041,4,19,mV_19,42.002,,False,2.0768309652239956,2.31281421353997,True
test_0041,4,20,mV_20,41.163,,False,2.2719043997916666,1.6551599412018323,False
test_0041,5,0,mV_0,34.646,,False,0.009675898522079581,0.02958225164909288,False
test_0041,5,1,mV_1,28.596,,False,0.09897720955221236,0.18299881598219517,False
test_0041,5,2,mV_2,23.059,,False,-0.5243649463022764,0.5977998862458213,False
test_0041,5,3,mV_3,28.503,,False,-1.24349244282652,0.7528374579888291,False
test_0041,5,4,mV_4,,39.64782833453168,True,,,False
test_0041,5,5,mV_5,47.048,,False,-0.4816687090733716,0.2746631268228815,False
test_0041,5,6,mV_6,53.947,,False,-0.1353150891447828,0.2069840335087938,False
test_0041,5,7,mV_7,58.896,,False,0.07563724667223788,0.1218312049594727,False
test_0041,5,8,mV_8,60.386,,False,0.2007352373486322,0.12786296921543688,False
test_0041,5,9,mV_9,60.073,,False,0.03434415549224525,0.10702184278006947,False
test_0041,5,10,mV_10,56.735,,False,0.15866382278715518,0.19718859778091247,False
test_0041,5,11,mV_11,50.01,,False,0.4370825900570942,0.37649550683919925,False
test_0041,5,12,mV_12,42.336,,False,0.4731530244554534,0.3716020673470879,False
test_0041,5,13,mV_13,35.431,,False,-0.10301963042035052,0.20937514939298305,False
test_0041,5,14,mV_14,30.458,,False,-0.1583083122757778,0.18058816455397436,False
test_0041,5,15,mV_15,27.461,,False,-0.3027164032439914,0.24155508522113042,False
test_0041,5,16,mV_16,27.734,,False,-0.20247922212076108,0.19244230650338723,False
test_0041,5,17,mV_17,31.335,,False,-0.0620943785280354,0.10015386776989535,False
test_0041,5,18,mV_18,36.391,,False,0.07394749190274953,0.060408747608066436,False
test_0041,5,19,mV_19,37.575,,False,0.03164562809873129,0.05776863734102996,False
test_0041,5,20,mV_20,36.335,,False,-0.09383580126390773,0.05482930765663668,False
test_0041,6,0,mV_0,37.011,,False,0.9631550653852898,0.8488497063400419,False
test_0041,6,1,mV_1,32.292,,False,1.4690886945895878,0.9753331136411163,False
test_0041,6,2,mV_2,,24.7032988214642,True,,,False
test_0041,6,3,mV_3,31.166,,False,-0.027399760032901063,0.0428251568787998,False
test_0041,6,4,mV_4,40.458,,False,-0.11650110744939707,0.08273076637750618,False
test_0041,6,5,mV_5,48.112,,False,-0.07052109057832953,0.06969229623562333,False
test_0041,6,6,mV_6,54.248,,False,-0.021225896336437195,0.04148305407181106,False
test_0041,6,7,mV_7,58.832,,False,0.05295933303604034,0.061523123142575756,False
test_0041,6,8,mV_8,60.145,,False,0.11894793016178515,0.117519707246723,False
test_0041,6,9,mV_9,60.507,,False,0.17922363562728136,0.2753851773579086,False
test_0041,6,10,mV_10,58.108,,False,0.6241455080152865,0.5867750212338623,False
test_0041,6,11,mV_11,51.391,,False,0.919585433277595,0.8306734687336619,False
test_0041,6,12,mV_12,43.369,,False,0.8593775003641707,0.7099535694247294,False
test_0041,6,13,mV_13,36.198,,False,0.2014738436929813,0.31946367502043144,False
test_0041,6,14,mV_14,30.833,,False,0.015529512331592336,0.10584260934192685,False
test_0041,6,15,mV_15,28.458,,False,0.19083756901154142,0.45113191002210573,False
test_0041,6,16,mV_16,30.783,,False,1.4073229897337478,1.272699702797952,False
test_0041,6,17,mV_17,35.606,,False,2.085315262712771,1.8539712034764535,False
test_0041,6,18,mV_18,40.327,,False,1.8379312987465233,1.658406759447268,False
test_0041,6,19,mV_19,39.395,,False,0.8724491775832539,1.117250555235145,False
test_0041,6,20,mV_20,38.335,,False,0.8861725670275494,0.6611985779095881,False
test_0041,7,0,mV_0,30.727,,False,-1.5703176976457507,1.1122099466784556,False
test_0041,7,1,mV_1,24.8,,False,-1.3082043914223207,1.0536717188735514,False
test_0041,7,2,mV_2,24.213,,False,-0.0279603950038127,0.5486986432735207,False
test_0041,7,3,mV_3,33.045,,False,0.8306693916641367,0.6111072413064574,False
test_0041,7,4,mV_4,42.609,,False,0.7551297868937435,0.7007226027141338,False
test_0041,7,5,mV_5,49.49,,False,0.461961445404911,0.45027539540951916,False
test_0041,7,6,mV_6,53.982,,False,-0.122048903934511,0.17651481331848326,False
test_0041,7,7,mV_7,,57.913083850244796,True,,,False
test_0041,7,8,mV_8,57.453,,False,-0.7946264721078942,0.3973132360539471,False
test_0041,7,9,mV_9,,58.95123775582654,True,,,False
test_0041,7,10,mV_10,53.41,,False,-0.9685951745788611,0.705546628179642,False
test_0041,7,11,mV_11,46.226,,False,-0.8849961635608455,0.8985565349404085,False
test_0041,7,12,mV_12,38.782,,False,-0.8556386380610821,0.9529167207414695,False
test_0041,7,13,mV_13,32.629,,False,-1.2153934432828681,1.1331817087946465,False
test_0041,7,14,mV_14,28.111,,False,-1.246301310551768,1.2396780810172643,False
test_0041,7,15,mV_15,25.546,,False,-1.2507162596826529,1.0732175492913199,False
test_0041,7,16,mV_16,27.085,,False,-0.5451363672482052,0.6358403403616368,False
test_0041,7,17,mV_17,31.056,,False,-0.20237236726748392,0.29360314429924383,False
test_0041,7,18,mV_18,35.725,,False,-0.22453147541380233,0.26385920095567006,False
test_0041,7,19,mV_19,36.632,,False,-0.4040014857275917,0.2602773800228842,False
test_0041,7,20,mV_20,36.509,,False,-0.008575073222551093,0.10528790804317348,False
test_0041,8,0,mV_0,33.599,,False,-0.41243517450362216,0.24467783253661296,False
test_0041,8,1,mV_1,27.914,,False,-0.1538409811392075,0.18056698409942884,False
test_0041,8,2,mV_2,24.273,,False,-0.002150799615678157,0.04181895842871604,False
test_0041,8,3,mV_3,31.246,,False,0.009133253344300355,0.010118939461935329,False
test_0041,8,4,mV_4,40.795,,False,0.02005845154346245,0.02037899261916318,False
test_0041,8,5,mV_5,48.211,,False,-0.03226581404542747,0.0765812223943626,False
test_0041,8,6,mV_6,53.719,,False,-0.22173480994313302,0.22298135981112266,False
test_0041,8,7,mV_7,57.508,,False,-0.4161900053127971,0.3749681532645093,False
test_0041,8,8,mV_8,58.481,,False,-0.44575779248930986,0.43567938466169476,False
test_0041,8,9,mV_9,58.667,,False,-0.43501194835536217,0.4401457083559648,False
test_0041,8,10,mV_10,54.955,,False,-0.44480114422382483,0.41981039951009524,False
test_0041,8,11,mV_11,47.744,,False,-0.35462736123736927,0.34286767740574386,False
test_0041,8,12,mV_12,40.489,,False,-0.21741484292441204,0.20674321656415248,False
test_0041,8,13,mV_13,35.596,,False,-0.03751581917041662,0.21652782561739162,False
test_0041,8,14,mV_14,32.037,,False,0.5736648212043212,0.3725092650676674,False
test_0041,8,15,mV_15,28.689,,False,0.30519159869161067,0.3203649488980464,False
test_0041,8,16,mV_16,28.302,,False,0.09741177700464324,0.12908894465733178,False
test_0041,8,17,mV_17,31.491,,False,0.016340625928429997,0.06042162916050429,False
test_0041,8,18,mV_18,35.977,,False,-0.11159348778051392,0.09863047054435034,False
test_0041,8,19,mV_19,37.171,,False,-0.15499428068794355,0.10539551228910025,False
test_0041,8,20,mV_20,,35.37500248185305,True,,,False
test_0042,1,0,mV_0,33.636,,False,-0.7313386258094756,0.6237236574722818,False
test_0042,1,1,mV_1,24.918,,False,-1.032217378270176,0.7524982560178376,False
test_0042,1,2,mV_2,32.324,,False,-0.21421964172152272,0.38902478979029087,False
test_0042,1,3,mV_3,40.45,,False,0.095442497447942,0.1243737700225801,False
test_0042,1,4,mV_4,48.168,,False,0.0923904434729137,0.09773295904459553,False
test_0042,1,5,mV_5,53.113,,False,-0.11070845178461272,0.16160239048920982,False
test_0042,1,6,mV_6,55.804,,False,-0.3326022149147001,0.19397822040350324,False
test_0042,1,7,mV_7,,61.18186883492853,True,,,False
test_0042,1,8,mV_8,61.513,,False,-0.41453608186196594,0.28638425473744356,False
test_0042,1,9,mV_9,61.799,,False,-0.3164648552258424,0.3425120823636583,False
test_0042,1,10,mV_10,60.006,,False,-0.32258253714098245,0.29137424722473626,False
test_0042,1,11,mV_11,59.451,,False,-0.2038670593911378,0.20072424352933527,False
test_0042,1,12,mV_12,56.912,,False,0.07258031819408294,0.08869602282834703,False
test_0042,1,13,mV_13,52.144,,False,0.005756395534084422,0.045418518702130414,False
test_0042,1,14,mV_14,47.963,,False,-0.09758096554626988,0.1765264293714935,False
test_0042,1,15,mV_15,41.091,,False,-0.5051873908593497,0.3955857954052283,False
test_0042,1,16,mV_16,35.215,,False,-0.47438743435594405,0.5685025717333476,False
test_0042,1,17,mV_17,28.273,,False,-0.8200480273621528,0.7203801637724201,False
test_0042,1,18,mV_18,16.099,,False,-0.7670371660094311,0.9405593286953667,False
test_0042,1,19,mV_19,13.398,,False,-1.408114955400452,1.021992846620109,False
test_0042,1,20,mV_20,22.302,,False,-0.5047043096701002,0.6043808936851631,False
test_0042,2,0,mV_0,35.475,,False,0.010077098444833435,0.008791898461053866,False
test_0042,2,1,mV_1,27.743,,False,0.015013396954548593,0.014972812204541833,False
test_0042,2,2,mV_2,32.868,,False,0.019787356464236707,0.03830681150036706,False
test_0042,2,3,mV_3,40.025,,False,-0.09863913611844626,0.1473659878239738,False
test_0042,2,4,mV_4,47.021,,False,-0.3723983225947661,0.2850992989015806,False
test_0042,2,5,mV_5,52.631,,False,-0.29696141429834405,0.24158028779786356,False
test_0042,2,6,mV_6,,55.27363388912102,True,,,False
test_0042,2,7,mV_7,57.651,,False,-1.4219528147965554,0.9598592555648917,False
test_0042,2,8,mV_8,59.801,,False,-0.9955313926664562,0.9879517577155177,False
test_0042,2,9,mV_9,61.133,,False,-0.538791430732603,0.6083321488488096,False
test_0042,2,10,mV_10,59.895,,False,-0.36021434126357627,0.38428928099088183,False
test_0042,2,11,mV_11,59.239,,False,-0.27793701070377175,0.27210088133228205,False
test_0042,2,12,mV_12,56.257,,False,-0.1723151626580083,0.2375712221667964,False
test_0042,2,13,mV_13,51.304,,False,-0.3277175526473973,0.27015658920374747,False
test_0042,2,14,mV_14,47.628,,False,-0.252876088862187,0.2675864836772642,False
test_0042,2,15,mV_15,42.59,,False,0.23687620433728543,0.18165712438418946,False
test_0042,2,16,mV_16,,35.93538565753323,True,,,False
test_0042,2,17,mV_17,30.515,,False,0.3072037674544918,0.2988638886543896,False
test_0042,2,18,mV_18,19.107,,False,0.581048019708575,0.619797006549389,False
test_0042,2,19,mV_19,14.26,,False,-1.0098882193259142,0.7105991302860617,False
test_0042,2,20,mV_20,23.825,,False,0.24157206278384363,0.3732580862234004,False
test_0042,3,0,mV_0,32.133,,False,-1.3372917707546783,0.8306886296676428,False
test_0042,3,1,mV_1,25.954,,False,-0.6481709771612146,0.7359447574144654,False
test_0042,3,2,mV_2,33.543,,False,0.3101453045807542,0.33903520460700215,False
test_0042,3,3,mV_3,40.049,,False,-0.08767923210528555,0.2332170053492521,False
test_0042,3,4,mV_4,46.836,,False,-0.4473642526056831,0.35626208399694254,False
test_0042,3,5,mV_5,52.254,,False,-0.4426405986711184,0.4748726480724316,False
test_0042,3,6,mV_6,55.186,,False,-0.5668451423418066,0.7571892861499825,False
test_0042,3,7,mV_7,57.565,,False,-1.4524262612451981,1.1341997933926151,False
test_0042,3,8,mV_8,59.596,,False,-1.0651015087382576,1.13893133154312,False
test_0042,3,9,mV_9,59.832,,False,-0.9730960474507672,0.9770462338070758,False
test_0042,3,10,mV_10,58.312,,False,-0.8968913315885113,0.9046271143604177,False
test_0042,3,11,mV_11,57.597,,False,-0.8516297468138808,0.7857468105275098,False
test_0042,3,12,mV_12,55.266,,False,-0.5428364168937663,0.5541467530508511,False
test_0042,3,13,mV_13,51.426,,False,-0.2792844316019912,0.30751131757680045,False
test_0042,3,14,mV_14,47.896,,False,-0.128639990209453,0.2296217673971859,False
test_0042,3,15,mV_15,41.34,,False,-0.3819226575678464,0.23849865969812992,False
test_0042,3,16,mV_16,36.23,,False,0.06150933344737387,0.12636102823817502,False
test_0042,3,17,mV_17,29.903,,False,-0.0005027884901060086,0.01758945655886312,False
test_0042,3,18,mV_18,17.828,,False,0.007842915807866585,0.22348764184247522,False
test_0042,3,19,mV_19,14.546,,False,-0.8777619472640616,0.6178557141066418,False
test_0042,3,20,mV_20,21.887,,False,-0.7080560460905773,0.573468509861304,False
test_0042,4,0,mV_0,,32.99018922938576,True,,,False
test_0042,4,1,mV_1,26.412,,False,-0.47838984616902946,0.27145691731968324,False
test_0042,4,2,mV_2,33.122,,False,0.12904797694067413,0.4542374176702833,False
test_0042,4,3,mV_3,37.875,,False,-1.0804638706307554,0.829100281871696,False
test_0042,4,4,mV_4,45.407,,False,-1.0264254092845992,1.0637224605241093,False
test_0042,4,5,mV_5,50.497,,False,-1.121575152896483,1.5836582623613373,False
test_0042,4,6,mV_6,48.595,,False,-3.0650573343677836,2.7660977032611562,False
test_0042,4,7,mV_7,50.904,,False,-3.812700991412575,3.8337994556600425,False
test_0042,4,8,mV_8,49.048,,False,-4.644738505447236,4.859037159610281,False
test_0042,4,9,mV_9,43.773,,False,-6.333970636134078,4.328169944428848,False
test_0042,4,10,mV_10,,44.076269916322715,True,,,False
test_0042,4,11,mV_11,43.05,,False,-5.9341560757991285,4.38101069199031,True
test_0042,4,12,mV_12,41.591,,False,-5.655730616362986,5.832631095212132,True
test_0042,4,13,mV_13,36.802,,False,-6.084907072323428,6.210931354014644,True
test_0042,4,14,mV_14,33.034,,False,-7.018180655048733,6.277753721319779,True
test_0042,4,15,mV_15,32.032,,False,-4.989746502858222,4.868141592304119,True
test_0042,4,16,mV_16,31.426,,False,-2.4748927084513013,2.484882979940206,False
test_0042,4,17,mV_17,,24.17180856840052,True,,,False
test_0042,4,18,mV_18,,11.874421281740782,True,,,False
test_0042,4,19,mV_19,10.749,,False,-2.6318999018754505,2.4229919039689616,False
test_0042,4,20,mV_20,14.295,,False,-4.428167812124946,2.872058881531336,False
test_0042,5,0,mV_0,35.835,,False,0.15521557627601942,0.11907998034270552,False
test_0042,5,1,mV_1,28.15,,False,0.16588876881878323,0.14841819371280324,False
test_0042,5,2,mV_2,32.574,,False,-0.10667966093762703,0.2165126234863145,False
test_0042,5,3,mV_3,41.307,,False,0.4868024032512207,0.4256760742880812,False
test_0042,5,4,mV_4,49.476,,False,0.6224198297122563,0.7048997355638567,False
test_0042,5,5,mV_5,56.215,,False,1.0879568795796934,1.0435092487942377,False
test_0042,5,6,mV_6,60.311,,False,1.3757034063053073,1.059062604874228,False
test_0042,5,7,mV_7,62.784,,False,0.39688672730660407,0.7025077446022163,False
test_0042,5,8,mV_8,64.622,,False,0.6405541174903499,0.63398045943533,False
test_0042,5,9,mV_9,65.317,,False,0.8579268754540164,0.5891019670995956,False
test_0042,5,10,mV_10,,62.33125784927325,True,,,False
test_0042,5,11,mV_11,62.824,,False,0.9746138169178759,0.6659426523673974,False
test_0042,5,12,mV_12,58.629,,False,0.7145429756338378,0.7326769260377328,False
test_0042,5,13,mV_13,53.457,,False,0.5270079359653794,0.5962179704348146,False
test_0042,5,14,mV_14,49.503,,False,0.6163130341746615,0.5123698478077666,False
test_0042,5,15,mV_15,42.697,,False,0.28984538691636413,0.3117383998080099,False
test_0042,5,16,mV_16,36.017,,False,-0.05094979122464978,0.6188251180907659,False
test_0042,5,17,mV_17,25.76,,False,-2.0835555029973998,1.6699039860864573,False
test_0042,5,18,mV_18,12.318,,False,-2.46155514712638,2.4245402788862798,True
test_0042,5,19,mV_19,22.272,,False,2.691495318294959,1.9923742126683646,False
test_0042,5,20,mV_20,23.587,,False,0.12495106695716052,0.73534936305232,False
test_0042,6,0,mV_0,19.105,,False,-6.5896920184899415,3.2948460092449707,False
test_0042,6,1,mV_1,,13.639709077099194,True,,,False
test_0042,6,2,mV_2,19.981,,False,-5.523683572984032,4.783944076920158,False
test_0042,6,3,mV_3,22.529,,False,-8.088409161712569,7.796885411150361,False
test_0042,6,4,mV_4,24.528,,False,-9.487039748192272,9.335246478001457,False
test_0042,6,5,mV_5,26.8,,False,-10.278497253908712,9.66339973513632,False
test_0042,6,6,mV_6,33.967,,False,-8.609564684535584,7.5881466457524915,False
test_0042,6,7,mV_7,69.721,,False,2.8549599600300875,4.157091010532461,False
test_0042,6,8,mV_8,69.538,,False,2.308879437534087,2.3675799444474106,False
test_0042,6,9,mV_9,68.731,,False,1.9976009426913808,2.192071610605519,False
test_0042,6,10,mV_10,68.226,,False,2.4642051195052264,2.450758708260219,False
test_0042,6,11,mV_11,68.269,,False,2.877023651339042,4.586696002931825,False
test_0042,6,12,mV_12,29.628,,False,-10.128531589543993,8.337723729459302,True
test_0042,6,13,mV_13,26.394,,False,-10.216808087410186,9.981147357546254,True
test_0042,6,14,mV_14,27.977,,False,-9.362441665820649,8.747581633600442,True
test_0042,6,15,mV_15,29.893,,False,-6.048635115350281,6.445103146376235,True
test_0042,6,16,mV_16,27.93,,False,-4.320700688983726,4.1881187199326755,False
test_0042,6,17,mV_17,25.802,,False,-2.062438386412968,2.7744008553532056,False
test_0042,6,18,mV_18,23.728,,False,2.6520259596031592,2.4878170625814566,False
test_0042,6,19,mV_19,22.041,,False,2.58477794470654,2.3556063796550832,False
test_0042,6,20,mV_20,20.065,,False,-1.6008436696040937,1.446616320978682,False
test_0042,7,0,mV_0,35.031,,False,-0.16892702421363068,0.2367753509636148,False
test_0042,7,1,mV_1,26.059,,False,-0.6092473554271979,0.4372965576062633,False
test_0042,7,2,mV_2,31.981,,False,-0.3617644953570266,0.33330825220211624,False
test_0042,7,3,mV_3,40.24,,False,-0.00045666266721373997,0.17120717727918586,False
test_0042,7,4,mV_4,48.735,,False,0.32215088842528933,0.36835738898250686,False
test_0042,7,5,mV_5,55.544,,False,0.828671116412235,0.7431878399090135,False
test_0042,7,6,mV_6,59.302,,False,0.9932582383862949,0.7160159014474321,False
test_0042,7,7,mV_7,61.526,,False,-0.048876012604903624,0.29468412078263584,False
test_0042,7,8,mV_8,62.993,,False,0.08772621953444129,0.05875270241402323,False
test_0042,7,9,mV_9,62.779,,False,0.010682357982306722,0.037655382534714024,False
test_0042,7,10,mV_10,60.835,,False,-0.04153059463980136,0.09650135176007327,False
test_0042,7,11,mV_11,59.198,,False,-0.29226185977838365,0.15651357854914216,False
test_0042,7,12,mV_12,,56.2877518522456,True,,,False
test_0042,7,13,mV_13,51.761,,False,-0.14629184512485202,0.0844453811619049,False
test_0042,7,14,mV_14,48.076,,False,-0.04519783439791557,0.14636063812260452,False
test_0042,7,15,mV_15,41.407,,False,-0.3487550385697349,0.3177372528073079,False
test_0042,7,16,mV_16,35.113,,False,-0.5282410996918462,0.8881617197985584,False
test_0042,7,17,mV_17,25.633,,False,-2.1474096412408064,1.8515171706668463,False
test_0042,7,18,mV_18,12.047,,False,-2.583008300493926,2.1965545984358266,True
test_0042,7,19,mV_19,19.634,,False,1.4727921515146474,1.6000775117796178,False
test_0042,7,20,mV_20,21.553,,False,-0.8717174435952505,0.8040567596762871,False
test_0042,8,0,mV_0,,35.41400973560768,True,,,False
test_0042,8,1,mV_1,27.514,,False,-0.06987716854154398,0.06806089835221195,False
test_0042,8,2,mV_2,32.514,,False,-0.13248925632575984,0.08816638130361265,False
test_0042,8,3,mV_3,40.202,,False,-0.01780984402138697,0.08923551093684565,False
test_0042,8,4,mV_4,47.474,,False,-0.18883309937884882,0.10084939748498514,False
test_0042,8,5,mV_5,53.42,,False,0.007921547160855993,0.06997860388399178,False
test_0042,8,6,mV_6,56.88,,False,0.07523822183540631,0.2739911860137667,False
test_0042,8,7,mV_7,59.018,,False,-0.9375667532233983,0.6529067993460399,False
test_0042,8,8,mV_8,60.786,,False,-0.6612554691019564,0.6641650578801139,False
test_0042,8,9,mV_9,61.559,,False,-0.39658254009314453,0.42475681902127843,False
test_0042,8,10,mV_10,60.236,,False,-0.24460672679686832,0.24088362597721652,False
test_0042,8,11,mV_11,60.257,,False,0.07773851022198501,0.2221998599420803,False
test_0042,8,12,mV_12,58.025,,False,0.48871569252748287,0.37470233604923986,False
test_0042,8,13,mV_13,53.247,,False,0.4436394489200087,0.4462732344025441,False
test_0042,8,14,mV_14,49.056,,False,0.409098347242676,0.45846345283761625,False
test_0042,8,15,mV_15,43.267,,False,0.5720176679451044,0.5273393924287382,False
test_0042,8,16,mV_16,37.167,,False,0.5562238865820681,0.5224282410335788,False
test_0042,8,17,mV_17,30.71,,False,0.4052475230250743,0.6688973848277215,False
test_0042,8,18,mV_18,20.731,,False,1.3088706066786697,0.9404236780002394,False
test_0042,8,19,mV_19,14.847,,False,-0.7387059756185442,0.8569245087406289,False
test_0042,8,20,mV_20,24.641,,False,0.6414154770467574,0.5053842324280148,False
test_0042,9,0,mV_0,37.73,,False,0.9192083970818454,0.5733631168230775,False
test_0042,9,1,mV_1,28.93,,False,0.45503567312861937,0.5101220663996638,False
test_0042,9,2,mV_2,33.313,,False,0.21120852225957137,0.3480278858997749,False
test_0042,9,3,mV_3,41.368,,False,0.5146588259513375,0.46026601418404517,False
test_0042,9,4,mV_4,49.422,,False,0.6005378825739343,0.725846759956313,False
test_0042,9,5,mV_5,56.473,,False,1.1876524487260463,1.1405722535607747,False
test_0042,9,6,mV_6,60.867,,False,1.5864462342170715,1.2459641096070513,False
test_0042,9,7,mV_7,63.423,,False,0.6233115212680157,0.9278798136417546,False
test_0042,9,8,mV_8,65.323,,False,0.8784499778139155,0.8636140253728952,False
test_0042,9,9,mV_9,65.965,,False,1.074244624595734,1.0002820796033192,False
test_0042,9,10,mV_10,63.831,,False,0.9741890914078932,1.0397506507259213,False
test_0042,9,11,mV_11,63.287,,False,1.1363797954921648,1.2330250779767549,False
test_0042,9,12,mV_12,61.225,,False,1.6851516295147968,1.6083718968146141,False
test_0042,9,13,mV_13,56.983,,False,1.9268045327366983,1.908811214938268,False
test_0042,9,14,mV_14,52.696,,False,2.096484164764879,2.0162572411378563,True
test_0042,9,15,mV_15,46.041,,False,1.9452561022849693,1.9124650702146302,False
test_0042,9,16,mV_16,39.263,,False,1.662863911523703,1.6474495337198087,False
test_0042,9,17,mV_17,32.527,,False,1.3188142095468596,1.5206567213684221,False
test_0042,9,18,mV_18,21.787,,False,1.7821345548562666,1.4113375683655984,False
test_0042,9,19,mV_19,14.796,,False,-0.7622669542030006,1.0588065980546058,False
test_0042,9,20,mV_20,25.227,,False,0.9285579289561553,0.6548457030288278,False
test_0042,10,0,mV_0,35.322,,False,-0.05160675463342015,0.1365040110340492,False
test_0042,10,1,mV_1,28.897,,False,0.4428025348693565,0.2467775938639652,False
test_0042,10,2,mV_2,32.706,,False,-0.0498985510837277,0.27139288708887,False
test_0042,10,3,mV_3,39.052,,False,-0.5429719113186681,0.5316520783987662,False
test_0042,10,4,mV_4,45.495,,False,-0.9907659398740006,0.7762738088542611,False
test_0042,10,5,mV_5,51.897,,False,-0.5805914443503755,0.6281498873406505,False
test_0042,10,6,mV_6,55.73,,False,-0.36065072078785054,0.6678507563597316,False
test_0042,10,7,mV_7,57.799,,False,-1.36951013951285,1.0286365696030415,False
test_0042,10,8,mV_8,59.744,,False,-1.0148752785986157,1.0494417389718806,False
test_0042,10,9,mV_9,60.355,,False,-0.7985062591774407,0.9090631567978795,False
test_0042,10,10,mV_10,57.936,,False,-1.0243648302380208,1.0028916600423203,False
test_0042,10,11,mV_11,56.702,,False,-1.1643307205157996,1.0337874688902122,False
test_0042,10,12,mV_12,54.626,,False,-0.7821236042912291,0.6821444822745644,False
test_0042,10,13,mV_13,,50.602525868310835,True,,,False
test_0042,10,14,mV_14,46.095,,False,-0.9635251158571153,0.7283539043977529,False
test_0042,10,15,mV_15,40.119,,False,-0.9863653858767809,0.7475933853755362,False
test_0042,10,16,mV_16,36.011,,False,-0.05411765389146786,0.284962914442304,False
test_0042,10,17,mV_17,29.814,,False,-0.04525096410949929,0.04752712344902436,False
test_0042,10,18,mV_18,17.709,,False,-0.04548891168563098,0.18789652762752315,False
test_0042,10,19,mV_19,17.778,,False,0.6153573230293313,0.3758913747969781,False
test_0042,10,20,mV_20,22.868,,False,-0.22736194144361885,0.26752030147914224,False
test_0042,11,0,mV_0,38.307,,False,1.1518331240501656,0.7911549226852086,False
test_0042,11,1,mV_1,30.025,,False,0.8609534426405034,0.9592170193079359,False
test_0042,11,2,mV_2,35.061,,False,0.9631280679005709,1.0354177623503547,False
test_0042,11,3,mV_3,43.207,,False,1.3544614709597727,1.2350983753390397,False
test_0042,11,4,mV_4,51.07,,False,1.2683424915360428,1.4566289178388905,False
test_0042,11,5,mV_5,58.408,,False,1.9353692173237034,1.9014109476590866,False
test_0042,11,6,mV_6,63.189,,False,2.466562864452897,2.076964254000015,False
test_0042,11,7,mV_7,65.726,,False,1.439362069770563,1.7338470910648678,False
test_0042,11,8,mV_8,67.42,,False,1.5901013602654481,1.5781796326242743,False
test_0042,11,9,mV_9,67.819,,False,1.6931537401956378,1.6300400932097556,False
test_0042,11,10,mV_10,65.511,,False,1.543751532182298,1.591324890029736,False
test_0042,11,11,mV_11,64.57,,False,1.5846427555587104,1.6632947704712338,False
test_0042,11,12,mV_12,61.907,,False,1.9401420385852155,1.8901133258834633,False
test_0042,11,13,mV_13,57.408,,False,2.0955264708047117,2.223688205979883,True
test_0042,11,14,mV_14,54.135,,False,2.763557843724892,2.7201854814893487,True
test_0042,11,15,mV_15,48.693,,False,3.2580997677028973,3.236441612576357,True
test_0042,11,16,mV_16,43.057,,False,3.6660090711747415,3.3726761773678255,True
test_0042,11,17,mV_17,35.673,,False,2.900586799418922,2.942745791936608,True
test_0042,11,18,mV_18,22.951,,False,2.3038004977338464,2.1312514284490485,True
test_0042,11,19,mV_19,18.647,,False,1.0168179189095785,1.5567231174047327,False
test_0042,11,20,mV_20,27.188,,False,1.8894561340659275,1.1989325467603584,False
test_0042,12,0,mV_0,39.543,,False,1.650141897937237,1.087110330999407,False
test_0042,12,1,mV_1,30.53,,False,1.0481575281231543,1.0967412699331072,False
test_0042,12,2,mV_2,34.311,,False,0.6405081255488834,0.826836303098878,False
test_0042,12,3,mV_3,42.383,,False,0.978171433174591,0.8316636127713546,False
test_0042,12,4,mV_4,49.741,,False,0.729803459187353,0.8765069918651311,False
test_0042,12,5,mV_5,56.164,,False,1.0682496159112274,1.0977416013833308,False
test_0042,12,6,mV_6,60.704,,False,1.5246637145235156,1.2333241224333469,False
test_0042,12,7,mV_7,63.966,,False,0.8157194447751295,1.0922071263630488,False
test_0042,12,8,mV_8,66.308,,False,1.2127259013784204,1.131931934256513,False
test_0042,12,9,mV_9,66.601,,False,1.2865564894940815,1.1870405218979188,False
test_0042,12,10,mV_10,63.796,,False,0.9623232072250919,0.9883686641507937,False
test_0042,12,11,mV_11,62.159,,False,0.7422717526589097,0.6117166781357278,False
test_0042,12,12,mV_12,,59.44103452264529,True,,,False
test_0042,12,13,mV_13,,55.39005377921987,True,,,False
test_0042,12,14,mV_14,52.613,,False,2.0580080595851147,1.4325227676408934,False
test_0042,12,15,mV_15,45.372,,False,1.6140749513933443,1.3215394905929507,False
test_0042,12,16,mV_16,,37.63684332206521,True,,,False
test_0042,12,17,mV_17,31.058,,False,0.5802179175818053,0.35951876369052926,False
test_0042,12,18,mV_18,17.191,,False,-0.27763921959850646,0.6868361199847455,False
test_0042,12,19,mV_19,19.935,,False,1.6118481231601636,1.1637013288494695,False
test_0042,12,20,mV_20,25.686,,False,1.1534698494790443,0.979696955529563,False
test_0043,1,0,mV_0,40.209,,False,0.23927690720224828,0.13886857624352517,False
test_0043,1,1,mV_1,31.288,,False,-0.07692049056960405,0.0982794720853641,False
test_0043,1,2,mV_2,,27.8494781920966,True,,,False
test_0043,1,3,mV_3,35.916,,False,0.16942184953677467,0.095955814270025,False
test_0043,1,4,mV_4,46.534,,False,0.04497955800655069,0.09754577448440756,False
test_0043,1,5,mV_5,54.57,,False,-0.13080213238775418,0.244916959188701,False
test_0043,1,6,mV_6,59.888,,False,-0.6730840139727449,0.644699463722985,False
test_0043,1,7,mV_7,62.737,,False,-1.1018276945586962,0.8465745206283962,False
test_0043,1,8,mV_8,63.755,,False,-0.5095586794234475,0.6247500947182925,False
test_0043,1,9,mV_9,63.507,,False,-0.3780553254675789,0.47580158405933537,False
test_0043,1,10,mV_10,56.314,,False,-0.6375370058787362,0.6638798464712912,False
test_0043,1,11,mV_11,47.287,,False,-1.0023900486601134,0.8406522314720892,False
test_0043,1,12,mV_12,40.041,,False,-0.7202918226893942,0.7314292333277862,False
test_0043,1,13,mV_13,35.25,,False,-0.48274323927224294,0.6181131008809407,False
test_0043,1,14,mV_14,31.835,,False,-0.786674102289883,0.6418667058326026,False
test_0043,1,15,mV_15,30.544,,False,-0.5113753794784018,0.5581496289556033,False
test_0043,1,16,mV_16,33.08,,False,-0.42317365457572614,0.46814452562448466,False
test_0043,1,17,mV_17,37.687,,False,-0.5148554138680845,0.6333535493318068,False
test_0043,1,18,mV_18,39.382,,False,-1.0805297150153321,1.015925670130113,False
test_0043,1,19,mV_19,38.38,,False,-1.3877878366217034,1.327731952746852,False
test_0043,1,20,mV_20,38.492,,False,-1.4548224227286697,1.0743581705197607,False
test_0043,2,0,mV_0,39.313,,False,-0.12195663762203766,0.15870441195035231,False
test_0043,2,1,mV_1,32.55,,False,0.3909043725573339,0.4676631648804225,False
test_0043,2,2,mV_2,25.894,,False,-0.9668872767849845,1.0927460844794603,False
test_0043,2,3,mV_3,31.064,,False,-2.0463054117905384,1.7419212337690888,False
test_0043,2,4,mV_4,41.714,,False,-1.9081868347102935,1.8935782233393854,False
test_0043,2,5,mV_5,50.479,,False,-1.7116338121464172,1.7855995325385354,False
test_0043,2,6,mV_6,56.886,,False,-1.8109436711510134,1.7356032060541247,False
test_0043,2,7,mV_7,61.306,,False,-1.608891669768054,1.4899446958949292,False
test_0043,2,8,mV_8,62.513,,False,-0.9310517728925951,1.02911082856636,False
test_0043,2,9,mV_9,62.706,,False,-0.6454480987121961,0.5614623128284429,False
test_0043,2,10,mV_10,58.124,,False,-0.02390128099678425,0.20510684239082583,False
test_0043,2,11,mV_11,49.792,,False,-0.12717670885753868,0.16710124500970452,False
test_0043,2,12,mV_12,40.924,,False,-0.39015028132695656,0.4650649951503507,False
test_0043,2,13,mV_13,34.066,,False,-0.9527827090899509,1.0333243493724567,False
test_0043,2,14,mV_14,29.568,,False,-1.8375816979829687,1.6375457224194978,False
test_0043,2,15,mV_15,27.694,,False,-1.922236784622103,1.8915353970792448,False
test_0043,2,16,mV_16,30.313,,False,-1.8840863210898047,1.934441039627878,False
test_0043,2,17,mV_17,34.639,,False,-2.0473547317097998,1.906452026040389,False
test_0043,2,18,mV_18,38.118,,False,-1.6470123196521518,1.7283743041403148,False
test_0043,2,19,mV_19,37.981,,False,-1.5721178455471567,1.1978120026866164,False
test_0043,2,20,mV_20,,38.01388473854964,True,,,False
test_0043,3,0,mV_0,37.918,,False,-0.6843682392178856,0.3992257605072455,False
test_0043,3,1,mV_1,30.88,,False,-0.22816656359321077,0.5445337176458815,False
test_0043,3,2,mV_2,25.73,,False,-1.0374335041792193,0.8650541926686318,False
test_0043,3,3,mV_3,33.011,,False,-1.157183198722878,1.1547316823577773,False
test_0043,3,4,mV_4,43.296,,False,-1.2671268278061338,1.2773484490319906,False
test_0043,3,5,mV_5,51.239,,False,-1.4179569417928166,1.4321592058655277,False
test_0043,3,6,mV_6,57.375,,False,-1.6255961120703435,1.5960858889678082,False
test_0043,3,7,mV_7,61.006,,False,-1.7151943899377293,1.6109559664933089,False
test_0043,3,8,mV_8,61.167,,False,-1.3878389740274335,1.441811801258698,False
test_0043,3,9,mV_9,60.816,,False,-1.2763748670421955,1.248527427728324,False
test_0043,3,10,mV_10,55.087,,False,-1.053521002801472,1.1571576456120207,False
test_0043,3,11,mV_11,46.592,,False,-1.2452137098029434,1.256928981846695,False
test_0043,3,12,mV_12,37.999,,False,-1.483767504979421,1.5509168972410825,False
test_0043,3,13,mV_13,31.451,,False,-1.9909188692025444,2.0038066677398167,True
test_0043,3,14,mV_14,28.032,,False,-2.5496214275747566,2.163497552039677,True
test_0043,3,15,mV_15,28.418,,False,-1.5638284838066505,1.6635750098364346,False
test_0043,3,16,mV_16,32.031,,False,-0.9770216441576807,1.1228175722415896,False
test_0043,3,17,mV_17,36.775,,False,-0.973398516844346,1.125229251288527,False
test_0043,3,18,mV_18,38.274,,False,-1.5770983273077352,1.5005774747067382,False
test_0043,3,19,mV_19,37.326,,False,-1.8747147273671367,1.8910942227588878,False
test_0043,3,20,mV_20,36.894,,False,-2.237849108993543,1.5876032363385555,False
test_0043,4,0,mV_0,39.772,,False,0.06309492161272313,0.03706164055201373,False
test_0043,4,1,mV_1,31.555,,False,0.022056718982608668,0.06296358104382646,False
test_0043,4,2,mV_2,28.478,,False,0.14464596459736537,0.4401989884794597,False
test_0043,4,3,mV_3,38.719,,False,1.4494473057404995,1.1421983339670083,False
test_0043,4,4,mV_4,50.187,,False,1.5252527597896686,1.47339137505702,False
test_0043,4,5,mV_5,58.515,,False,1.3936126749082427,1.3782396202967764,False
test_0043,4,6,mV_6,64.831,,False,1.2004803715809516,1.195841471712104,False
test_0043,4,7,mV_7,68.637,,False,0.9887924687782704,1.1686253843802266,False
test_0043,4,8,mV_8,69.666,,False,1.4964362283834134,1.3210195100422917,False
test_0043,4,9,mV_9,68.541,,False,1.3024131146240696,1.212584693707152,False
test_0043,4,10,mV_10,60.404,,False,0.7490763171970555,0.7004034771766418,False
test_0043,4,11,mV_11,50.159,,False,0.0010481596883863693,0.2404643818381716,False
test_0043,4,12,mV_12,41.404,,False,-0.21068489077885816,0.17587221010690948,False
test_0043,4,13,mV_13,35.758,,False,-0.2810708991815352,0.263784829076074,False
test_0043,4,14,mV_14,32.923,,False,-0.28231262716236727,0.45114671747861546,False
test_0043,4,15,mV_15,33.514,,False,0.958890716408192,0.5500235149946878,False
test_0043,4,16,mV_16,,37.10903161719759,True,,,False
test_0043,4,17,mV_17,42.468,,False,1.8889763573265557,1.1733892785986069,False
test_0043,4,18,mV_18,43.836,,False,0.9156043997413165,1.1422105914554652,False
test_0043,4,19,mV_19,43.221,,False,0.8486572090126726,0.6532297044416654,False
test_0043,4,20,mV_20,,43.15879678083294,True,,,False
test_0043,5,0,mV_0,37.606,,False,-0.8101549200049126,0.4322776575713463,False
test_0043,5,1,mV_1,31.202,,False,-0.10880079027555978,0.5552269742275835,False
test_0043,5,2,mV_2,25.368,,False,-1.1931513963543017,1.1694877830679986,False
test_0043,5,3,mV_3,30.765,,False,-2.1828475492878314,1.8856011202236191,False
test_0043,5,4,mV_4,41.528,,False,-1.9835579859645118,1.9261780144712253,False
test_0043,5,5,mV_5,50.885,,False,-1.5547485366680465,1.7004148968502357,False
test_0043,5,6,mV_6,57.156,,False,-1.708604528100338,1.6928713685352654,False
test_0043,5,7,mV_7,60.768,,False,-1.799527881272339,1.6254302597327497,False
test_0043,5,8,mV_8,61.738,,False,-1.194060748285983,1.2706159426764942,False
test_0043,5,9,mV_9,61.959,,False,-0.8948143928616716,0.8625894519139353,False
test_0043,5,10,mV_10,56.818,,False,-0.46666827364641456,0.633303255968924,False
test_0043,5,11,mV_11,48.138,,False,-0.7050620837211954,0.7205898643759028,False
test_0043,5,12,mV_12,39.278,,False,-1.0055670164148058,1.042198188779382,False
test_0043,5,13,mV_13,32.807,,False,-1.452596638566721,1.4680286306629162,False
test_0043,5,14,mV_14,29.301,,False,-1.9613542291034174,1.7513672046441089,False
test_0043,5,15,mV_15,28.284,,False,-1.6301637218028806,1.6938135805569183,False
test_0043,5,16,mV_16,30.939,,False,-1.5535726495184947,1.6217532416017961,False
test_0043,5,17,mV_17,35.231,,False,-1.7497039455673142,1.608221389055048,False
test_0043,5,18,mV_18,38.714,,False,-1.3799050155670698,1.495692027047086,False
test_0043,5,19,mV_19,38.195,,False,-1.4732541314868897,1.379403362549779,False
test_0043,5,20,mV_20,39.03,,False,-1.1912001716582665,0.9639136187008557,False
test_0043,6,0,mV_0,40.293,,False,0.2731425520295236,0.307232822260455,False
test_0043,6,1,mV_1,33.337,,False,0.6826461849827727,0.6257921494803503,False
test_0043,6,2,mV_2,30.152,,False,0.8647336759263323,0.6030283842088593,False
test_0043,6,3,mV_3,,39.32315087187844,True,,,False
test_0043,6,4,mV_4,49.626,,False,1.2979236422971066,0.9518643958175392,False
test_0043,6,5,mV_5,58.044,,False,1.2116102986759438,1.1609481973851283,False
test_0043,6,6,mV_6,64.098,,False,0.9226485498915189,0.9316093410819147,False
test_0043,6,7,mV_7,67.736,,False,0.6695299658686772,0.8860859663747382,False
test_0043,6,8,mV_8,69.036,,False,1.28263538387008,1.1256240461976024,False
test_0043,6,9,mV_9,68.437,,False,1.2676954511815721,1.184916615493607,False
test_0043,6,10,mV_10,60.913,,False,0.9216401757412039,0.8467477968180941,False
test_0043,6,11,mV_11,50.946,,False,0.2760153846083963,0.3990296713460107,False
test_0043,6,12,mV_12,42.295,,False,0.12244774042604627,0.165361578762814,False
test_0043,6,13,mV_13,36.82,,False,0.14053544959076714,0.1357631167064406,False
test_0043,6,14,mV_14,33.833,,False,0.13953382721818183,0.1049007760067827,False
test_0043,6,15,mV_15,,33.336264408490365,True,,,False
test_0043,6,16,mV_16,36.512,,False,1.3888437908439781,0.9921983786870012,False
test_0043,6,17,mV_17,41.08,,False,1.1911059330600486,1.0371029872442235,False
test_0043,6,18,mV_18,42.635,,False,0.3773562920128178,0.5942114577973908,False
test_0043,6,19,mV_19,42.317,,False,0.43102731410387907,0.525822074217373,False
test_0043,6,20,mV_20,43.224,,False,0.8638773766489162,0.5396955168504278,False
test_0043,7,0,mV_0,40.779,,False,0.4690794971016267,0.5591349512255563,False
test_0043,7,1,mV_1,34.998,,False,1.2983808106989718,0.8095043295444033,False
test_0043,7,2,mV_2,28.542,,False,0.1721761996780427,0.4106833025137643,False
test_0043,7,3,mV_3,,33.810510637827704,True,,,False
test_0043,7,4,mV_4,44.308,,False,-0.8570429295842571,0.513098471369292,False
test_0043,7,5,mV_5,54.033,,False,-0.33830802630865364,0.41674969376194365,False
test_0043,7,6,mV_6,61.312,,False,-0.13333979284621017,0.18761129185831182,False
test_0043,7,7,mV_7,65.436,,False,-0.14545755543217337,0.15175093020162,False
test_0043,7,8,mV_8,65.795,,False,0.18274881709592317,0.21040188788627778,False
test_0043,7,9,mV_9,65.63,,False,0.3306523619210915,0.3996385655832531,False
test_0043,7,10,mV_10,60.42,,False,0.7545007213949063,0.6276190013195367,False
test_0043,7,11,mV_11,52.076,,False,0.670822200567243,0.7167278965776098,False
test_0043,7,12,mV_12,44.029,,False,0.7707664637810471,0.7310408025946552,False
test_0043,7,13,mV_13,38.259,,False,0.7118080822492837,0.5485956570699037,False
test_0043,7,14,mV_14,,33.938109787027976,True,,,False
test_0043,7,15,mV_15,31.561,,False,-0.007920625432387031,0.03240507957866066,False
test_0043,7,16,mV_16,33.666,,False,-0.11377906744986857,0.07684437860430468,False
test_0043,7,17,mV_17,38.568,,False,-0.07189875408509457,0.07078051820570622,False
test_0043,7,18,mV_18,41.85,,False,0.02554549720276716,0.04795619108875531,False
test_0043,7,19,mV_19,41.235,,False,-0.06883501586439236,0.12973964165533808,False
test_0043,7,20,mV_20,40.735,,False,-0.3557430376898004,0.1950802728109983,False
test_0043,8,0,mV_0,31.013,,False,-3.4682048765077202,1.936273583046138,False
test_0043,8,1,mV_1,29.314,,False,-0.8086845791691112,1.2952954420514626,False
test_0043,8,2,mV_2,28.364,,False,0.09560773335990846,0.519976813463117,False
test_0043,8,3,mV_3,33.18,,False,-1.0800072079635399,1.3552013201802147,False
test_0043,8,4,mV_4,38.612,,False,-3.1651831314338703,3.051983230824642,False
test_0043,8,5,mV_5,42.493,,False,-4.797559452467286,4.709602234717387,False
test_0043,8,6,mV_6,45.628,,False,-6.078106902501105,5.797505584055889,False
test_0043,8,7,mV_7,48.247,,False,-6.236249078754062,5.939418430792132,False
test_0043,8,8,mV_8,49.913,,False,-5.207068663159297,5.295969746414402,False
test_0043,8,9,mV_9,51.059,,False,-4.533492580584951,4.2516069815914275,False
test_0043,8,10,mV_10,50.135,,False,-2.732374102036514,2.709104787201059,False
test_0043,8,11,mV_11,47.757,,False,-0.8381783641462577,1.5151867847368234,False
test_0043,8,12,mV_12,46.386,,False,1.6520163086182647,1.9390090996004703,False
test_0043,8,13,mV_13,45.569,,False,3.613825417019094,3.6648567838005706,False
test_0043,8,14,mV_14,46.0,,False,5.77975999254583,5.7700274349974405,True
test_0043,8,15,mV_15,47.549,,False,7.906764337879008,7.676345410212322,True
test_0043,8,16,mV_16,51.14,,False,9.112092972545442,8.660915552236743,True
test_0043,8,17,mV_17,55.642,,False,8.512711925977078,8.486817075666288,True
test_0043,8,18,mV_18,59.219,,False,7.809751478165549,8.342376106832953,True
test_0043,8,19,mV_19,61.379,,False,9.237289545023634,9.148749652751807,True
test_0043,8,20,mV_20,62.503,,False,10.310668042794413,7.464656407653115,True
test_0043,9,0,mV_0,39.754,,False,0.05583799772116363,0.07958547294799598,False
test_0043,9,1,mV_1,32.053,,False,0.20666589634965665,0.1606030022550771,False
test_0043,9,2,mV_2,27.739,,False,-0.17324221859983144,0.18589466644449712,False
test_0043,9,3,mV_3,35.962,,False,0.19042833222866892,0.18553038498735366,False
test_0043,9,4,mV_4,46.887,,False,0.18802265689224537,0.2836749371134778,False
test_0043,9,5,mV_5,56.379,,False,0.5682261024407517,0.5292786991511484,False
test_0043,9,6,mV_6,63.755,,False,0.7926399348308452,0.705670398892638,False
test_0043,9,7,mV_7,67.735,,False,0.66917562346811,0.7404824652000602,False
test_0043,9,8,mV_8,67.705,,False,0.8309386790331755,0.7911944099212045,False
test_0043,9,9,mV_9,67.137,,False,0.8337246581503568,0.8854345600660967,False
test_0043,9,10,mV_10,61.272,,False,1.0433502449304977,0.9398255713208005,False
test_0043,9,11,mV_11,52.557,,False,0.8388771372718496,0.9097955394992016,False
test_0043,9,12,mV_12,44.423,,False,0.9180776385226094,0.8804545117551902,False
test_0043,9,13,mV_13,38.599,,False,0.8467856327036922,0.7196659506317282,False
test_0043,9,14,mV_14,34.108,,False,0.2670148985969192,0.3711934096743984,False
test_0043,9,15,mV_15,31.367,,False,-0.10395820880006293,0.1979953928585948,False
test_0043,9,16,mV_16,33.281,,False,-0.31705025523733416,0.33912214052613915,False
test_0043,9,17,mV_17,37.481,,False,-0.6184298428298254,0.40427535849437946,False
test_0043,9,18,mV_18,41.652,,False,-0.06319149308053275,0.19983161642892797,False
test_0043,9,19,mV_19,41.266,,False,-0.05451363672482103,0.10638773243337897,False
test_0043,9,20,mV_20,41.978,,False,0.25333216320334107,0.14029449078287579,False
test_0043,10,0,mV_0,35.909,,False,-1.494321578003589,1.3350464901202055,False
test_0043,10,1,mV_1,25.152,,False,-2.351542804473644,1.7152065047124392,False
test_0043,10,2,mV_2,29.684,,False,0.6634188318988793,1.261292957811495,False
test_0043,10,3,mV_3,38.538,,False,1.3667913629745772,1.1271308570565262,False
test_0043,10,4,mV_4,49.166,,False,1.1115218703780712,0.8974587759326799,False
test_0043,10,5,mV_5,,55.95433812427416,True,,,False
test_0043,10,6,mV_6,,61.33657720409383,True,,,False
test_0043,10,7,mV_7,65.637,,False,-0.07423473291849253,0.38679204132500444,False
test_0043,10,8,mV_8,61.135,,False,-1.3986986994630328,1.9379918807918832,False
test_0043,10,9,mV_9,50.02,,False,-4.880335391322975,3.171288168846475,False
test_0043,10,10,mV_10,53.694,,False,-1.5257831932769188,2.2902609264477913,False
test_0043,10,11,mV_11,53.674,,False,1.2291419279143538,1.7333671442236271,False
test_0043,10,12,mV_12,49.856,,False,2.9494015277888814,2.6445523421960253,False
test_0043,10,13,mV_13,45.157,,False,3.450264385291984,3.49148660438577,True
test_0043,10,14,mV_14,42.411,,False,4.116016119170231,4.2850256464089265,True
test_0043,10,15,mV_15,42.602,,False,5.457805962003259,5.295310361284135,True
test_0043,10,16,mV_16,45.529,,False,6.14961340195979,5.5699038086055666,True
test_0043,10,17,mV_17,47.706,,False,4.522582468499428,4.583882498761585,True
test_0043,10,18,mV_18,48.801,,False,3.1407516560876942,3.263597556369131,True
test_0043,10,19,mV_19,46.255,,False,2.250304444801709,2.4852375454717537,False
test_0043,10,20,mV_20,46.154,,False,2.299589636195903,1.7123709292983789,False
test_0043,11,0,mV_0,38.515,,False,-0.44368026348116785,0.27183845061082645,False
test_0043,11,1,mV_1,30.956,,False,-0.19999327548097023,0.4612978364816389,False
test_0043,11,2,mV_2,30.47,,False,1.0015245314834473,1.2359829167681151,False
test_0043,11,3,mV_3,41.547,,False,2.7408893286245957,2.3296590570296205,True
test_0043,11,4,mV_4,53.42,,False,2.835333039385844,2.7631304868594952,True
test_0043,11,5,mV_5,61.743,,False,2.640966540041698,2.5342096673296903,True
test_0043,11,6,mV_6,66.992,,False,2.0195725498495207,1.988626020843718,False
test_0043,11,7,mV_7,69.443,,False,1.274392443634133,1.526718775391036,False
test_0043,11,8,mV_8,69.79,,False,1.5385176644463583,1.4122918388834154,False
test_0043,11,9,mV_9,68.527,,False,1.297739583006812,1.262722663132017,False
test_0043,11,10,mV_10,60.899,,False,0.9168938220680853,0.9178323666654841,False
test_0043,11,11,mV_11,51.701,,False,0.5398022395189535,0.6862078977671315,False
test_0043,11,12,mV_12,43.969,,False,0.7483332899625341,0.6908406569801404,False
test_0043,11,13,mV_13,38.297,,False,0.7268938084765402,0.6244692481285719,False
test_0043,11,14,mV_14,34.17,,False,0.29575608559867317,0.5126421982700089,False
test_0043,11,15,mV_15,33.056,,False,0.7321628134061492,0.752252892200959,False
test_0043,11,16,mV_16,36.247,,False,1.2489298563928646,1.1617201228273304,False
test_0043,11,17,mV_17,41.529,,False,1.4168579651174433,1.2760043770302203,False
test_0043,11,18,mV_18,44.072,,False,1.0213717214931306,1.0367569017007847,False
test_0043,11,19,mV_19,42.872,,False,0.6874261986994343,0.6932593341250155,False
test_0043,11,20,mV_20,42.23,,False,0.3768132176080625,0.36026315847888984,False
test_0043,12,0,mV_0,39.795,,False,0.07236765769638358,0.06264262409833837,False
test_0043,12,1,mV_1,31.781,,False,0.10583518100058635,0.2168056612613997,False
test_0043,12,2,mV_2,26.786,,False,-0.5831846253480425,0.36497319698051167,False
test_0043,12,3,mV_3,35.134,,False,-0.18768835622537539,0.2749958879278195,False
test_0043,12,4,mV_4,46.074,,False,-0.14142221391248472,0.12463700295358536,False
test_0043,12,5,mV_5,54.981,,False,0.02801522776399664,0.08226438673414457,False
test_0043,12,6,mV_6,62.011,,False,0.13160487749610028,0.0801145577007141,False
test_0043,12,7,mV_7,65.929,,False,0.029233248046659208,0.12629327360792303,False
test_0043,12,8,mV_8,66.185,,False,0.3151017208422734,0.18292737948881238,False
test_0043,12,9,mV_9,64.856,,False,0.07227282822404357,0.18047085443256153,False
test_0043,12,10,mV_10,57.421,,False,-0.2622360404398856,0.3334002925098489,False
test_0043,12,11,mV_11,48.047,,False,-0.7368562609355808,0.6366802131837764,False
test_0043,12,12,mV_12,39.799,,False,-0.8107722904240586,0.8330560422581801,False
test_0043,12,13,mV_13,34.013,,False,-0.9738233272490223,1.0443497903126315,False
test_0043,12,14,mV_14,30.471,,False,-1.4189802163284229,1.0947746391251234,False
test_0043,12,15,mV_15,30.431,,False,-0.5673147965946256,0.6405803579628563,False
test_0043,12,16,mV_16,33.898,,False,0.008711622333751145,0.15272076068690407,False
test_0043,12,17,mV_17,38.763,,False,0.026145001485488328,0.2744027529490009,False
test_0043,12,18,mV_18,39.48,,False,-1.0366093864912758,0.8605848884455138,False
test_0043,12,19,mV_19,38.477,,False,-1.3429757793140153,1.3326886693713969,False
test_0043,12,20,mV_20,38.179,,False,-1.6081937323662807,1.1398408110116443,False
test_0044,1,0,mV_0,38.447,,False,0.07498821354611297,0.24425267841255768,False
test_0044,1,1,mV_1,32.993,,False,0.8270342865580048,0.4322641966655307,False
test_0044,1,2,mV_2,,28.795914812573766,True,,,False
test_0044,1,3,mV_3,35.279,,False,-1.51064010314731,1.2149928994446448,False
test_0044,1,4,mV_4,45.193,,False,-1.838691391483959,1.7757763035921124,False
test_0044,1,5,mV_5,53.036,,False,-1.9150823282532206,1.910384447189498,False
test_0044,1,6,mV_6,59.364,,False,-1.9726817407675914,1.8254333810222332,False
test_0044,1,7,mV_7,63.81,,False,-1.441287714300529,1.5390970057803068,False
test_0044,1,8,mV_8,65.114,,False,-1.3011308537525783,1.2365521678276536,False
test_0044,1,9,mV_9,65.524,,False,-0.9026592495049288,0.7979285515618542,False
test_0044,1,10,mV_10,60.885,,False,-0.08526485348498103,0.3835948048412175,False
test_0044,1,11,mV_11,53.238,,False,0.46119026288997916,0.40193319472753475,False
test_0044,1,12,mV_12,45.324,,False,0.6000873996451997,0.41534126554509465,False
test_0044,1,13,mV_13,,37.000893189817916,True,,,False
test_0044,1,14,mV_14,34.577,,False,0.5537314173160078,0.318820271495172,False
test_0044,1,15,mV_15,32.087,,False,-0.16781825134867243,0.4621755827369921,False
test_0044,1,16,mV_16,33.919,,False,-0.9593344109346157,0.8492513181695054,False
test_0044,1,17,mV_17,38.101,,False,-1.3105181994601178,1.0778326407870231,False
test_0044,1,18,mV_18,42.67,,False,-0.7309597532932411,0.795726727846403,False
test_0044,1,19,mV_19,42.333,,False,-0.4104692053390119,0.495966366396808,False
test_0044,1,20,mV_20,42.848,,False,-0.431967301615967,0.3186009521427365,False
test_0044,2,0,mV_0,40.611,,False,0.947431730286908,0.5852042388244578,False
test_0044,2,1,mV_1,31.965,,False,0.4459534947240155,1.0035568227771128,False
test_0044,2,2,mV_2,24.142,,False,-2.1748885713735118,3.098535189315471,False
test_0044,2,3,mV_3,21.948,,False,-7.598410119790844,6.678673101788381,False
test_0044,2,4,mV_4,26.674,,False,-9.342983596198323,9.418504115439111,True
test_0044,2,5,mV_5,28.517,,False,-11.389639149568954,10.783251525732807,True
test_0044,2,6,mV_6,35.519,,False,-11.010744207594994,11.054864159502696,True
test_0044,2,7,mV_7,37.375,,False,-10.80832907325184,11.241521661864287,True
test_0044,2,8,mV_8,32.59,,False,-12.338684293358465,12.214418272002085,True
test_0044,2,9,mV_9,28.171,,False,-13.371975428039567,13.139425685014162,True
test_0044,2,10,mV_10,21.39,,False,-13.47506759061905,13.754851439957648,True
test_0044,2,11,mV_11,9.852,,False,-14.697295150552922,14.605363910352104,True
test_0044,2,12,mV_12,2.124,,False,-15.551797749683523,14.985338957441204,True
test_0044,2,13,mV_13,1.721,,False,-14.140465179844853,14.709428444545738,True
test_0044,2,14,mV_14,1.014,,False,-15.004985668809725,14.92688373621221,True
test_0044,2,15,mV_15,1.0,,False,-15.557098427384537,15.457417360637466,True
test_0044,2,16,mV_16,5.98,,False,-15.710486918971064,15.271265081615788,True
test_0044,2,17,mV_17,12.65,,False,-14.106988061136486,14.029096926557074,True
test_0044,2,18,mV_18,17.097,,False,-12.191924664984256,13.228289788652972,True
test_0044,2,19,mV_19,12.003,,False,-14.422321763506897,14.594032466890592,True
test_0044,2,20,mV_20,8.343,,False,-17.339561675564322,12.275361278658885,True
test_0044,3,0,mV_0,34.584,,False,-1.4824282860701992,1.0254492569832616,False
test_0044,3,1,mV_1,27.695,,False,-1.1369404557926484,1.1978184931799274,False
test_0044,3,2,mV_2,26.792,,False,-1.0349647750642141,1.01931726240823,False
test_0044,3,3,mV_3,36.681,,False,-0.8703990437118441,0.9545486277207349,False
test_0044,3,4,mV_4,47.158,,False,-1.042431648395037,1.022638823644848,False
test_0044,3,5,mV_5,55.054,,False,-1.1352929540774734,1.2195594736076547,False
test_0044,3,6,mV_6,60.439,,False,-1.5652203378806344,1.5274771633955861,False
test_0044,3,7,mV_7,62.673,,False,-1.8441750237436023,1.7857058111855053,False
test_0044,3,8,mV_8,63.381,,False,-1.8892528593741824,1.9121641746434634,False
test_0044,3,9,mV_9,62.159,,False,-2.025975956081886,2.008968088766138,False
test_0044,3,10,mV_10,54.958,,False,-2.0946675835265967,2.0384269433810434,False
test_0044,3,11,mV_11,46.37,,False,-1.9383966503890944,1.9304990536523368,False
test_0044,3,12,mV_12,39.037,,False,-1.7505353303045614,1.7789866711911735,False
test_0044,3,13,mV_13,33.117,,False,-1.676479373766477,1.8011534794813144,False
test_0044,3,14,mV_14,28.85,,False,-2.1011198400877418,1.8783345318876399,False
test_0044,3,15,mV_15,29.124,,False,-1.6346190736085986,1.6522480725076607,False
test_0044,3,16,mV_16,33.39,,False,-1.2386343027257043,1.264345358675874,False
test_0044,3,17,mV_17,38.827,,False,-0.9454937556434886,1.3051918129247313,False
test_0044,3,18,mV_18,39.635,,False,-2.091145437686244,1.809469538560389,False
test_0044,3,19,mV_19,38.654,,False,-2.1100935232255784,2.225442054228825,True
test_0044,3,20,mV_20,38.443,,False,-2.5904357327779,1.8227412471953446,False
test_0044,4,0,mV_0,40.566,,False,0.9292894205580119,0.6131105246073251,False
test_0044,4,1,mV_1,32.364,,False,0.5938632573132766,0.809610713699758,False
test_0044,4,2,mV_2,31.805,,False,1.1214269196144668,1.1884467433777237,False
test_0044,4,3,mV_3,42.785,,False,1.9170698769686847,1.6520653785900152,False
test_0044,4,4,mV_4,53.809,,False,1.6526948408082252,1.6861389660682695,False
test_0044,4,5,mV_5,61.931,,False,1.5220963056879429,1.5031758770279047,False
test_0044,4,6,mV_6,68.04,,False,1.3158160559275074,1.3588905128972426,False
test_0044,4,7,mV_7,71.495,,False,1.2818336340460128,1.2714827366576245,False
test_0044,4,8,mV_8,72.503,,False,1.2064476226109644,1.2842952576415796,False
test_0044,4,9,mV_9,72.549,,False,1.442452151298377,1.3761446828448043,False
test_0044,4,10,mV_10,65.305,,False,1.4132268061714994,1.3273447369115483,False
test_0044,4,11,mV_11,54.896,,False,1.040473184004817,1.0651599865784078,False
test_0044,4,12,mV_12,45.769,,False,0.766466772132498,0.9060669648183308,False
test_0044,4,13,mV_13,39.987,,False,1.0508611310035103,1.0296656131204662,False
test_0044,4,14,mV_14,36.08,,False,1.250473418342346,1.0438893051221432,False
test_0044,4,15,mV_15,33.686,,False,0.6237492528003704,0.6465360253757116,False
test_0044,4,16,mV_16,35.903,,False,0.0881721775597594,0.24445733479305032,False
test_0044,4,17,mV_17,41.061,,False,0.17773573125231196,0.3590831745078991,False
test_0044,4,18,mV_18,46.516,,False,0.9926890579672132,0.8965607879212819,False
test_0044,4,19,mV_19,46.302,,False,1.4231293044983895,1.2888288235949958,False
test_0044,4,20,mV_20,46.416,,False,1.3163676274159914,1.013966139832593,False
test_0044,5,0,mV_0,37.911,,False,-0.1411068534469871,0.12430509483237337,False
test_0044,5,1,mV_1,30.182,,False,-0.21500667243551932,0.1961198800483187,False
test_0044,5,2,mV_2,29.694,,False,0.21335932187524906,0.3790585809756992,False
test_0044,5,3,mV_3,40.502,,False,0.8745090077167794,0.7211145691107693,False
test_0044,5,4,mV_4,52.006,,False,0.9220809391342696,0.9366349830557313,False
test_0044,5,5,mV_5,60.652,,False,1.027869046237607,0.7444547579023709,False
test_0044,5,6,mV_6,,66.50847911986868,True,,,False
test_0044,5,7,mV_7,70.861,,False,1.05718055208743,0.528590276043715,False
test_0044,5,8,mV_8,,71.37910196647226,True,,,False
test_0044,5,9,mV_9,71.916,,False,1.231141757460866,0.615570878730433,False
test_0044,5,10,mV_10,,63.98232355178412,True,,,False
test_0044,5,11,mV_11,56.347,,False,1.5474330866209987,1.0876875052120925,False
test_0044,5,12,mV_12,47.078,,False,1.2558838476063725,1.2835696183399892,False
test_0044,5,13,mV_13,40.048,,False,1.0750776915262132,1.1020101129239193,False
test_0044,5,14,mV_14,35.544,,False,1.002001221036878,0.9477365860839073,False
test_0044,5,15,mV_15,33.864,,False,0.7118662107356597,0.7055611132428861,False
test_0044,5,16,mV_16,36.487,,False,0.3965108104633467,0.39375670650801964,False
test_0044,5,17,mV_17,40.568,,False,-0.07013899436972551,0.25766710294741146,False
test_0044,5,18,mV_18,45.403,,False,0.4938796125868481,0.5018745131228655,False
test_0044,5,19,mV_19,45.277,,False,0.9495998329480404,0.8194383049166333,False
test_0044,5,20,mV_20,45.535,,False,0.8846739411836043,0.6797369288288122,False
test_0044,6,0,mV_0,39.808,,False,0.6236922922356797,0.49979163391923287,False
test_0044,6,1,mV_1,32.79,,False,0.7517819512055721,0.5996717765363444,False
test_0044,6,2,mV_2,28.567,,False,-0.2714309114985535,0.45951808704714064,False
test_0044,6,3,mV_3,37.397,,False,-0.5434285739858835,0.4984693948974749,False
test_0044,6,4,mV_4,48.162,,False,-0.635589520119579,0.5955635228159443,False
test_0044,6,5,mV_5,56.523,,False,-0.5676464770387355,0.6021517372370067,False
test_0044,6,6,mV_6,62.886,,False,-0.6377244747509769,0.5477206231739538,False
test_0044,6,7,mV_7,66.896,,False,-0.34778706615512567,0.39542870660013296,False
test_0044,6,8,mV_8,68.216,,False,-0.24841621933930363,0.2545519555115548,False
test_0044,6,9,mV_9,67.708,,False,-0.17358831721248627,0.19377668254673158,False
test_0044,6,10,mV_10,60.607,,False,-0.17951387642265015,0.15603883737754792,False
test_0044,6,11,mV_11,51.656,,False,-0.09153927945240514,0.11046407903821732,False
test_0044,6,12,mV_12,43.507,,False,-0.07926388082540885,0.06370243830307183,False
test_0044,6,13,mV_13,37.328,,False,-0.0047427121090644645,0.03186429849736133,False
test_0044,6,14,mV_14,33.299,,False,-0.03870788894590754,0.06979601190786754,False
test_0044,6,15,mV_15,32.824,,False,0.1970255576305906,0.2663188958370873,False
test_0044,6,16,mV_16,36.934,,False,0.6325165791412605,0.593717804924935,False
test_0044,6,17,mV_17,42.523,,False,0.9128125037866283,0.6512850593212075,False
test_0044,6,18,mV_18,44.629,,False,0.14699865057031328,0.37313610444008,False
test_0044,6,19,mV_19,43.84,,False,0.28573461283306517,0.21629887902414613,False
test_0044,6,20,mV_20,44.029,,False,0.14672763986014092,0.14479747313833674,False
test_0044,7,0,mV_0,39.923,,False,0.6700559726539761,0.5174129567378071,False
test_0044,7,1,mV_1,32.73,,False,0.7295398816432762,0.7384380771478605,False
test_0044,7,2,mV_2,31.115,,False,0.8246165726509133,0.8951772917637641,False
test_0044,7,3,mV_3,41.219,,False,1.2019361401099538,1.0332863196357733,False
test_0044,7,4,mV_4,51.963,,False,0.9046564256722731,0.9586758698121529,False
test_0044,7,5,mV_5,60.123,,False,0.8234544877941117,0.7974172274686564,False
test_0044,7,6,mV_6,66.252,,False,0.6381035086141293,0.7025737973391633,False
test_0044,7,7,mV_7,69.883,,False,0.7106336843342825,0.7116752428408875,False
test_0044,7,8,mV_8,71.268,,False,0.7873300940808553,0.5713234681239983,False
test_0044,7,9,mV_9,,70.61187613611803,True,,,False
test_0044,7,10,mV_10,63.201,,False,0.6999176541540248,0.5262243480073112,False
test_0044,7,11,mV_11,53.936,,False,0.7050620837211954,0.7246419703292797,False
test_0044,7,12,mV_12,45.828,,False,0.7885260597207033,0.8258002186267626,False
test_0044,7,13,mV_13,39.912,,False,1.0210866713444482,1.0066179629855405,False
test_0044,7,14,mV_14,35.962,,False,1.1957724495325626,1.054515042266322,False
test_0044,7,15,mV_15,34.053,,False,0.8054285986557156,0.7372958667126975,False
test_0044,7,16,mV_16,36.006,,False,0.14255382000679664,0.2787303701098571,False
test_0044,7,17,mV_17,40.756,,False,0.024385241770119272,0.0478310758867588,False
test_0044,7,18,mV_18,,44.65375445697472,True,,,False
test_0044,7,19,mV_19,43.97,,False,0.34579200922481373,0.29924868027611023,False
test_0044,7,20,mV_20,44.761,,False,0.5054107026548135,0.33915335363361016,False
test_0044,8,0,mV_0,35.936,,False,-0.9373526693264121,0.688872823329927,False
test_0044,8,1,mV_1,28.386,,False,-0.8807859546668839,0.9596045537615855,False
test_0044,8,2,mV_2,26.549,,False,-1.1394936363861619,1.0954506312266552,False
test_0044,8,3,mV_3,35.911,,False,-1.2220292974674134,1.2509125196184308,False
test_0044,8,4,mV_4,46.226,,False,-1.4200978471527343,1.4134690864256167,False
test_0044,8,5,mV_5,53.873,,False,-1.5916513539295847,1.628006393226758,False
test_0044,8,6,mV_6,59.533,,False,-1.908625017895129,1.78527605372118,False
test_0044,8,7,mV_7,62.989,,False,-1.7322028251648782,1.7547394511394252,False
test_0044,8,8,mV_8,64.098,,False,-1.6459271363328156,1.5738144244312562,False
test_0044,8,9,mV_9,64.42,,False,-1.2712005998945155,1.2320627428087576,False
test_0044,8,10,mV_10,58.954,,False,-0.7399226351131832,0.8158989894354476,False
test_0044,8,11,mV_11,50.451,,False,-0.5125500876209083,0.6529687805009576,False
test_0044,8,12,mV_12,41.454,,False,-0.8468523116488307,0.8294533341884489,False
test_0044,8,13,mV_13,34.54,,False,-1.1115586258352261,1.1686521440820945,False
test_0044,8,14,mV_14,29.921,,False,-1.6046390130090946,1.080209162963354,False
test_0044,8,15,mV_15,,29.41030094608311,True,,,False
test_0044,8,16,mV_16,30.27,,False,-2.8859228894708897,2.1246797887573083,True
test_0044,8,17,mV_17,35.284,,False,-2.7268733760874535,2.4911804492589806,True
test_0044,8,18,mV_18,40.675,,False,-1.6250521553901252,1.8104119652215798,False
test_0044,8,19,mV_19,40.484,,False,-1.2646701740186155,1.4717077274415211,False
test_0044,8,20,mV_20,40.194,,False,-1.732438406338728,1.1823867466740179,False
test_0044,9,0,mV_0,37.437,,False,-0.33220584925805047,0.16675165165792563,False
test_0044,9,1,mV_1,30.755,,False,-0.0025949081156015647,0.10273825308635953,False
test_0044,9,2,mV_2,29.369,,False,0.07355734685618455,0.04210819279594678,False
test_0044,9,3,mV_3,38.546,,False,-0.018723169355816468,0.09831007038195864,False
test_0044,9,4,mV_4,49.034,,False,-0.2822365959600171,0.2040514432213377,False
test_0044,9,5,mV_5,57.389,,False,-0.23300941160950014,0.2804483228284972,False
test_0044,9,6,mV_6,63.583,,False,-0.37353787213497136,0.31894597228785626,False
test_0044,9,7,mV_7,67.043,,False,-0.29569873327198226,0.2941749961682738,False
test_0044,9,8,mV_8,68.324,,False,-0.21176464599415923,0.22679269025287724,False
test_0044,9,9,mV_9,67.665,,False,-0.1879427357512082,0.24544174624918172,False
test_0044,9,10,mV_10,59.974,,False,-0.3941168675001513,0.3808289570222922,False
test_0044,9,11,mV_11,50.352,,False,-0.547139357337658,0.5438996183706384,False
test_0044,9,12,mV_12,41.881,,False,-0.6872028913070863,0.6627991741400416,False
test_0044,9,13,mV_13,35.502,,False,-0.729651556608336,0.7404223775123128,False
test_0044,9,14,mV_14,31.624,,False,-0.8151835055254929,0.7142594533853814,False
test_0044,9,15,mV_15,31.422,,False,-0.49701924588220375,0.5006154049914444,False
test_0044,9,16,mV_16,35.37,,False,-0.19323962267587702,0.26819958943967476,False
test_0044,9,17,mV_17,41.084,,False,0.1892998665247412,0.18912100054335926,False
test_0044,9,18,mV_18,43.889,,False,-0.18464464644807768,0.2419181062107938,False
test_0044,9,19,mV_19,42.336,,False,-0.4090832654222786,0.25070279432315873,False
test_0044,9,20,mV_20,,43.505116787947664,True,,,False
test_0044,10,0,mV_0,41.856,,False,1.4493689661197622,1.01522151671736,False
test_0044,10,1,mV_1,33.897,,False,1.1621481346299156,1.1460216326417583,False
test_0044,10,2,mV_2,31.082,,False,0.81042129518744,1.0162107079693445,False
test_0044,10,3,mV_3,41.394,,False,1.281852106872582,1.2361401093376188,False
test_0044,10,4,mV_4,53.606,,False,1.5704349284178705,1.1056804909270808,False
test_0044,10,5,mV_5,,61.511202297433286,True,,,False
test_0044,10,6,mV_6,69.534,,False,1.8820926474745876,1.3681617948190383,False
test_0044,10,7,mV_7,72.699,,False,1.7084618843269785,1.635953111045991,False
test_0044,10,8,mV_8,72.616,,False,1.2447960280554193,1.0495134851094543,False
test_0044,10,9,mV_9,,72.54813149468244,True,,,False
test_0044,10,10,mV_10,65.245,,False,1.392885290429556,1.0676658681849316,False
test_0044,10,11,mV_11,56.168,,False,1.4848928918806144,1.4308107665708862,False
test_0044,10,12,mV_12,47.358,,False,1.3605719920927601,1.4427509192956904,False
test_0044,10,13,mV_13,41.282,,False,1.5649668011166273,1.6131387936819657,False
test_0044,10,14,mV_14,37.615,,False,1.9620495804018478,1.865944222507994,False
test_0044,10,15,mV_15,36.415,,False,1.9747109281116533,1.9497474022343366,False
test_0044,10,16,mV_16,39.311,,False,1.887518172312192,1.864115700599832,False
test_0044,10,17,mV_17,44.102,,False,1.7067155296632899,1.6806334356604833,False
test_0044,10,18,mV_18,47.473,,False,1.4215845110031617,1.524552607161548,False
test_0044,10,19,mV_19,46.573,,False,1.548325876976579,1.5069163852314325,False
test_0044,10,20,mV_20,46.81,,False,1.5094292759694095,1.1417961072288496,False
test_0044,11,0,mV_0,36.497,,False,-0.7111785413728137,0.4171256631420899,False
test_0044,11,1,mV_1,30.098,,False,-0.24614556982273225,0.3267845556234884,False
test_0044,11,2,mV_2,28.957,,False,-0.10366854147567554,0.19511328062501043,False
test_0044,11,3,mV_3,39.303,,False,0.32697046972595845,0.32408778097448365,False
test_0044,11,4,mV_4,51.06,,False,0.5387416429703421,0.5622902937169807,False
test_0044,11,5,mV_5,60.178,,False,0.8447074192012801,0.6971395120102871,False
test_0044,11,6,mV_6,66.047,,False,0.5604015666682461,0.5457249038211897,False
test_0044,11,7,mV_7,68.491,,False,0.21738906274698613,0.25100080476966014,False
test_0044,11,8,mV_8,68.922,,False,-0.008823526916422004,0.09180757415271965,False
test_0044,11,9,mV_9,67.832,,False,-0.1321941800310484,0.13479430132610706,False
test_0044,11,10,mV_10,60.352,,False,-0.2659653183259094,0.2507574456486106,False
test_0044,11,11,mV_11,50.948,,False,-0.33890496591157515,0.34810968162982536,False
test_0044,11,12,mV_12,42.519,,False,-0.4486634763702416,0.3939098893322424,False
test_0044,11,13,mV_13,36.485,,False,-0.33940763867691115,0.35563487200607624,False
test_0044,11,14,mV_14,32.746,,False,-0.2950607343002409,0.2463671310984038,False
test_0044,11,15,mV_15,32.539,,False,0.05593941711622234,0.22712945602803766,False
test_0044,11,16,mV_16,36.686,,False,0.5015782555794651,0.5005189353670279,False
test_0044,11,17,mV_17,42.583,,False,0.9429798131929588,0.6663502962181708,False
test_0044,11,18,mV_18,44.921,,False,0.2778633029073005,0.4756769761837867,False
test_0044,11,19,mV_19,44.096,,False,0.4040014857275872,0.3377937316964702,False
test_0044,11,20,mV_20,44.271,,False,0.26530865242340573,0.23365469764359967,False
test_0044,12,0,mV_0,40.177,,False,0.7724592320126454,0.7662909796520392,False
test_0044,12,1,mV_1,34.863,,False,1.5202454545828659,1.0231385228041265,False
test_0044,12,2,mV_2,29.848,,False,0.2796039500381288,0.5199775043315847,False
test_0044,12,3,mV_3,38.588,,False,0.00045666266721575746,0.12782269335829763,False
test_0044,12,4,mV_4,50.3,,False,0.23077349806063022,0.24591663015019888,False
test_0044,12,5,mV_5,59.342,,False,0.5216628618123192,0.43313516979149774,False
test_0044,12,6,mV_6,65.778,,False,0.4584414574807223,0.5114278700357235,False
test_0044,12,7,mV_7,69.591,,False,0.6071657033691302,0.5406196520201206,False
test_0044,12,8,mV_8,70.391,,False,0.4897057438614997,0.5726528367158858,False
test_0044,12,9,mV_9,70.337,,False,0.7040341557714139,0.7162109040756344,False
test_0044,12,10,mV_10,63.989,,False,0.9670695608982102,0.9398386893945995,False
test_0044,12,11,mV_11,55.127,,False,1.1211814800105637,1.0583767264336041,False
test_0044,12,12,mV_12,46.458,,False,1.0240743848150788,1.0316252702292628,False
test_0044,12,13,mV_13,39.751,,False,0.9571708312763298,1.0074714505339697,False
test_0044,12,14,mV_14,35.737,,False,1.0914697547681402,1.1105157865652509,False
test_0044,12,15,mV_15,35.056,,False,1.3019528054483933,0.9238438414162318,False
test_0044,12,16,mV_16,,37.39921160523707,True,,,False
test_0044,12,17,mV_17,43.771,,False,1.5402925394383538,0.9485165835209607,False
test_0044,12,18,mV_18,45.893,,False,0.7134812552071352,0.8641807076113494,False
test_0044,12,19,mV_19,44.281,,False,0.4894677805927734,0.42499581698885824,False
test_0044,12,20,mV_20,43.745,,False,0.007566451562750907,0.12615017092956882,False
test_0044,13,0,mV_0,37.686,,False,-0.23181840209147908,0.32072159159853975,False
test_0044,13,1,mV_1,28.552,,False,-0.8192495622112009,0.8950508052444568,False
test_0044,13,2,mV_2,25.223,,False,-1.709885694463946,2.042379131964709,False
test_0044,13,3,mV_3,29.98,,False,-3.9304955767197436,3.005768300436749,False
test_0044,13,4,mV_4,43.679,,False,-2.4521963538435636,2.6366788262551566,False
test_0044,13,5,mV_5,53.562,,False,-1.7118270206137556,1.910963462434327,False
test_0044,13,6,mV_6,59.904,,False,-1.768003454666234,1.8089679920798634,False
test_0044,13,7,mV_7,62.267,,False,-1.9880380383732301,2.0344077226756143,False
test_0044,13,8,mV_8,61.895,,False,-2.393551359289762,2.370362346758202,True
test_0044,13,9,mV_9,60.121,,False,-2.7063086300800534,2.693287050760865,True
test_0044,13,10,mV_10,52.385,,False,-2.9669795835935915,3.0288166377076675,True
test_0044,13,11,mV_11,41.972,,False,-3.4749987535634332,3.4817267276948742,True
test_0044,13,12,mV_12,32.994,,False,-4.00992982005904,3.906982296429562,True
test_0044,13,13,mV_13,26.929,,False,-4.133070792036734,3.9710623229207687,True
test_0044,13,14,mV_14,25.599,,False,-3.6081778875505663,3.549222852520131,True
test_0044,13,15,mV_15,26.674,,False,-2.8474648429426566,2.907871658386715,True
test_0044,13,16,mV_16,31.326,,False,-2.3283790601109806,2.1982803143875493,True
test_0044,13,17,mV_17,38.144,,False,-1.28889829438558,1.283909239272365,False
test_0044,13,18,mV_18,43.789,,False,-0.22946130820731991,0.6631521716101427,False
test_0044,13,19,mV_19,41.263,,False,-0.9047877756403513,1.0498122296464931,False
test_0044,13,20,mV_20,39.321,,False,-2.16021205909795,1.3063029734590628,False
test_0044,14,0,mV_0,38.962,,False,0.28261686933239344,0.1543756505340452,False
test_0044,14,1,mV_1,30.621,,False,-0.05226886347139394,0.1631408172124592,False
test_0044,14,2,mV_2,29.815,,False,0.26540867257465556,0.2977260546709766,False
test_0044,14,3,mV_3,39.918,,False,0.6078180100632015,0.41670965818878514,False
test_0044,14,4,mV_4,50.189,,False,0.18579394005408198,0.27740709928927715,False
test_0044,14,5,mV_5,58.329,,False,0.13022250698574314,0.14060320827031145,False
test_0044,14,6,mV_6,64.875,,False,0.11617387905567757,0.10964417750460366,False
test_0044,14,7,mV_7,68.092,,False,0.07600644492131636,0.09580799630791892,False
test_0044,14,8,mV_8,68.609,,False,-0.11504521633336541,0.08269995760553303,False
test_0044,14,9,mV_9,68.154,,False,-0.024702952834084975,0.05302104284097935,False
test_0044,14,10,mV_10,61.277,,False,0.04763304936238205,0.047548937670183096,False
test_0044,14,11,mV_11,52.119,,False,0.07022669912188331,0.049264929283388034,False
test_0044,14,12,mV_12,43.695,,False,-0.008973269527403465,0.023526732168029325,False
test_0044,14,13,mV_13,37.325,,False,-0.005933690495427055,0.03122789037913381,False
test_0044,14,14,mV_14,33.158,,False,-0.10407091099827766,0.12059667475351239,False
test_0044,14,15,mV_15,31.884,,False,-0.2683111865220672,0.3082709006843287,False
test_0044,14,16,mV_16,34.614,,False,-0.5923903186949028,0.5819231006126191,False
test_0044,14,17,mV_17,38.968,,False,-0.874600578538604,0.7979408873362337,False
test_0044,14,18,mV_18,42.404,,False,-0.850172073572824,0.8611555058585103,False
test_0044,14,19,mV_19,41.339,,False,-0.8696772977497895,0.9397375669569221,False
test_0044,14,20,mV_20,41.343,,False,-1.1694235987552857,0.8021311238150902,False
test_0044,15,0,mV_0,34.779,,False,-1.4038116105783063,1.0129240780019124,False
test_0044,15,1,mV_1,27.406,,False,-1.2440730908510367,0.9729894480700949,False
test_0044,15,2,mV_2,,31.26184373053706,True,,,False
test_0044,15,3,mV_3,43.961,,False,2.454105173613558,1.6657552353368774,False
test_0044,15,4,mV_4,54.061,,False,1.7548105941203933,1.8331037861189998,False
test_0044,15,5,mV_5,61.534,,False,1.368688782621654,1.3913556357186971,False
test_0044,15,6,mV_6,67.4,,False,1.0732343835110871,1.1000319237640954,False
test_0044,15,7,mV_7,70.375,,False,0.8849701454125531,0.8888761974068623,False
test_0044,15,8,mV_8,71.047,,False,0.7123301152912558,0.6151296706237881,False
test_0044,15,9,mV_9,68.68,,False,0.1508883065000879,0.2801825433263628,False
test_0044,15,10,mV_10,60.822,,False,-0.10662344501401953,0.09968111656121857,False
test_0044,15,11,mV_11,51.819,,False,-0.0345892697167473,0.044511325457341794,False
test_0044,15,12,mV_12,43.725,,False,0.002243317381853037,0.08272170264390905,False
test_0044,15,13,mV_13,38.075,,False,0.2918109060951828,0.2971836763276443,False
test_0044,15,14,mV_14,34.683,,False,0.6028695757383585,0.5226517217054443,False
test_0044,15,15,mV_15,33.624,,False,0.593056829249877,0.5637967558428617,False
test_0044,15,16,mV_16,36.619,,False,0.4662037891333343,0.5496117003807061,False
test_0044,15,17,mV_17,42.046,,False,0.6729823940062786,0.576400005778787,False
test_0044,15,18,mV_18,45.402,,False,0.4934314459692564,0.548184795982131,False
test_0044,15,19,mV_19,44.375,,False,0.5328938979837327,0.4791621702448814,False
test_0044,15,20,mV_20,44.459,,False,0.35742943904280394,0.31193819401733514,False
test_0044,16,0,mV_0,34.038,,False,-1.7025549774475008,1.1447801316562023,False
test_0044,16,1,mV_1,27.595,,False,-1.1740105717298073,1.0493151636740874,False
test_0044,16,2,mV_2,28.857,,False,-0.14668453378923454,0.37289569016766827,False
test_0044,16,3,mV_3,38.534,,False,-0.024203121362396815,0.19358863595364836,False
test_0044,16,4,mV_4,48.301,,False,-0.5792637673005653,0.4703431184643395,False
test_0044,16,5,mV_5,56.184,,False,-0.6986418178938308,0.7354392839003432,False
test_0044,16,6,mV_6,62.022,,False,-0.9652097325131459,0.9505279499981262,False
test_0044,16,7,mV_7,64.567,,False,-1.1730505170723822,1.1637156057233233,False
test_0044,16,8,mV_8,64.989,,False,-1.3435516562353829,1.3535257730704622,False
test_0044,16,9,mV_9,63.573,,False,-1.553949262738701,1.5279566010372239,False
test_0044,16,10,mV_10,56.239,,False,-1.660376222436111,1.612870816376684,False
test_0044,16,11,mV_11,47.405,,False,-1.576781557895814,1.563163388113745,False
test_0044,16,12,mV_12,39.871,,False,-1.4387142142272416,1.372485747063445,False
test_0044,16,13,mV_13,34.731,,False,-1.0357330019034832,1.0845859036159293,False
test_0044,16,14,mV_14,31.596,,False,-0.8281633964295095,0.8731345006307456,False
test_0044,16,15,mV_15,30.809,,False,-0.8004782077604802,0.9368696646144385,False
test_0044,16,16,mV_16,33.239,,False,-1.318358846507284,0.8592989751937621,False
test_0044,16,17,mV_17,,37.41985490513979,True,,,False
test_0044,16,18,mV_18,39.117,,False,-2.323295745599119,1.6906726885157488,False
test_0044,16,19,mV_19,38.641,,False,-2.116099262864757,2.1571213964121605,True
test_0044,16,20,mV_20,39.499,,False,-2.0729913143200087,1.5655204728761936,False
test_0045,1,0,mV_0,36.438,,False,-0.36566833164690515,0.25933761758876306,False
test_0045,1,1,mV_1,35.398,,False,-0.306013807061242,0.4437223112513238,False
test_0045,1,2,mV_2,28.75,,False,-0.7971932992359059,0.7059788635718962,False
test_0045,1,3,mV_3,24.888,,False,-0.9235150487545312,0.8140510791130436,False
test_0045,1,4,mV_4,34.302,,False,-0.6119809197072064,0.6043955813768296,False
test_0045,1,5,mV_5,42.334,,False,-0.27010543733837444,0.40573796310426735,False
test_0045,1,6,mV_6,49.094,,False,-0.47076005803311416,0.42891940455228805,False
test_0045,1,7,mV_7,53.091,,False,-0.5040520648045494,0.45578785514816367,False
test_0045,1,8,mV_8,55.839,,False,-0.3442872329504415,0.39186208174981507,False
test_0045,1,9,mV_9,57.032,,False,-0.3748217962938277,0.5099104487268178,False
test_0045,1,10,mV_10,54.571,,False,-0.9457109693691743,0.9000504079462901,False
test_0045,1,11,mV_11,53.118,,False,-1.3339578967529842,1.2456995345662492,False
test_0045,1,12,mV_12,50.908,,False,-1.369171375389854,1.2775595778118896,False
test_0045,1,13,mV_13,47.004,,False,-1.0379376637148658,1.1762558138934502,False
test_0045,1,14,mV_14,43.26,,False,-1.2599765527542155,1.153081007477411,False
test_0045,1,15,mV_15,36.181,,False,-1.0544332606863467,1.3052466949982418,False
test_0045,1,16,mV_16,28.661,,False,-1.8521437058660577,1.1896801681046156,False
test_0045,1,17,mV_17,,20.256514046482035,True,,,False
test_0045,1,18,mV_18,12.505,,False,-0.24133772357351893,0.20324778182541758,False
test_0045,1,19,mV_19,20.728,,False,-0.33031568015463253,0.2404373985871408,False
test_0045,1,20,mV_20,21.92,,False,0.059780510465779264,0.11246917527154776,False
test_0045,2,0,mV_0,34.727,,False,-1.055479263783462,0.6766224850243439,False
test_0045,2,1,mV_1,34.617,,False,-0.5955314125304513,1.1058686245419715,False
test_0045,2,2,mV_2,35.664,,False,2.176932409323521,1.3990860237438607,False
test_0045,2,3,mV_3,28.327,,False,0.6469478637979491,0.9560210546895429,False
test_0045,2,4,mV_4,36.684,,False,0.353256081838752,0.4807596472968928,False
test_0045,2,5,mV_5,44.507,,False,0.5695785617121181,0.37310330131574704,False
test_0045,2,6,mV_6,,51.79478434196641,True,,,False
test_0045,2,7,mV_7,54.484,,False,-0.010453100816685624,0.4475482578965458,False
test_0045,2,8,mV_8,51.64,,False,-1.769286829952812,1.9808475375823038,False
test_0045,2,9,mV_9,45.051,,False,-4.374363389606906,2.8991556203457893,False
test_0045,2,10,mV_10,54.179,,False,-1.0786088722165348,1.888384207554158,False
test_0045,2,11,mV_11,59.861,,False,1.0219556961766572,1.3738005705269536,False
test_0045,2,12,mV_12,60.916,,False,2.372682017537965,2.2127403174856677,False
test_0045,2,13,mV_13,57.386,,False,3.0836415386900837,3.1731507622847457,False
test_0045,2,14,mV_14,54.936,,False,4.15263795422085,4.296085017047622,True
test_0045,2,15,mV_15,50.018,,False,5.7954226210587,5.60982222994213,True
test_0045,2,16,mV_16,44.851,,False,6.695805723430268,6.29682797720972,True
test_0045,2,17,mV_17,33.965,,False,6.000277840919642,5.761062461460609,True
test_0045,2,18,mV_18,22.745,,False,4.347888440572885,4.592891845310152,True
test_0045,2,19,mV_19,29.399,,False,3.675512659175197,3.8144535370934256,True
test_0045,2,20,mV_20,29.061,,False,3.558900389450424,2.698328359519011,False
test_0045,3,0,mV_0,34.548,,False,-1.127645340260633,0.7955572323824782,False
test_0045,3,1,mV_1,33.723,,False,-0.926938249008647,1.0379159477180961,False
test_0045,3,2,mV_2,27.883,,False,-1.1701419525944574,0.8472093898306264,False
test_0045,3,3,mV_3,26.644,,False,-0.12161540512494412,0.42843463661303066,False
test_0045,3,4,mV_4,35.071,,False,-0.3003657836077769,0.25091462519611796,False
test_0045,3,5,mV_5,42.305,,False,-0.2813115284439739,0.36954020009730976,False
test_0045,3,6,mV_6,48.713,,False,-0.6151719598935144,0.5490169487308592,False
test_0045,3,7,mV_7,52.582,,False,-0.6844123466924337,0.6462960665161717,False
test_0045,3,8,mV_8,55.082,,False,-0.6011876127863052,0.6246560465728258,False
test_0045,3,9,mV_9,56.322,,False,-0.6118366140262592,0.6716233862853245,False
test_0045,3,10,mV_10,54.819,,False,-0.8616327043024745,0.86503168870813,False
test_0045,3,11,mV_11,53.716,,False,-1.125024732201312,1.0720755338715142,False
test_0045,3,12,mV_12,51.423,,False,-1.1766199667809583,1.1534656392899532,False
test_0045,3,13,mV_13,46.758,,False,-1.1355978913965838,1.2437018002313154,False
test_0045,3,14,mV_14,42.684,,False,-1.5269914513511358,1.348997763817275,False
test_0045,3,15,mV_15,35.874,,False,-1.2064102611702445,1.2476216062132037,False
test_0045,3,16,mV_16,30.179,,False,-1.0506744511611905,0.8494395758053799,False
test_0045,3,17,mV_17,22.21,,False,0.08999913972889383,0.4250318156367602,False
test_0045,3,18,mV_18,11.996,,False,-0.4694545319280626,0.36394442448467496,False
test_0045,3,19,mV_19,20.519,,False,-0.4268694943536809,0.5557103006817455,False
test_0045,3,20,mV_20,19.962,,False,-0.8996476820915577,0.556541214634199,False
test_0045,4,0,mV_0,38.094,,False,0.30196866637655095,0.2024654566960044,False
test_0045,4,1,mV_1,36.779,,False,0.20592449403091573,0.2832250953095274,False
test_0045,4,2,mV_2,29.629,,False,-0.4190827267997272,0.398556331494683,False
test_0045,4,3,mV_3,28.115,,False,0.5501353783483618,0.603192370664276,False
test_0045,4,4,mV_4,38.017,,False,0.8934159991606531,0.900330896732215,False
test_0045,4,5,mV_5,46.305,,False,1.2643562102591919,1.1349748205275805,False
test_0045,4,6,mV_6,53.285,,False,1.117770862431285,1.1021522553430527,False
test_0045,4,7,mV_7,57.078,,False,0.908711086250449,0.9117535251484112,False
test_0045,4,8,mV_8,58.951,,False,0.7118210656614619,0.7327403231043149,False
test_0045,4,9,mV_9,59.948,,False,0.5986080748438868,0.47725930383730886,False
test_0045,4,10,mV_10,,58.605828985034705,True,,,False
test_0045,4,11,mV_11,58.007,,False,0.37419300875391404,0.20036946555290985,False
test_0045,4,12,mV_12,54.428,,False,-0.053091844703811356,0.19070926803179064,False
test_0045,4,13,mV_13,48.907,,False,-0.28246037396562584,0.15450314815876576,False
test_0045,4,14,mV_14,,46.199857372519205,True,,,False
test_0045,4,15,mV_15,38.065,,False,-0.12177961602293214,0.21466314162990616,False
test_0045,4,16,mV_16,31.004,,False,-0.6150933344737604,0.9032515312437785,False
test_0045,4,17,mV_17,17.534,,False,-2.261039840004661,1.3001471477181026,False
test_0045,4,18,mV_18,13.185,,False,0.0634155763893274,0.7230882806185073,False
test_0045,4,19,mV_19,20.351,,False,-0.5044821296907132,0.5197121075015201,False
test_0045,4,20,mV_20,19.744,,False,-1.0064685942353266,0.6293548295403416,False
test_0045,5,0,mV_0,43.325,,False,2.410911381751372,1.8223487577149233,False
test_0045,5,1,mV_1,42.88,,False,2.4675722673569496,2.501729559829081,True
test_0045,5,2,mV_2,36.789,,False,2.660862322851053,2.1713956482891024,True
test_0045,5,3,mV_3,28.873,,False,0.896285680097354,1.3483625312965426,False
test_0045,5,4,mV_4,38.132,,False,0.9400164421404098,1.0177038238855194,False
test_0045,5,5,mV_5,46.383,,False,1.2944967311639046,1.2034836751372362,False
test_0045,5,6,mV_6,53.726,,False,1.2849247960807255,1.3024018117681522,False
test_0045,5,7,mV_7,58.31,,False,1.345260923747253,1.3868055542920268,False
test_0045,5,8,mV_8,61.485,,False,1.5717755735928758,1.6107695346172555,False
test_0045,5,9,mV_9,64.009,,False,1.9542660675360175,1.8760297530892671,False
test_0045,5,10,mV_10,63.33,,False,2.023811303692158,1.9081189408716617,False
test_0045,5,11,mV_11,61.603,,False,1.6305870885663134,1.6905524941934527,False
test_0045,5,12,mV_12,58.521,,False,1.477224495949025,1.5053886277037984,False
test_0045,5,13,mV_13,53.237,,False,1.4365184303508303,1.4720946071941734,False
test_0045,5,14,mV_14,49.296,,False,1.5381170721260085,1.6263212274843424,False
test_0045,5,15,mV_15,42.336,,False,1.9925323353345221,1.8546548929435727,False
test_0045,5,16,mV_16,35.759,,False,1.8954378289792373,1.8705825753399128,False
test_0045,5,17,mV_17,25.41,,False,1.698922308066655,1.4979375296575843,False
test_0045,5,18,mV_18,14.602,,False,0.6984676735177902,1.1328073572162747,False
test_0045,5,19,mV_19,24.55,,False,1.4353717737628633,1.2408182812345285,False
test_0045,5,20,mV_20,24.643,,False,1.3940619038945967,1.0558738953880142,False
test_0045,6,0,mV_0,35.988,,False,-0.5470914289358891,0.3007459120368347,False
test_0045,6,1,mV_1,35.93,,False,-0.1088007902755605,0.26029471959938016,False
test_0045,6,2,mV_2,31.246,,False,0.2764858689105105,0.32679500312929044,False
test_0045,6,3,mV_3,25.497,,False,-0.64540748442058,0.5306376958491404,False
test_0045,6,4,mV_4,34.442,,False,-0.5552499456448912,0.5282391558376976,False
test_0045,6,5,mV_5,42.109,,False,-0.35704924764042817,0.4461138652368725,False
test_0045,6,6,mV_6,48.977,,False,-0.5151070200217427,0.47282883812211574,False
test_0045,6,7,mV_7,53.091,,False,-0.5040520648045494,0.5552795480194856,False
test_0045,6,8,mV_8,54.797,,False,-0.697907042447101,0.645451434495975,False
test_0045,6,9,mV_9,56.112,,False,-0.6819395882851483,0.6089751490094925,False
test_0045,6,10,mV_10,56.257,,False,-0.37411437702057226,0.5233260096280091,False
test_0045,6,11,mV_11,55.038,,False,-0.6631356961857438,0.5562370376287331,False
test_0045,6,12,mV_12,53.167,,False,-0.5245623811228727,0.46632529526976574,False
test_0045,6,13,mV_13,49.233,,False,-0.15304072264757376,0.20824041601986273,False
test_0045,6,14,mV_14,45.973,,False,-0.002317837661430717,0.3342148773042129,False
test_0045,6,15,mV_15,40.693,,False,1.1791831112464164,0.8875541228860742,False
test_0045,6,16,mV_16,34.422,,False,1.189532431390033,1.375758463438688,False
test_0045,6,17,mV_17,25.899,,False,1.9447858797282696,1.3424350605888147,False
test_0045,6,18,mV_18,12.395,,False,-0.2906360515086865,0.9674894305010362,False
test_0045,6,19,mV_19,18.534,,False,-1.3438997392585024,0.8549823249852484,False
test_0045,6,20,mV_20,20.897,,False,-0.44149376991530237,0.5567218197722767,False
test_0045,7,0,mV_0,37.6,,False,0.10280642179708997,0.0648874655706862,False
test_0045,7,1,mV_1,36.369,,False,0.053937018688564875,0.052670114793554934,False
test_0045,7,2,mV_2,,30.606497311162272,True,,,False
test_0045,7,3,mV_3,27.354,,False,0.20261508859772587,0.12650835611422573,False
test_0045,7,4,mV_4,36.061,,False,0.10080324726145114,0.19823925485111932,False
test_0045,7,5,mV_5,44.039,,False,0.3887354362838491,0.27831877874563954,False
test_0045,7,6,mV_6,50.956,,False,0.2350009951534087,0.26663981113059565,False
test_0045,7,7,mV_7,55.1,,False,0.20782181793171625,0.2741854474815037,False
test_0045,7,8,mV_8,58.168,,False,0.4460971589091736,0.46196084966482504,False
test_0045,7,9,mV_9,60.395,,False,0.7478272629092366,0.6513484089521351,False
test_0045,7,10,mV_10,59.318,,False,0.6636419510808933,0.6227202936993986,False
test_0045,7,11,mV_11,58.126,,False,0.4157700097265714,0.41417520550683146,False
test_0045,7,12,mV_12,55.002,,False,0.1615188514932897,0.20966285019246714,False
test_0045,7,13,mV_13,49.87,,False,0.09984368805671771,0.13712187766259945,False
test_0045,7,14,mV_14,45.574,,False,-0.18728128304367264,0.12107675898363636,False
test_0045,7,15,mV_15,38.331,,False,0.009900781790482411,0.061934271045532396,False
test_0045,7,16,mV_16,32.092,,False,-0.040654237557492125,0.05674053730849147,False
test_0045,7,17,mV_17,21.761,,False,-0.13575289232849921,0.157869684312273,False
test_0045,7,18,mV_18,12.331,,False,-0.31931871503460146,0.1948680255230974,False
test_0045,7,19,mV_19,21.454,,False,0.005081779694687427,0.10515576316877046,False
test_0045,7,20,mV_20,21.984,,False,0.09114077825110549,0.0468408340492246,False
test_0045,8,0,mV_0,36.926,,False,-0.16892506169796404,0.08446253084898202,False
test_0045,8,1,mV_1,,35.82783434603665,True,,,False
test_0045,8,2,mV_2,29.572,,False,-0.4436018424184564,0.7226814853887463,False
test_0045,8,3,mV_3,22.523,,False,-2.0035222567180724,3.552320294845047,False
test_0045,8,4,mV_4,11.73,,False,-9.758634823525588,8.311653446626533,False
test_0045,8,5,mV_5,12.688,,False,-11.725821882736886,8.30256964724984,False
test_0045,8,6,mV_6,,22.709544789510975,True,,,False
test_0045,8,7,mV_7,25.213,,False,-10.382409507772,8.059063105736001,False
test_0045,8,8,mV_8,23.051,,False,-11.47143340740001,11.494533331194951,False
test_0045,8,9,mV_9,20.252,,False,-12.652857002207782,12.41447592937688,False
test_0045,8,10,mV_10,19.367,,False,-12.880756305691943,13.259748089770785,False
test_0045,8,11,mV_11,15.078,,False,-14.624622745491473,14.471017999238834,False
test_0045,8,12,mV_12,12.434,,False,-15.754070200280443,11.53319078651309,False
test_0045,8,13,mV_13,,10.488714238841816,True,,,False
test_0045,8,14,mV_14,9.012,,False,-17.13623739849608,12.589444983224727,True
test_0045,8,15,mV_15,5.818,,False,-16.085305135906754,16.254993618709083,True
test_0045,8,16,mV_16,2.408,,False,-15.713126804526741,14.521425870092518,True
test_0045,8,17,mV_17,1.0,,False,-10.574144735409833,10.564727733580186,True
test_0045,8,18,mV_18,1.0,,False,-5.397494658974339,7.623194131302516,False
test_0045,8,19,mV_19,1.694,,False,-9.123642471851554,8.323975503402927,False
test_0045,8,20,mV_20,2.102,,False,-9.651122410934263,7.10647182343002,False
test_0045,9,0,mV_0,34.726,,False,-1.0558824262218809,0.6140828950199126,False
test_0045,9,1,mV_1,35.294,,False,-0.344566727635889,0.5042459786452543,False
test_0045,9,2,mV_2,29.971,,False,-0.27196803308735823,0.37822594888482364,False
test_0045,9,3,mV_3,25.543,,False,-0.6244010017286892,0.5356190665227992,False
test_0045,9,4,mV_4,34.278,,False,-0.6217062295464605,0.5130335846654903,False
test_0045,9,5,mV_5,42.556,,False,-0.18432087784035123,0.3008412540794577,False
test_0045,9,6,mV_6,49.774,,False,-0.21301703109066805,0.24175014154773836,False
test_0045,9,7,mV_7,53.507,,False,-0.3566456261692661,0.35633665095922784,False
test_0045,9,8,mV_8,55.383,,False,-0.4990383204077111,0.4510801422886657,False
test_0045,9,9,mV_9,56.808,,False,-0.4495983021699746,0.4773288769409954,False
test_0045,9,10,mV_10,55.853,,False,-0.5110805830163214,0.550406999470572,False
test_0045,9,11,mV_11,54.847,,False,-0.7298685296796709,0.4927044105939158,False
test_0045,9,12,mV_12,,53.51350152857265,True,,,False
test_0045,9,13,mV_13,48.646,,False,-0.38607549357915616,0.3528526535452867,False
test_0045,9,14,mV_14,44.599,,False,-0.6392596270228346,0.48421656171577077,False
test_0045,9,15,mV_15,37.761,,False,-0.2722714992382577,0.3120539582644939,False
test_0045,9,16,mV_16,32.047,,False,-0.06441320755862551,0.27650184437087255,False
test_0045,9,17,mV_17,23.433,,False,0.7049094631279815,0.3938234265204201,False
test_0045,9,18,mV_18,12.818,,False,-0.1010615722670918,0.2588657599865161,False
test_0045,9,19,mV_19,21.165,,False,-0.1284304322838994,0.21639169290246635,False
test_0045,9,20,mV_20,20.762,,False,-0.5076443347749748,0.28592977545846227,False
test_0045,10,0,mV_0,40.282,,False,1.1840880816394255,0.9143223612483835,False
test_0045,10,1,mV_1,39.701,,False,1.2891132817146833,1.4645942472107056,False
test_0045,10,2,mV_2,35.476,,False,2.0960623437740304,1.3937492379218928,False
test_0045,10,3,mV_3,26.705,,False,-0.0937589824248273,0.5708950771559212,False
test_0045,10,4,mV_4,,36.46912303224201,True,,,False
test_0045,10,5,mV_5,42.741,,False,-0.11283374492532874,0.11753608289570736,False
test_0045,10,6,mV_6,49.691,,False,-0.24447684173217193,0.20275665398091322,False
test_0045,10,7,mV_7,53.923,,False,-0.20923918753398027,0.17867714895728823,False
test_0045,10,8,mV_8,56.701,,False,-0.05175337902902046,0.15823626638050856,False
test_0045,10,9,mV_9,59.114,,False,0.32019911993001304,0.3032659836284931,False
test_0045,10,10,mV_10,58.897,,False,0.5209123156249258,0.3565777196835561,False
test_0045,10,11,mV_11,56.752,,False,-0.06428712755435974,0.1623716426834113,False
test_0045,10,12,mV_12,,56.21274088943096,True,,,False
test_0045,10,13,mV_13,50.796,,False,0.46745901664725775,0.3991072254667738,False
test_0045,10,14,mV_14,47.405,,False,0.6615108685725797,0.8128352767445126,False
test_0045,10,15,mV_15,41.262,,False,1.4608603531856337,1.2607720718089135,False
test_0045,10,16,mV_16,34.934,,False,1.4598567122918071,1.6713390541032727,False
test_0045,10,17,mV_17,26.615,,False,2.3047824386438425,1.6919723157743205,False
test_0045,10,18,mV_18,14.602,,False,0.6984676735177902,1.215090889016996,False
test_0045,10,19,mV_19,23.951,,False,1.1586457703885618,1.0095994866517621,False
test_0045,10,20,mV_20,23.885,,False,1.0226387323121349,0.8009808087532079,False
test_0045,11,0,mV_0,40.077,,False,1.101439781763334,0.8391717305176805,False
test_0045,11,1,mV_1,39.336,,False,1.1538073585440543,1.0991486801762684,False
test_0045,11,2,mV_2,32.899,,False,0.9875402218536319,1.046708016635698,False
test_0045,11,3,mV_3,29.227,,False,1.0579442642914734,0.9471402576349686,False
test_0045,11,4,mV_4,37.503,,False,0.6851322801032955,0.7714726118290658,False
test_0045,11,5,mV_5,44.735,,False,0.6576816228181992,0.5804790604228626,False
test_0045,11,6,mV_6,51.184,,False,0.32142071595175625,0.36424130614285416,False
test_0045,11,7,mV_7,54.955,,False,0.15644216984970494,0.18008361077157362,False
test_0045,11,8,mV_8,57.107,,False,0.08602938743512835,0.0821252361799904,False
test_0045,11,9,mV_9,,58.1386273233435,True,,,False
test_0045,11,10,mV_10,57.62,,False,0.08797705558390248,0.059448883195649366,False
test_0045,11,11,mV_11,56.759,,False,-0.06184142161479249,0.0617013011156221,False
test_0045,11,12,mV_12,54.476,,False,-0.03514530564900096,0.03615932649240002,False
test_0045,11,13,mV_13,49.65,,False,0.012505273056805695,0.05015420351134177,False
test_0045,11,14,mV_14,45.675,,False,-0.14046096228275473,0.1935275383875547,False
test_0045,11,15,mV_15,39.282,,False,0.4806829559279036,0.4607766845434743,False
test_0045,11,16,mV_16,33.573,,False,0.7412798640353352,0.8529440809981661,False
test_0045,11,17,mV_17,24.912,,False,1.4485336399940902,1.0621314984688996,False
test_0045,11,18,mV_18,14.405,,False,0.6101788498520826,0.8836604519209919,False
test_0045,11,19,mV_19,23.317,,False,0.8657504679857118,0.6817057686405119,False
test_0045,11,20,mV_20,22.584,,False,0.3851432887385417,0.4090092613656988,False
test_0045,12,0,mV_0,36.391,,False,-0.384616966252645,0.3388744540128624,False
test_0045,12,1,mV_1,34.642,,False,-0.5862638835461597,0.7641972967653196,False
test_0045,12,2,mV_2,27.117,,False,-1.4996444537163138,1.0406152188292785,False
test_0045,12,3,mV_3,25.647,,False,-0.5769080843383266,0.780397000181969,False
test_0045,12,4,mV_4,34.657,,False,-0.46812737833490875,0.38080242032742906,False
test_0045,12,5,mV_5,43.059,,False,0.010046840301572019,0.13314200523166964,False
test_0045,12,6,mV_6,50.219,,False,-0.04434696198862576,0.07708357355334276,False
test_0045,12,7,mV_7,53.922,,False,-0.20959352993454752,0.18464762628905623,False
test_0045,12,8,mV_8,56.043,,False,-0.27505648329850413,0.2650214026590451,False
test_0045,12,9,mV_9,57.255,,False,-0.3003791141046247,0.35596226203048476,False
test_0045,12,10,mV_10,55.744,,False,-0.5480343366141854,0.5097424190784516,False
test_0045,12,11,mV_11,55.097,,False,-0.6425218889808112,0.6548402142286641,False
test_0045,12,12,mV_12,52.467,,False,-0.7862827423388484,0.7687930662524791,False
test_0045,12,13,mV_13,47.452,,False,-0.8600848913514081,0.9441568908765446,False
test_0045,12,14,mV_14,43.238,,False,-1.2701750384645139,1.0435452663016538,False
test_0045,12,15,mV_15,36.748,,False,-0.773746096926179,0.9095359157556613,False
test_0045,12,16,mV_16,30.615,,False,-0.8204764307057737,0.9688248805235876,False
test_0045,12,17,mV_17,19.126,,False,-1.460600563756624,1.0719421454388471,False
test_0045,12,18,mV_18,11.825,,False,-0.5460910235363676,0.8926311224208566,False
test_0045,12,19,mV_19,19.24,,False,-1.0177418788540673,1.0144893470188956,False
test_0045,12,20,mV_20,18.785,,False,-1.4763826068310797,0.9926267731290567,False
test_0045,13,0,mV_0,32.269,,False,-2.0464525374197273,1.4442964481110618,False
test_0045,13,1,mV_1,31.68,,False,-1.6842807176047927,1.794479074826151,False
test_0045,13,2,mV_2,26.505,,False,-1.762902326675292,1.9413140324173004,False
test_0045,13,3,mV_3,21.315,,False,-2.5551707587138255,2.3609147581724805,True
test_0045,13,4,mV_4,29.469,,False,-2.5704151885869786,2.5598493499809596,True
test_0045,13,5,mV_5,36.451,,False,-2.543396264036056,2.53790739251339,True
test_0045,13,6,mV_6,43.755,,False,-2.4944218533944684,2.3946861263228865,True
test_0045,13,7,mV_7,48.738,,False,-2.046504534466553,2.140763133889187,True
test_0045,13,8,mV_8,51.032,,False,-1.9756216132291748,2.0132594993275945,True
test_0045,13,9,mV_9,51.998,,False,-2.055290236385476,2.0626772183935147,True
test_0045,13,10,mV_10,50.976,,False,-2.1645067875739334,2.229339097950068,True
test_0045,13,11,mV_11,49.686,,False,-2.53305258026693,2.3840920826051324,True
test_0045,13,12,mV_12,48.403,,False,-2.3057563823127363,2.239655980930031,True
test_0045,13,13,mV_13,45.049,,False,-1.814058578827721,1.9364897559188496,False
test_0045,13,14,mV_14,42.069,,False,-1.8120854837072198,1.6413583882721374,False
test_0045,13,15,mV_15,36.034,,False,-1.1272040068463893,1.4407209888702137,False
test_0045,13,16,mV_16,28.956,,False,-1.6963904580808569,1.3456924930073066,False
test_0045,13,17,mV_17,20.315,,False,-0.862785049021124,1.3976036838360104,False
test_0045,13,18,mV_18,8.205,,False,-2.168454179220937,1.8742799523584044,False
test_0045,13,19,mV_19,16.47,,False,-2.29742640197062,2.2929193870596083,False
test_0045,13,20,mV_20,16.883,,False,-2.4083705650762557,1.7785418830307829,False
test_0045,14,0,mV_0,39.507,,False,0.8716371918639556,0.7124079984681007,False
test_0045,14,1,mV_1,39.208,,False,1.1063576101444914,1.2706921133437983,False
test_0045,14,2,mV_2,35.249,,False,1.9984160412222542,1.27579742314725,False
test_0045,14,3,mV_3,,27.075626876931366,True,,,False
test_0045,14,4,mV_4,,35.325477972576266,True,,,False
test_0045,14,5,mV_5,42.276,,False,-0.29251761954957034,0.2111683588393346,False
test_0045,14,6,mV_6,49.651,,False,-0.2596381962581978,0.2210642582454071,False
test_0045,14,7,mV_7,54.718,,False,0.07246302091566251,0.14513143169704926,False
test_0045,14,8,mV_8,57.372,,False,0.17596148869867423,0.18990179603891089,False
test_0045,14,9,mV_9,59.159,,False,0.3352211858426326,0.3127576277543562,False
test_0045,14,10,mV_10,58.554,,False,0.4046266506334856,0.35617062761788637,False
test_0045,14,11,mV_11,57.738,,False,0.2802080233619417,0.38417868587478,False
test_0045,14,12,mV_12,56.099,,False,0.5716720461417508,0.5145362747947242,False
test_0045,14,13,mV_13,51.217,,False,0.6345929835334534,0.4636912597943124,False
test_0045,14,14,mV_14,46.008,,False,0.013907025968592076,0.19926441695529862,False
test_0045,14,15,mV_15,38.039,,False,-0.13465063235055702,0.14815071944889086,False
test_0045,14,16,mV_16,31.583,,False,-0.3093945871258574,0.38658431387468106,False
test_0045,14,17,mV_17,20.454,,False,-0.7928974488964525,0.5395098015341795,False
test_0045,14,18,mV_18,13.63,,False,0.26284972121795547,0.42239170226112255,False
test_0045,14,19,mV_19,22.246,,False,0.37096991771212684,0.44009400214873035,False
test_0045,14,20,mV_20,23.34,,False,0.7555864519527122,0.4705357054043878,False
test_0045,15,0,mV_0,38.533,,False,0.4789569768429143,0.5545281362423817,False
test_0045,15,1,mV_1,39.623,,False,1.2601985912836984,1.249335010177357,False
test_0045,15,2,mV_2,35.248,,False,1.9979858812991167,1.3601297339477643,False
test_0045,15,3,mV_3,27.314,,False,0.18434858190912515,0.621329006771029,False
test_0045,15,4,mV_4,36.105,,False,0.11863298196674901,0.21244112736585047,False
test_0045,15,5,mV_5,44.141,,False,0.4281499636207787,0.40482261914110584,False
test_0045,15,6,mV_6,52.036,,False,0.644357567356117,0.6611776685535005,False
test_0045,15,7,mV_7,57.132,,False,0.927845575880989,0.8600658463367443,False
test_0045,15,8,mV_8,59.624,,False,0.9402146662288822,0.9466101288103703,False
test_0045,15,9,mV_9,61.085,,False,0.9781656069027277,1.0073496985573465,False
test_0045,15,10,mV_10,60.702,,False,1.1328529141950485,1.0877693631978922,False
test_0045,15,11,mV_11,60.105,,False,1.1072060174987441,1.200140181600454,False
test_0045,15,12,mV_12,58.457,,False,1.4532957772092785,1.3965218845783622,False
test_0045,15,13,mV_13,53.579,,False,1.5722899663961474,1.1494689275003933,False
test_0045,15,14,mV_14,,48.25425313076,True,,,False
test_0045,15,15,mV_15,41.081,,False,1.3712582779817721,0.9688888591154989,False
test_0045,15,16,mV_16,34.315,,False,1.1330388804984515,1.221314267855163,False
test_0045,15,17,mV_17,24.513,,False,1.2479210324419772,0.9072202363456014,False
test_0045,15,18,mV_18,,15.427526238653911,True,,,False
test_0045,15,19,mV_19,22.533,,False,0.5035581697462258,0.40735541333938163,False
test_0045,15,20,mV_20,23.068,,False,0.6223053138650748,0.43704219936909383,False
test_0045,16,0,mV_0,40.436,,False,1.2461750971561008,0.8512077745263389,False
test_0045,16,1,mV_1,38.685,,False,0.9124809037931543,0.7756613851992439,False
test_0045,16,2,mV_2,30.53,,False,-0.031508636054566275,0.3802667318946248,False
test_0045,16,3,mV_3,28.105,,False,0.5455687516762123,0.452552436742525,False
test_0045,16,4,mV_4,37.509,,False,0.6875636075631091,0.8454345992029,False
test_0045,16,5,mV_5,46.814,,False,1.4610424300091698,1.3400067119027952,False
test_0045,16,6,mV_6,54.954,,False,1.7503783800297323,1.6606555917878745,False
test_0045,16,7,mV_7,59.257,,False,1.680823177082863,1.2780061835488645,False
test_0045,16,8,mV_8,,60.587572808361934,True,,,False
test_0045,16,9,mV_9,63.092,,False,1.6481497466055357,1.1542431006891822,False
test_0045,16,10,mV_10,61.256,,False,1.3206729095456573,1.3379076791487459,False
test_0045,16,11,mV_11,59.976,,False,1.0621351508981336,1.1203389604392964,False
test_0045,16,12,mV_12,57.342,,False,1.0364126304152608,1.097910276434689,False
test_0045,16,13,mV_13,52.784,,False,1.2566806940101007,1.1606006730085796,False
test_0045,16,14,mV_14,48.335,,False,1.0926286735988564,1.103424943485908,False
test_0045,16,15,mV_15,40.274,,False,0.9717617327358181,0.8895803754960683,False
test_0045,16,16,mV_16,33.158,,False,0.5221693629137807,0.5830886047099426,False
test_0045,16,17,mV_17,21.402,,False,-0.316253960276391,0.3215535464324845,False
test_0045,16,18,mV_18,13.337,,False,0.13153690226337536,0.1891820185362331,False
test_0045,16,19,mV_19,21.827,,False,0.17740030934179063,0.1621322264747984,False
test_0045,16,20,mV_20,21.467,,False,-0.1621913849522371,0.1254457698115662,False
test_0046,1,0,mV_0,43.615,,False,0.9567044663705698,0.5698227442602234,False
test_0046,1,1,mV_1,35.902,,False,-0.36588204429975396,0.4389471457351993,False
test_0046,1,2,mV_2,34.036,,False,-0.06732002797071933,0.22308466717792194,False
test_0046,1,3,mV_3,44.935,,False,0.3918165684704952,0.3795374855022164,False
test_0046,1,4,mV_4,50.593,,False,0.6671967770971559,0.5996921993670058,False
test_0046,1,5,mV_5,55.177,,False,0.6725586748032165,0.5780324781139399,False
test_0046,1,6,mV_6,59.084,,False,0.2998157857521706,0.3451104624200861,False
test_0046,1,7,mV_7,62.905,,False,0.10825160337278668,0.16132700852818702,False
test_0046,1,8,mV_8,65.127,,False,0.1289890416150041,0.09155742165069872,False
test_0046,1,9,mV_9,,65.90559413675274,True,,,False
test_0046,1,10,mV_10,65.82,,False,0.5134537598528771,0.45657599384542974,False
test_0046,1,11,mV_11,63.518,,False,0.7993964556759647,0.739026973252793,False
test_0046,1,12,mV_12,60.387,,False,0.843861221806365,0.8324836510094616,False
test_0046,1,13,mV_13,56.065,,False,0.8428157047491518,0.8871035168174999,False
test_0046,1,14,mV_14,51.786,,False,1.018921435965331,1.0740557132934978,False
test_0046,1,15,mV_15,47.904,,False,1.4155642764941778,1.4933274853470564,False
test_0046,1,16,mV_16,43.057,,False,2.1232599524345392,1.8294416698202085,False
test_0046,1,17,mV_17,35.75,,False,1.6556824979175777,1.7850304093025597,False
test_0046,1,18,mV_18,30.172,,False,1.7054966889405443,1.285205915335967,False
test_0046,1,19,mV_19,12.369,,False,0.07414778554520125,0.6456683709869294,False
test_0046,1,20,mV_20,22.972,,False,-0.7288812239167709,0.3829775583446858,False
test_0046,2,0,mV_0,45.049,,False,1.5348394030647938,0.8451742697105865,False
test_0046,2,1,mV_1,37.728,,False,0.31101827271275856,0.7352106021012279,False
test_0046,2,2,mV_2,36.015,,False,0.7839664599146006,0.7613169111522855,False
test_0046,2,3,mV_3,46.631,,False,1.1663164520671825,1.0654893020606941,False
test_0046,2,4,mV_4,51.773,,False,1.1453578441938108,1.1398216116543753,False
test_0046,2,5,mV_5,56.289,,False,1.1022543061626975,1.0712357492279687,False
test_0046,2,6,mV_6,60.76,,False,0.9350765403926686,1.0093458679619773,False
test_0046,2,7,mV_7,65.605,,False,1.0649760848998742,1.0190077692574735,False
test_0046,2,8,mV_8,67.726,,False,1.0110023668374777,0.9721646006945659,False
test_0046,2,9,mV_9,67.667,,False,0.8016775842034336,0.8072102058205517,False
test_0046,2,10,mV_10,66.118,,False,0.6144832880378619,0.6596441948858054,False
test_0046,2,11,mV_11,62.97,,False,0.6079326192640641,0.578445855588732,False
test_0046,2,12,mV_12,59.423,,False,0.48343489578893806,0.4760766077672202,False
test_0046,2,13,mV_13,54.772,,False,0.32950402022694086,0.32385505547432614,False
test_0046,2,14,mV_14,49.918,,False,0.15297728565448485,0.18677247655589876,False
test_0046,2,15,mV_15,45.27,,False,0.11163131468768453,0.10296959250788801,False
test_0046,2,16,mV_16,38.968,,False,-0.03563845500169815,0.09060092891469056,False
test_0046,2,17,mV_17,32.814,,False,0.17949549096768141,0.32223682416253974,False
test_0046,2,18,mV_18,24.371,,False,-0.8943178597130979,1.3209981152942327,False
test_0046,2,19,mV_19,19.386,,False,3.315861250783054,2.4537737268789934,True
test_0046,2,20,mV_20,29.131,,False,2.289054546236769,1.9734925858141479,False
test_0046,3,0,mV_0,40.152,,False,-0.439447057877758,0.7177605365546024,False
test_0046,3,1,mV_1,31.515,,False,-1.9921480304628933,1.1152379880386933,False
test_0046,3,2,mV_2,34.279,,False,0.03720883335122834,0.5915341017146019,False
test_0046,3,3,mV_3,43.421,,False,-0.29957070969305744,0.24048638043267515,False
test_0046,3,4,mV_4,48.143,,False,-0.32559526899335733,0.382838173007537,False
test_0046,3,5,mV_5,51.934,,False,-0.5805914443503757,0.6505687042366224,False
test_0046,3,6,mV_6,55.35,,False,-1.115496659252381,1.032301744839569,False
test_0046,3,7,mV_7,58.881,,False,-1.3176222165031384,1.3145442318050804,False
test_0046,3,8,mV_8,60.305,,False,-1.5074358349616637,1.489094802895146,False
test_0046,3,9,mV_9,60.401,,False,-1.6238853251541183,1.5691455875340166,False
test_0046,3,10,mV_10,59.818,,False,-1.521375864866166,1.4700141468687522,False
test_0046,3,11,mV_11,57.757,,False,-1.213419532588558,1.3285988038976673,False
test_0046,3,12,mV_12,54.476,,False,-1.3661802855473872,1.3762919510568044,False
test_0046,3,13,mV_13,50.014,,False,-1.5593877005438852,1.5378702413011187,False
test_0046,3,14,mV_14,45.993,,False,-1.6665252785693168,1.2231095644206298,False
test_0046,3,15,mV_15,,42.00092992024179,True,,,False
test_0046,3,16,mV_16,36.284,,False,-1.4527290212914685,0.9785129384336678,False
test_0046,3,17,mV_17,30.451,,False,-1.0085937111517342,0.9157133866939734,False
test_0046,3,18,mV_18,25.936,,False,-0.19293710318095647,0.3979910889120149,False
test_0046,3,19,mV_19,11.781,,False,-0.19749643813441237,0.1980041805366195,False
test_0046,3,20,mV_20,24.043,,False,-0.20408674269669685,0.1514174808819515,False
test_0046,4,0,mV_0,41.48,,False,0.0959526603439493,0.602452589302022,False
test_0046,4,1,mV_1,30.906,,False,-2.217905036520189,1.318500920188694,False
test_0046,4,2,mV_2,35.918,,False,0.7422409473704483,0.9959227835663856,False
test_0046,4,3,mV_3,44.693,,False,0.2813042030044567,0.3835004916166961,False
test_0046,4,4,mV_4,49.512,,False,0.22915261308742274,0.254119290718627,False
test_0046,4,5,mV_5,54.153,,False,0.27686773369520573,0.25200854879733114,False
test_0046,4,6,mV_6,58.887,,False,0.22514611471149032,0.21673701003532753,False
test_0046,4,7,mV_7,62.994,,False,0.13978807702312362,0.17784165409666994,False
test_0046,4,8,mV_8,64.138,,False,-0.20664434762894224,0.24279773504555957,False
test_0046,4,9,mV_9,64.013,,False,-0.4181141679012301,0.38433525714795125,False
test_0046,4,10,mV_10,62.847,,False,-0.49446834516040244,0.4533468576882823,False
test_0046,4,11,mV_11,60.067,,False,-0.4063365725310942,0.5222343994494342,False
test_0046,4,12,mV_12,56.039,,False,-0.7817961075751458,0.7442748774371386,False
test_0046,4,13,mV_13,51.405,,False,-1.0071707220671684,0.9681353404195792,False
test_0046,4,14,mV_14,47.266,,False,-1.076403809968834,1.0420313619551698,False
test_0046,4,15,mV_15,43.008,,False,-1.0081471058158422,1.0393409665517057,False
test_0046,4,16,mV_16,37.019,,False,-1.0646658446063049,0.8983769888885464,False
test_0046,4,17,mV_17,31.55,,False,-0.4560291605257341,0.798766622472548,False
test_0046,4,18,mV_18,23.648,,False,-1.2183423242324187,1.4016537889848442,False
test_0046,4,19,mV_19,18.083,,False,2.713901346948805,1.9510674768396143,False
test_0046,4,20,mV_20,26.823,,False,1.1581248892284284,1.2575377813514155,False
test_0046,5,0,mV_0,40.778,,False,-0.18706737142686297,0.22559597373955867,False
test_0046,5,1,mV_1,35.464,,False,-0.5282491521045087,0.6439965093870882,False
test_0046,5,2,mV_2,31.095,,False,-1.3324203619124724,1.058570189294929,False
test_0046,5,3,mV_3,41.797,,False,-1.0411908812502633,1.023741495323956,False
test_0046,5,4,mV_4,47.268,,False,-0.6801638568828255,0.7362535034093531,False
test_0046,5,5,mV_5,52.03,,False,-0.5434954186214982,1.1063297941003436,False
test_0046,5,6,mV_6,51.28,,False,-2.6581644822755526,2.287251929105668,False
test_0046,5,7,mV_7,53.317,,False,-3.289183333250068,3.4658557787782174,True
test_0046,5,8,mV_8,51.113,,False,-4.626891966337181,4.443370926213726,True
test_0046,5,9,mV_9,49.597,,False,-5.230516438930475,4.908351512341627,True
test_0046,5,10,mV_10,50.898,,False,-4.545481205168376,4.642068130011445,True
test_0046,5,11,mV_11,49.075,,False,-4.246793670778556,4.259071558738509,True
test_0046,5,12,mV_12,47.439,,False,-3.9972176882285493,4.0855411560692465,True
test_0046,5,13,mV_13,43.612,,False,-4.100935577041331,4.112964345876476,True
test_0046,5,14,mV_14,40.414,,False,-4.252768541194693,3.827532161716656,True
test_0046,5,15,mV_15,39.583,,False,-2.7036559874359045,2.6780187275013843,False
test_0046,5,16,mV_16,37.043,,False,-1.051994393939034,1.5424246987524772,False
test_0046,5,17,mV_17,29.748,,False,-1.3620540196959359,1.062734084744374,False
test_0046,5,18,mV_18,25.307,,False,-0.47483390564659067,1.0152522489729852,False
test_0046,5,19,mV_19,8.422,,False,-1.749287164902824,1.5896259004453932,False
test_0046,5,20,mV_20,19.592,,False,-2.3850953663293337,1.629869474390373,False
test_0046,6,0,mV_0,,40.43706708998999,True,,,False
test_0046,6,1,mV_1,38.991,,False,0.7792138369990687,0.934888391064279,False
test_0046,6,2,mV_2,29.122,,False,-2.1811258902589787,1.2853664043792565,False
test_0046,6,3,mV_3,,42.30232882058647,True,,,False
test_0046,6,4,mV_4,47.189,,False,-0.7121763351037035,0.5340814680868876,False
test_0046,6,5,mV_5,51.594,,False,-0.7119732021401434,0.8507134775083709,False
test_0046,6,6,mV_6,54.951,,False,-1.2667311706494933,1.189486520063335,False
test_0046,6,7,mV_7,58.331,,False,-1.5125105368142102,1.4012676217695659,False
test_0046,6,8,mV_8,60.877,,False,-1.313318242800349,1.3269242096432994,False
test_0046,6,9,mV_9,61.765,,False,-1.1685498161582892,1.106908322272585,False
test_0046,6,10,mV_10,62.013,,False,-0.7772154139734131,0.7721097471972861,False
test_0046,6,11,mV_11,60.184,,False,-0.36545834468402877,0.4349853915331906,False
test_0046,6,12,mV_12,57.51,,False,-0.23180946279129164,0.2699941792484079,False
test_0046,6,13,mV_13,53.31,,False,-0.25089944672701964,0.2573411104610003,False
test_0046,6,14,mV_14,48.95,,False,-0.2957560855986703,0.2664804417111237,False
test_0046,6,15,mV_15,44.593,,False,-0.2235101489201345,0.2030513433883397,False
test_0046,6,16,mV_16,38.904,,False,-0.06942899011441948,0.146904343179065,False
test_0046,6,17,mV_17,32.009,,False,-0.22524924356728662,0.2808456133824428,False
test_0046,6,18,mV_18,27.713,,False,0.6034549762807785,0.5058156426538377,False
test_0046,6,19,mV_19,10.929,,False,-0.5911033744865072,0.46852687012302435,False
test_0046,6,20,mV_20,24.279,,False,-0.08844575523830474,0.19199872124077916,False
test_0046,7,0,mV_0,40.84,,False,-0.16207130024482352,0.41522274529589426,False
test_0046,7,1,mV_1,40.495,,False,1.33674838069393,1.18362726057868,False
test_0046,7,2,mV_2,29.778,,False,-1.898940980682036,1.580259987870661,False
test_0046,7,3,mV_3,41.479,,False,-1.1864096094246415,1.2325105273189556,False
test_0046,7,4,mV_4,47.322,,False,-0.6582819097445034,0.7206570168081529,False
test_0046,7,5,mV_5,52.454,,False,-0.379654638318963,0.47502532354330335,False
test_0046,7,6,mV_6,57.02,,False,-0.4825101077907841,0.4181546864059959,False
test_0046,7,7,mV_7,61.674,,False,-0.3279438917234523,0.28459947280942216,False
test_0046,7,8,mV_8,,64.39282436643383,True,,,False
test_0046,7,9,mV_9,65.602,,False,0.1123316706576948,0.10824859125978066,False
test_0046,7,10,mV_10,64.92,,False,0.20833102372373305,0.19208087840500931,False
test_0046,7,11,mV_11,61.915,,False,0.23932979551487638,0.2076407317979914,False
test_0046,7,12,mV_12,58.514,,False,0.14357231243847976,0.15920960438202222,False
test_0046,7,13,mV_13,54.22,,False,0.11036399713625297,0.14739853185053392,False
test_0046,7,14,mV_14,50.074,,False,0.22529382069114998,0.2716089080120972,False
test_0046,7,15,mV_15,46.106,,False,0.5254839935298359,0.6091228773681969,False
test_0046,7,16,mV_16,41.233,,False,1.1602297017219663,0.9907848554970756,False
test_0046,7,17,mV_17,34.679,,False,1.1171960250145339,1.2055637844460692,False
test_0046,7,18,mV_18,29.552,,False,1.4276333860332424,1.1291110535996534,False
test_0046,7,19,mV_19,11.031,,False,-0.5439814173175944,0.6323903349791463,False
test_0046,7,20,mV_20,24.431,,False,-0.013965119248153588,0.1429779139534754,False
test_0046,8,0,mV_0,45.178,,False,1.586847357620968,1.0167711273318631,False
test_0046,8,1,mV_1,39.299,,False,0.8933897940855166,0.9091674346973525,False
test_0046,8,2,mV_2,34.804,,False,0.26304279299740924,0.6377713673597938,False
test_0046,8,3,mV_3,46.555,,False,1.13161008935884,0.9790936117158646,False
test_0046,8,4,mV_4,52.377,,False,1.3901114751483692,1.3330271207641131,False
test_0046,8,5,mV_5,57.112,,False,1.4202754434008737,1.3233683285561395,False
test_0046,8,6,mV_6,61.097,,False,1.0628109522744411,1.1059451613377496,False
test_0046,8,7,mV_7,65.077,,False,0.8778832974012422,0.9320273385938844,False
test_0046,8,8,mV_8,67.427,,False,0.9095318072986122,0.9136300395015478,False
test_0046,8,9,mV_9,68.134,,False,0.9575732460077243,0.9369186440261827,False
test_0046,8,10,mV_10,67.028,,False,0.9229962767906701,0.9356792200958013,False
test_0046,8,11,mV_11,63.918,,False,0.9391510807941403,0.9318536577132984,False
test_0046,8,12,mV_12,60.607,,False,0.9261161924742428,0.9771302980376486,False
test_0046,8,13,mV_13,56.756,,False,1.1171377264079685,1.1538825322842339,False
test_0046,8,14,mV_14,52.727,,False,1.4551384838467554,1.33376511226985,False
test_0046,8,15,mV_15,47.686,,False,1.307645754977921,1.2354640539332555,False
test_0046,8,16,mV_16,40.686,,False,0.8714262219304243,0.9073019377375642,False
test_0046,8,17,mV_17,33.608,,False,0.5787095521114871,0.5072113315383496,False
test_0046,8,18,mV_18,,26.713006133020016,True,,,False
test_0046,8,19,mV_19,16.974,,False,2.2015655577299404,1.4480119938552367,False
test_0046,8,20,mV_20,27.294,,False,1.3889168599610662,1.2448498194130182,False
test_0047,1,0,mV_0,43.789,,False,-0.012296454371808452,0.12518963698910426,False
test_0047,1,1,mV_1,38.225,,False,-0.47616563921280014,0.323209938537465,False
test_0047,1,2,mV_2,28.775,,False,-0.3282120213524512,0.35878217473691476,False
test_0047,1,3,mV_3,38.036,,False,0.30253901702995645,0.4060987214660883,False
test_0047,1,4,mV_4,47.749,,False,0.691104830451989,0.670184581765197,False
test_0047,1,5,mV_5,57.42,,False,0.9959896491268537,0.7770900307901838,False
test_0047,1,6,mV_6,63.725,,False,0.4252759944550387,0.5198361488021301,False
test_0047,1,7,mV_7,66.642,,False,0.23280295717158966,0.2897029243199031,False
test_0047,1,8,mV_8,68.22,,False,0.26792978848139437,0.19216563353359462,False
test_0047,1,9,mV_9,,67.19224586074908,True,,,False
test_0047,1,10,mV_10,65.521,,False,-0.18629438166996287,0.1782228188756706,False
test_0047,1,11,mV_11,64.303,,False,-0.34030251216275664,0.3333306195763428,False
test_0047,1,12,mV_12,60.462,,False,-0.4664230723098951,0.444084256255169,False
test_0047,1,13,mV_13,55.103,,False,-0.503188368238129,0.6308689051782734,False
test_0047,1,14,mV_14,49.502,,False,-1.0506758119269408,0.6511349980230027,False
test_0047,1,15,mV_15,,42.074593736162356,True,,,False
test_0047,1,16,mV_16,34.277,,False,-1.2275467833918434,1.060535717387809,False
test_0047,1,17,mV_17,21.266,,False,-1.7870493027675487,1.2629305903858778,False
test_0047,1,18,mV_18,15.777,,False,0.2500769726165707,0.6883930074953135,False
test_0047,1,19,mV_19,25.76,,False,0.46636878198056386,0.5092842079089439,False
test_0047,1,20,mV_20,26.568,,False,0.8543222950580771,0.5437533430241795,False
test_0047,2,0,mV_0,44.721,,False,0.36345093823559405,0.245254380305102,False
test_0047,2,1,mV_1,40.195,,False,0.2541156447492198,0.2206090564531057,False
test_0047,2,2,mV_2,29.513,,False,-0.010753998078389048,0.07090380939556498,False
test_0047,2,3,mV_3,37.391,,False,0.00799159667626197,0.006684297857728247,False
test_0047,2,4,mV_4,,46.25519282016582,True,,,False
test_0047,2,5,mV_5,55.937,,False,0.4229333350026539,0.3112473319757375,False
test_0047,2,6,mV_6,63.656,,False,0.3991226578976423,0.4876924133906207,False
test_0047,2,7,mV_7,68.044,,False,0.7295910027645442,0.4645761658566827,False
test_0047,2,8,mV_8,,68.18407193680801,True,,,False
test_0047,2,9,mV_9,71.111,,False,1.1287837603407171,0.6902126306658365,False
test_0047,2,10,mV_10,67.555,,False,0.5032830019819114,0.5668544712603044,False
test_0047,2,11,mV_11,65.655,,False,0.1320681207366775,0.205735337164021,False
test_0047,2,12,mV_12,61.858,,False,0.05552210520081762,0.06430139384423342,False
test_0047,2,13,mV_13,56.335,,False,-0.01409324423862093,0.057954605060884595,False
test_0047,2,14,mV_14,51.449,,False,-0.1481098265654789,0.10715680994146053,False
test_0047,2,15,mV_15,43.108,,False,-0.11831434239626336,0.2660612633475987,False
test_0047,2,16,mV_16,35.315,,False,-0.6795065420323894,0.659601264761795,False
test_0047,2,17,mV_17,22.511,,False,-1.161077632586138,0.9839102595668185,False
test_0047,2,18,mV_18,13.135,,False,-0.9339792310626087,0.8635721647905455,False
test_0047,2,19,mV_19,23.83,,False,-0.4252525644508265,0.6386314838373186,False
test_0047,2,20,mV_20,23.253,,False,-0.7700415753850129,0.4913339288052131,False
test_0047,3,0,mV_0,46.988,,False,1.2774201861336483,0.7936168400392243,False
test_0047,3,1,mV_1,41.181,,False,0.6196269878896007,0.6604626748863262,False
test_0047,3,2,mV_2,29.247,,False,-0.12517653763245512,0.23924357531474338,False
test_0047,3,3,mV_3,37.564,,False,0.08699423810446259,0.26215542583222307,False
test_0047,3,4,mV_4,47.893,,False,0.749456689487512,0.662090244742644,False
test_0047,3,5,mV_5,57.592,,False,1.0624533618910892,0.8910512610509719,False
test_0047,3,6,mV_6,64.423,,False,0.6898416309341973,0.753422728967944,False
test_0047,3,7,mV_7,67.598,,False,0.5715542921122927,0.6485796945300406,False
test_0047,3,8,mV_8,69.674,,False,0.7613685629613797,0.7803981943859633,False
test_0047,3,9,mV_9,70.807,,False,1.0273013595088012,0.9631352554155419,False
test_0047,3,10,mV_10,69.128,,False,1.0365697396831852,0.775110209718793,False
test_0047,3,11,mV_11,,67.70542378698396,True,,,False
test_0047,3,12,mV_12,65.064,,False,1.2542013595699797,0.873087340668265,False
test_0047,3,13,mV_13,58.849,,False,0.9839466435331006,0.9655124062393616,False
test_0047,3,14,mV_14,53.149,,False,0.6399549783212655,0.7621233892678347,False
test_0047,3,15,mV_15,44.932,,False,0.7846369568957073,0.640875383421281,False
test_0047,3,16,mV_16,37.273,,False,0.3542726415724442,0.5437756103890361,False
test_0047,3,17,mV_17,23.464,,False,-0.6819202015155487,0.4438695929138427,False
test_0047,3,18,mV_18,15.347,,False,0.05736532705182938,0.31471545446239324,False
test_0047,3,19,mV_19,25.751,,False,0.46221096223036545,0.46613244731277237,False
test_0047,3,20,mV_20,26.626,,False,0.8827425377385293,0.556924009426856,False
test_0047,4,0,mV_0,44.662,,False,0.33966435436881726,0.20073938634701446,False
test_0047,4,1,mV_1,39.843,,False,0.12362883665042339,0.26126058645226535,False
test_0047,4,2,mV_2,28.473,,False,-0.45812031813939735,0.41129395958068415,False
test_0047,4,3,mV_3,36.048,,False,-0.6053063653935185,0.525225376227071,False
test_0047,4,4,mV_4,44.977,,False,-0.4321684559818497,0.38958149096632777,False
test_0047,4,5,mV_5,54.613,,False,-0.0886826865080931,0.16432302393875453,False
test_0047,4,6,mV_6,62.477,,False,-0.04775826675698226,0.11328627551283472,False
test_0047,4,7,mV_7,66.744,,False,0.26894588202928127,0.3234345164646296,False
test_0047,4,8,mV_8,69.517,,False,0.7080880350429737,0.6902069365578392,False
test_0047,4,9,mV_9,70.952,,False,1.0757057941161279,0.9514721607922829,False
test_0047,4,10,mV_10,68.862,,False,0.9463890198939025,0.9344582612948724,False
test_0047,4,11,mV_11,67.479,,False,0.7693492112755571,0.8329382027446736,False
test_0047,4,12,mV_12,63.974,,False,0.8466653685336777,0.8503423532985603,False
test_0047,4,13,mV_13,58.735,,False,0.9386894648513291,1.0184302921219888,False
test_0047,4,14,mV_14,54.68,,False,1.3496768702516193,1.240196913140744,False
test_0047,4,15,mV_15,46.019,,False,1.3227444472084082,1.173551864953217,False
test_0047,4,16,mV_16,37.926,,False,0.6990416951444325,1.0278504480492008,False
test_0047,4,17,mV_17,27.586,,False,1.3905739546995304,1.194407990618389,False
test_0047,4,18,mV_18,12.324,,False,-1.2974423579300631,1.2044288976394149,False
test_0047,4,19,mV_19,22.949,,False,-0.8322569199980028,0.9163393010668157,False
test_0047,4,20,mV_20,23.389,,False,-0.7034010063411941,0.5597647331700977,False
test_0047,5,0,mV_0,43.686,,False,-0.05382218552906517,0.0893279004737234,False
test_0047,5,1,mV_1,38.836,,False,-0.24966723083676323,0.2174385876575954,False
test_0047,5,2,mV_2,28.802,,False,-0.31659770342779003,0.2520541349607175,False
test_0047,5,3,mV_3,37.099,,False,-0.1253539021505267,0.1615302598877828,False
test_0047,5,4,mV_4,45.849,,False,-0.07881553182228784,0.09069501570141282,False
test_0047,5,5,mV_5,54.636,,False,-0.07979509701054892,0.18818866953470592,False
test_0047,5,6,mV_6,61.246,,False,-0.514348952295438,0.27712325040035624,False
test_0047,5,7,mV_7,,65.52404587075354,True,,,False
test_0047,5,8,mV_8,66.423,,False,-0.3419116680114029,0.2025541596507867,False
test_0047,5,9,mV_9,67.351,,False,-0.1263933025803411,0.17363530323469784,False
test_0047,5,10,mV_10,65.776,,False,-0.09984293976670619,0.09663076436934079,False
test_0047,5,11,mV_11,65.104,,False,-0.060443875363609685,0.09046818560884912,False
test_0047,5,12,mV_12,61.332,,False,-0.1411420519414709,0.16651965278598851,False
test_0047,5,13,mV_13,55.556,,False,-0.32335063189740265,0.3769988692857677,False
test_0047,5,14,mV_14,50.215,,False,-0.7201521614067946,0.4734625588139575,False
test_0047,5,15,mV_15,43.084,,False,-0.13019528054483803,0.3315919325726826,False
test_0047,5,16,mV_16,35.947,,False,-0.3458250077942598,0.4526166191533229,False
test_0047,5,17,mV_17,22.854,,False,-0.9886211804799341,0.7952145687065059,False
test_0047,5,18,mV_18,17.133,,False,0.8577909060718953,0.727734757550756,False
test_0047,5,19,mV_19,25.198,,False,0.20673603757929884,0.360262357759247,False
test_0047,5,20,mV_20,24.478,,False,-0.16978644980649496,0.1365772342980722,False
test_0047,6,0,mV_0,44.525,,False,0.2844311003052825,0.29007897509698133,False
test_0047,6,1,mV_1,41.105,,False,0.5914536997773602,0.4656638673054011,False
test_0047,6,2,mV_2,30.457,,False,0.39531696936160154,0.4744720302799843,False
test_0047,6,3,mV_3,36.244,,False,-0.515800482619374,0.38727303486399445,False
test_0047,6,4,mV_4,45.742,,False,-0.12217420485562831,0.2520088389812881,False
test_0047,6,5,mV_5,55.484,,False,0.24788646359452196,0.2166483365678762,False
test_0047,6,6,mV_6,63.259,,False,0.2486462142268325,0.27665203515627124,False
test_0047,6,7,mV_7,67.005,,False,0.36142924857689784,0.37043553091095044,False
test_0047,6,8,mV_8,68.934,,False,0.5102374122631735,0.49147189408657754,False
test_0047,6,9,mV_9,69.479,,False,0.5839835032430654,0.4750241132419161,False
test_0047,6,10,mV_10,66.725,,False,0.22189203421836037,0.26384227753515627,False
test_0047,6,11,mV_11,65.356,,False,0.027601538460839105,0.08250000318217429,False
test_0047,6,12,mV_12,61.851,,False,0.05290490158865857,0.05543555965667546,False
test_0047,6,13,mV_13,56.148,,False,-0.08833089698854561,0.05872443054676107,False
test_0047,6,14,mV_14,51.78,,False,0.005331026621294485,0.10296441370259213,False
test_0047,6,15,mV_15,43.979,,False,0.31286470457923393,0.21795449961447622,False
test_0047,6,16,mV_16,37.058,,False,0.24075756267814258,0.19859495748387979,False
test_0047,6,17,mV_17,,24.952552951927725,True,,,False
test_0047,6,18,mV_18,13.25,,False,-0.8824400700394803,0.4552526766766589,False
test_0047,6,19,mV_19,24.629,,False,-0.056130566627675,0.2601291486281137,False
test_0047,6,20,mV_20,24.918,,False,0.04581539121762443,0.03694033726573097,False
test_0047,7,0,mV_0,42.851,,False,-0.3904628216097334,0.1952314108048667,False
test_0047,7,1,mV_1,,36.082486682431515,True,,,False
test_0047,7,2,mV_2,28.669,,False,-0.37380897320482226,0.41826121038022435,False
test_0047,7,3,mV_3,39.4,,False,0.925426895111253,0.6481002604310302,False
test_0047,7,4,mV_4,46.951,,False,0.36773827829679256,0.4247413799426014,False
test_0047,7,5,mV_5,54.941,,False,0.03806206806556751,0.22922416890998698,False
test_0047,7,6,mV_6,63.851,,False,0.47303426121202036,0.2760631660703355,False
test_0047,7,7,mV_7,65.646,,False,-0.12012207379173358,0.5514105600351377,False
test_0047,7,8,mV_8,63.033,,False,-1.4923638313450631,2.0037341182534982,False
test_0047,7,9,mV_9,53.021,,False,-4.910086736532134,3.183644691850585,False
test_0047,7,10,mV_10,61.876,,False,-1.4220414629930092,1.9892034672348766,False
test_0047,7,11,mV_11,65.857,,False,0.20264420642135536,1.2068949827366402,False
test_0047,7,12,mV_12,69.734,,False,3.000250055110841,2.5568154469409983,False
test_0047,7,13,mV_13,66.507,,False,4.024117471120957,4.1877652489432275,False
test_0047,7,14,mV_14,64.07,,False,5.702575998420156,5.762722822568598,True
test_0047,7,15,mV_15,58.743,,False,7.621621822313125,7.331204099194782,True
test_0047,7,16,mV_16,52.472,,False,8.378996753732721,7.88781283592793,True
test_0047,7,17,mV_17,39.084,,False,7.171636013933152,6.789107324014613,True
test_0047,7,18,mV_18,25.113,,False,4.434160514459426,5.084496928656579,True
test_0047,7,19,mV_19,34.054,,False,4.298030671774315,4.272047877252726,False
test_0047,7,20,mV_20,33.106,,False,4.057969651002849,3.103492493445003,False
test_0047,8,0,mV_0,43.344,,False,-0.19170373946869124,0.15734192454510773,False
test_0047,8,1,mV_1,38.846,,False,-0.24596021924304848,0.1757453436239726,False
test_0047,8,2,mV_2,29.493,,False,-0.019357196541102076,0.22729020243545073,False
test_0047,8,3,mV_3,38.741,,False,0.6244861974165503,0.35066510838222403,False
test_0047,8,4,mV_4,45.712,,False,-0.13433084215469343,0.39722289315242454,False
test_0047,8,5,mV_5,53.042,,False,-0.695743690883761,0.5047353199703044,False
test_0047,8,6,mV_6,61.302,,False,-0.49312305595900224,0.6607415982839094,False
test_0047,8,7,mV_7,63.273,,False,-0.9609765903338723,1.1401801065517505,False
test_0047,8,8,mV_8,61.108,,False,-2.145644189580255,2.6859681421720865,False
test_0047,8,9,mV_9,51.279,,False,-5.491607599193963,3.7592657692984073,False
test_0047,8,10,mV_10,60.442,,False,-1.9082036892254495,2.3759178632025777,False
test_0047,8,11,mV_11,65.837,,False,0.19565647516544832,1.3625172398128045,False
test_0047,8,12,mV_12,70.136,,False,3.1505523196948717,2.6215850531179092,False
test_0047,8,13,mV_13,66.42,,False,3.989579097916445,4.099133258399696,False
test_0047,8,14,mV_14,63.13,,False,5.266822518071019,5.387452242690909,True
test_0047,8,15,mV_15,57.541,,False,7.02658483670515,6.827335459298867,True
test_0047,8,16,mV_16,51.734,,False,7.989349645714148,7.5863385715629885,True
test_0047,8,17,mV_17,39.419,,False,7.340070158118508,6.931986643679209,True
test_0047,8,18,mV_18,26.506,,False,5.05845661276567,5.491534725684946,True
test_0047,8,19,mV_19,34.511,,False,4.509155519089934,4.273982107889861,True
test_0047,8,20,mV_20,30.986,,False,3.0191607806139045,2.636869270079436,False
test_0047,9,0,mV_0,41.805,,False,-0.8121707321970133,0.5531147134342613,False
test_0047,9,1,mV_1,37.923,,False,-0.5881173893430185,0.6128143970442347,False
test_0047,9,2,mV_2,28.462,,False,-0.4628520772938884,0.5759049067197965,False
test_0047,9,3,mV_3,35.644,,False,-0.7897980829483913,0.7379918309456425,False
test_0047,9,4,mV_4,43.799,,False,-0.9095190805918988,0.9049740384278491,False
test_0047,9,5,mV_5,52.226,,False,-1.0110599095792077,1.125304531764295,False
test_0047,9,6,mV_6,58.462,,False,-1.5695792273068654,1.4036788764326282,False
test_0047,9,7,mV_7,61.852,,False,-1.4644971415375743,1.3843859511977157,False
test_0047,9,8,mV_8,64.369,,False,-1.0389702944088486,1.0973056373418582,False
test_0047,9,9,mV_9,65.193,,False,-0.8467848190121608,0.9838927689844812,False
test_0047,9,10,mV_10,62.522,,False,-1.2030311435047547,1.1764864551719745,False
test_0047,9,11,mV_11,61.118,,False,-1.4530987146662275,1.4067549311936771,False
test_0047,9,12,mV_12,57.65,,False,-1.5177911519374987,1.4897359591264139,False
test_0047,9,13,mV_13,52.667,,False,-1.4702628179644301,1.4915175466569033,False
test_0047,9,14,mV_14,48.516,,False,-1.5077533987612541,1.3027504704099384,False
test_0047,9,15,mV_15,41.882,,False,-0.7252322661528157,0.8669289608283479,False
test_0047,9,16,mV_16,35.637,,False,-0.5094979122465066,0.5141496879834491,False
test_0047,9,17,mV_17,24.199,,False,-0.3123706612879673,0.4022119207132039,False
test_0047,9,18,mV_18,16.278,,False,0.4746084480303742,0.3153968893371789,False
test_0047,9,19,mV_19,,23.767336579806873,True,,,False
test_0047,9,20,mV_20,24.617,,False,-0.10167586821023904,0.05083793410511952,False
test_0047,10,0,mV_0,47.603,,False,1.5253650857619263,1.0592898080231516,False
test_0047,10,1,mV_1,42.71,,False,1.186429060568754,1.2215751375854675,False
test_0047,10,2,mV_2,31.835,,False,0.9880773434424364,1.0420958179986815,False
test_0047,10,3,mV_3,39.576,,False,1.0057995245410987,1.0232914793939387,False
test_0047,10,4,mV_4,48.742,,False,1.0934895250511207,1.1057342215459312,False
test_0047,10,5,mV_5,58.026,,False,1.2301583115403842,1.1364344419992896,False
test_0047,10,6,mV_6,65.22,,False,0.9919316198652689,1.026563928973768,False
test_0047,10,7,mV_7,68.503,,False,0.8922341646241497,0.9315292187746494,False
test_0047,10,8,mV_8,70.229,,False,0.9497169259850295,0.9635886717298499,False
test_0047,10,9,mV_9,70.913,,False,1.0626866703251907,1.0038442079516825,False
test_0047,10,10,mV_10,68.844,,False,0.9402865651713191,1.019342145875456,False
test_0047,10,11,mV_11,68.523,,False,1.1341087828339942,1.19045361866403,False
test_0047,10,12,mV_12,65.864,,False,1.5533103438168125,1.455140574994349,False
test_0047,10,13,mV_13,60.35,,False,1.5798328295097763,1.638508614327871,False
test_0047,10,14,mV_14,55.74,,False,1.841058454475119,1.8738915275981944,False
test_0047,10,15,mV_15,47.859,,False,2.2336163719327633,2.200217785003753,True
test_0047,10,16,mV_16,41.323,,False,2.4925799416743657,2.570029090650442,True
test_0047,10,17,mV_17,30.909,,False,3.0613401073202744,2.16793228753289,True
test_0047,10,18,mV_18,15.093,,False,-0.056468993816645996,0.9513934317563312,False
test_0047,10,19,mV_19,26.117,,False,0.6312956320717583,0.6373039405645033,False
test_0047,10,20,mV_20,27.335,,False,1.2301555042978505,0.7729016601668648,False
test_0047,11,0,mV_0,42.831,,False,-0.398526070378131,0.31626558861572196,False
test_0047,11,1,mV_1,38.247,,False,-0.4680102137066259,2.1214888049801157,False
test_0047,11,2,mV_2,12.913,,False,-7.151408722129081,4.194750434260718,False
test_0047,11,3,mV_3,32.976,,False,-2.0081740790780844,3.1676299652679103,False
test_0047,11,4,mV_4,42.335,,False,-1.502762980786392,1.7223902625086243,False
test_0047,11,5,mV_5,49.988,,False,-1.8758610093836288,2.5913444025692747,False
test_0047,11,6,mV_6,49.119,,False,-5.110892610723449,4.21907696121451,False
test_0047,11,7,mV_7,52.499,,False,-4.778661614027514,5.283583479906852,True
test_0047,11,8,mV_8,48.377,,False,-6.466118080848932,6.613653933289472,True
test_0047,11,9,mV_9,41.537,,False,-8.74371795743251,7.835186237507946,True
test_0047,11,10,mV_10,44.281,,False,-7.387190954317832,7.5971966558601185,True
test_0047,11,11,mV_11,45.612,,False,-6.870686757372299,6.847649499346233,True
test_0047,11,12,mV_12,44.961,,False,-6.262033528322502,6.7265140001018695,True
test_0047,11,13,mV_13,37.45,,False,-7.511302186390174,7.55062957586523,True
test_0047,11,14,mV_14,32.531,,False,-8.917880402358069,7.610996364211625,True
test_0047,11,15,mV_15,33.051,,False,-5.096922465740188,5.225391935147605,True
test_0047,11,16,mV_16,33.212,,False,-1.7898424067519776,2.7680076637598514,False
test_0047,11,17,mV_17,20.056,,False,-2.395423375795263,2.397644040523303,False
test_0047,11,18,mV_18,8.503,,False,-3.0098870037507086,3.3267180798512115,False
test_0047,11,19,mV_19,14.162,,False,-4.891674936108165,4.927227732226944,False
test_0047,11,20,mV_20,10.711,,False,-6.915674052940738,4.68075576049741,False
test_0047,12,0,mV_0,42.957,,False,-0.3477276031372169,0.26083956108616607,False
test_0047,12,1,mV_1,40.448,,False,0.34790303807023054,0.36562736110293415,False
test_0047,12,2,mV_2,30.512,,False,0.41897576513405854,1.0174769107837138,False
test_0047,12,3,mV_3,31.058,,False,-2.884053074796508,2.0694552298862576,True
test_0047,12,4,mV_4,40.884,,False,-2.0907390048179564,2.1812496525994014,True
test_0047,12,5,mV_5,50.548,,False,-1.6594675259651845,1.701224426751473,False
test_0047,12,6,mV_6,58.922,,False,-1.395223650257566,1.3559119358086376,False
test_0047,12,7,mV_7,63.237,,False,-0.9737329167542338,1.0471400713182886,False
test_0047,12,8,mV_8,64.938,,False,-0.8458708015071211,0.8470192318090799,False
test_0047,12,9,mV_9,65.565,,False,-0.7226024074678435,0.7655471439234091,False
test_0047,12,10,mV_10,63.796,,False,-0.7711129592508282,0.790687948088444,False
test_0047,12,11,mV_11,62.707,,False,-0.8979234663842761,0.8429375006896253,False
test_0047,12,12,mV_12,59.557,,False,-0.8047901107391207,0.8607543025875528,False
test_0047,12,13,mV_13,54.014,,False,-0.9355135224876939,0.9229313506799942,False
test_0047,12,14,mV_14,49.577,,False,-1.0159082470054686,0.9247494477038147,False
test_0047,12,15,mV_15,41.869,,False,-0.7316677743166281,0.8115986345299337,False
test_0047,12,16,mV_16,35.149,,False,-0.7671507424810099,0.5945575253761516,False
test_0047,12,17,mV_17,24.597,,False,-0.11226084222595849,0.6893622250617677,False
test_0047,12,18,mV_18,11.279,,False,-1.7657764733141441,1.238324005045138,False
test_0047,12,19,mV_19,21.916,,False,-1.3094822313263061,1.4915573600742738,False
test_0047,12,20,mV_20,21.597,,False,-1.5814885043303382,1.1181148099967455,False
test_0047,13,0,mV_0,41.585,,False,-0.9008664686494043,0.4663270465327591,False
test_0047,13,1,mV_1,39.338,,False,-0.06357524883222755,0.3825033991532712,False
test_0047,13,2,mV_2,30.705,,False,0.5019966302992254,1.1204517352159584,False
test_0047,13,3,mV_3,29.897,,False,-3.4142384314331555,2.470588568215363,True
test_0047,13,4,mV_4,39.746,,False,-2.551880779695916,2.709849931472451,True
test_0047,13,5,mV_5,48.835,,False,-2.3213997350648152,2.3211682428095664,True
test_0047,13,6,mV_6,57.089,,False,-2.0899927214127185,1.9686154950204762,False
test_0047,13,7,mV_7,62.11,,False,-1.373076802191652,1.4092203483653603,False
test_0047,13,8,mV_8,65.071,,False,-0.8007350676654185,0.8638652489101597,False
test_0047,13,9,mV_9,66.289,,False,-0.4809140581181495,0.6077378721639329,False
test_0047,13,10,mV_10,64.099,,False,-0.6683883047540142,0.7199564546310775,False
test_0047,13,11,mV_11,62.237,,False,-1.0621351508981318,0.9425460389229857,False
test_0047,13,12,mV_12,59.095,,False,-0.9775255491416651,1.007230597099088,False
test_0047,13,13,mV_13,53.822,,False,-1.0117361392148905,1.020914949806536,False
test_0047,13,14,mV_14,49.433,,False,-1.0826619716546984,0.9896817012207123,False
test_0047,13,15,mV_15,41.768,,False,-0.7816667223585624,0.8530225511576398,False
test_0047,13,16,mV_16,35.151,,False,-0.766094788258736,0.6708167075427981,False
test_0047,13,17,mV_17,25.555,,False,0.36941053129515794,0.6105080620587018,False
test_0047,13,18,mV_18,13.128,,False,-0.9371163973857554,0.6822383217273116,False
test_0047,13,19,mV_19,23.7,,False,-0.48530996084257755,0.6884321357496279,False
test_0047,13,20,mV_20,23.098,,False,-0.8459922239276012,0.544323602174445,False
test_0047,14,0,mV_0,21.367,,False,-9.05200464862419,5.070330639204345,False
test_0047,14,1,mV_1,33.636,,False,-2.177313259568999,5.568702035781346,False
test_0047,14,2,mV_2,50.154,,False,8.868176975363196,7.866751089875497,False
test_0047,14,3,mV_3,62.673,,False,11.553337149206595,9.441416362796797,False
test_0047,14,4,mV_4,60.334,,False,5.790814177410802,6.542132912425124,False
test_0047,14,5,mV_5,46.992,,False,-3.0335661456723004,5.656669388682175,False
test_0047,14,6,mV_6,34.192,,False,-10.768731085973299,9.575006156883148,True
test_0047,14,7,mV_7,27.24,,False,-13.728996309913693,13.214584303739926,True
test_0047,14,8,mV_8,24.316,,False,-14.631613509159017,14.494611057893703,True
test_0047,14,9,mV_9,22.837,,False,-14.986220903343083,14.96331052610601,True
test_0047,14,10,mV_10,21.091,,False,-15.249186788578854,15.378001068903988,True
test_0047,14,11,mV_11,19.404,,False,-16.02740979511516,15.81429274918223,True
test_0047,14,12,mV_12,19.041,,False,-15.953164617919738,15.393950239385799,True
test_0047,14,13,mV_13,22.007,,False,-13.642061926588555,13.348339438047919,True
test_0047,14,14,mV_14,29.86,,False,-10.156069281094826,8.83086965260047,True
test_0047,14,15,mV_15,40.581,,False,-1.369278121623674,4.631375353652643,False
test_0047,14,16,mV_16,47.267,,False,5.630875890268399,5.4910384087643465,False
test_0047,14,17,mV_17,43.383,,False,9.333123732896915,7.763756945684591,False
test_0047,14,18,mV_18,30.298,,False,6.7579044266761334,6.251421521667858,False
test_0047,14,19,mV_19,20.082,,False,-2.156753500422248,4.213426450633074,False
test_0047,14,20,mV_20,13.024,,False,-5.782294375011666,3.430335562611395,False
test_0047,15,0,mV_0,44.356,,False,0.2162966482123102,0.2535095162247375,False
test_0047,15,1,mV_1,41.078,,False,0.5814447684743297,0.4773933425967861,False
test_0047,15,2,mV_2,30.771,,False,0.530387185226175,0.5103926603515551,False
test_0047,15,3,mV_3,38.248,,False,0.3993515024795404,0.48215375491273416,False
test_0047,15,4,mV_4,47.523,,False,0.5995248294656808,0.5435889006362924,False
test_0047,15,5,mV_5,56.333,,False,0.5759544411342675,0.4404169065098215,False
test_0047,15,6,mV_6,62.63,,False,0.010233914305070325,0.14910556743610204,False
test_0047,15,7,mV_7,,66.53859877607509,True,,,False
test_0047,15,8,mV_8,68.094,,False,0.2251696195787255,0.2267839794184189,False
test_0047,15,9,mV_9,69.098,,False,0.45679667851622463,0.3275350616842608,False
test_0047,15,10,mV_10,66.576,,False,0.17137727012586831,0.22670322338653995,False
test_0047,15,11,mV_11,64.97,,False,-0.10726167477819859,0.13213455413624228,False
test_0047,15,12,mV_12,61.328,,False,-0.14263759686270364,0.12845454187871208,False
test_0047,15,13,mV_13,56.676,,False,0.12128129901124249,0.11536426348657235,False
test_0047,15,14,mV_14,51.933,,False,0.07625685906110076,0.07005763132431411,False
test_0047,15,15,mV_15,43.36,,False,0.006435508163812441,0.26317152580310765,False
test_0047,15,16,mV_16,34.777,,False,-0.963558227823705,0.9560439238851286,False
test_0047,15,17,mV_17,21.06,,False,-1.890623731729292,1.1909071723052924,False
test_0047,15,18,mV_18,15.261,,False,0.018822997938881002,0.4912492838501179,False
test_0047,15,19,mV_19,24.671,,False,-0.036727407793417655,0.023253204950483903,False
test_0047,15,20,mV_20,24.823,,False,-0.0007350062762192892,0.009549355086464059,False
test_0047,16,0,mV_0,44.492,,False,0.27112673983742325,0.13774123923001955,False
test_0047,16,1,mV_1,39.533,,False,0.008711477245231674,0.08020292214076376,False
test_0047,16,2,mV_2,29.613,,False,0.03226199423516848,0.024873392270107913,False
test_0047,16,3,mV_3,37.316,,False,-0.026258103364863016,0.02560133126213531,False
test_0047,16,4,mV_4,46.0,,False,-0.01762712408364674,0.021126039786341144,False
test_0047,16,5,mV_5,54.783,,False,-0.022991807613208088,0.06830411640809377,False
test_0047,16,6,mV_6,62.05,,False,-0.20960572632231214,0.13544336870419116,False
test_0047,16,7,mV_7,65.704,,False,-0.09957021455893234,0.1059619902810136,False
test_0047,16,8,mV_8,67.475,,False,0.015101805683877614,0.051502875330807454,False
test_0047,16,9,mV_9,67.958,,False,0.07623767539654225,0.06405806564639967,False
test_0047,16,10,mV_10,65.809,,False,-0.08865510610863657,0.07980814035483935,False
test_0047,16,11,mV_11,65.089,,False,-0.065684673805542,0.09515214740930975,False
test_0047,16,12,mV_12,62.139,,False,0.16058413591751838,0.10976437456069996,False
test_0047,16,13,mV_13,56.239,,False,-0.05220455260222105,0.08241522796897588,False
test_0047,16,14,mV_14,51.908,,False,0.06466767075394303,0.3161713554972119,False
test_0047,16,15,mV_15,45.535,,False,1.0831455278787405,0.9390711501460323,False
test_0047,16,16,mV_16,39.491,,False,1.5253258740727051,1.6145123642124224,False
test_0047,16,17,mV_17,29.443,,False,2.3242521808255394,1.6208783421200372,False
test_0047,16,18,mV_18,14.528,,False,-0.3096831327563645,0.7527091330749515,False
test_0047,16,19,mV_19,24.605,,False,-0.06721808596153725,0.40987112797573544,False
test_0047,16,20,mV_20,27.264,,False,1.1953652072235028,0.6144871251021358,False
test_0048,1,0,mV_0,41.343,,False,0.5196763831233329,0.36859264419230464,False
test_0048,1,1,mV_1,37.241,,False,0.4350178105225529,0.5007800136399454,False
test_0048,1,2,mV_2,29.175,,False,0.6134080503913426,0.7714270269204238,False
test_0048,1,3,mV_3,29.203,,False,1.4238741963764567,1.2190979088443405,False
test_0048,1,4,mV_4,39.992,,False,1.415235192233106,1.0635861452106672,False
test_0048,1,5,mV_5,,50.969591213911016,True,,,False
test_0048,1,6,mV_6,58.268,,False,0.8108769248213967,0.6756688356420296,False
test_0048,1,7,mV_7,64.965,,False,1.080921492925325,1.0404973480134125,False
test_0048,1,8,mV_8,67.733,,False,1.1892694813816038,1.0844376440115808,False
test_0048,1,9,mV_9,67.469,,False,0.8782901203577903,0.941318445308782,False
test_0048,1,10,mV_10,64.805,,False,0.8194240591379429,0.8155949442690869,False
test_0048,1,11,mV_11,56.84,,False,0.7452415384426716,0.7807306859572992,False
test_0048,1,12,mV_12,47.329,,False,0.813015607805911,0.7800499156696856,False
test_0048,1,13,mV_13,38.901,,False,0.7489269086242489,0.6762834028159811,False
test_0048,1,14,mV_14,32.819,,False,0.3942641862095157,0.45509253017657625,False
test_0048,1,15,mV_15,29.729,,False,0.2829148396630249,0.5700091608440647,False
test_0048,1,16,mV_16,31.711,,False,1.3199427778406931,1.22908918965323,False
test_0048,1,17,mV_17,36.715,,False,1.9935563632685094,1.693420190112228,False
test_0048,1,18,mV_18,42.086,,False,1.4666252560712005,1.4050019559408495,False
test_0048,1,19,mV_19,41.436,,False,0.6932009483524874,0.7735273028439682,False
test_0048,1,20,mV_20,39.321,,False,0.2410820585996975,0.2938412663879706,False
test_0048,2,0,mV_0,35.213,,False,-1.9517093643910337,0.9947141036785466,False
test_0048,2,1,mV_1,35.864,,False,-0.07543768593211926,0.5827499138600668,False
test_0048,2,2,mV_2,28.28,,False,0.2284149191849952,0.3748697633658846,False
test_0048,2,3,mV_3,23.967,,False,-0.9672115291614289,0.986807430597328,False
test_0048,2,4,mV_4,32.096,,False,-1.7843917448814588,1.6603469218763485,False
test_0048,2,5,mV_5,42.519,,False,-2.1053926685810476,2.013586142249732,True
test_0048,2,6,mV_6,50.696,,False,-2.0591674869553747,2.022645144967899,True
test_0048,2,7,mV_7,56.646,,False,-1.866852937379799,1.826494670424488,False
test_0048,2,8,mV_8,59.77,,False,-1.513105319982979,1.6338690292813594,False
test_0048,2,9,mV_9,59.918,,False,-1.642412539779681,1.4797717355464435,False
test_0048,2,10,mV_10,59.081,,False,-1.1211565426434333,1.158976683769185,False
test_0048,2,11,mV_11,52.557,,False,-0.7511811100101928,0.7371532099792727,False
test_0048,2,12,mV_12,44.285,,False,-0.3250940772532719,0.3920761837513011,False
test_0048,2,13,mV_13,36.594,,False,-0.1669354704884678,0.16474125455755187,False
test_0048,2,14,mV_14,,29.940176629397563,True,,,False
test_0048,2,15,mV_15,27.029,,False,-1.0536907020520587,0.7850261583716688,False
test_0048,2,16,mV_16,27.255,,False,-1.0327232293825577,1.0079245675896873,False
test_0048,2,17,mV_17,30.935,,False,-0.9125611095415747,1.0579250536738198,False
test_0048,2,18,mV_18,35.748,,False,-1.3738547662295724,1.264151277027236,False
test_0048,2,19,mV_19,36.913,,False,-1.3963344661082246,1.0416309246115054,False
test_0048,2,20,mV_20,,35.863094396257374,True,,,False
test_0048,3,0,mV_0,39.922,,False,-0.053217441871435484,0.29059428405320653,False
test_0048,3,1,mV_1,38.916,,False,1.055942252469955,0.7951773813336147,False
test_0048,3,2,mV_2,30.11,,False,1.0156075785231131,0.8786484165073616,False
test_0048,3,3,mV_3,25.149,,False,-0.42743625651326506,0.7967103251042507,False
test_0048,3,4,mV_4,33.251,,False,-1.3163612088673595,1.1584604101787854,False
test_0048,3,5,mV_5,43.895,,False,-1.5736829664671572,1.4787310780658491,False
test_0048,3,6,mV_6,52.3,,False,-1.4511971704617221,1.424772525735682,False
test_0048,3,7,mV_7,58.463,,False,-1.2230127955521264,1.1647427069933798,False
test_0048,3,8,mV_8,61.984,,False,-0.7617480664075447,0.8736519527039107,False
test_0048,3,9,mV_9,62.597,,False,-0.7480988824484275,0.5862688309330979,False
test_0048,3,10,mV_10,62.131,,False,-0.08712949242799156,0.3140928553342121,False
test_0048,3,11,mV_11,55.663,,False,0.3340135540324379,0.38447185591094646,False
test_0048,3,12,mV_12,47.248,,False,0.7827308231509186,0.7318720110406968,False
test_0048,3,13,mV_13,39.604,,False,1.028012843828512,0.9435010017988976,False
test_0048,3,14,mV_14,33.986,,False,0.9352474963876478,0.8521614045895993,False
test_0048,3,15,mV_15,30.188,,False,0.5101377817545892,0.5539539439217525,False
test_0048,3,16,mV_16,28.718,,False,-0.2602927157901836,0.4107798985708792,False
test_0048,3,17,mV_17,31.532,,False,-0.6123963809485604,0.6182671965424499,False
test_0048,3,18,mV_18,36.609,,False,-0.987983308482495,0.68110402493487,False
test_0048,3,19,mV_19,39.641,,False,-0.1360531018259294,0.3503026792920813,False
test_0048,3,20,mV_20,38.541,,False,-0.1411212050339715,0.1045738779734681,False
test_0048,4,0,mV_0,40.95,,False,0.3612335448242876,0.3743544658287178,False
test_0048,4,1,mV_1,38.158,,False,0.7749507736662961,0.6339318251374368,False
test_0048,4,2,mV_2,29.201,,False,0.6245922083928679,0.5075179512814568,False
test_0048,4,3,mV_3,26.098,,False,0.005936614673795432,0.17142495470042057,False
test_0048,4,4,mV_4,36.378,,False,-0.04923438106122354,0.03194590033603243,False
test_0048,4,5,mV_5,48.028,,False,0.023378224547887218,0.08486351546046547,False
test_0048,4,6,mV_6,56.771,,False,0.24346323168486392,0.23020258974321178,False
test_0048,4,7,mV_7,63.073,,False,0.41050567105523206,0.46994056512213134,False
test_0048,4,8,mV_8,66.631,,False,0.8152876866931973,0.7398575018082673,False
test_0048,4,9,mV_9,67.589,,False,0.9183489627914425,0.9937155465067793,False
test_0048,4,10,mV_10,66.29,,False,1.3228765737510353,1.1692245781992465,False
test_0048,4,11,mV_11,57.892,,False,1.112796202503473,1.14916475635699,False
test_0048,4,12,mV_12,47.958,,False,1.048190046669979,1.0538386339804913,False
test_0048,4,13,mV_13,39.549,,False,1.0061782400785342,0.9494626717321093,False
test_0048,4,14,mV_14,33.559,,False,0.7373041601013899,0.7083754778918097,False
test_0048,4,15,mV_15,29.87,,False,0.35271535128592474,0.39949003333682637,False
test_0048,4,16,mV_16,29.505,,False,0.15522527067406613,0.20438048977411552,False
test_0048,4,17,mV_17,33.057,,False,0.1543560664624051,0.12679637054913648,False
test_0048,4,18,mV_18,38.717,,False,-0.04324807859766953,0.2361696778429626,False
test_0048,4,19,mV_19,41.459,,False,0.7038264877141063,0.7456635334163568,False
test_0048,4,20,mV_20,41.955,,False,1.531753079639545,0.9418331617482991,False
test_0048,5,0,mV_0,40.429,,False,0.15118591440748716,0.1678512082423466,False
test_0048,5,1,mV_1,37.063,,False,0.36903300415441204,0.2331745187382514,False
test_0048,5,2,mV_2,27.85,,False,0.04344615223669436,0.2443585186468403,False
test_0048,5,3,mV_3,24.943,,False,-0.5215087659595604,0.3848246058865201,False
test_0048,5,4,mV_4,35.382,,False,-0.45283473939026525,0.4803996781644407,False
test_0048,5,5,mV_5,46.688,,False,-0.49442046791767186,0.36041891880640226,False
test_0048,5,6,mV_6,,55.73434838781361,True,,,False
test_0048,5,7,mV_7,61.725,,False,-0.06714788490717954,0.15739023064431987,False
test_0048,5,8,mV_8,65.688,,False,0.4952651527629204,0.3869328407178367,False
test_0048,5,9,mV_9,66.306,,False,0.4900531724383263,0.575817797084164,False
test_0048,5,10,mV_10,64.83,,False,0.8278996906970832,0.708448673994178,False
test_0048,5,11,mV_11,56.676,,False,0.687942142144219,0.6424079128356063,False
test_0048,5,12,mV_12,46.133,,False,0.3658476763569037,0.35783719558098087,False
test_0048,5,13,mV_13,36.985,,False,-0.011711287465897145,0.16644707107437184,False
test_0048,5,14,mV_14,31.372,,False,-0.27651803300878947,0.2343160670875914,False
test_0048,5,15,mV_15,28.405,,False,-0.37251691486688954,0.3279848184668798,False
test_0048,5,16,mV_16,28.661,,False,-0.2903874111249507,0.28835038904470034,False
test_0048,5,17,mV_17,32.352,,False,-0.2001098190620105,0.30065935246207875,False
test_0048,5,18,mV_18,37.671,,False,-0.5120303605993434,0.40288518674687324,False
test_0048,5,19,mV_19,39.097,,False,-0.38737020672679556,0.3306352698738931,False
test_0048,5,20,mV_20,38.756,,False,-0.035770305442637984,0.11472770440301788,False
test_0048,6,0,mV_0,40.425,,False,0.14957326465380524,0.4985443951335445,False
test_0048,6,1,mV_1,40.64,,False,1.6950310512265674,1.463689018355663,False
test_0048,6,2,mV_2,33.131,,False,2.315120706315712,1.706786183781827,False
test_0048,6,3,mV_3,27.184,,False,0.5018722712693165,1.0595274098213745,False
test_0048,6,4,mV_4,34.231,,False,-0.9192443904311532,0.8663534893600472,False
test_0048,6,5,mV_5,45.056,,False,-1.1250529053085656,0.9604081956838519,False
test_0048,6,6,mV_6,54.355,,False,-0.6722825816871233,0.6356088579997595,False
test_0048,6,7,mV_7,62.12,,False,0.07281736331622611,0.4485161695068923,False
test_0048,6,8,mV_8,67.105,,False,0.9761473697079938,0.7737542548494094,False
test_0048,6,9,mV_9,68.043,,False,1.069904916665424,1.177428740355021,False
test_0048,6,10,mV_10,67.089,,False,1.5937577583812421,1.488248355668543,False
test_0048,6,11,mV_11,59.56,,False,1.6955729892462643,1.6828783154400235,False
test_0048,6,12,mV_12,49.826,,False,1.7466095248863234,1.6791547030810483,False
test_0048,6,13,mV_13,40.863,,False,1.5278267733052824,1.470651801372539,False
test_0048,6,14,mV_14,34.299,,False,1.0803441339932671,1.0460741723625517,False
test_0048,6,15,mV_15,30.159,,False,0.49578164815839004,0.609448892081872,False
test_0048,6,16,mV_16,29.904,,False,0.3658881380174411,0.49694353030821614,False
test_0048,6,17,mV_17,34.262,,False,0.7602161970395925,0.6504546342707315,False
test_0048,6,18,mV_18,40.41,,False,0.7154980049862997,0.7637209412807013,False
test_0048,6,19,mV_19,41.805,,False,0.8636715581106135,0.870044994761008,False
test_0048,6,20,mV_20,40.946,,False,1.0373388578365057,0.7345873184459062,False
test_0048,7,0,mV_0,38.098,,False,-0.788585729549445,0.7182393404205655,False
test_0048,7,1,mV_1,32.572,,False,-1.295785902583372,1.0982960384251226,False
test_0048,7,2,mV_2,25.394,,False,-1.0130266189843007,1.012896520690397,False
test_0048,7,3,mV_3,27.683,,False,0.7297469422096147,0.6181301258508825,False
test_0048,7,4,mV_4,,38.175302639482396,True,,,False
test_0048,7,5,mV_5,48.501,,False,0.20615343464953617,0.13005200718871668,False
test_0048,7,6,mV_6,55.844,,False,-0.10790115945579441,0.19066399292623443,False
test_0048,7,7,mV_7,60.953,,False,-0.3407002181438127,0.2912126690868781,False
test_0048,7,8,mV_8,63.122,,False,-0.37554908060409264,0.36333235807892383,False
test_0048,7,9,mV_9,63.755,,False,-0.3615310529636972,0.3694103574640904,False
test_0048,7,10,mV_10,61.27,,False,-0.3790302433248745,0.41711945744126994,False
test_0048,7,11,mV_11,53.136,,False,-0.5488862901516336,0.4937515563785657,False
test_0048,7,12,mV_12,43.822,,False,-0.4982034018861213,0.4185293140121868,False
test_0048,7,13,mV_13,36.69,,False,-0.1288241621248709,0.19365655279836475,False
test_0048,7,14,mV_14,32.009,,False,0.01877448505759596,0.062199285161456785,False
test_0048,7,15,mV_15,28.991,,False,-0.08242400840576432,0.113618689970509,False
test_0048,7,16,mV_16,29.724,,False,0.2708522580129114,0.2876370183930243,False
test_0048,7,17,mV_17,33.797,,False,0.52641954914051,0.3914813532756586,False
test_0048,7,18,mV_18,39.354,,False,0.2422340568087029,0.27795757167332064,False
test_0048,7,19,mV_19,39.717,,False,-0.10094262393536657,0.11470485755095224,False
test_0048,7,20,mV_20,38.859,,False,0.014700125524372876,0.03258571874602808,False
test_0048,8,0,mV_0,39.756,,False,-0.12014240664914778,0.06048824212886693,False
test_0048,8,1,mV_1,36.063,,False,-0.0016681552171721472,0.06979915231464336,False
test_0048,8,2,mV_2,27.387,,False,-0.15571789217508136,0.12200143527767231,False
test_0048,8,3,mV_3,25.702,,False,-0.17490180154335433,0.13818244252662534,False
test_0048,8,4,mV_4,36.383,,False,-0.047208274844711316,0.0988708701011053,False
test_0048,8,5,mV_5,47.641,,False,-0.12616512917164424,0.07488463329699994,False
test_0048,8,6,mV_6,,56.07867408527439,True,,,False
test_0048,8,7,mV_7,61.484,,False,-0.15254440344348608,0.07627220172174304,False
test_0048,8,8,mV_8,,64.6463250919467,True,,,False
test_0048,8,9,mV_9,65.721,,False,0.2947663155742812,0.2835865569425674,False
test_0048,8,10,mV_10,63.995,,False,0.5448135966217074,0.3761456216048318,False
test_0048,8,11,mV_11,55.051,,False,0.12018897760163118,0.24541719146302624,False
test_0048,8,12,mV_12,44.629,,False,-0.19647721402713528,0.176470851962222,False
test_0048,8,13,mV_13,36.529,,False,-0.19274000219298631,0.2423169729095821,False
test_0048,8,14,mV_14,31.133,,False,-0.38731067322522045,0.44622960124812194,False
test_0048,8,15,mV_15,27.506,,False,-0.8175570563490605,0.7214168406577883,False
test_0048,8,16,mV_16,27.576,,False,-0.8632425767078117,0.7221130813717468,False
test_0048,8,17,mV_17,32.065,,False,-0.3444101157223031,0.38941622271808074,False
test_0048,8,18,mV_18,38.826,,False,0.005602082719905132,0.09450507745398949,False
test_0048,8,19,mV_19,39.887,,False,-0.022406028653844546,0.033306211787056006,False
test_0048,8,20,mV_20,38.66,,False,-0.08281070712062981,0.047006860723776044,False
test_0048,9,0,mV_0,40.022,,False,-0.012901198029438754,0.1637669035230358,False
test_0048,9,1,mV_1,34.37,,False,-0.6292652180332657,0.33624724523803884,False
test_0048,9,2,mV_2,27.578,,False,-0.07355734685618531,0.7238236719058415,False
test_0048,9,3,mV_3,30.725,,False,2.11891477587773,1.5006444393833962,False
test_0048,9,4,mV_4,40.673,,False,1.69119085892194,1.513613083927502,False
test_0048,9,5,mV_5,49.399,,False,0.5531558419883981,0.7208219218782315,False
test_0048,9,6,mV_6,56.355,,False,0.0857851446141896,0.19105882721996056,False
test_0048,9,7,mV_7,61.803,,False,-0.03950917766306503,0.09580648203702595,False
test_0048,9,8,mV_8,63.585,,False,-0.21842242820778413,0.21155766980400242,False
test_0048,9,9,mV_9,63.73,,False,-0.36987664513737634,0.3369289362351877,False
test_0048,9,10,mV_10,61.239,,False,-0.389540026458214,0.34881855620614705,False
test_0048,9,11,mV_11,54.002,,False,-0.24631752677078378,0.2476037859185261,False
test_0048,9,12,mV_12,45.444,,False,0.10824006367432286,0.24060327179961855,False
test_0048,9,13,mV_13,38.273,,False,0.4996154330790447,0.4031319390645892,False
test_0048,9,14,mV_14,33.058,,False,0.5050568264259446,0.47365549450898115,False
test_0048,9,15,mV_15,29.935,,False,0.3848928921049905,0.3187106526589814,False
test_0048,9,16,mV_16,,30.24042417168401,True,,,False
test_0048,9,17,mV_17,35.331,,False,1.2976970929624274,0.8742203343030033,False
test_0048,9,18,mV_18,40.825,,False,0.9014871512871584,0.8999601888866621,False
test_0048,9,19,mV_19,41.016,,False,0.4991693600099042,0.4749564678267417,False
test_0048,9,20,mV_20,,40.77278606965244,True,,,False
test_0048,10,0,mV_0,39.737,,False,-0.12780249297912652,0.2917434465683232,False
test_0048,10,1,mV_1,33.609,,False,-0.9113688003150396,0.6314159777103705,False
test_0048,10,2,mV_2,26.412,,False,-0.5751238172322762,0.8302730177396598,False
test_0048,10,3,mV_3,28.843,,False,1.259475636179047,1.0391919500376299,False
test_0048,10,4,mV_4,39.122,,False,1.0626927105601498,0.90702762941944,False
test_0048,10,5,mV_5,48.597,,False,0.24324946037841358,0.45265037633719685,False
test_0048,10,6,mV_6,55.439,,False,-0.26140987403181054,0.36589805598884895,False
test_0048,10,7,mV_7,59.946,,False,-0.697523015513361,0.6400147837421439,False
test_0048,10,8,mV_8,61.566,,False,-0.9036032299100429,0.8418324706011818,False
test_0048,10,9,mV_9,62.254,,False,-0.8626004070712804,0.7977269822637423,False
test_0048,10,10,mV_10,60.73,,False,-0.5621038850023651,0.49670204426900266,False
test_0048,10,11,mV_11,,53.68483577500218,True,,,False
test_0048,10,12,mV_12,43.77,,False,-0.5176454858621651,0.25882274293108254,False
test_0048,10,13,mV_13,,35.99284944802924,True,,,False
test_0048,10,14,mV_14,31.154,,False,-0.3775757550472075,0.32189151271939764,False
test_0048,10,15,mV_15,28.082,,False,-0.5324145407831757,0.48203594471473316,False
test_0048,10,16,mV_16,28.291,,False,-0.48573894224537373,0.489226213714756,False
test_0048,10,17,mV_17,31.849,,False,-0.4530124295851008,0.53981228351065,False
test_0048,10,18,mV_18,37.101,,False,-0.7674853326270246,0.6638282911864894,False
test_0048,10,19,mV_19,38.491,,False,-0.6673300699068079,0.7263155825638727,False
test_0048,10,20,mV_20,37.19,,False,-0.8031168578148502,0.568390946384127,False
test_0048,11,0,mV_0,40.494,,False,0.17739147290478371,0.10199464054484773,False
test_0048,11,1,mV_1,35.924,,False,-0.053195616369823485,0.14977248232570367,False
test_0048,11,2,mV_2,27.016,,False,-0.31530722365838393,0.17700329626224678,False
test_0048,11,3,mV_3,26.032,,False,-0.024203121362395805,0.12218105498547982,False
test_0048,11,4,mV_4,36.808,,False,0.12501075355874372,0.07865129953837671,False
test_0048,11,5,mV_5,48.072,,False,0.04038056967362357,0.0668247175696346,False
test_0048,11,6,mV_6,56.291,,False,0.06152697737254751,0.07598282156074324,False
test_0048,11,7,mV_7,62.311,,False,0.14049676182425438,0.08563012525526408,False
test_0048,11,8,mV_8,,63.90923654094193,True,,,False
test_0048,11,9,mV_9,65.005,,False,0.055748555720162185,0.07762623511225063,False
test_0048,11,10,mV_10,61.801,,False,-0.19900782900867814,0.22262435430795424,False
test_0048,11,11,mV_11,53.457,,False,-0.4367332034942985,0.3595804780885439,False
test_0048,11,12,mV_12,44.176,,False,-0.3658476763569002,0.33126055350369005,False
test_0048,11,13,mV_13,36.62,,False,-0.1566136578066613,0.21015706924300118,False
test_0048,11,14,mV_14,31.62,,False,-0.16155328500178193,0.1272937634092277,False
test_0048,11,15,mV_15,29.098,,False,-0.029454825826685644,0.2451874941728483,False
test_0048,11,16,mV_16,30.651,,False,0.76028704003624,0.6686916895663209,False
test_0048,11,17,mV_17,34.987,,False,1.1247378523661176,0.9280659794611492,False
test_0048,11,18,mV_18,40.381,,False,0.7025011730761215,0.6324350496295901,False
test_0048,11,19,mV_19,,39.99156371884143,True,,,False
test_0048,11,20,mV_20,38.693,,False,-0.06664056904382033,0.033320284521910166,False
test_0048,12,0,mV_0,33.595,,False,-2.6040261897545327,1.8125149289768592,False
test_0048,12,1,mV_1,30.559,,False,-2.0420073363983713,2.0960403598687205,True
test_0048,12,2,mV_2,23.806,,False,-1.6961205769236067,1.5946567215115655,False
test_0048,12,3,mV_3,24.017,,False,-0.9443783958006767,0.8962193421312401,False
test_0048,12,4,mV_4,,31.860650606640174,True,,,False
test_0048,12,5,mV_5,43.573,,False,-1.6981092194327627,1.3659311677025534,False
test_0048,12,6,mV_6,50.674,,False,-2.0675062319446886,1.9516579208180456,False
test_0048,12,7,mV_7,56.345,,False,-1.9735099999500416,1.9070210030267585,False
test_0048,12,8,mV_8,59.474,,False,-1.6135577802622623,1.6992426078638871,False
test_0048,12,9,mV_9,60.056,,False,-1.596344870980983,1.6093245148664261,False
test_0048,12,10,mV_10,57.577,,False,-1.631050537241476,1.6270623237459994,False
test_0048,12,11,mV_11,49.985,,False,-1.649803349520062,1.590333224139302,False
test_0048,12,12,mV_12,41.328,,False,-1.4306756602756083,1.4406686144351184,False
test_0048,12,13,mV_13,33.862,,False,-1.251519787669195,1.4010452095519377,False
test_0048,12,14,mV_14,28.365,,False,-1.6704656025937525,1.6596737673511475,False
test_0048,12,15,mV_15,25.024,,False,-2.0462440765478895,1.8727557101096417,False
test_0048,12,16,mV_16,25.938,,False,-1.728069084749035,1.7002712289971489,False
test_0048,12,17,mV_17,30.167,,False,-1.298702669942636,1.4650552516448891,False
test_0048,12,18,mV_18,35.389,,False,-1.5347465819452497,1.6146060545630527,False
test_0048,12,19,mV_19,35.411,,False,-2.090228384419075,1.4288008376958499,False
test_0048,12,20,mV_20,,36.0205917297182,True,,,False
test_0049,1,0,mV_0,37.3,,False,-0.6998252885424843,0.7010129798410538,False
test_0049,1,1,mV_1,30.735,,False,-1.4044013422792467,0.9286686440707305,False
test_0049,1,2,mV_2,26.406,,False,0.20604660318194423,0.6276554507024946,False
test_0049,1,3,mV_3,35.959,,False,0.6941272541668434,0.6263602692701851,False
test_0049,1,4,mV_4,44.694,,False,0.911139965565109,0.7528518196541885,False
test_0049,1,5,mV_5,52.09,,False,0.4950000933196924,0.5461643704602963,False
test_0049,1,6,mV_6,56.41,,False,-0.28351732963669135,0.2655086881482688,False
test_0049,1,7,mV_7,,59.574542813685575,True,,,False
test_0049,1,8,mV_8,60.627,,False,-0.6296943920547499,0.5185213730259686,False
test_0049,1,9,mV_9,59.303,,False,-0.8146967079943744,0.7054674358926487,False
test_0049,1,10,mV_10,58.288,,False,-0.562781935527096,0.5689615931533967,False
test_0049,1,11,mV_11,56.916,,False,-0.33558579356502016,0.34288591385266903,False
test_0049,1,12,mV_12,52.546,,False,-0.13759013275353985,0.22965849298669805,False
test_0049,1,13,mV_13,47.882,,False,-0.30786791287469245,0.38714401503502655,False
test_0049,1,14,mV_14,40.085,,False,-0.7952501016371815,0.6922854686554891,False
test_0049,1,15,mV_15,33.298,,False,-0.8707737584729011,0.924520818631806,False
test_0049,1,16,mV_16,23.796,,False,-1.1612856559442406,1.0536899720027024,False
test_0049,1,17,mV_17,10.54,,False,-1.021414817649427,0.9310531627397752,False
test_0049,1,18,mV_18,20.26,,False,-0.5200973597160061,0.7028507580084614,False
test_0049,1,19,mV_19,21.334,,False,-0.749793494952406,0.5049210874052046,False
test_0049,1,20,mV_20,,21.31247607822683,True,,,False
test_0049,2,0,mV_0,39.547,,False,0.20608071058716965,0.11661728525556911,False
test_0049,2,1,mV_1,34.67,,False,0.05430771984793715,0.14997304483048404,False
test_0049,2,2,mV_2,25.264,,False,-0.28519602903889224,0.28974877464182625,False
test_0049,2,3,mV_3,33.269,,False,-0.5342953206415834,0.39958442266374194,False
test_0049,2,4,mV_4,41.842,,False,-0.24455102033290899,0.26744184836712487,False
test_0049,2,5,mV_5,50.929,,False,0.046370032161098085,0.10905473073435654,False
test_0049,2,6,mV_6,56.897,,False,-0.09892783828232098,0.11310046726450589,False
test_0049,2,7,mV_7,59.612,,False,-0.2081761603322835,0.20131719117983488,False
test_0049,2,8,mV_8,61.628,,False,-0.28998860577245156,0.2242867014163531,False
test_0049,2,9,mV_9,61.417,,False,-0.10899343378822582,0.19556172765069255,False
test_0049,2,10,mV_10,59.139,,False,-0.27427143725386693,0.2390217815511657,False
test_0049,2,11,mV_11,57.022,,False,-0.29855081790870314,0.2524277445713581,False
test_0049,2,12,mV_12,53.284,,False,0.13833790521415903,0.23387439755291423,False
test_0049,2,13,mV_13,49.565,,False,0.36027096187463575,0.3249910839834659,False
test_0049,2,14,mV_14,42.752,,False,0.44108450697043305,0.4330084088387103,False
test_0049,2,15,mV_15,36.046,,False,0.4895936595393392,0.44357011976649663,False
test_0049,2,16,mV_16,26.666,,False,0.35400865301687523,0.3647023965457305,False
test_0049,2,17,mV_17,13.091,,False,0.26119862060983245,0.4668815922605455,False
test_0049,2,18,mV_18,23.632,,False,0.9911204748056417,0.6068268997935813,False
test_0049,2,19,mV_19,23.355,,False,0.18386802895320925,0.339714133178015,False
test_0049,2,20,mV_20,,22.809152770360697,True,,,False
test_0049,3,0,mV_0,38.425,,False,-0.2462675453200273,0.1563578640686921,False
test_0049,3,1,mV_1,34.165,,False,-0.13289636563471377,0.18522633892439633,False
test_0049,3,2,mV_2,26.459,,False,0.2288450791081305,0.16305899598125062,False
test_0049,3,3,mV_3,34.574,,False,0.06164946007402773,0.11412211735162876,False
test_0049,3,4,mV_4,42.188,,False,-0.10434447015032905,0.06758460009367145,False
test_0049,3,5,mV_5,,49.91773382172805,True,,,False
test_0049,3,6,mV_6,54.27,,False,-1.0946497967790936,0.867251793300202,False
test_0049,3,7,mV_7,56.588,,False,-1.279707579642621,1.2400291557262304,False
test_0049,3,8,mV_8,58.634,,False,-1.3060516668405868,1.2006622107897325,False
test_0049,3,9,mV_9,59.015,,False,-0.9108379298351351,1.0095025889907037,False
test_0049,3,10,mV_10,57.263,,False,-0.9102828294519573,0.9099084896814481,False
test_0049,3,11,mV_11,55.277,,False,-0.9082303699867427,0.8260059772554552,False
test_0049,3,12,mV_12,51.37,,False,-0.577280339596378,0.6186677686157944,False
test_0049,3,13,mV_13,47.62,,False,-0.4118800252836791,0.363877393801845,False
test_0049,3,14,mV_14,41.683,,False,-0.05446918504364362,0.16003070398656902,False
test_0049,3,15,mV_15,35.298,,False,0.11930442057530961,0.21892519208328645,False
test_0049,3,16,mV_16,27.099,,False,0.582622742138883,0.43608749476365005,False
test_0049,3,17,mV_17,13.486,,False,0.45980007420152474,0.46479690036357457,False
test_0049,3,18,mV_18,20.624,,False,-0.35696471091236587,0.29343237400656413,False
test_0049,3,19,mV_19,,21.895774661709094,True,,,False
test_0049,3,20,mV_20,23.672,,False,0.4913788326117322,0.2456894163058661,False
test_0049,4,0,mV_0,38.133,,False,-0.3639909773386539,0.5553378938014336,False
test_0049,4,1,mV_1,30.495,,False,-1.4933696205284266,1.0165215426424958,False
test_0049,4,2,mV_2,27.59,,False,0.7153559521744759,1.1331118597021763,False
test_0049,4,3,mV_3,37.961,,False,1.6083659139313269,1.4263846378373564,False
test_0049,4,4,mV_4,46.822,,False,1.7734507713122962,1.6032636447314057,False
test_0049,4,5,mV_5,54.064,,False,1.2577871223697035,1.2009382505525736,False
test_0049,4,6,mV_6,58.516,,False,0.5147279861585918,0.7324607595281445,False
test_0049,4,7,mV_7,62.013,,False,0.6425999434256912,0.6075752494761129,False
test_0049,4,8,mV_8,64.34,,False,0.6303731248944773,0.5947195088176933,False
test_0049,4,9,mV_9,63.168,,False,0.4755318420561274,0.5783480876135794,False
test_0049,4,10,mV_10,62.107,,False,0.7319555414475855,0.6387218388288657,False
test_0049,4,11,mV_11,59.638,,False,0.6154444303641643,0.6344703560976105,False
test_0049,4,12,mV_12,54.452,,False,0.575037022214528,0.4413796186983051,False
test_0049,4,13,mV_13,,48.59259185431902,True,,,False
test_0049,4,14,mV_14,41.651,,False,-0.0693033460768042,0.08316550381176468,False
test_0049,4,15,mV_15,34.665,,False,-0.19405532309345033,0.39187146710693155,False
test_0049,4,16,mV_16,23.893,,False,-1.1100718761640214,0.8076190472769638,False
test_0049,4,17,mV_17,10.948,,False,-0.8162771136863619,0.7825165361113483,False
test_0049,4,18,mV_18,22.285,,False,0.3874400409086482,0.421003792481188,False
test_0049,4,19,mV_19,23.158,,False,0.0928579744210938,0.2574361313220551,False
test_0049,4,20,mV_20,23.601,,False,0.4565885355373847,0.25150876137396583,False
test_0049,5,0,mV_0,40.292,,False,0.5064367272100431,0.28051123646375464,False
test_0049,5,1,mV_1,34.229,,False,-0.10917149143493242,0.2734642310325598,False
test_0049,5,2,mV_2,25.069,,False,-0.36907721405033117,0.24562451725781065,False
test_0049,5,3,mV_3,34.735,,False,0.13517214949564785,0.3185501476686501,False
test_0049,5,4,mV_4,44.012,,False,0.6347790776329736,0.5323155143196764,False
test_0049,5,5,mV_5,52.684,,False,0.7245317525171103,0.6527696715774395,False
test_0049,5,6,mV_6,58.549,,False,0.5272361036425637,0.5310776572883503,False
test_0049,5,7,mV_7,61.174,,False,0.34530666935116355,0.3350477591763247,False
test_0049,5,8,mV_8,62.122,,False,-0.12234159436040813,0.19669473038182236,False
test_0049,5,9,mV_9,61.154,,False,-0.1967890634553097,0.16559465865325498,False
test_0049,5,10,mV_10,59.516,,False,-0.14645891334199249,0.15277968017767718,False
test_0049,5,11,mV_11,57.529,,False,-0.12141183057141398,0.10806987274257518,False
test_0049,5,12,mV_12,52.799,,False,-0.04299691648548029,0.07333865093954933,False
test_0049,5,13,mV_13,48.441,,False,-0.08594894021582276,0.07985731886192261,False
test_0049,5,14,mV_14,41.575,,False,-0.10453447853056462,0.07994246293828908,False
test_0049,5,15,mV_15,35.107,,False,0.02475195447620429,0.0849055855118436,False
test_0049,5,16,mV_16,25.644,,False,-0.18558395456440122,0.26194628525671354,False
test_0049,5,17,mV_17,11.275,,False,-0.6518652774218474,0.38336473031023766,False
test_0049,5,18,mV_18,21.322,,False,-0.04414441183285471,0.35019636534920584,False
test_0049,5,19,mV_19,21.527,,False,-0.6606313603092665,0.3413517831128469,False
test_0049,5,20,mV_20,,22.620389237845384,True,,,False
test_0049,6,0,mV_0,41.053,,False,0.8132433428476323,0.6635639125132451,False
test_0049,6,1,mV_1,37.296,,False,1.027768964357716,0.7774177071297477,False
test_0049,6,2,mV_2,26.487,,False,0.24088955695592632,0.3773870195673921,False
test_0049,6,3,mV_3,,34.75558192534235,True,,,False
test_0049,6,4,mV_4,41.003,,False,-0.584531643463496,0.31458139970927546,False
test_0049,6,5,mV_5,51.04,,False,0.08926231191010983,0.2699821442194163,False
test_0049,6,6,mV_6,57.994,,False,0.31687230959394963,0.31828087699402086,False
test_0049,6,7,mV_7,61.752,,False,0.5501165768780742,0.5624352436206472,False
test_0049,6,8,mV_8,64.936,,False,0.8326355111324909,0.9042365871976019,False
test_0049,6,9,mV_9,65.942,,False,1.4015587496473516,1.2242317466069168,False
test_0049,6,10,mV_10,63.668,,False,1.2611739760004728,1.302543333144926,False
test_0049,6,11,mV_11,61.558,,False,1.286266630931407,1.2722108282522604,False
test_0049,6,12,mV_12,56.271,,False,1.2551360751457545,1.1832115723253795,False
test_0049,6,13,mV_13,51.016,,False,0.9363075080786021,1.0300043485404564,False
test_0049,6,14,mV_14,43.941,,False,0.992266302858867,0.9420867587654007,False
test_0049,6,15,mV_15,36.769,,False,0.8475069212652669,0.8560180509950189,False
test_0049,6,16,mV_16,27.391,,False,0.7367920585906749,0.6754883299253929,False
test_0049,6,17,mV_17,11.814,,False,-0.38086228125495475,0.5096953696520623,False
test_0049,6,18,mV_18,22.626,,False,0.5402648575076647,0.37862992326959305,False
test_0049,6,19,mV_19,23.072,,False,0.053127696808088015,0.2607095680028255,False
test_0049,6,20,mV_20,23.478,,False,0.3963180208874613,0.21144093464575267,False
test_0049,7,0,mV_0,37.586,,False,-0.5845208311543747,0.352360341040305,False
test_0049,7,1,mV_1,35.172,,False,0.24039970185247064,0.2719221377155916,False
test_0049,7,2,mV_2,25.875,,False,-0.022368316003050226,0.488673761299178,False
test_0049,7,3,mV_3,30.783,,False,-1.669558711338141,1.142007997652945,False
test_0049,7,4,mV_4,39.468,,False,-1.206546251932448,1.307287565096527,False
test_0049,7,5,mV_5,47.842,,False,-1.1464990451830712,1.1759337313820561,False
test_0049,7,6,mV_6,53.981,,False,-1.2041905832296338,1.15726729973923,False
test_0049,7,7,mV_7,57.168,,False,-1.0741889873145807,1.1140894596153428,False
test_0049,7,8,mV_8,59.23,,False,-1.1037892806025758,0.9748770703038308,False
test_0049,7,9,mV_9,59.893,,False,-0.6177407326955906,0.7472107871716193,False
test_0049,7,10,mV_10,58.032,,False,-0.6495724026927201,0.4792213845202577,False
test_0049,7,11,mV_11,,56.297435494000084,True,,,False
test_0049,7,12,mV_12,52.019,,False,-0.33462817612613827,0.29261493912828407,False
test_0049,7,13,mV_13,47.395,,False,-0.5012034042608597,0.35262760962880974,False
test_0049,7,14,mV_14,41.642,,False,-0.07347545386738125,0.19619627517606913,False
test_0049,7,15,mV_15,34.781,,False,-0.1366307887086543,0.091634043238075,False
test_0049,7,16,mV_16,25.958,,False,-0.01979914166761017,0.22600385286791472,False
test_0049,7,17,mV_17,11.124,,False,-0.7277863394277843,0.7608206830425672,False
test_0049,7,18,mV_18,17.922,,False,-1.56791091164709,1.2246108251372672,False
test_0049,7,19,mV_19,20.717,,False,-1.0348351378271043,1.1003982686177307,False
test_0049,7,20,mV_20,21.11,,False,-0.7640118871696243,0.6407147280415882,False
test_0049,8,0,mV_0,35.603,,False,-1.3839919465411574,0.9255840413195983,False
test_0049,8,1,mV_1,32.003,,False,-0.9343522721960781,1.0848201141934495,False
test_0049,8,2,mV_2,23.401,,False,-1.0865839658404846,1.272244879230763,False
test_0049,8,3,mV_3,30.1,,False,-1.9814593130460045,1.7421069473975743,False
test_0049,8,4,mV_4,37.71,,False,-1.9189251976578041,1.9522426262518153,False
test_0049,8,5,mV_5,45.66,,False,-1.989660796645649,2.0107998556296662,True
test_0049,8,6,mV_6,51.499,,False,-2.144952631569563,2.046703507707263,True
test_0049,8,7,mV_7,54.817,,False,-1.907247971044277,1.928111453864383,False
test_0049,8,8,mV_8,57.317,,False,-1.7529972417994157,1.6986094898466733,False
test_0049,8,9,mV_9,57.606,,False,-1.3811955047435842,1.580089687030418,False
test_0049,8,10,mV_10,54.624,,False,-1.804970496835088,1.7200237375418248,False
test_0049,8,11,mV_11,52.47,,False,-1.8889584517535396,1.7925086120004747,False
test_0049,8,12,mV_12,48.669,,False,-1.587147047659732,1.6296074097025448,False
test_0049,8,13,mV_13,44.992,,False,-1.4551770917371756,1.2301266510863378,False
test_0049,8,14,mV_14,40.888,,False,-0.42300537321126835,0.6952201789771426,False
test_0049,8,15,mV_15,34.088,,False,-0.4796928777488582,0.3669148580393731,False
test_0049,8,16,mV_16,25.834,,False,-0.08526830344850787,0.1691564700941041,False
test_0049,8,17,mV_17,12.519,,False,-0.026396395730542473,0.0345152737273982,False
test_0049,8,18,mV_18,,18.508870362528075,True,,,False
test_0049,8,19,mV_19,19.728,,False,-1.4917333303766591,1.1742766641993407,False
test_0049,8,20,mV_20,19.172,,False,-1.713639996044045,1.2297533306161872,False
test_0049,9,0,mV_0,,39.08667901496566,True,,,False
test_0049,9,1,mV_1,35.095,,False,0.21185571258085928,0.112917955041383,False
test_0049,9,2,mV_2,25.992,,False,0.027960395003813435,0.06945577031680401,False
test_0049,9,3,mV_3,34.461,,False,0.010046578678729852,0.05258616507595551,False
test_0049,9,4,mV_4,42.846,,False,0.1622911079425489,0.08906703572641739,False
test_0049,9,5,mV_5,50.753,,False,-0.02163934834184191,0.1556267635229885,False
test_0049,9,6,mV_6,56.058,,False,-0.4169372494657212,0.29710463315116403,False
test_0049,9,7,mV_7,59.26,,False,-0.33290468533137185,0.3218037220238954,False
test_0049,9,8,mV_8,61.88,,False,-0.2044682679671168,0.234490659336755,False
test_0049,9,9,mV_9,62.331,,False,0.1961214160814145,0.22054259276046995,False
test_0049,9,10,mV_10,60.79,,False,0.28545927091193385,0.22752843884250365,False
test_0049,9,11,mV_11,58.286,,False,0.1430737974647324,0.15925923903634798,False
test_0049,9,12,mV_12,52.739,,False,-0.0654300903039933,0.15269559125389104,False
test_0049,9,13,mV_13,47.809,,False,-0.3368483869428452,0.1847817160474209,False
test_0049,9,14,mV_14,,41.970279226032524,True,,,False
test_0049,9,15,mV_15,35.178,,False,0.05989972983241478,0.11436020555912021,False
test_0049,9,16,mV_16,26.635,,False,0.3376413625716513,0.31860577765347964,False
test_0049,9,17,mV_17,13.644,,False,0.5392406556382013,0.6457311156874812,False
test_0049,9,18,mV_18,24.024,,False,1.166801788901871,0.8159198224901434,False
test_0049,9,19,mV_19,23.803,,False,0.3908350565186302,0.6108201909599706,False
test_0049,9,20,mV_20,23.679,,False,0.4948088619007513,0.3451131950800332,False
test_0049,10,0,mV_0,38.465,,False,-0.23014104778322628,0.18036026558593327,False
test_0049,10,1,mV_1,33.819,,False,-0.2611589667772805,0.2671566312106103,False
test_0049,10,2,mV_2,25.192,,False,-0.3161675435046539,0.32235514656550396,False
test_0049,10,3,mV_3,35.306,,False,0.3959265324754276,0.48959434688131953,False
test_0049,10,4,mV_4,44.544,,False,0.8503567790697691,0.7236477651801196,False
test_0049,10,5,mV_5,52.874,,False,0.7979509701055123,0.732855516028409,False
test_0049,10,6,mV_6,58.438,,False,0.4851633448328421,0.5231695318722479,False
test_0049,10,7,mV_7,61.115,,False,0.3244004677177948,0.3084769227294796,False
test_0049,10,8,mV_8,62.188,,False,-0.09994341064948659,0.18903195990038085,False
test_0049,10,9,mV_9,61.049,,False,-0.23184055058475533,0.17582572997841858,False
test_0049,10,10,mV_10,59.536,,False,-0.13967840809467705,0.21256925649177086,False
test_0049,10,11,mV_11,56.906,,False,-0.339079659192974,0.3111104788156653,False
test_0049,10,12,mV_12,51.773,,False,-0.42660418878203615,0.4402450540612779,False
test_0049,10,13,mV_13,47.225,,False,-0.5686921794880653,0.6554044681673515,False
test_0049,10,14,mV_14,39.519,,False,-1.0576293249112394,0.8865772308153843,False
test_0049,10,15,mV_15,33.315,,False,-0.8623580939509932,1.1650240271423487,False
test_0049,10,16,mV_16,22.439,,False,-1.8777505957561687,1.2899034708880155,False
test_0049,10,17,mV_17,11.494,,False,-0.5417545980887312,0.7466453014569008,False
test_0049,10,18,mV_18,21.364,,False,-0.02532141389397251,0.32700110072075184,False
test_0049,10,19,mV_19,21.408,,False,-0.7156069770063312,0.5939696453626139,False
test_0049,10,20,mV_20,20.793,,False,-0.9193432135438203,0.638573351023493,False
test_0049,11,0,mV_0,40.697,,False,0.669717514770128,0.5732659405059135,False
test_0049,11,1,mV_1,37.096,,False,0.9536287324833981,0.704251054211645,False
test_0049,11,2,mV_2,26.485,,False,0.24002923710965562,0.6457767850207334,False
test_0049,11,3,mV_3,31.922,,False,-1.1494199333802246,0.752180783869766,False
test_0049,11,4,mV_4,41.286,,False,-0.4698540316089588,0.5514564777175575,False
test_0049,11,5,mV_5,50.507,,False,-0.1166979142720875,0.22205459634266386,False
test_0049,11,6,mV_6,57.646,,False,0.1849685252175216,0.2350040165576996,False
test_0049,11,7,mV_7,61.479,,False,0.4533811015236676,0.4137273255066423,False
test_0049,11,8,mV_8,64.142,,False,0.5631785737617123,0.6576120759282642,False
test_0049,11,9,mV_9,64.891,,False,1.050710054665965,0.8996533202277993,False
test_0049,11,10,mV_10,62.703,,False,0.9340145978175552,1.0159634274657816,False
test_0049,11,11,mV_11,61.154,,False,1.1451144595620513,1.1620940420467174,False
test_0049,11,12,mV_12,56.723,,False,1.424132651245212,1.3217451965099523,False
test_0049,11,13,mV_13,51.916,,False,1.2936010239873332,1.4446714790153674,False
test_0049,11,14,mV_14,45.613,,False,1.7673512168415912,1.6557050392988495,False
test_0049,11,15,mV_15,38.682,,False,1.7945166995248825,1.7590359487428557,False
test_0049,11,16,mV_16,29.177,,False,1.6797591790800668,1.3336968799694902,False
test_0049,11,17,mV_17,12.931,,False,0.18075246219294425,0.5672892071279251,False
test_0049,11,18,mV_18,21.929,,False,0.22789272504574512,0.16860506750211549,False
test_0049,11,19,mV_19,22.875,,False,-0.037882357724027434,0.11631586429386401,False
test_0049,11,20,mV_20,22.999,,False,0.16160601668165606,0.09027359777183488,False
test_0049,12,0,mV_0,40.2,,False,0.469345782875407,0.4243328721011901,False
test_0049,12,1,mV_1,36.57,,False,0.7586399226539463,0.7305558652507986,False
test_0049,12,2,mV_2,28.102,,False,0.9355978328198951,0.6574588970734341,False
test_0049,12,3,mV_3,,35.003315320930575,True,,,False
test_0049,12,4,mV_4,42.69,,False,0.09907659398739845,0.0702116029988536,False
test_0049,12,5,mV_5,50.595,,False,-0.0826932240206175,0.10572479920640157,False
test_0049,12,6,mV_6,56.74,,False,-0.15843615479697284,0.14298827787243068,False
test_0049,12,7,mV_7,59.713,,False,-0.17238757787515946,0.25514385440689413,False
test_0049,12,8,mV_8,60.958,,False,-0.5173641070802847,0.3861946128456779,False
test_0049,12,9,mV_9,60.732,,False,-0.3376626593469828,0.374114015213484,False
test_0049,12,10,mV_10,59.052,,False,-0.3037666350796857,0.27608537721491916,False
test_0049,12,11,mV_11,58.332,,False,0.15914557935332235,0.3359145545704514,False
test_0049,12,12,mV_12,54.844,,False,0.721600424495475,0.5555626696114804,False
test_0049,12,13,mV_13,50.219,,False,0.619904250101649,0.8078380448492859,False
test_0049,12,14,mV_14,44.54,,False,1.2699432546983707,1.1473659125110016,False
test_0049,12,15,mV_15,37.945,,False,1.4296728905456155,1.7111028324519773,False
test_0049,12,16,mV_16,31.138,,False,2.7151222940183075,2.3998401417305804,True
test_0049,12,17,mV_17,18.02,,False,2.7394430883400904,2.3809857271010006,True
test_0049,12,18,mV_18,18.453,,False,-1.329934437705514,1.3754678793973352,False
test_0049,12,19,mV_19,23.179,,False,0.10255955383822161,0.40669492297591053,False
test_0049,12,20,mV_20,22.482,,False,-0.09172614652168502,0.07150296172039791,False
test_0049,13,0,mV_0,38.821,,False,-0.08661521970572209,0.12666903306654603,False
test_0049,13,1,mV_1,35.423,,False,0.33344569285473996,0.23623194280263424,False
test_0049,13,2,mV_2,25.482,,False,-0.191421165795335,0.3677878533379626,False
test_0049,13,3,mV_3,32.786,,False,-0.7548633889064403,0.5021270641632435,False
test_0049,13,4,mV_4,41.687,,False,-0.30736031304475814,0.3626828928194679,False
test_0049,13,5,mV_5,50.599,,False,-0.08114755628191508,0.1425248498358785,False
test_0049,13,6,mV_6,57.423,,False,0.1004439737349257,0.15426656087163226,False
test_0049,13,7,mV_7,61.145,,False,0.33503073973476266,0.2871823320352843,False
test_0049,13,8,mV_8,63.597,,False,0.37822387493668624,0.4947371903392429,False
test_0049,13,9,mV_9,64.402,,False,0.8874702717488365,0.7657770556559867,False
test_0049,13,10,mV_10,62.632,,False,0.9099438041895874,0.9937767558078154,False
test_0049,13,11,mV_11,61.505,,False,1.2677491431032502,1.260577545010961,False
test_0049,13,12,mV_12,57.185,,False,1.5968680896477565,1.4536588164260553,False
test_0049,13,13,mV_13,52.066,,False,1.3531499433054577,1.5665361729312723,False
test_0049,13,14,mV_14,46.035,,False,1.9629767154664168,1.6973669090940835,False
test_0049,13,15,mV_15,38.108,,False,1.510364262138043,1.7290913637642116,False
test_0049,13,16,mV_16,29.656,,False,1.932660215314343,1.6540788230255434,False
test_0049,13,17,mV_17,15.039,,False,1.2406305993354447,1.5208915369564504,False
test_0049,13,18,mV_18,17.695,,False,-1.6696447338405698,1.1569914960324963,False
test_0049,13,19,mV_19,23.061,,False,0.04804591711340172,0.4684082131664665,False
test_0049,13,20,mV_20,22.449,,False,-0.107896284598493,0.06595962157759692,False
test_0049,14,0,mV_0,40.008,,False,0.3919385946987743,0.2612590390437073,False
test_0049,14,1,mV_1,33.819,,False,-0.2611589667772805,0.3582573488887123,False
test_0049,14,2,mV_2,24.721,,False,-0.518772867301514,0.3317544466869098,False
test_0049,14,3,mV_3,34.377,,False,-0.02831308536733073,0.28015605522483766,False
test_0049,14,4,mV_4,43.791,,False,0.5452251828631751,0.42759194452058036,False
test_0049,14,5,mV_5,52.34,,False,0.5916043269886404,0.47361266722511075,False
test_0049,14,6,mV_6,57.596,,False,0.16601683205998713,0.2788786002537197,False
test_0049,14,7,mV_7,60.741,,False,0.19187640990626414,0.13744241296812887,False
test_0049,14,8,mV_8,,62.8241623691756,True,,,False
test_0049,14,9,mV_9,63.215,,False,0.4912215553426418,0.37274525105846523,False
test_0049,14,10,mV_10,61.448,,False,0.5085378935485773,0.4133668648203253,False
test_0049,14,11,mV_11,58.292,,False,0.14517011684150496,0.2110295902747297,False
test_0049,14,12,mV_12,52.793,,False,-0.04524023386733159,0.07255927348777837,False
test_0049,14,13,mV_13,48.52,,False,-0.0545865093749453,0.09185563342569664,False
test_0049,14,14,mV_14,41.341,,False,-0.21300928108556438,0.18673402542751105,False
test_0049,14,15,mV_15,34.519,,False,-0.2663310301639701,0.40387840800263014,False
test_0049,14,16,mV_16,24.348,,False,-0.869842290597016,0.5015039028395005,False
test_0049,14,17,mV_17,,12.890829815275966,True,,,False
test_0049,14,18,mV_18,23.327,,False,0.854429656439953,0.4428066522832197,False
test_0049,14,19,mV_19,23.092,,False,0.06236729625297278,0.26441507062391206,False
test_0049,14,20,mV_20,22.509,,False,-0.07849603354974972,0.054839840838118055,False
test_0049,15,0,mV_0,40.048,,False,0.4080650922355725,0.3332682378037045,False
test_0049,15,1,mV_1,35.918,,False,0.5169427667436731,0.3624233760848399,False
test_0049,15,2,mV_2,25.909,,False,-0.007742878616440831,0.1331071309941387,False
test_0049,15,3,mV_3,,33.78055736349523,True,,,False
test_0049,15,4,mV_4,42.109,,False,-0.13635694837120704,0.1234360958442409,False
test_0049,15,5,mV_5,50.237,,False,-0.2210304866345495,0.2477964496528422,False
test_0049,15,6,mV_6,56.069,,False,-0.41276787697106276,0.27346773776304534,False
test_0049,15,7,mV_7,60.066,,False,-0.04730471047550645,0.16735619085159745,False
test_0049,15,8,mV_8,62.96,,False,0.16204746548431417,0.18385859301498386,False
test_0049,15,9,mV_9,62.834,,False,0.36403473061580066,0.2710098441972766,False
test_0049,15,10,mV_10,60.52,,False,0.1939224500731908,0.18914908733998026,False
test_0049,15,11,mV_11,57.863,,False,-0.004716718597738799,0.0585971110960695,False
test_0049,15,12,mV_12,52.997,,False,0.031032557115609583,0.02299771883507337,False
test_0049,15,13,mV_13,48.721,,False,0.0252090425113355,0.06816806230159728,False
test_0049,15,14,mV_14,41.388,,False,-0.19122160706810853,0.2063663120514744,False
test_0049,15,15,mV_15,34.213,,False,-0.41781299155834506,0.5107348851416407,False
test_0049,15,16,mV_16,24.071,,False,-1.0160919503817638,0.6550476990556507,False
test_0049,15,17,mV_17,12.233,,False,-0.17019390390072994,0.4381087412065318,False
test_0049,15,18,mV_18,22.304,,False,0.3959552066429035,0.2618926530129305,False
test_0049,15,19,mV_19,22.772,,False,-0.0854662948651851,0.3101370463718042,False
test_0049,15,20,mV_20,24.044,,False,0.6736603891139432,0.3581967682732679,False
test_0049,16,0,mV_0,35.836,,False,-1.2900550983893078,0.8694407635492271,False
test_0049,16,1,mV_1,32.102,,False,-0.8976528574182926,0.9383497934638638,False
test_0049,16,2,mV_2,24.374,,False,-0.6680383606295621,0.6370925390971428,False
test_0049,16,3,mV_3,33.75,,False,-0.3146405777111542,0.32630533257406624,False
test_0049,16,4,mV_4,42.465,,False,0.007901814244394475,0.15477441410068948,False
test_0049,16,5,mV_5,50.062,,False,-0.2886534502028147,0.38907336801050146,False
test_0049,16,6,mV_6,54.596,,False,-0.971084757391982,0.8511455417150723,False
test_0049,16,7,mV_7,56.887,,False,-1.1737592018735103,1.1839917534236175,False
test_0049,16,8,mV_8,58.306,,False,-1.417363852555467,1.3882305486612891,False
test_0049,16,9,mV_9,57.117,,False,-1.5444352876607121,1.519743154997866,False
test_0049,16,10,mV_10,55.309,,False,-1.5727381921145722,1.622182097610543,False
test_0049,16,11,mV_11,52.728,,False,-1.7988167185523158,1.7281703656142446,False
test_0049,16,12,mV_12,48.254,,False,-1.742309833237774,1.7299105478730321,False
test_0049,16,13,mV_13,44.536,,False,-1.6362058064642648,1.7502191345617601,False
test_0049,16,14,mV_14,37.516,,False,-1.9861550920807372,1.8820693949500553,False
test_0049,16,15,mV_15,31.179,,False,-1.919761589174482,2.172554521724893,True
test_0049,16,16,mV_16,20.57,,False,-2.8645398164698705,1.9170496447458218,False
test_0049,16,17,mV_17,12.533,,False,-0.01935735686906459,0.728894778047948,False
test_0049,16,18,mV_18,21.393,,False,-0.012324581983792186,0.20849806834357598,False
test_0049,16,19,mV_19,21.247,,False,-0.7899857525376549,0.6097796703373387,False
test_0049,16,20,mV_20,20.941,,False,-0.8468225942902526,0.62090773527954,False
