engine_id,cylinder,label,severity,vote_confidence,label_vote_confidence,severity_vote_confidence,uncalibrated_probability_score,n_model_votes,suspicious_frequency_range,suspicious_columns,imputed_columns,n_imputed_measurements,peak_anomaly_score,direction,template_similarity,explanation,band_scores_json,confidence_optimization_applied,label_before_optimization,severity_before_optimization,confidence_before_optimization,confidence_after_optimization,confidence_gain,optimization_adjusted_columns,optimization_candidate_evaluations,imputation_strategy
test_0000,1,ok,nie_dotyczy,1.0,1.0,1.0,0.8142359553070342,51,brak,,,0,1.5052250977385975,brak istotnego odchylenia,0.0,Werdykt OK: brak zmierzonego pasma przekraczającego próg anomalii.,"{""mV_0"": 1.1369, ""mV_1"": 1.1877, ""mV_2"": 1.1426, ""mV_3"": 1.4303, ""mV_4"": 1.5052, ""mV_5"": 1.4026, ""mV_6"": 1.3167, ""mV_7"": 1.2617, ""mV_8"": 1.2466, ""mV_9"": 1.3154, ""mV_10"": 1.4354, ""mV_11"": 1.4787, ""mV_12"": 1.3851, ""mV_13"": 1.2444, ""mV_14"": 1.2487, ""mV_15"": 1.2953, ""mV_16"": 1.1746, ""mV_17"": 0.9543, ""mV_18"": 0.7297, ""mV_19"": 0.5663, ""mV_20"": 0.3663}",False,ok,nie_dotyczy,1.0,1.0,0.0,,0,soft_vote_knn5_ridge_observed_only
test_0000,2,ok,nie_dotyczy,1.0,1.0,1.0,0.7772147801317872,51,brak,,mV_18,1,1.6498484665634958,brak istotnego odchylenia,0.0,Werdykt OK: brak zmierzonego pasma przekraczającego próg anomalii.,"{""mV_0"": 0.3945, ""mV_1"": 0.6708, ""mV_2"": 1.1444, ""mV_3"": 1.6498, ""mV_4"": 1.6151, ""mV_5"": 1.1947, ""mV_6"": 0.8569, ""mV_7"": 0.6267, ""mV_8"": 0.4638, ""mV_9"": 0.3053, ""mV_10"": 0.1647, ""mV_11"": 0.2474, ""mV_12"": 0.4401, ""mV_13"": 0.4121, ""mV_14"": 0.2639, ""mV_15"": 0.4426, ""mV_16"": 0.8558, ""mV_17"": 0.7927, ""mV_18"": null, ""mV_19"": 0.5615, ""mV_20"": 0.6312}",False,ok,nie_dotyczy,1.0,1.0,0.0,,0,soft_vote_knn5_ridge_observed_only
test_0000,3,ok,nie_dotyczy,1.0,1.0,1.0,0.856439767125623,51,brak,,,0,0.7577564003301089,brak istotnego odchylenia,0.0,Werdykt OK: brak zmierzonego pasma przekraczającego próg anomalii.,"{""mV_0"": 0.5983, ""mV_1"": 0.7451, ""mV_2"": 0.6531, ""mV_3"": 0.4425, ""mV_4"": 0.2102, ""mV_5"": 0.1409, ""mV_6"": 0.2011, ""mV_7"": 0.2917, ""mV_8"": 0.3257, ""mV_9"": 0.3015, ""mV_10"": 0.247, ""mV_11"": 0.1545, ""mV_12"": 0.0649, ""mV_13"": 0.0746, ""mV_14"": 0.2849, ""mV_15"": 0.5681, ""mV_16"": 0.7578, ""mV_17"": 0.7428, ""mV_18"": 0.4604, ""mV_19"": 0.2554, ""mV_20"": 0.2016}",False,ok,nie_dotyczy,1.0,1.0,0.0,,0,soft_vote_knn5_ridge_observed_only
test_0000,4,ok,nie_dotyczy,1.0,1.0,1.0,0.777508666938403,51,brak,,,0,1.0536670774376735,brak istotnego odchylenia,0.0,Werdykt OK: brak zmierzonego pasma przekraczającego próg anomalii.,"{""mV_0"": 0.3099, ""mV_1"": 0.8955, ""mV_2"": 1.0537, ""mV_3"": 0.7404, ""mV_4"": 0.656, ""mV_5"": 0.6449, ""mV_6"": 0.5436, ""mV_7"": 0.5863, ""mV_8"": 0.6928, ""mV_9"": 0.6323, ""mV_10"": 0.3452, ""mV_11"": 0.1144, ""mV_12"": 0.0954, ""mV_13"": 0.1834, ""mV_14"": 0.2941, ""mV_15"": 0.4316, ""mV_16"": 0.5341, ""mV_17"": 0.4173, ""mV_18"": 0.2381, ""mV_19"": 0.2121, ""mV_20"": 0.1832}",False,ok,nie_dotyczy,1.0,1.0,0.0,,0,soft_vote_knn5_ridge_observed_only
test_0000,5,ok,nie_dotyczy,1.0,1.0,1.0,0.8027594926148319,51,brak,,"mV_5,mV_14",2,1.8159561514281286,brak istotnego odchylenia,0.0,Werdykt OK: brak zmierzonego pasma przekraczającego próg anomalii.,"{""mV_0"": 0.6323, ""mV_1"": 1.2045, ""mV_2"": 1.3123, ""mV_3"": 0.9429, ""mV_4"": 0.5189, ""mV_5"": null, ""mV_6"": 0.7012, ""mV_7"": 0.9396, ""mV_8"": 0.9538, ""mV_9"": 0.9505, ""mV_10"": 0.9044, ""mV_11"": 0.8163, ""mV_12"": 0.78, ""mV_13"": 0.6184, ""mV_14"": null, ""mV_15"": 1.2297, ""mV_16"": 1.816, ""mV_17"": 1.7589, ""mV_18"": 1.4401, ""mV_19"": 1.2052, ""mV_20"": 0.8554}",False,ok,nie_dotyczy,1.0,1.0,0.0,,0,soft_vote_knn5_ridge_observed_only
test_0000,6,ok,nie_dotyczy,1.0,1.0,1.0,0.8338709914538398,51,brak,,mV_6,1,0.52396527549675,brak istotnego odchylenia,0.0,Werdykt OK: brak zmierzonego pasma przekraczającego próg anomalii.,"{""mV_0"": 0.0172, ""mV_1"": 0.0806, ""mV_2"": 0.2496, ""mV_3"": 0.4305, ""mV_4"": 0.4731, ""mV_5"": 0.3175, ""mV_6"": null, ""mV_7"": 0.0652, ""mV_8"": 0.0367, ""mV_9"": 0.0518, ""mV_10"": 0.1342, ""mV_11"": 0.1367, ""mV_12"": 0.0934, ""mV_13"": 0.084, ""mV_14"": 0.1429, ""mV_15"": 0.3042, ""mV_16"": 0.4939, ""mV_17"": 0.524, ""mV_18"": 0.3004, ""mV_19"": 0.1162, ""mV_20"": 0.0835}",False,ok,nie_dotyczy,1.0,1.0,0.0,,0,soft_vote_knn5_ridge_observed_only
test_0000,7,ok,nie_dotyczy,1.0,1.0,1.0,0.8200703086896133,51,brak,,"mV_6,mV_11",2,1.2748794332446993,brak istotnego odchylenia,0.0,Werdykt OK: brak zmierzonego pasma przekraczającego próg anomalii.,"{""mV_0"": 0.4769, ""mV_1"": 0.4745, ""mV_2"": 0.279, ""mV_3"": 0.1102, ""mV_4"": 0.0302, ""mV_5"": 0.0276, ""mV_6"": null, ""mV_7"": 0.1608, ""mV_8"": 0.2131, ""mV_9"": 0.2526, ""mV_10"": 0.2509, ""mV_11"": null, ""mV_12"": 0.1772, ""mV_13"": 0.2914, ""mV_14"": 0.3628, ""mV_15"": 0.3633, ""mV_16"": 0.3729, ""mV_17"": 0.5533, ""mV_18"": 0.9766, ""mV_19"": 1.2749, ""mV_20"": 0.9442}",False,ok,nie_dotyczy,1.0,1.0,0.0,,0,soft_vote_knn5_ridge_observed_only
test_0000,8,ok,nie_dotyczy,1.0,1.0,1.0,0.7591990589828113,51,brak,,"mV_5,mV_15",2,1.649759582131015,brak istotnego odchylenia,0.0,Werdykt OK: brak zmierzonego pasma przekraczającego próg anomalii.,"{""mV_0"": 0.6077, ""mV_1"": 0.7817, ""mV_2"": 0.5049, ""mV_3"": 0.1892, ""mV_4"": 0.0851, ""mV_5"": null, ""mV_6"": 0.4286, ""mV_7"": 0.7206, ""mV_8"": 0.8905, ""mV_9"": 0.9838, ""mV_10"": 1.0561, ""mV_11"": 1.2554, ""mV_12"": 1.5691, ""mV_13"": 1.6498, ""mV_14"": 1.1276, ""mV_15"": null, ""mV_16"": 0.2749, ""mV_17"": 0.3795, ""mV_18"": 0.4449, ""mV_19"": 0.4569, ""mV_20"": 0.2679}",False,ok,nie_dotyczy,1.0,1.0,0.0,,0,soft_vote_knn5_ridge_observed_only
test_0000,9,ok,nie_dotyczy,1.0,1.0,1.0,0.7798085983412572,51,6–9 kHz,"mV_6,mV_7,mV_8,mV_9",,0,2.1866081563232993,obniżona,0.0,"Werdykt OK, ale najsilniejsze lokalne odstępstwo występuje w paśmie 6–9 kHz; amplituda jest obniżona.","{""mV_0"": 0.9742, ""mV_1"": 0.9285, ""mV_2"": 0.7886, ""mV_3"": 1.1093, ""mV_4"": 1.4882, ""mV_5"": 1.7908, ""mV_6"": 2.0048, ""mV_7"": 2.1358, ""mV_8"": 2.1866, ""mV_9"": 2.0861, ""mV_10"": 1.8353, ""mV_11"": 1.6355, ""mV_12"": 1.6694, ""mV_13"": 1.8126, ""mV_14"": 1.9176, ""mV_15"": 1.9244, ""mV_16"": 1.8424, ""mV_17"": 1.7643, ""mV_18"": 1.7682, ""mV_19"": 1.8676, ""mV_20"": 1.45}",False,ok,nie_dotyczy,1.0,1.0,0.0,,0,soft_vote_knn5_ridge_observed_only
test_0000,10,ok,nie_dotyczy,1.0,1.0,1.0,0.7308984700737617,51,2–4 kHz,"mV_2,mV_3,mV_4","mV_5,mV_18",2,2.9810301623152986,podwyższona,0.0,"Werdykt OK, ale najsilniejsze lokalne odstępstwo występuje w paśmie 2–4 kHz; amplituda jest podwyższona.","{""mV_0"": 0.9686, ""mV_1"": 1.4043, ""mV_2"": 2.1369, ""mV_3"": 2.981, ""mV_4"": 2.4043, ""mV_5"": null, ""mV_6"": 1.8603, ""mV_7"": 2.2266, ""mV_8"": 1.8351, ""mV_9"": 1.3755, ""mV_10"": 0.8968, ""mV_11"": 0.6069, ""mV_12"": 0.5204, ""mV_13"": 0.6808, ""mV_14"": 1.2129, ""mV_15"": 1.9487, ""mV_16"": 2.4608, ""mV_17"": 1.9206, ""mV_18"": null, ""mV_19"": 1.6752, ""mV_20"": 1.7782}",False,ok,nie_dotyczy,1.0,1.0,0.0,,0,soft_vote_knn5_ridge_observed_only
test_0000,11,ok,nie_dotyczy,1.0,1.0,1.0,0.7944262699380251,51,brak,,mV_20,1,1.8167667614860123,brak istotnego odchylenia,0.0,Werdykt OK: brak zmierzonego pasma przekraczającego próg anomalii.,"{""mV_0"": 0.596, ""mV_1"": 0.377, ""mV_2"": 0.6734, ""mV_3"": 1.5817, ""mV_4"": 1.8168, ""mV_5"": 1.532, ""mV_6"": 1.3647, ""mV_7"": 1.3341, ""mV_8"": 1.3254, ""mV_9"": 1.2291, ""mV_10"": 0.9828, ""mV_11"": 0.748, ""mV_12"": 0.6831, ""mV_13"": 0.6983, ""mV_14"": 0.781, ""mV_15"": 0.9288, ""mV_16"": 0.9968, ""mV_17"": 0.8907, ""mV_18"": 0.6318, ""mV_19"": 0.3301, ""mV_20"": null}",False,ok,nie_dotyczy,1.0,1.0,0.0,,0,soft_vote_knn5_ridge_observed_only
test_0000,12,ok,nie_dotyczy,1.0,1.0,1.0,0.8348235657504623,51,brak,,mV_4,1,1.0223805107499018,brak istotnego odchylenia,0.0,Werdykt OK: brak zmierzonego pasma przekraczającego próg anomalii.,"{""mV_0"": 0.291, ""mV_1"": 0.375, ""mV_2"": 0.3877, ""mV_3"": 0.3112, ""mV_4"": null, ""mV_5"": 0.6554, ""mV_6"": 0.7589, ""mV_7"": 0.5781, ""mV_8"": 0.5063, ""mV_9"": 0.4532, ""mV_10"": 0.3023, ""mV_11"": 0.1673, ""mV_12"": 0.2072, ""mV_13"": 0.4578, ""mV_14"": 0.5727, ""mV_15"": 0.3873, ""mV_16"": 0.2739, ""mV_17"": 0.4466, ""mV_18"": 0.7703, ""mV_19"": 1.0224, ""mV_20"": 0.8532}",False,ok,nie_dotyczy,1.0,1.0,0.0,,0,soft_vote_knn5_ridge_observed_only
test_0001,1,ok,nie_dotyczy,1.0,1.0,1.0,0.7912781535736886,51,brak,,"mV_7,mV_11",2,1.1461464961085543,brak istotnego odchylenia,0.0,Werdykt OK: brak zmierzonego pasma przekraczającego próg anomalii.,"{""mV_0"": 0.4628, ""mV_1"": 0.4314, ""mV_2"": 0.68, ""mV_3"": 1.1461, ""mV_4"": 1.0957, ""mV_5"": 0.6376, ""mV_6"": 0.1926, ""mV_7"": null, ""mV_8"": 0.2417, ""mV_9"": 0.3486, ""mV_10"": 0.2579, ""mV_11"": null, ""mV_12"": 0.0484, ""mV_13"": 0.1173, ""mV_14"": 0.2047, ""mV_15"": 0.2966, ""mV_16"": 0.3718, ""mV_17"": 0.3472, ""mV_18"": 0.3504, ""mV_19"": 0.5426, ""mV_20"": 0.5119}",False,ok,nie_dotyczy,1.0,1.0,0.0,,0,soft_vote_knn5_ridge_observed_only
test_0001,2,ok,nie_dotyczy,1.0,1.0,1.0,0.7880096152692535,51,brak,,,0,1.3382114651892119,brak istotnego odchylenia,0.0,Werdykt OK: brak zmierzonego pasma przekraczającego próg anomalii.,"{""mV_0"": 0.7939, ""mV_1"": 0.9755, ""mV_2"": 0.8444, ""mV_3"": 0.6939, ""mV_4"": 0.7519, ""mV_5"": 0.9646, ""mV_6"": 1.1384, ""mV_7"": 1.1645, ""mV_8"": 1.0563, ""mV_9"": 1.0516, ""mV_10"": 1.2171, ""mV_11"": 1.3382, ""mV_12"": 1.3356, ""mV_13"": 1.2595, ""mV_14"": 1.1086, ""mV_15"": 0.8801, ""mV_16"": 0.5168, ""mV_17"": 0.5733, ""mV_18"": 0.9277, ""mV_19"": 0.7785, ""mV_20"": 0.4566}",False,ok,nie_dotyczy,1.0,1.0,0.0,,0,soft_vote_knn5_ridge_observed_only
test_0001,3,ok,nie_dotyczy,1.0,1.0,1.0,0.8266622538956637,51,brak,,,0,1.3003800071984308,brak istotnego odchylenia,0.0,Werdykt OK: brak zmierzonego pasma przekraczającego próg anomalii.,"{""mV_0"": 0.4553, ""mV_1"": 0.5643, ""mV_2"": 0.5533, ""mV_3"": 0.5134, ""mV_4"": 0.37, ""mV_5"": 0.2659, ""mV_6"": 0.2466, ""mV_7"": 0.2765, ""mV_8"": 0.2643, ""mV_9"": 0.1407, ""mV_10"": 0.0712, ""mV_11"": 0.1055, ""mV_12"": 0.1604, ""mV_13"": 0.3177, ""mV_14"": 0.5678, ""mV_15"": 0.9608, ""mV_16"": 1.3004, ""mV_17"": 1.0036, ""mV_18"": 0.4053, ""mV_19"": 0.1178, ""mV_20"": 0.0343}",False,ok,nie_dotyczy,1.0,1.0,0.0,,0,soft_vote_knn5_ridge_observed_only
test_0001,4,ok,nie_dotyczy,1.0,1.0,1.0,0.78116561025999,51,3–4 kHz,"mV_3,mV_4",mV_16,1,2.1337110478601096,podwyższona,0.0,"Werdykt OK, ale najsilniejsze lokalne odstępstwo występuje w paśmie 3–4 kHz; amplituda jest podwyższona.","{""mV_0"": 1.2189, ""mV_1"": 1.638, ""mV_2"": 1.8178, ""mV_3"": 2.1337, ""mV_4"": 2.1087, ""mV_5"": 1.8221, ""mV_6"": 1.5039, ""mV_7"": 1.2384, ""mV_8"": 1.1821, ""mV_9"": 1.3263, ""mV_10"": 1.4541, ""mV_11"": 1.2756, ""mV_12"": 0.9406, ""mV_13"": 0.7111, ""mV_14"": 0.5693, ""mV_15"": 0.3769, ""mV_16"": null, ""mV_17"": 0.9736, ""mV_18"": 1.5989, ""mV_19"": 1.6847, ""mV_20"": 1.2391}",False,ok,nie_dotyczy,1.0,1.0,0.0,,0,soft_vote_knn5_ridge_observed_only
test_0001,5,ok,nie_dotyczy,1.0,1.0,1.0,0.8158572704229784,51,brak,,,0,0.9990594923076357,brak istotnego odchylenia,0.0,Werdykt OK: brak zmierzonego pasma przekraczającego próg anomalii.,"{""mV_0"": 0.1116, ""mV_1"": 0.3039, ""mV_2"": 0.351, ""mV_3"": 0.2291, ""mV_4"": 0.2591, ""mV_5"": 0.4482, ""mV_6"": 0.6785, ""mV_7"": 0.805, ""mV_8"": 0.756, ""mV_9"": 0.6352, ""mV_10"": 0.5016, ""mV_11"": 0.3954, ""mV_12"": 0.329, ""mV_13"": 0.3197, ""mV_14"": 0.3565, ""mV_15"": 0.5632, ""mV_16"": 0.9521, ""mV_17"": 0.9991, ""mV_18"": 0.6576, ""mV_19"": 0.3836, ""mV_20"": 0.1688}",False,ok,nie_dotyczy,1.0,1.0,0.0,,0,soft_vote_knn5_ridge_observed_only
test_0001,6,ok,nie_dotyczy,1.0,1.0,1.0,0.7845979965656716,51,brak,,,0,1.6763426687753056,brak istotnego odchylenia,0.0,Werdykt OK: brak zmierzonego pasma przekraczającego próg anomalii.,"{""mV_0"": 1.0483, ""mV_1"": 1.6763, ""mV_2"": 1.2804, ""mV_3"": 0.4442, ""mV_4"": 0.2223, ""mV_5"": 0.4189, ""mV_6"": 0.543, ""mV_7"": 0.5945, ""mV_8"": 0.6987, ""mV_9"": 0.869, ""mV_10"": 1.0551, ""mV_11"": 1.3133, ""mV_12"": 1.4856, ""mV_13"": 1.4135, ""mV_14"": 1.2748, ""mV_15"": 1.1069, ""mV_16"": 0.8055, ""mV_17"": 0.795, ""mV_18"": 1.1478, ""mV_19"": 1.3443, ""mV_20"": 1.0818}",False,ok,nie_dotyczy,1.0,1.0,0.0,,0,soft_vote_knn5_ridge_observed_only
test_0001,7,ok,nie_dotyczy,1.0,1.0,1.0,0.7407606017552554,51,brak,,,0,1.5674655560782327,brak istotnego odchylenia,0.0,Werdykt OK: brak zmierzonego pasma przekraczającego próg anomalii.,"{""mV_0"": 0.1576, ""mV_1"": 0.2343, ""mV_2"": 0.3976, ""mV_3"": 0.7367, ""mV_4"": 1.1805, ""mV_5"": 1.4625, ""mV_6"": 1.5023, ""mV_7"": 1.3879, ""mV_8"": 1.233, ""mV_9"": 1.1813, ""mV_10"": 1.2513, ""mV_11"": 1.3751, ""mV_12"": 1.4582, ""mV_13"": 1.4906, ""mV_14"": 1.4117, ""mV_15"": 1.4059, ""mV_16"": 1.5675, ""mV_17"": 1.234, ""mV_18"": 0.5482, ""mV_19"": 0.3651, ""mV_20"": 0.3696}",False,ok,nie_dotyczy,1.0,1.0,0.0,,0,soft_vote_knn5_ridge_observed_only
test_0001,8,ok,nie_dotyczy,1.0,1.0,1.0,0.7809188852377882,51,brak,,mV_13,1,1.404953267738632,brak istotnego odchylenia,0.0,Werdykt OK: brak zmierzonego pasma przekraczającego próg anomalii.,"{""mV_0"": 0.2802, ""mV_1"": 0.56, ""mV_2"": 0.8946, ""mV_3"": 1.405, ""mV_4"": 1.3714, ""mV_5"": 0.8226, ""mV_6"": 0.392, ""mV_7"": 0.1727, ""mV_8"": 0.1301, ""mV_9"": 0.1685, ""mV_10"": 0.1735, ""mV_11"": 0.2477, ""mV_12"": 0.2875, ""mV_13"": null, ""mV_14"": 0.5882, ""mV_15"": 0.6774, ""mV_16"": 0.4581, ""mV_17"": 0.2695, ""mV_18"": 0.184, ""mV_19"": 0.1332, ""mV_20"": 0.1117}",False,ok,nie_dotyczy,1.0,1.0,0.0,,0,soft_vote_knn5_ridge_observed_only
test_0002,1,ok,nie_dotyczy,1.0,1.0,1.0,0.8100335346490447,51,brak,,,0,0.8915499109216458,brak istotnego odchylenia,0.0,Werdykt OK: brak zmierzonego pasma przekraczającego próg anomalii.,"{""mV_0"": 0.2919, ""mV_1"": 0.7067, ""mV_2"": 0.8423, ""mV_3"": 0.8915, ""mV_4"": 0.7376, ""mV_5"": 0.4016, ""mV_6"": 0.1917, ""mV_7"": 0.1186, ""mV_8"": 0.186, ""mV_9"": 0.3345, ""mV_10"": 0.4882, ""mV_11"": 0.5821, ""mV_12"": 0.6046, ""mV_13"": 0.5994, ""mV_14"": 0.5002, ""mV_15"": 0.3039, ""mV_16"": 0.2385, ""mV_17"": 0.2447, ""mV_18"": 0.1343, ""mV_19"": 0.0756, ""mV_20"": 0.0823}",False,ok,nie_dotyczy,1.0,1.0,0.0,,0,soft_vote_knn5_ridge_observed_only
test_0002,2,ok,nie_dotyczy,1.0,1.0,1.0,0.754591599203912,51,3 kHz,mV_3,"mV_5,mV_18",2,2.0043299737675464,obniżona,0.0,"Werdykt OK, ale najsilniejsze lokalne odstępstwo występuje w paśmie 3 kHz; amplituda jest obniżona.","{""mV_0"": 1.6086, ""mV_1"": 1.6932, ""mV_2"": 1.5827, ""mV_3"": 2.0043, ""mV_4"": 1.719, ""mV_5"": null, ""mV_6"": 1.3593, ""mV_7"": 1.7344, ""mV_8"": 1.7092, ""mV_9"": 1.6076, ""mV_10"": 1.3716, ""mV_11"": 1.2022, ""mV_12"": 1.168, ""mV_13"": 1.308, ""mV_14"": 1.4757, ""mV_15"": 1.3918, ""mV_16"": 1.0252, ""mV_17"": 0.4962, ""mV_18"": null, ""mV_19"": 0.7909, ""mV_20"": 0.951}",False,ok,nie_dotyczy,1.0,1.0,0.0,,0,soft_vote_knn5_ridge_observed_only
test_0002,3,ok,nie_dotyczy,1.0,1.0,1.0,0.7645408600866785,51,3–6 kHz,"mV_3,mV_4,mV_5,mV_6",,0,2.73781856871474,obniżona,0.0,"Werdykt OK, ale najsilniejsze lokalne odstępstwo występuje w paśmie 3–6 kHz; amplituda jest obniżona.","{""mV_0"": 0.6569, ""mV_1"": 0.3993, ""mV_2"": 0.7684, ""mV_3"": 2.0744, ""mV_4"": 2.7378, ""mV_5"": 2.5015, ""mV_6"": 2.0522, ""mV_7"": 1.638, ""mV_8"": 1.3573, ""mV_9"": 1.1278, ""mV_10"": 0.8068, ""mV_11"": 0.5144, ""mV_12"": 0.3611, ""mV_13"": 0.3149, ""mV_14"": 0.2967, ""mV_15"": 0.3687, ""mV_16"": 0.5533, ""mV_17"": 0.6666, ""mV_18"": 0.6596, ""mV_19"": 0.5719, ""mV_20"": 0.3744}",False,ok,nie_dotyczy,1.0,1.0,0.0,,0,soft_vote_knn5_ridge_observed_only
test_0002,4,ok,nie_dotyczy,1.0,1.0,1.0,0.7972030542110973,51,brak,,,0,0.8258947139909871,brak istotnego odchylenia,0.0,Werdykt OK: brak zmierzonego pasma przekraczającego próg anomalii.,"{""mV_0"": 0.1584, ""mV_1"": 0.2454, ""mV_2"": 0.2925, ""mV_3"": 0.3968, ""mV_4"": 0.4715, ""mV_5"": 0.4085, ""mV_6"": 0.3037, ""mV_7"": 0.3204, ""mV_8"": 0.3957, ""mV_9"": 0.4911, ""mV_10"": 0.6955, ""mV_11"": 0.7265, ""mV_12"": 0.463, ""mV_13"": 0.2393, ""mV_14"": 0.1597, ""mV_15"": 0.1155, ""mV_16"": 0.1881, ""mV_17"": 0.5243, ""mV_18"": 0.8259, ""mV_19"": 0.7308, ""mV_20"": 0.3908}",False,ok,nie_dotyczy,1.0,1.0,0.0,,0,soft_vote_knn5_ridge_observed_only
test_0002,5,ok,nie_dotyczy,1.0,1.0,1.0,0.8164607258739145,51,brak,,mV_13,1,1.3662769433520991,brak istotnego odchylenia,0.0,Werdykt OK: brak zmierzonego pasma przekraczającego próg anomalii.,"{""mV_0"": 0.0523, ""mV_1"": 0.1177, ""mV_2"": 0.4869, ""mV_3"": 1.1161, ""mV_4"": 1.3663, ""mV_5"": 1.03, ""mV_6"": 0.5436, ""mV_7"": 0.2411, ""mV_8"": 0.1159, ""mV_9"": 0.2405, ""mV_10"": 0.6332, ""mV_11"": 0.843, ""mV_12"": 0.5882, ""mV_13"": null, ""mV_14"": 0.1647, ""mV_15"": 0.658, ""mV_16"": 1.1224, ""mV_17"": 0.9303, ""mV_18"": 0.3446, ""mV_19"": 0.0641, ""mV_20"": 0.0334}",False,ok,nie_dotyczy,1.0,1.0,0.0,,0,soft_vote_knn5_ridge_observed_only
test_0002,6,ok,nie_dotyczy,1.0,1.0,1.0,0.7818217341030296,51,18–19 kHz,"mV_18,mV_19","mV_6,mV_15",2,2.2461303985643832,podwyższona,0.0,"Werdykt OK, ale najsilniejsze lokalne odstępstwo występuje w paśmie 18–19 kHz; amplituda jest podwyższona.","{""mV_0"": 0.6849, ""mV_1"": 1.1684, ""mV_2"": 1.1003, ""mV_3"": 0.6429, ""mV_4"": 0.5763, ""mV_5"": 0.6362, ""mV_6"": null, ""mV_7"": 1.1559, ""mV_8"": 1.6214, ""mV_9"": 1.8938, ""mV_10"": 2.2266, ""mV_11"": 2.2264, ""mV_12"": 1.8499, ""mV_13"": 1.3922, ""mV_14"": 0.8481, ""mV_15"": null, ""mV_16"": 1.1589, ""mV_17"": 1.9518, ""mV_18"": 2.2461, ""mV_19"": 2.134, ""mV_20"": 1.456}",False,ok,nie_dotyczy,1.0,1.0,0.0,,0,soft_vote_knn5_ridge_observed_only
test_0002,7,ok,nie_dotyczy,1.0,1.0,1.0,0.8075912516098076,51,brak,,mV_1,1,1.3345312718965532,brak istotnego odchylenia,0.0,Werdykt OK: brak zmierzonego pasma przekraczającego próg anomalii.,"{""mV_0"": 0.2616, ""mV_1"": null, ""mV_2"": 0.3941, ""mV_3"": 0.7443, ""mV_4"": 0.6227, ""mV_5"": 0.348, ""mV_6"": 0.1943, ""mV_7"": 0.083, ""mV_8"": 0.0396, ""mV_9"": 0.077, ""mV_10"": 0.2089, ""mV_11"": 0.2976, ""mV_12"": 0.2231, ""mV_13"": 0.1251, ""mV_14"": 0.1759, ""mV_15"": 0.3016, ""mV_16"": 0.5015, ""mV_17"": 0.8819, ""mV_18"": 1.224, ""mV_19"": 1.3345, ""mV_20"": 0.9882}",False,ok,nie_dotyczy,1.0,1.0,0.0,,0,soft_vote_knn5_ridge_observed_only
test_0002,8,unknown,nie_dotyczy,0.9411764705882353,0.9411764705882353,0.9411764705882353,0.6856112622404217,51,1–4 kHz,"mV_1,mV_2,mV_3,mV_4",mV_8,1,8.996269242833977,podwyższona,0.38252377962841605,Podejrzenie unknown: najbardziej nietypowe jest pasmo 1–4 kHz; amplituda jest podwyższona względem zdrowej referencji.,"{""mV_0"": 2.5168, ""mV_1"": 5.696, ""mV_2"": 8.8035, ""mV_3"": 8.9963, ""mV_4"": 5.967, ""mV_5"": 2.5668, ""mV_6"": 0.9424, ""mV_7"": 0.7366, ""mV_8"": null, ""mV_9"": 2.7063, ""mV_10"": 6.0322, ""mV_11"": 8.4198, ""mV_12"": 7.5882, ""mV_13"": 5.5824, ""mV_14"": 5.0708, ""mV_15"": 4.1524, ""mV_16"": 2.1659, ""mV_17"": 1.3145, ""mV_18"": 1.646, ""mV_19"": 1.7176, ""mV_20"": 1.124}",False,unknown,nie_dotyczy,0.9411764705882353,0.9411764705882353,0.0,,0,soft_vote_knn5_ridge_observed_only
test_0003,1,ok,nie_dotyczy,1.0,1.0,1.0,0.8349118866863517,51,brak,,mV_4,1,0.6857070613183864,brak istotnego odchylenia,0.0,Werdykt OK: brak zmierzonego pasma przekraczającego próg anomalii.,"{""mV_0"": 0.3384, ""mV_1"": 0.5002, ""mV_2"": 0.6857, ""mV_3"": 0.5869, ""mV_4"": null, ""mV_5"": 0.2572, ""mV_6"": 0.208, ""mV_7"": 0.1092, ""mV_8"": 0.142, ""mV_9"": 0.1572, ""mV_10"": 0.1282, ""mV_11"": 0.1904, ""mV_12"": 0.3661, ""mV_13"": 0.4966, ""mV_14"": 0.4443, ""mV_15"": 0.2847, ""mV_16"": 0.1897, ""mV_17"": 0.1967, ""mV_18"": 0.2951, ""mV_19"": 0.5255, ""mV_20"": 0.5528}",False,ok,nie_dotyczy,1.0,1.0,0.0,,0,soft_vote_knn5_ridge_observed_only
test_0003,2,ok,nie_dotyczy,1.0,1.0,1.0,0.8165833565577075,51,brak,,,0,1.4018487622031868,brak istotnego odchylenia,0.0,Werdykt OK: brak zmierzonego pasma przekraczającego próg anomalii.,"{""mV_0"": 0.6393, ""mV_1"": 0.789, ""mV_2"": 0.7862, ""mV_3"": 1.0303, ""mV_4"": 1.2515, ""mV_5"": 1.3508, ""mV_6"": 1.4018, ""mV_7"": 1.3373, ""mV_8"": 1.1913, ""mV_9"": 0.9613, ""mV_10"": 0.5845, ""mV_11"": 0.2277, ""mV_12"": 0.0817, ""mV_13"": 0.1118, ""mV_14"": 0.2006, ""mV_15"": 0.4201, ""mV_16"": 0.8637, ""mV_17"": 1.3013, ""mV_18"": 1.365, ""mV_19"": 1.2072, ""mV_20"": 0.9298}",False,ok,nie_dotyczy,1.0,1.0,0.0,,0,soft_vote_knn5_ridge_observed_only
test_0003,3,ok,nie_dotyczy,1.0,1.0,1.0,0.8467853400367189,51,brak,,"mV_10,mV_15",2,1.3061037469724341,brak istotnego odchylenia,0.0,Werdykt OK: brak zmierzonego pasma przekraczającego próg anomalii.,"{""mV_0"": 0.5648, ""mV_1"": 0.6277, ""mV_2"": 0.6336, ""mV_3"": 1.0817, ""mV_4"": 1.3061, ""mV_5"": 1.1833, ""mV_6"": 1.099, ""mV_7"": 0.9935, ""mV_8"": 0.8566, ""mV_9"": 0.5924, ""mV_10"": null, ""mV_11"": 0.0953, ""mV_12"": 0.0901, ""mV_13"": 0.1135, ""mV_14"": 0.1268, ""mV_15"": null, ""mV_16"": 0.2259, ""mV_17"": 0.5055, ""mV_18"": 0.7638, ""mV_19"": 0.9028, ""mV_20"": 0.703}",False,ok,nie_dotyczy,1.0,1.0,0.0,,0,soft_vote_knn5_ridge_observed_only
test_0003,4,ok,nie_dotyczy,1.0,1.0,1.0,0.8107765492733183,51,3 kHz,mV_3,"mV_5,mV_19",2,2.042851667068874,obniżona,0.0,"Werdykt OK, ale najsilniejsze lokalne odstępstwo występuje w paśmie 3 kHz; amplituda jest obniżona.","{""mV_0"": 0.5704, ""mV_1"": 0.7534, ""mV_2"": 1.3319, ""mV_3"": 2.0429, ""mV_4"": 1.6866, ""mV_5"": null, ""mV_6"": 1.2368, ""mV_7"": 1.4712, ""mV_8"": 1.2549, ""mV_9"": 1.1132, ""mV_10"": 1.0426, ""mV_11"": 1.0989, ""mV_12"": 1.2361, ""mV_13"": 1.3251, ""mV_14"": 1.4022, ""mV_15"": 1.5525, ""mV_16"": 1.6188, ""mV_17"": 1.4487, ""mV_18"": 0.95, ""mV_19"": null, ""mV_20"": 1.009}",False,ok,nie_dotyczy,1.0,1.0,0.0,,0,soft_vote_knn5_ridge_observed_only
test_0003,5,ok,nie_dotyczy,1.0,1.0,1.0,0.8081259599213266,51,brak,,mV_2,1,1.8372216730724666,brak istotnego odchylenia,0.0,Werdykt OK: brak zmierzonego pasma przekraczającego próg anomalii.,"{""mV_0"": 0.5592, ""mV_1"": 0.4237, ""mV_2"": null, ""mV_3"": 0.8009, ""mV_4"": 1.027, ""mV_5"": 0.9871, ""mV_6"": 1.0718, ""mV_7"": 1.2191, ""mV_8"": 1.315, ""mV_9"": 1.3219, ""mV_10"": 1.2872, ""mV_11"": 1.3149, ""mV_12"": 1.4134, ""mV_13"": 1.5649, ""mV_14"": 1.7457, ""mV_15"": 1.8372, ""mV_16"": 1.6939, ""mV_17"": 1.2939, ""mV_18"": 0.9204, ""mV_19"": 0.7922, ""mV_20"": 0.5781}",False,ok,nie_dotyczy,1.0,1.0,0.0,,0,soft_vote_knn5_ridge_observed_only
test_0003,6,ok,nie_dotyczy,1.0,1.0,1.0,0.7433117320339528,51,4 kHz,mV_4,,0,2.151422699964888,obniżona,0.0,"Werdykt OK, ale najsilniejsze lokalne odstępstwo występuje w paśmie 4 kHz; amplituda jest obniżona.","{""mV_0"": 0.3353, ""mV_1"": 0.4422, ""mV_2"": 0.8767, ""mV_3"": 1.7827, ""mV_4"": 2.1514, ""mV_5"": 1.8243, ""mV_6"": 1.474, ""mV_7"": 1.3448, ""mV_8"": 1.4456, ""mV_9"": 1.5519, ""mV_10"": 1.4452, ""mV_11"": 1.299, ""mV_12"": 1.2893, ""mV_13"": 1.3324, ""mV_14"": 1.3841, ""mV_15"": 1.5354, ""mV_16"": 1.6939, ""mV_17"": 1.5678, ""mV_18"": 1.3402, ""mV_19"": 1.4488, ""mV_20"": 1.259}",False,ok,nie_dotyczy,1.0,1.0,0.0,,0,soft_vote_knn5_ridge_observed_only
test_0003,7,ok,nie_dotyczy,1.0,1.0,1.0,0.7962062183841336,51,19 kHz,mV_19,mV_11,1,2.3099980939810196,podwyższona,0.0,"Werdykt OK, ale najsilniejsze lokalne odstępstwo występuje w paśmie 19 kHz; amplituda jest podwyższona.","{""mV_0"": 1.3684, ""mV_1"": 1.6365, ""mV_2"": 0.9833, ""mV_3"": 0.3249, ""mV_4"": 0.3974, ""mV_5"": 0.9801, ""mV_6"": 1.3439, ""mV_7"": 1.3909, ""mV_8"": 1.4068, ""mV_9"": 1.5919, ""mV_10"": 1.3828, ""mV_11"": null, ""mV_12"": 1.6926, ""mV_13"": 2.1328, ""mV_14"": 1.8264, ""mV_15"": 1.3635, ""mV_16"": 1.1227, ""mV_17"": 1.343, ""mV_18"": 1.8331, ""mV_19"": 2.31, ""mV_20"": 1.8884}",False,ok,nie_dotyczy,1.0,1.0,0.0,,0,soft_vote_knn5_ridge_observed_only
test_0003,8,ok,nie_dotyczy,1.0,1.0,1.0,0.8409244400198199,51,brak,,,0,1.0017603223474278,brak istotnego odchylenia,0.0,Werdykt OK: brak zmierzonego pasma przekraczającego próg anomalii.,"{""mV_0"": 0.3467, ""mV_1"": 0.3331, ""mV_2"": 0.1718, ""mV_3"": 0.1422, ""mV_4"": 0.1558, ""mV_5"": 0.1284, ""mV_6"": 0.1382, ""mV_7"": 0.1944, ""mV_8"": 0.271, ""mV_9"": 0.2663, ""mV_10"": 0.1796, ""mV_11"": 0.2235, ""mV_12"": 0.3435, ""mV_13"": 0.3701, ""mV_14"": 0.3103, ""mV_15"": 0.3135, ""mV_16"": 0.5761, ""mV_17"": 0.9537, ""mV_18"": 1.0018, ""mV_19"": 0.6071, ""mV_20"": 0.1898}",False,ok,nie_dotyczy,1.0,1.0,0.0,,0,soft_vote_knn5_ridge_observed_only
test_0003,9,ok,nie_dotyczy,1.0,1.0,1.0,0.8208578483344086,51,brak,,mV_3,1,1.100172446953044,brak istotnego odchylenia,0.0,Werdykt OK: brak zmierzonego pasma przekraczającego próg anomalii.,"{""mV_0"": 0.0117, ""mV_1"": 0.044, ""mV_2"": 0.0563, ""mV_3"": null, ""mV_4"": 0.1145, ""mV_5"": 0.388, ""mV_6"": 0.7219, ""mV_7"": 0.9597, ""mV_8"": 1.1002, ""mV_9"": 1.0415, ""mV_10"": 0.7018, ""mV_11"": 0.3064, ""mV_12"": 0.0936, ""mV_13"": 0.047, ""mV_14"": 0.0606, ""mV_15"": 0.0647, ""mV_16"": 0.0443, ""mV_17"": 0.0666, ""mV_18"": 0.1341, ""mV_19"": 0.2269, ""mV_20"": 0.2431}",False,ok,nie_dotyczy,1.0,1.0,0.0,,0,soft_vote_knn5_ridge_observed_only
test_0003,10,ok,nie_dotyczy,1.0,1.0,1.0,0.8160744051434417,51,brak,,,0,0.5891269954619373,brak istotnego odchylenia,0.0,Werdykt OK: brak zmierzonego pasma przekraczającego próg anomalii.,"{""mV_0"": 0.4123, ""mV_1"": 0.551, ""mV_2"": 0.3587, ""mV_3"": 0.2549, ""mV_4"": 0.2558, ""mV_5"": 0.1636, ""mV_6"": 0.1454, ""mV_7"": 0.2976, ""mV_8"": 0.5022, ""mV_9"": 0.5683, ""mV_10"": 0.3987, ""mV_11"": 0.2018, ""mV_12"": 0.2115, ""mV_13"": 0.277, ""mV_14"": 0.2107, ""mV_15"": 0.0849, ""mV_16"": 0.1077, ""mV_17"": 0.3987, ""mV_18"": 0.5891, ""mV_19"": 0.3603, ""mV_20"": 0.0761}",False,ok,nie_dotyczy,1.0,1.0,0.0,,0,soft_vote_knn5_ridge_observed_only
test_0003,11,ok,nie_dotyczy,1.0,1.0,1.0,0.8656647714016215,51,brak,,mV_19,1,0.994527675757757,brak istotnego odchylenia,0.0,Werdykt OK: brak zmierzonego pasma przekraczającego próg anomalii.,"{""mV_0"": 0.4857, ""mV_1"": 0.8935, ""mV_2"": 0.9945, ""mV_3"": 0.7266, ""mV_4"": 0.5232, ""mV_5"": 0.5007, ""mV_6"": 0.4343, ""mV_7"": 0.2841, ""mV_8"": 0.1676, ""mV_9"": 0.1421, ""mV_10"": 0.1754, ""mV_11"": 0.2123, ""mV_12"": 0.1755, ""mV_13"": 0.1, ""mV_14"": 0.067, ""mV_15"": 0.2169, ""mV_16"": 0.5777, ""mV_17"": 0.9075, ""mV_18"": 0.7984, ""mV_19"": null, ""mV_20"": 0.3752}",False,ok,nie_dotyczy,1.0,1.0,0.0,,0,soft_vote_knn5_ridge_observed_only
test_0003,12,ok,nie_dotyczy,1.0,1.0,1.0,0.8309065391271713,51,brak,,mV_7,1,1.3665035292725611,brak istotnego odchylenia,0.0,Werdykt OK: brak zmierzonego pasma przekraczającego próg anomalii.,"{""mV_0"": 0.1392, ""mV_1"": 0.3271, ""mV_2"": 0.7567, ""mV_3"": 1.3514, ""mV_4"": 1.3665, ""mV_5"": 0.9156, ""mV_6"": 0.4679, ""mV_7"": null, ""mV_8"": 0.0734, ""mV_9"": 0.0844, ""mV_10"": 0.1107, ""mV_11"": 0.1083, ""mV_12"": 0.1373, ""mV_13"": 0.2127, ""mV_14"": 0.1929, ""mV_15"": 0.1322, ""mV_16"": 0.1587, ""mV_17"": 0.1696, ""mV_18"": 0.0892, ""mV_19"": 0.0579, ""mV_20"": 0.0764}",False,ok,nie_dotyczy,1.0,1.0,0.0,,0,soft_vote_knn5_ridge_observed_only
test_0003,13,ok,nie_dotyczy,1.0,1.0,1.0,0.8178465512313997,51,brak,,mV_6,1,1.2576747379731221,brak istotnego odchylenia,0.0,Werdykt OK: brak zmierzonego pasma przekraczającego próg anomalii.,"{""mV_0"": 0.6652, ""mV_1"": 0.8075, ""mV_2"": 0.5913, ""mV_3"": 0.3211, ""mV_4"": 0.1413, ""mV_5"": 0.0455, ""mV_6"": null, ""mV_7"": 0.6335, ""mV_8"": 0.9927, ""mV_9"": 1.1778, ""mV_10"": 1.2577, ""mV_11"": 1.0943, ""mV_12"": 0.7631, ""mV_13"": 0.559, ""mV_14"": 0.6261, ""mV_15"": 0.8075, ""mV_16"": 0.8028, ""mV_17"": 0.5109, ""mV_18"": 0.2069, ""mV_19"": 0.1778, ""mV_20"": 0.2188}",False,ok,nie_dotyczy,1.0,1.0,0.0,,0,soft_vote_knn5_ridge_observed_only
test_0003,14,ok,nie_dotyczy,1.0,1.0,1.0,0.8341781118349954,51,brak,,mV_17,1,1.6391428587018217,brak istotnego odchylenia,0.0,Werdykt OK: brak zmierzonego pasma przekraczającego próg anomalii.,"{""mV_0"": 0.0873, ""mV_1"": 0.1611, ""mV_2"": 0.6561, ""mV_3"": 1.3998, ""mV_4"": 1.6391, ""mV_5"": 1.4799, ""mV_6"": 1.3037, ""mV_7"": 1.0919, ""mV_8"": 0.8808, ""mV_9"": 0.8151, ""mV_10"": 0.8494, ""mV_11"": 0.798, ""mV_12"": 0.6402, ""mV_13"": 0.5139, ""mV_14"": 0.5436, ""mV_15"": 0.5943, ""mV_16"": 0.4116, ""mV_17"": null, ""mV_18"": 0.5321, ""mV_19"": 1.1282, ""mV_20"": 1.1116}",False,ok,nie_dotyczy,1.0,1.0,0.0,,0,soft_vote_knn5_ridge_observed_only
test_0003,15,ok,nie_dotyczy,1.0,1.0,1.0,0.8254325838803235,51,brak,,,0,1.677003446260972,brak istotnego odchylenia,0.0,Werdykt OK: brak zmierzonego pasma przekraczającego próg anomalii.,"{""mV_0"": 0.8865, ""mV_1"": 1.1652, ""mV_2"": 0.7414, ""mV_3"": 0.2494, ""mV_4"": 0.1603, ""mV_5"": 0.3003, ""mV_6"": 0.4489, ""mV_7"": 0.5049, ""mV_8"": 0.4602, ""mV_9"": 0.5556, ""mV_10"": 0.8975, ""mV_11"": 1.2459, ""mV_12"": 1.4638, ""mV_13"": 1.613, ""mV_14"": 1.677, ""mV_15"": 1.4988, ""mV_16"": 1.1386, ""mV_17"": 0.9127, ""mV_18"": 1.0849, ""mV_19"": 1.5282, ""mV_20"": 1.335}",False,ok,nie_dotyczy,1.0,1.0,0.0,,0,soft_vote_knn5_ridge_observed_only
test_0003,16,ok,nie_dotyczy,1.0,1.0,1.0,0.8081375676860998,51,brak,,mV_6,1,0.7432551178834592,brak istotnego odchylenia,0.0,Werdykt OK: brak zmierzonego pasma przekraczającego próg anomalii.,"{""mV_0"": 0.0826, ""mV_1"": 0.2105, ""mV_2"": 0.3616, ""mV_3"": 0.3755, ""mV_4"": 0.4276, ""mV_5"": 0.4126, ""mV_6"": null, ""mV_7"": 0.4374, ""mV_8"": 0.4105, ""mV_9"": 0.2837, ""mV_10"": 0.3806, ""mV_11"": 0.6072, ""mV_12"": 0.7433, ""mV_13"": 0.6699, ""mV_14"": 0.5077, ""mV_15"": 0.3343, ""mV_16"": 0.1392, ""mV_17"": 0.0482, ""mV_18"": 0.1859, ""mV_19"": 0.3709, ""mV_20"": 0.2892}",False,ok,nie_dotyczy,1.0,1.0,0.0,,0,soft_vote_knn5_ridge_observed_only
test_0004,1,ok,nie_dotyczy,1.0,1.0,1.0,0.8076322010461932,51,brak,,"mV_5,mV_9",2,1.3252404799029085,brak istotnego odchylenia,0.0,Werdykt OK: brak zmierzonego pasma przekraczającego próg anomalii.,"{""mV_0"": 1.2693, ""mV_1"": 1.3069, ""mV_2"": 1.2094, ""mV_3"": 1.3252, ""mV_4"": 0.9128, ""mV_5"": null, ""mV_6"": 0.0621, ""mV_7"": 0.0742, ""mV_8"": 0.0587, ""mV_9"": null, ""mV_10"": 0.3438, ""mV_11"": 0.5982, ""mV_12"": 0.5653, ""mV_13"": 0.3749, ""mV_14"": 0.2604, ""mV_15"": 0.2497, ""mV_16"": 0.2444, ""mV_17"": 0.1588, ""mV_18"": 0.1087, ""mV_19"": 0.213, ""mV_20"": 0.2402}",False,ok,nie_dotyczy,1.0,1.0,0.0,,0,soft_vote_knn5_ridge_observed_only
test_0004,2,ok,nie_dotyczy,1.0,1.0,1.0,0.836468115927651,51,brak,,mV_16,1,1.0003504862258252,brak istotnego odchylenia,0.0,Werdykt OK: brak zmierzonego pasma przekraczającego próg anomalii.,"{""mV_0"": 0.0874, ""mV_1"": 0.1289, ""mV_2"": 0.3086, ""mV_3"": 0.6695, ""mV_4"": 0.9295, ""mV_5"": 1.0004, ""mV_6"": 0.8996, ""mV_7"": 0.6006, ""mV_8"": 0.2701, ""mV_9"": 0.0897, ""mV_10"": 0.1397, ""mV_11"": 0.255, ""mV_12"": 0.2124, ""mV_13"": 0.1943, ""mV_14"": 0.3695, ""mV_15"": 0.4037, ""mV_16"": null, ""mV_17"": 0.0527, ""mV_18"": 0.1146, ""mV_19"": 0.2033, ""mV_20"": 0.1603}",False,ok,nie_dotyczy,1.0,1.0,0.0,,0,soft_vote_knn5_ridge_observed_only
test_0004,3,ok,nie_dotyczy,1.0,1.0,1.0,0.8104173041039,51,brak,,"mV_14,mV_18",2,1.338353756692903,brak istotnego odchylenia,0.0,Werdykt OK: brak zmierzonego pasma przekraczającego próg anomalii.,"{""mV_0"": 0.2206, ""mV_1"": 0.2669, ""mV_2"": 0.6279, ""mV_3"": 1.1583, ""mV_4"": 1.3384, ""mV_5"": 1.2523, ""mV_6"": 1.0011, ""mV_7"": 0.5947, ""mV_8"": 0.3192, ""mV_9"": 0.2544, ""mV_10"": 0.3306, ""mV_11"": 0.4852, ""mV_12"": 0.4432, ""mV_13"": 0.2063, ""mV_14"": null, ""mV_15"": 0.2102, ""mV_16"": 0.3831, ""mV_17"": 0.3024, ""mV_18"": null, ""mV_19"": 0.1349, ""mV_20"": 0.0923}",False,ok,nie_dotyczy,1.0,1.0,0.0,,0,soft_vote_knn5_ridge_observed_only
test_0004,4,ok,nie_dotyczy,1.0,1.0,1.0,0.8395276384202182,51,brak,,"mV_7,mV_17",2,1.7689280505002287,brak istotnego odchylenia,0.0,Werdykt OK: brak zmierzonego pasma przekraczającego próg anomalii.,"{""mV_0"": 0.2348, ""mV_1"": 0.3843, ""mV_2"": 0.6065, ""mV_3"": 0.8575, ""mV_4"": 1.0388, ""mV_5"": 1.1964, ""mV_6"": 0.98, ""mV_7"": null, ""mV_8"": 1.1591, ""mV_9"": 1.5448, ""mV_10"": 1.5446, ""mV_11"": 1.5011, ""mV_12"": 1.5232, ""mV_13"": 1.5505, ""mV_14"": 1.4422, ""mV_15"": 1.211, ""mV_16"": 0.7655, ""mV_17"": null, ""mV_18"": 1.1064, ""mV_19"": 1.7689, ""mV_20"": 1.5065}",False,ok,nie_dotyczy,1.0,1.0,0.0,,0,soft_vote_knn5_ridge_observed_only
test_0004,5,zakoksowany,male,1.0,1.0,1.0,0.7104548666514475,51,12–18 kHz,"mV_12,mV_13,mV_14,mV_15,mV_16,mV_17,mV_18",,0,5.652433990355911,podwyższona,0.9872631607533771,Podejrzenie zakoksowany: najbardziej nietypowe jest pasmo 12–18 kHz; amplituda jest podwyższona względem zdrowej referencji.,"{""mV_0"": 1.2276, ""mV_1"": 1.5562, ""mV_2"": 0.822, ""mV_3"": 0.3208, ""mV_4"": 0.376, ""mV_5"": 0.3335, ""mV_6"": 0.1979, ""mV_7"": 0.5612, ""mV_8"": 2.0617, ""mV_9"": 2.9071, ""mV_10"": 1.9604, ""mV_11"": 1.9129, ""mV_12"": 3.1293, ""mV_13"": 4.0305, ""mV_14"": 4.7734, ""mV_15"": 5.4577, ""mV_16"": 5.6524, ""mV_17"": 5.1253, ""mV_18"": 4.041, ""mV_19"": 2.9012, ""mV_20"": 1.7385}",False,zakoksowany,male,1.0,1.0,0.0,,0,soft_vote_knn5_ridge_observed_only
test_0004,6,ok,nie_dotyczy,1.0,1.0,1.0,0.8378358981832982,51,brak,,"mV_8,mV_9,mV_16",3,1.3971089856445031,brak istotnego odchylenia,0.0,Werdykt OK: brak zmierzonego pasma przekraczającego próg anomalii.,"{""mV_0"": 0.441, ""mV_1"": 0.5811, ""mV_2"": 0.3989, ""mV_3"": 0.1519, ""mV_4"": 0.0578, ""mV_5"": 0.0396, ""mV_6"": 0.0961, ""mV_7"": 0.1552, ""mV_8"": null, ""mV_9"": null, ""mV_10"": 1.0811, ""mV_11"": 1.3971, ""mV_12"": 1.3644, ""mV_13"": 1.1899, ""mV_14"": 0.795, ""mV_15"": 0.3531, ""mV_16"": null, ""mV_17"": 0.0342, ""mV_18"": 0.063, ""mV_19"": 0.0775, ""mV_20"": 0.0465}",False,ok,nie_dotyczy,1.0,1.0,0.0,,0,soft_vote_knn5_ridge_observed_only
test_0004,7,lejacy,srednie,1.0,1.0,1.0,0.7298310865045833,51,12–20 kHz,"mV_12,mV_13,mV_14,mV_15,mV_16,mV_17,mV_18,mV_19,mV_20",mV_11,1,11.023920907245824,obniżona,0.9891405706006351,Podejrzenie lejacy: najbardziej nietypowe jest pasmo 12–20 kHz; amplituda jest obniżona względem zdrowej referencji.,"{""mV_0"": 0.2401, ""mV_1"": 0.1931, ""mV_2"": 0.4763, ""mV_3"": 2.4063, ""mV_4"": 5.6254, ""mV_5"": 7.8133, ""mV_6"": 8.2077, ""mV_7"": 8.0858, ""mV_8"": 8.4355, ""mV_9"": 8.9449, ""mV_10"": 6.834, ""mV_11"": null, ""mV_12"": 7.9771, ""mV_13"": 10.7885, ""mV_14"": 11.0239, ""mV_15"": 10.9334, ""mV_16"": 10.4611, ""mV_17"": 9.5536, ""mV_18"": 8.9087, ""mV_19"": 9.5371, ""mV_20"": 7.841}",False,lejacy,srednie,1.0,1.0,0.0,,0,soft_vote_knn5_ridge_observed_only
test_0004,8,ok,nie_dotyczy,1.0,1.0,1.0,0.834254283368033,51,brak,,"mV_0,mV_20",2,1.0245749613957018,brak istotnego odchylenia,0.0,Werdykt OK: brak zmierzonego pasma przekraczającego próg anomalii.,"{""mV_0"": null, ""mV_1"": 0.1151, ""mV_2"": 0.0643, ""mV_3"": 0.0079, ""mV_4"": 0.0262, ""mV_5"": 0.1006, ""mV_6"": 0.155, ""mV_7"": 0.1988, ""mV_8"": 0.3675, ""mV_9"": 0.5744, ""mV_10"": 0.5697, ""mV_11"": 0.3283, ""mV_12"": 0.1128, ""mV_13"": 0.0374, ""mV_14"": 0.0299, ""mV_15"": 0.0772, ""mV_16"": 0.2942, ""mV_17"": 0.7246, ""mV_18"": 1.0246, ""mV_19"": 0.775, ""mV_20"": null}",False,ok,nie_dotyczy,1.0,1.0,0.0,,0,soft_vote_knn5_ridge_observed_only
test_0005,1,lejacy,male,1.0,1.0,1.0,0.7220178450598207,51,5–17 kHz,"mV_5,mV_6,mV_7,mV_8,mV_9,mV_10,mV_11,mV_12,mV_13,mV_14,mV_15,mV_16,mV_17",mV_19,1,7.502678901795353,obniżona,0.9922367457671133,Podejrzenie lejacy: najbardziej nietypowe jest pasmo 5–17 kHz; amplituda jest obniżona względem zdrowej referencji.,"{""mV_0"": 0.0363, ""mV_1"": 0.0626, ""mV_2"": 0.3596, ""mV_3"": 1.6789, ""mV_4"": 3.898, ""mV_5"": 5.2278, ""mV_6"": 5.1367, ""mV_7"": 4.9856, ""mV_8"": 5.3848, ""mV_9"": 5.8026, ""mV_10"": 6.0798, ""mV_11"": 6.5244, ""mV_12"": 6.9593, ""mV_13"": 7.2898, ""mV_14"": 7.5027, ""mV_15"": 7.341, ""mV_16"": 6.9065, ""mV_17"": 5.9649, ""mV_18"": 3.6713, ""mV_19"": null, ""mV_20"": 3.8862}",False,lejacy,male,1.0,1.0,0.0,,0,soft_vote_knn5_ridge_observed_only
test_0005,2,ok,nie_dotyczy,1.0,1.0,1.0,0.8054323820979247,51,10–18 kHz,"mV_10,mV_11,mV_12,mV_13,mV_14,mV_15,mV_16,mV_17,mV_18",mV_2,1,2.6412780493289456,podwyższona,0.0,"Werdykt OK, ale najsilniejsze lokalne odstępstwo występuje w paśmie 10–18 kHz; amplituda jest podwyższona.","{""mV_0"": 0.3886, ""mV_1"": 0.5075, ""mV_2"": null, ""mV_3"": 1.7833, ""mV_4"": 1.9302, ""mV_5"": 1.5099, ""mV_6"": 1.4632, ""mV_7"": 1.517, ""mV_8"": 1.6002, ""mV_9"": 1.8079, ""mV_10"": 2.066, ""mV_11"": 2.231, ""mV_12"": 2.2674, ""mV_13"": 2.3673, ""mV_14"": 2.5583, ""mV_15"": 2.6413, ""mV_16"": 2.4758, ""mV_17"": 2.2811, ""mV_18"": 2.0052, ""mV_19"": 1.5573, ""mV_20"": 1.103}",False,ok,nie_dotyczy,1.0,1.0,0.0,,0,soft_vote_knn5_ridge_observed_only
test_0005,3,pompa,srednie,1.0,1.0,1.0,0.8075614183309103,51,2–6 kHz,"mV_2,mV_3,mV_4,mV_5,mV_6",mV_8,1,5.690077172911595,obniżona,0.97291587049319,Podejrzenie pompa: najbardziej nietypowe jest pasmo 2–6 kHz; amplituda jest obniżona względem zdrowej referencji.,"{""mV_0"": 1.204, ""mV_1"": 2.1112, ""mV_2"": 3.9548, ""mV_3"": 5.6901, ""mV_4"": 5.231, ""mV_5"": 4.0304, ""mV_6"": 3.6573, ""mV_7"": 2.809, ""mV_8"": null, ""mV_9"": 3.8723, ""mV_10"": 5.1218, ""mV_11"": 5.2053, ""mV_12"": 5.47, ""mV_13"": 5.3831, ""mV_14"": 4.3292, ""mV_15"": 2.7637, ""mV_16"": 1.4965, ""mV_17"": 0.6476, ""mV_18"": 0.7041, ""mV_19"": 2.2239, ""mV_20"": 2.8367}",False,pompa,srednie,1.0,1.0,0.0,,0,soft_vote_knn5_ridge_observed_only
test_0005,4,ok,nie_dotyczy,1.0,1.0,1.0,0.7965760300782326,51,14 kHz,mV_14,mV_16,1,2.1482704226458904,podwyższona,0.0,"Werdykt OK, ale najsilniejsze lokalne odstępstwo występuje w paśmie 14 kHz; amplituda jest podwyższona.","{""mV_0"": 0.2775, ""mV_1"": 0.9619, ""mV_2"": 1.3379, ""mV_3"": 0.7067, ""mV_4"": 0.2734, ""mV_5"": 0.3765, ""mV_6"": 0.6026, ""mV_7"": 0.8994, ""mV_8"": 1.1933, ""mV_9"": 1.4776, ""mV_10"": 1.6597, ""mV_11"": 1.741, ""mV_12"": 1.7473, ""mV_13"": 1.8314, ""mV_14"": 2.1483, ""mV_15"": 1.8269, ""mV_16"": null, ""mV_17"": 1.0593, ""mV_18"": 1.0364, ""mV_19"": 1.0019, ""mV_20"": 0.6896}",False,ok,nie_dotyczy,1.0,1.0,0.0,,0,soft_vote_knn5_ridge_observed_only
test_0005,5,ok,nie_dotyczy,1.0,1.0,1.0,0.8190562710932848,51,brak,,,0,1.0431827093857684,brak istotnego odchylenia,0.0,Werdykt OK: brak zmierzonego pasma przekraczającego próg anomalii.,"{""mV_0"": 0.0355, ""mV_1"": 0.0752, ""mV_2"": 0.4156, ""mV_3"": 0.8629, ""mV_4"": 0.738, ""mV_5"": 0.4874, ""mV_6"": 0.5997, ""mV_7"": 0.6414, ""mV_8"": 0.4793, ""mV_9"": 0.3303, ""mV_10"": 0.2998, ""mV_11"": 0.3533, ""mV_12"": 0.3816, ""mV_13"": 0.4072, ""mV_14"": 0.4548, ""mV_15"": 0.4783, ""mV_16"": 0.4824, ""mV_17"": 0.3734, ""mV_18"": 0.61, ""mV_19"": 1.0432, ""mV_20"": 0.6857}",False,ok,nie_dotyczy,1.0,1.0,0.0,,0,soft_vote_knn5_ridge_observed_only
test_0005,6,ok,nie_dotyczy,1.0,1.0,1.0,0.8225062663035854,51,brak,,"mV_5,mV_16",2,1.1454542038505529,brak istotnego odchylenia,0.0,Werdykt OK: brak zmierzonego pasma przekraczającego próg anomalii.,"{""mV_0"": 0.9956, ""mV_1"": 1.1455, ""mV_2"": 0.7292, ""mV_3"": 0.3678, ""mV_4"": 0.2822, ""mV_5"": null, ""mV_6"": 0.7068, ""mV_7"": 0.8941, ""mV_8"": 0.774, ""mV_9"": 0.6365, ""mV_10"": 0.5509, ""mV_11"": 0.5486, ""mV_12"": 0.6275, ""mV_13"": 0.6895, ""mV_14"": 0.647, ""mV_15"": 0.4354, ""mV_16"": null, ""mV_17"": 0.6313, ""mV_18"": 0.788, ""mV_19"": 0.5266, ""mV_20"": 0.3393}",False,ok,nie_dotyczy,1.0,1.0,0.0,,0,soft_vote_knn5_ridge_observed_only
test_0005,7,ok,nie_dotyczy,1.0,1.0,1.0,0.8357758069331314,51,14–15 kHz,"mV_14,mV_15",mV_17,1,2.314410282426187,podwyższona,0.0,"Werdykt OK, ale najsilniejsze lokalne odstępstwo występuje w paśmie 14–15 kHz; amplituda jest podwyższona.","{""mV_0"": 0.1185, ""mV_1"": 0.4851, ""mV_2"": 0.9406, ""mV_3"": 1.164, ""mV_4"": 1.0689, ""mV_5"": 0.9871, ""mV_6"": 1.1288, ""mV_7"": 1.321, ""mV_8"": 1.5573, ""mV_9"": 1.8271, ""mV_10"": 1.9291, ""mV_11"": 1.8518, ""mV_12"": 1.8178, ""mV_13"": 1.985, ""mV_14"": 2.2045, ""mV_15"": 2.3144, ""mV_16"": 1.7816, ""mV_17"": null, ""mV_18"": 1.2124, ""mV_19"": 0.8731, ""mV_20"": 0.4944}",False,ok,nie_dotyczy,1.0,1.0,0.0,,0,soft_vote_knn5_ridge_observed_only
test_0005,8,ok,nie_dotyczy,1.0,1.0,1.0,0.7791805574473488,51,brak,,"mV_1,mV_5",2,1.6763135361616368,brak istotnego odchylenia,0.0,Werdykt OK: brak zmierzonego pasma przekraczającego próg anomalii.,"{""mV_0"": 1.5385, ""mV_1"": null, ""mV_2"": 0.8291, ""mV_3"": 1.2051, ""mV_4"": 1.0257, ""mV_5"": null, ""mV_6"": 1.2895, ""mV_7"": 1.6763, ""mV_8"": 1.5137, ""mV_9"": 1.2225, ""mV_10"": 0.9087, ""mV_11"": 0.6627, ""mV_12"": 0.5258, ""mV_13"": 0.5377, ""mV_14"": 0.6463, ""mV_15"": 0.7031, ""mV_16"": 0.778, ""mV_17"": 1.0241, ""mV_18"": 1.1932, ""mV_19"": 1.2688, ""mV_20"": 1.0701}",False,ok,nie_dotyczy,1.0,1.0,0.0,,0,soft_vote_knn5_ridge_observed_only
test_0006,1,ok,nie_dotyczy,1.0,1.0,1.0,0.8215397001905659,51,brak,,,0,1.2670217388225191,brak istotnego odchylenia,0.0,Werdykt OK: brak zmierzonego pasma przekraczającego próg anomalii.,"{""mV_0"": 0.4693, ""mV_1"": 1.1081, ""mV_2"": 0.9893, ""mV_3"": 0.3435, ""mV_4"": 0.1029, ""mV_5"": 0.1172, ""mV_6"": 0.1767, ""mV_7"": 0.3997, ""mV_8"": 0.6015, ""mV_9"": 0.5552, ""mV_10"": 0.4071, ""mV_11"": 0.4983, ""mV_12"": 0.7195, ""mV_13"": 0.9653, ""mV_14"": 1.2218, ""mV_15"": 1.267, ""mV_16"": 1.1443, ""mV_17"": 0.791, ""mV_18"": 0.3551, ""mV_19"": 0.2072, ""mV_20"": 0.1581}",False,ok,nie_dotyczy,1.0,1.0,0.0,,0,soft_vote_knn5_ridge_observed_only
test_0006,2,ok,nie_dotyczy,1.0,1.0,1.0,0.7760794243635145,51,17 kHz,mV_17,,0,2.3466037141758918,podwyższona,0.0,"Werdykt OK, ale najsilniejsze lokalne odstępstwo występuje w paśmie 17 kHz; amplituda jest podwyższona.","{""mV_0"": 0.3933, ""mV_1"": 0.4505, ""mV_2"": 0.5515, ""mV_3"": 0.5881, ""mV_4"": 0.3302, ""mV_5"": 0.1728, ""mV_6"": 0.1923, ""mV_7"": 0.1533, ""mV_8"": 0.1365, ""mV_9"": 0.1637, ""mV_10"": 0.1212, ""mV_11"": 0.1074, ""mV_12"": 0.1578, ""mV_13"": 0.2935, ""mV_14"": 0.5381, ""mV_15"": 0.9351, ""mV_16"": 1.8896, ""mV_17"": 2.3466, ""mV_18"": 1.4717, ""mV_19"": 0.8169, ""mV_20"": 0.6197}",False,ok,nie_dotyczy,1.0,1.0,0.0,,0,soft_vote_knn5_ridge_observed_only
test_0006,3,ok,nie_dotyczy,1.0,1.0,1.0,0.8337287562212805,51,brak,,,0,0.8907714477405727,brak istotnego odchylenia,0.0,Werdykt OK: brak zmierzonego pasma przekraczającego próg anomalii.,"{""mV_0"": 0.1814, ""mV_1"": 0.2047, ""mV_2"": 0.4311, ""mV_3"": 0.7742, ""mV_4"": 0.8908, ""mV_5"": 0.8219, ""mV_6"": 0.6563, ""mV_7"": 0.5127, ""mV_8"": 0.4015, ""mV_9"": 0.2214, ""mV_10"": 0.1219, ""mV_11"": 0.2417, ""mV_12"": 0.3906, ""mV_13"": 0.3591, ""mV_14"": 0.2099, ""mV_15"": 0.176, ""mV_16"": 0.2162, ""mV_17"": 0.347, ""mV_18"": 0.5145, ""mV_19"": 0.3411, ""mV_20"": 0.0919}",False,ok,nie_dotyczy,1.0,1.0,0.0,,0,soft_vote_knn5_ridge_observed_only
test_0006,4,unknown,nie_dotyczy,0.9803921568627451,0.9803921568627451,0.9803921568627451,0.6950782852723887,51,3–6 kHz,"mV_3,mV_4,mV_5,mV_6",,0,8.57717902410496,obniżona,0.4765938386240718,Podejrzenie unknown: najbardziej nietypowe jest pasmo 3–6 kHz; amplituda jest obniżona względem zdrowej referencji.,"{""mV_0"": 4.8586, ""mV_1"": 5.2299, ""mV_2"": 4.5302, ""mV_3"": 5.7156, ""mV_4"": 7.4102, ""mV_5"": 8.5772, ""mV_6"": 6.8248, ""mV_7"": 2.4674, ""mV_8"": 0.3648, ""mV_9"": 0.3131, ""mV_10"": 0.225, ""mV_11"": 2.1924, ""mV_12"": 6.0208, ""mV_13"": 7.8882, ""mV_14"": 7.0817, ""mV_15"": 4.8858, ""mV_16"": 3.0884, ""mV_17"": 2.6951, ""mV_18"": 1.9716, ""mV_19"": 1.105, ""mV_20"": 0.8603}",False,unknown,nie_dotyczy,0.9803921568627451,0.9803921568627451,0.0,,0,soft_vote_knn5_ridge_observed_only
test_0006,5,ok,nie_dotyczy,1.0,1.0,1.0,0.8170718465476405,51,brak,,mV_5,1,1.1386730951429391,brak istotnego odchylenia,0.0,Werdykt OK: brak zmierzonego pasma przekraczającego próg anomalii.,"{""mV_0"": 0.3313, ""mV_1"": 0.4588, ""mV_2"": 0.3714, ""mV_3"": 0.3452, ""mV_4"": 0.2669, ""mV_5"": null, ""mV_6"": 0.1049, ""mV_7"": 0.208, ""mV_8"": 0.2497, ""mV_9"": 0.2386, ""mV_10"": 0.2259, ""mV_11"": 0.1676, ""mV_12"": 0.0835, ""mV_13"": 0.0784, ""mV_14"": 0.1557, ""mV_15"": 0.3223, ""mV_16"": 0.52, ""mV_17"": 0.7682, ""mV_18"": 1.0443, ""mV_19"": 1.1387, ""mV_20"": 0.8828}",False,ok,nie_dotyczy,1.0,1.0,0.0,,0,soft_vote_knn5_ridge_observed_only
test_0006,6,ok,nie_dotyczy,1.0,1.0,1.0,0.7116681548528171,51,6–9 kHz,"mV_6,mV_7,mV_8,mV_9",mV_10,1,2.5876492541560703,obniżona,0.0,"Werdykt OK, ale najsilniejsze lokalne odstępstwo występuje w paśmie 6–9 kHz; amplituda jest obniżona.","{""mV_0"": 1.9344, ""mV_1"": 2.3704, ""mV_2"": 1.3752, ""mV_3"": 0.7987, ""mV_4"": 1.035, ""mV_5"": 1.5185, ""mV_6"": 2.0331, ""mV_7"": 2.3526, ""mV_8"": 2.5876, ""mV_9"": 2.0768, ""mV_10"": null, ""mV_11"": 1.9999, ""mV_12"": 2.5466, ""mV_13"": 2.2807, ""mV_14"": 2.0606, ""mV_15"": 1.9167, ""mV_16"": 1.583, ""mV_17"": 1.2928, ""mV_18"": 1.2802, ""mV_19"": 1.1417, ""mV_20"": 0.7055}",False,ok,nie_dotyczy,1.0,1.0,0.0,,0,soft_vote_knn5_ridge_observed_only
test_0006,7,ok,nie_dotyczy,1.0,1.0,1.0,0.8543372328718662,51,brak,,"mV_3,mV_15",2,0.4850185267675292,brak istotnego odchylenia,0.0,Werdykt OK: brak zmierzonego pasma przekraczającego próg anomalii.,"{""mV_0"": 0.3013, ""mV_1"": 0.2856, ""mV_2"": 0.1511, ""mV_3"": null, ""mV_4"": 0.0461, ""mV_5"": 0.1094, ""mV_6"": 0.2197, ""mV_7"": 0.2039, ""mV_8"": 0.0815, ""mV_9"": 0.0327, ""mV_10"": 0.0395, ""mV_11"": 0.0286, ""mV_12"": 0.0406, ""mV_13"": 0.0656, ""mV_14"": 0.0384, ""mV_15"": null, ""mV_16"": 0.1058, ""mV_17"": 0.2489, ""mV_18"": 0.4731, ""mV_19"": 0.485, ""mV_20"": 0.3293}",False,ok,nie_dotyczy,1.0,1.0,0.0,,0,soft_vote_knn5_ridge_observed_only
test_0006,8,ok,nie_dotyczy,1.0,1.0,1.0,0.8320526295516322,51,brak,,"mV_2,mV_9",2,1.5144903287672906,brak istotnego odchylenia,0.0,Werdykt OK: brak zmierzonego pasma przekraczającego próg anomalii.,"{""mV_0"": 0.8349, ""mV_1"": 0.9532, ""mV_2"": null, ""mV_3"": 1.371, ""mV_4"": 1.5145, ""mV_5"": 0.9958, ""mV_6"": 0.5362, ""mV_7"": 0.3194, ""mV_8"": 0.2034, ""mV_9"": null, ""mV_10"": 0.0336, ""mV_11"": 0.0773, ""mV_12"": 0.0768, ""mV_13"": 0.1366, ""mV_14"": 0.3972, ""mV_15"": 0.5689, ""mV_16"": 0.4156, ""mV_17"": 0.2081, ""mV_18"": 0.1098, ""mV_19"": 0.0587, ""mV_20"": 0.0347}",False,ok,nie_dotyczy,1.0,1.0,0.0,,0,soft_vote_knn5_ridge_observed_only
test_0006,9,ok,nie_dotyczy,1.0,1.0,1.0,0.7980111618162478,51,brak,,,0,1.6380488485554205,brak istotnego odchylenia,0.0,Werdykt OK: brak zmierzonego pasma przekraczającego próg anomalii.,"{""mV_0"": 1.4013, ""mV_1"": 1.5573, ""mV_2"": 1.033, ""mV_3"": 0.7757, ""mV_4"": 0.743, ""mV_5"": 0.8384, ""mV_6"": 1.122, ""mV_7"": 1.4578, ""mV_8"": 1.638, ""mV_9"": 1.5102, ""mV_10"": 1.2209, ""mV_11"": 1.0801, ""mV_12"": 1.1299, ""mV_13"": 1.3062, ""mV_14"": 1.5101, ""mV_15"": 1.5099, ""mV_16"": 1.1168, ""mV_17"": 0.9191, ""mV_18"": 1.2862, ""mV_19"": 1.4828, ""mV_20"": 1.1025}",False,ok,nie_dotyczy,1.0,1.0,0.0,,0,soft_vote_knn5_ridge_observed_only
test_0006,10,ok,nie_dotyczy,1.0,1.0,1.0,0.8412270923415495,51,brak,,,0,1.3592783119723528,brak istotnego odchylenia,0.0,Werdykt OK: brak zmierzonego pasma przekraczającego próg anomalii.,"{""mV_0"": 0.2365, ""mV_1"": 0.3217, ""mV_2"": 0.153, ""mV_3"": 0.0808, ""mV_4"": 0.1201, ""mV_5"": 0.0776, ""mV_6"": 0.1118, ""mV_7"": 0.2784, ""mV_8"": 0.4202, ""mV_9"": 0.3893, ""mV_10"": 0.3037, ""mV_11"": 0.4145, ""mV_12"": 0.5424, ""mV_13"": 0.5891, ""mV_14"": 0.6452, ""mV_15"": 0.7599, ""mV_16"": 1.1614, ""mV_17"": 1.3593, ""mV_18"": 0.8459, ""mV_19"": 0.2586, ""mV_20"": 0.0636}",False,ok,nie_dotyczy,1.0,1.0,0.0,,0,soft_vote_knn5_ridge_observed_only
test_0006,11,ok,nie_dotyczy,1.0,1.0,1.0,0.8241720797215939,51,brak,,,0,0.5631110160118232,brak istotnego odchylenia,0.0,Werdykt OK: brak zmierzonego pasma przekraczającego próg anomalii.,"{""mV_0"": 0.1475, ""mV_1"": 0.1431, ""mV_2"": 0.1457, ""mV_3"": 0.2785, ""mV_4"": 0.3507, ""mV_5"": 0.286, ""mV_6"": 0.2583, ""mV_7"": 0.3693, ""mV_8"": 0.4209, ""mV_9"": 0.3073, ""mV_10"": 0.1773, ""mV_11"": 0.1574, ""mV_12"": 0.2255, ""mV_13"": 0.2452, ""mV_14"": 0.25, ""mV_15"": 0.2963, ""mV_16"": 0.3053, ""mV_17"": 0.4463, ""mV_18"": 0.5631, ""mV_19"": 0.3032, ""mV_20"": 0.043}",False,ok,nie_dotyczy,1.0,1.0,0.0,,0,soft_vote_knn5_ridge_observed_only
test_0006,12,ok,nie_dotyczy,1.0,1.0,1.0,0.7790849183791227,51,brak,,,0,1.0447839279254527,brak istotnego odchylenia,0.0,Werdykt OK: brak zmierzonego pasma przekraczającego próg anomalii.,"{""mV_0"": 0.5049, ""mV_1"": 0.5335, ""mV_2"": 0.2765, ""mV_3"": 0.1158, ""mV_4"": 0.0893, ""mV_5"": 0.0868, ""mV_6"": 0.0605, ""mV_7"": 0.1, ""mV_8"": 0.2754, ""mV_9"": 0.448, ""mV_10"": 0.4766, ""mV_11"": 0.4043, ""mV_12"": 0.3239, ""mV_13"": 0.2446, ""mV_14"": 0.1558, ""mV_15"": 0.0947, ""mV_16"": 0.1085, ""mV_17"": 0.5277, ""mV_18"": 1.0448, ""mV_19"": 0.9422, ""mV_20"": 0.5433}",False,ok,nie_dotyczy,1.0,1.0,0.0,,0,soft_vote_knn5_ridge_observed_only
test_0006,13,ok,nie_dotyczy,1.0,1.0,1.0,0.7489091818159782,51,7–16 kHz,"mV_7,mV_8,mV_9,mV_10,mV_11,mV_12,mV_13,mV_14,mV_15,mV_16","mV_0,mV_5",2,2.4763004363083656,obniżona,0.0,"Werdykt OK, ale najsilniejsze lokalne odstępstwo występuje w paśmie 7–16 kHz; amplituda jest obniżona.","{""mV_0"": null, ""mV_1"": 0.9156, ""mV_2"": 1.5091, ""mV_3"": 1.736, ""mV_4"": 1.3483, ""mV_5"": null, ""mV_6"": 1.8632, ""mV_7"": 2.4763, ""mV_8"": 2.4077, ""mV_9"": 2.3738, ""mV_10"": 2.4298, ""mV_11"": 2.4452, ""mV_12"": 2.3301, ""mV_13"": 2.1579, ""mV_14"": 2.115, ""mV_15"": 2.1732, ""mV_16"": 2.1288, ""mV_17"": 1.6949, ""mV_18"": 1.1688, ""mV_19"": 1.1259, ""mV_20"": 0.9006}",False,ok,nie_dotyczy,1.0,1.0,0.0,,0,soft_vote_knn5_ridge_observed_only
test_0006,14,ok,nie_dotyczy,1.0,1.0,1.0,0.8252606775298252,51,brak,,mV_4,1,1.5427935537856616,brak istotnego odchylenia,0.0,Werdykt OK: brak zmierzonego pasma przekraczającego próg anomalii.,"{""mV_0"": 0.6553, ""mV_1"": 0.7473, ""mV_2"": 0.4079, ""mV_3"": 0.0988, ""mV_4"": null, ""mV_5"": 0.1852, ""mV_6"": 0.5383, ""mV_7"": 0.8311, ""mV_8"": 0.8659, ""mV_9"": 0.7883, ""mV_10"": 0.6801, ""mV_11"": 0.429, ""mV_12"": 0.1838, ""mV_13"": 0.2253, ""mV_14"": 0.3493, ""mV_15"": 0.425, ""mV_16"": 0.905, ""mV_17"": 1.5428, ""mV_18"": 1.4208, ""mV_19"": 0.7552, ""mV_20"": 0.3326}",False,ok,nie_dotyczy,1.0,1.0,0.0,,0,soft_vote_knn5_ridge_observed_only
test_0006,15,ok,nie_dotyczy,1.0,1.0,1.0,0.8028917247570748,51,brak,,mV_16,1,1.1103844397928155,brak istotnego odchylenia,0.0,Werdykt OK: brak zmierzonego pasma przekraczającego próg anomalii.,"{""mV_0"": 0.1498, ""mV_1"": 0.3548, ""mV_2"": 0.6931, ""mV_3"": 0.7613, ""mV_4"": 0.5181, ""mV_5"": 0.26, ""mV_6"": 0.1135, ""mV_7"": 0.051, ""mV_8"": 0.0462, ""mV_9"": 0.1654, ""mV_10"": 0.3916, ""mV_11"": 0.6018, ""mV_12"": 0.7185, ""mV_13"": 0.8399, ""mV_14"": 1.1104, ""mV_15"": 1.0203, ""mV_16"": null, ""mV_17"": 0.8144, ""mV_18"": 0.8117, ""mV_19"": 0.5891, ""mV_20"": 0.505}",False,ok,nie_dotyczy,1.0,1.0,0.0,,0,soft_vote_knn5_ridge_observed_only
test_0006,16,pompa,duze,1.0,1.0,1.0,0.7170699942992997,51,2–15 kHz,"mV_2,mV_3,mV_4,mV_5,mV_6,mV_7,mV_8,mV_9,mV_10,mV_11,mV_12,mV_13,mV_14,mV_15",,0,10.128884582639941,obniżona,0.9740855748961836,Podejrzenie pompa: najbardziej nietypowe jest pasmo 2–15 kHz; amplituda jest obniżona względem zdrowej referencji.,"{""mV_0"": 1.1001, ""mV_1"": 3.386, ""mV_2"": 7.7833, ""mV_3"": 10.1289, ""mV_4"": 8.2254, ""mV_5"": 6.166, ""mV_6"": 5.9681, ""mV_7"": 6.5394, ""mV_8"": 7.1991, ""mV_9"": 7.6351, ""mV_10"": 7.9533, ""mV_11"": 8.4117, ""mV_12"": 8.8946, ""mV_13"": 8.8686, ""mV_14"": 7.9039, ""mV_15"": 6.4617, ""mV_16"": 4.8731, ""mV_17"": 3.0996, ""mV_18"": 2.423, ""mV_19"": 4.1106, ""mV_20"": 4.6727}",False,pompa,duze,1.0,1.0,0.0,,0,soft_vote_knn5_ridge_observed_only
test_0007,1,ok,nie_dotyczy,1.0,1.0,1.0,0.7979171566240942,51,brak,,,0,1.546566485049082,brak istotnego odchylenia,0.0,Werdykt OK: brak zmierzonego pasma przekraczającego próg anomalii.,"{""mV_0"": 0.626, ""mV_1"": 0.6609, ""mV_2"": 0.3653, ""mV_3"": 0.448, ""mV_4"": 0.8503, ""mV_5"": 1.1615, ""mV_6"": 1.4323, ""mV_7"": 1.5466, ""mV_8"": 1.4145, ""mV_9"": 1.0915, ""mV_10"": 0.6, ""mV_11"": 0.2265, ""mV_12"": 0.1562, ""mV_13"": 0.3501, ""mV_14"": 0.7526, ""mV_15"": 1.1477, ""mV_16"": 1.306, ""mV_17"": 1.3999, ""mV_18"": 1.4901, ""mV_19"": 1.3187, ""mV_20"": 0.8309}",False,ok,nie_dotyczy,1.0,1.0,0.0,,0,soft_vote_knn5_ridge_observed_only
test_0007,2,ok,nie_dotyczy,1.0,1.0,1.0,0.7910549632872648,51,3 kHz,mV_3,mV_10,1,2.17572635747589,obniżona,0.0,"Werdykt OK, ale najsilniejsze lokalne odstępstwo występuje w paśmie 3 kHz; amplituda jest obniżona.","{""mV_0"": 0.1163, ""mV_1"": 0.6044, ""mV_2"": 1.5809, ""mV_3"": 2.1757, ""mV_4"": 1.718, ""mV_5"": 1.0058, ""mV_6"": 0.5606, ""mV_7"": 0.3342, ""mV_8"": 0.2754, ""mV_9"": 0.1903, ""mV_10"": null, ""mV_11"": 0.2562, ""mV_12"": 0.2407, ""mV_13"": 0.1353, ""mV_14"": 0.226, ""mV_15"": 0.631, ""mV_16"": 1.2397, ""mV_17"": 1.5321, ""mV_18"": 1.3521, ""mV_19"": 1.2925, ""mV_20"": 1.0995}",False,ok,nie_dotyczy,1.0,1.0,0.0,,0,soft_vote_knn5_ridge_observed_only
test_0007,3,ok,nie_dotyczy,1.0,1.0,1.0,0.8211909259958643,51,brak,,,0,0.8688316319530772,brak istotnego odchylenia,0.0,Werdykt OK: brak zmierzonego pasma przekraczającego próg anomalii.,"{""mV_0"": 0.621, ""mV_1"": 0.6574, ""mV_2"": 0.4356, ""mV_3"": 0.4067, ""mV_4"": 0.4834, ""mV_5"": 0.4945, ""mV_6"": 0.5525, ""mV_7"": 0.5364, ""mV_8"": 0.3932, ""mV_9"": 0.262, ""mV_10"": 0.1513, ""mV_11"": 0.0865, ""mV_12"": 0.0717, ""mV_13"": 0.0628, ""mV_14"": 0.0918, ""mV_15"": 0.2405, ""mV_16"": 0.4601, ""mV_17"": 0.7131, ""mV_18"": 0.8688, ""mV_19"": 0.6898, ""mV_20"": 0.3199}",False,ok,nie_dotyczy,1.0,1.0,0.0,,0,soft_vote_knn5_ridge_observed_only
test_0007,4,ok,nie_dotyczy,1.0,1.0,1.0,0.8330674366476389,51,brak,,,0,1.0850305471904742,brak istotnego odchylenia,0.0,Werdykt OK: brak zmierzonego pasma przekraczającego próg anomalii.,"{""mV_0"": 0.6195, ""mV_1"": 0.7696, ""mV_2"": 0.5457, ""mV_3"": 0.3529, ""mV_4"": 0.2663, ""mV_5"": 0.2284, ""mV_6"": 0.1631, ""mV_7"": 0.2166, ""mV_8"": 0.4339, ""mV_9"": 0.6742, ""mV_10"": 0.8613, ""mV_11"": 0.8566, ""mV_12"": 0.7408, ""mV_13"": 0.6992, ""mV_14"": 0.7151, ""mV_15"": 0.7763, ""mV_16"": 0.9042, ""mV_17"": 0.9091, ""mV_18"": 0.7907, ""mV_19"": 1.0185, ""mV_20"": 1.085}",False,ok,nie_dotyczy,1.0,1.0,0.0,,0,soft_vote_knn5_ridge_observed_only
test_0007,5,ok,nie_dotyczy,1.0,1.0,1.0,0.7967340846041309,51,18–20 kHz,"mV_18,mV_19,mV_20",mV_16,1,2.497336220020202,obniżona,0.0,"Werdykt OK, ale najsilniejsze lokalne odstępstwo występuje w paśmie 18–20 kHz; amplituda jest obniżona.","{""mV_0"": 0.9598, ""mV_1"": 1.3019, ""mV_2"": 1.7033, ""mV_3"": 1.9852, ""mV_4"": 1.7379, ""mV_5"": 1.4117, ""mV_6"": 1.1801, ""mV_7"": 1.0618, ""mV_8"": 1.052, ""mV_9"": 1.024, ""mV_10"": 0.9702, ""mV_11"": 0.9488, ""mV_12"": 1.0409, ""mV_13"": 1.2381, ""mV_14"": 1.3703, ""mV_15"": 1.0349, ""mV_16"": null, ""mV_17"": 1.9017, ""mV_18"": 2.4162, ""mV_19"": 2.4973, ""mV_20"": 2.1012}",False,ok,nie_dotyczy,1.0,1.0,0.0,,0,soft_vote_knn5_ridge_observed_only
test_0007,6,ok,nie_dotyczy,1.0,1.0,1.0,0.8189300465150808,51,brak,,"mV_14,mV_15,mV_19",3,1.7348328527962966,brak istotnego odchylenia,0.0,Werdykt OK: brak zmierzonego pasma przekraczającego próg anomalii.,"{""mV_0"": 0.1329, ""mV_1"": 0.4083, ""mV_2"": 0.7348, ""mV_3"": 0.8834, ""mV_4"": 0.5761, ""mV_5"": 0.4098, ""mV_6"": 0.782, ""mV_7"": 1.1278, ""mV_8"": 1.1709, ""mV_9"": 1.2554, ""mV_10"": 1.5629, ""mV_11"": 1.7348, ""mV_12"": 1.5025, ""mV_13"": 0.8804, ""mV_14"": null, ""mV_15"": null, ""mV_16"": 0.0929, ""mV_17"": 0.1647, ""mV_18"": 0.0911, ""mV_19"": null, ""mV_20"": 0.033}",False,ok,nie_dotyczy,1.0,1.0,0.0,,0,soft_vote_knn5_ridge_observed_only
test_0007,7,ok,nie_dotyczy,1.0,1.0,1.0,0.8174882009399208,51,brak,,,0,1.9151903924855507,brak istotnego odchylenia,0.0,Werdykt OK: brak zmierzonego pasma przekraczającego próg anomalii.,"{""mV_0"": 0.6177, ""mV_1"": 1.1565, ""mV_2"": 1.7657, ""mV_3"": 1.9152, ""mV_4"": 1.4776, ""mV_5"": 0.962, ""mV_6"": 0.4405, ""mV_7"": 0.1018, ""mV_8"": 0.0497, ""mV_9"": 0.121, ""mV_10"": 0.2297, ""mV_11"": 0.208, ""mV_12"": 0.1811, ""mV_13"": 0.288, ""mV_14"": 0.2953, ""mV_15"": 0.4159, ""mV_16"": 0.9569, ""mV_17"": 1.3496, ""mV_18"": 1.1004, ""mV_19"": 0.8474, ""mV_20"": 0.7533}",False,ok,nie_dotyczy,1.0,1.0,0.0,,0,soft_vote_knn5_ridge_observed_only
test_0007,8,ok,nie_dotyczy,1.0,1.0,1.0,0.8459350704280865,51,brak,,mV_4,1,0.8623665809671368,brak istotnego odchylenia,0.0,Werdykt OK: brak zmierzonego pasma przekraczającego próg anomalii.,"{""mV_0"": 0.0697, ""mV_1"": 0.1853, ""mV_2"": 0.2906, ""mV_3"": 0.2302, ""mV_4"": null, ""mV_5"": 0.2949, ""mV_6"": 0.684, ""mV_7"": 0.8263, ""mV_8"": 0.7257, ""mV_9"": 0.4873, ""mV_10"": 0.2219, ""mV_11"": 0.1242, ""mV_12"": 0.1181, ""mV_13"": 0.2024, ""mV_14"": 0.2607, ""mV_15"": 0.1456, ""mV_16"": 0.1421, ""mV_17"": 0.5028, ""mV_18"": 0.8624, ""mV_19"": 0.7237, ""mV_20"": 0.3307}",False,ok,nie_dotyczy,1.0,1.0,0.0,,0,soft_vote_knn5_ridge_observed_only
test_0007,9,iglica,duze,1.0,1.0,1.0,0.7509832167398122,51,6–13 kHz,"mV_6,mV_7,mV_8,mV_9,mV_10,mV_11,mV_12,mV_13",mV_14,1,8.784141842903644,obniżona,0.9891766558169569,Podejrzenie iglica: najbardziej nietypowe jest pasmo 6–13 kHz; amplituda jest obniżona względem zdrowej referencji.,"{""mV_0"": 0.2862, ""mV_1"": 0.5652, ""mV_2"": 0.7578, ""mV_3"": 0.832, ""mV_4"": 1.2435, ""mV_5"": 2.6709, ""mV_6"": 4.9426, ""mV_7"": 6.7673, ""mV_8"": 7.9883, ""mV_9"": 8.7841, ""mV_10"": 8.6517, ""mV_11"": 8.0994, ""mV_12"": 8.0555, ""mV_13"": 6.3392, ""mV_14"": null, ""mV_15"": 4.4416, ""mV_16"": 5.4879, ""mV_17"": 5.3678, ""mV_18"": 5.4966, ""mV_19"": 6.8679, ""mV_20"": 6.3827}",False,iglica,duze,1.0,1.0,0.0,,0,soft_vote_knn5_ridge_observed_only
test_0007,10,unknown,nie_dotyczy,0.9607843137254902,0.9607843137254902,0.9607843137254902,0.6857191063447933,51,7–11 kHz,"mV_7,mV_8,mV_9,mV_10,mV_11","mV_6,mV_12",2,10.829369858068656,obniżona,0.5602227165718928,Podejrzenie unknown: najbardziej nietypowe jest pasmo 7–11 kHz; amplituda jest obniżona względem zdrowej referencji.,"{""mV_0"": 3.7261, ""mV_1"": 6.4122, ""mV_2"": 7.4859, ""mV_3"": 6.075, ""mV_4"": 3.1316, ""mV_5"": 0.8196, ""mV_6"": null, ""mV_7"": 7.3849, ""mV_8"": 10.4894, ""mV_9"": 10.8294, ""mV_10"": 9.99, ""mV_11"": 6.6923, ""mV_12"": null, ""mV_13"": 2.2342, ""mV_14"": 6.4267, ""mV_15"": 9.4757, ""mV_16"": 10.0794, ""mV_17"": 8.9806, ""mV_18"": 7.26, ""mV_19"": 6.2312, ""mV_20"": 4.4159}",False,unknown,nie_dotyczy,0.9607843137254902,0.9607843137254902,0.0,,0,soft_vote_knn5_ridge_observed_only
test_0007,11,ok,nie_dotyczy,1.0,1.0,1.0,0.8076167057413912,51,brak,,,0,0.6817166833376798,brak istotnego odchylenia,0.0,Werdykt OK: brak zmierzonego pasma przekraczającego próg anomalii.,"{""mV_0"": 0.1301, ""mV_1"": 0.1343, ""mV_2"": 0.1942, ""mV_3"": 0.2967, ""mV_4"": 0.285, ""mV_5"": 0.1987, ""mV_6"": 0.1733, ""mV_7"": 0.1264, ""mV_8"": 0.0476, ""mV_9"": 0.1004, ""mV_10"": 0.3403, ""mV_11"": 0.6159, ""mV_12"": 0.6817, ""mV_13"": 0.4836, ""mV_14"": 0.2978, ""mV_15"": 0.2362, ""mV_16"": 0.2624, ""mV_17"": 0.3195, ""mV_18"": 0.2132, ""mV_19"": 0.1359, ""mV_20"": 0.1337}",False,ok,nie_dotyczy,1.0,1.0,0.0,,0,soft_vote_knn5_ridge_observed_only
test_0007,12,ok,nie_dotyczy,1.0,1.0,1.0,0.8022362926928841,51,16–19 kHz,"mV_16,mV_17,mV_18,mV_19","mV_9,mV_10,mV_12",3,2.603346079473274,obniżona,0.0,"Werdykt OK, ale najsilniejsze lokalne odstępstwo występuje w paśmie 16–19 kHz; amplituda jest obniżona.","{""mV_0"": 1.2167, ""mV_1"": 1.4431, ""mV_2"": 1.2172, ""mV_3"": 1.0796, ""mV_4"": 0.9953, ""mV_5"": 0.9773, ""mV_6"": 0.9502, ""mV_7"": 1.0426, ""mV_8"": 0.9075, ""mV_9"": null, ""mV_10"": null, ""mV_11"": 0.9035, ""mV_12"": null, ""mV_13"": 1.1341, ""mV_14"": 1.6183, ""mV_15"": 1.938, ""mV_16"": 2.4271, ""mV_17"": 2.6033, ""mV_18"": 2.348, ""mV_19"": 2.3398, ""mV_20"": 1.9603}",False,ok,nie_dotyczy,1.0,1.0,0.0,,0,soft_vote_knn5_ridge_observed_only
test_0007,13,ok,nie_dotyczy,1.0,1.0,1.0,0.8470848893885128,51,brak,,,0,1.3796021940615593,brak istotnego odchylenia,0.0,Werdykt OK: brak zmierzonego pasma przekraczającego próg anomalii.,"{""mV_0"": 0.2253, ""mV_1"": 0.3969, ""mV_2"": 0.7229, ""mV_3"": 1.0341, ""mV_4"": 1.0888, ""mV_5"": 1.127, ""mV_6"": 1.3434, ""mV_7"": 1.3796, ""mV_8"": 1.1747, ""mV_9"": 0.9159, ""mV_10"": 0.623, ""mV_11"": 0.454, ""mV_12"": 0.4186, ""mV_13"": 0.4695, ""mV_14"": 0.6548, ""mV_15"": 0.7542, ""mV_16"": 0.5721, ""mV_17"": 0.4696, ""mV_18"": 0.7485, ""mV_19"": 1.0389, ""mV_20"": 0.8176}",False,ok,nie_dotyczy,1.0,1.0,0.0,,0,soft_vote_knn5_ridge_observed_only
test_0007,14,iglica,srednie,0.7647058823529411,1.0,0.7647058823529411,0.6854422758018515,51,0–3 kHz,"mV_0,mV_1,mV_2,mV_3",,0,7.401556062889238,podwyższona,0.07893827972877622,Podejrzenie iglica: najbardziej nietypowe jest pasmo 0–3 kHz; amplituda jest podwyższona względem zdrowej referencji.,"{""mV_0"": 4.0717, ""mV_1"": 6.6235, ""mV_2"": 7.4016, ""mV_3"": 5.8844, ""mV_4"": 2.9862, ""mV_5"": 0.9841, ""mV_6"": 0.9043, ""mV_7"": 1.6052, ""mV_8"": 1.9904, ""mV_9"": 1.9193, ""mV_10"": 1.2534, ""mV_11"": 1.0057, ""mV_12"": 1.1823, ""mV_13"": 2.2096, ""mV_14"": 3.6249, ""mV_15"": 3.7418, ""mV_16"": 4.3244, ""mV_17"": 4.3484, ""mV_18"": 3.037, ""mV_19"": 2.5437, ""mV_20"": 2.007}",False,iglica,srednie,0.7647058823529411,0.7647058823529411,0.0,,0,soft_vote_knn5_ridge_observed_only
test_0007,15,ok,nie_dotyczy,1.0,1.0,1.0,0.835827251468688,51,brak,,,0,1.949664744133166,brak istotnego odchylenia,0.0,Werdykt OK: brak zmierzonego pasma przekraczającego próg anomalii.,"{""mV_0"": 0.0253, ""mV_1"": 0.3052, ""mV_2"": 0.9106, ""mV_3"": 1.427, ""mV_4"": 1.6069, ""mV_5"": 1.7341, ""mV_6"": 1.9497, ""mV_7"": 1.8551, ""mV_8"": 1.5428, ""mV_9"": 1.4017, ""mV_10"": 1.3449, ""mV_11"": 1.2552, ""mV_12"": 1.0994, ""mV_13"": 0.9514, ""mV_14"": 0.8862, ""mV_15"": 0.7913, ""mV_16"": 0.6726, ""mV_17"": 0.7466, ""mV_18"": 0.9136, ""mV_19"": 0.6973, ""mV_20"": 0.2243}",False,ok,nie_dotyczy,1.0,1.0,0.0,,0,soft_vote_knn5_ridge_observed_only
test_0007,16,unknown,nie_dotyczy,1.0,1.0,1.0,0.7085124449804404,51,5–12 kHz,"mV_5,mV_6,mV_7,mV_8,mV_9,mV_10,mV_11,mV_12",mV_14,1,15.623160946212835,obniżona,0.8222996175661383,Podejrzenie unknown: najbardziej nietypowe jest pasmo 5–12 kHz; amplituda jest obniżona względem zdrowej referencji.,"{""mV_0"": 2.1112, ""mV_1"": 1.4306, ""mV_2"": 1.5653, ""mV_3"": 4.3105, ""mV_4"": 8.2292, ""mV_5"": 11.7025, ""mV_6"": 13.9057, ""mV_7"": 15.0362, ""mV_8"": 15.5416, ""mV_9"": 15.6232, ""mV_10"": 14.9511, ""mV_11"": 13.561, ""mV_12"": 12.0072, ""mV_13"": 8.2493, ""mV_14"": null, ""mV_15"": 2.3854, ""mV_16"": 5.7399, ""mV_17"": 6.192, ""mV_18"": 7.3907, ""mV_19"": 11.2296, ""mV_20"": 10.1017}",False,unknown,nie_dotyczy,1.0,1.0,0.0,,0,soft_vote_knn5_ridge_observed_only
test_0008,1,ok,nie_dotyczy,1.0,1.0,1.0,0.8122753724073503,51,brak,,mV_6,1,1.7707848488268076,brak istotnego odchylenia,0.0,Werdykt OK: brak zmierzonego pasma przekraczającego próg anomalii.,"{""mV_0"": 0.9074, ""mV_1"": 0.5624, ""mV_2"": 0.6109, ""mV_3"": 1.4733, ""mV_4"": 1.7708, ""mV_5"": 1.1619, ""mV_6"": null, ""mV_7"": 0.6228, ""mV_8"": 0.8468, ""mV_9"": 0.7764, ""mV_10"": 0.5625, ""mV_11"": 0.3522, ""mV_12"": 0.1717, ""mV_13"": 0.0953, ""mV_14"": 0.1413, ""mV_15"": 0.2707, ""mV_16"": 0.7507, ""mV_17"": 1.4051, ""mV_18"": 1.4958, ""mV_19"": 0.9872, ""mV_20"": 0.433}",False,ok,nie_dotyczy,1.0,1.0,0.0,,0,soft_vote_knn5_ridge_observed_only
test_0008,2,iglica,male,1.0,1.0,1.0,0.6710147235644733,51,7–14 kHz,"mV_7,mV_8,mV_9,mV_10,mV_11,mV_12,mV_13,mV_14",,0,2.987931890157861,obniżona,0.9713299732479767,Podejrzenie iglica: najbardziej nietypowe jest pasmo 7–14 kHz; amplituda jest obniżona względem zdrowej referencji.,"{""mV_0"": 0.0781, ""mV_1"": 0.3643, ""mV_2"": 0.9222, ""mV_3"": 1.0166, ""mV_4"": 0.5339, ""mV_5"": 0.7329, ""mV_6"": 1.5376, ""mV_7"": 2.0528, ""mV_8"": 2.5784, ""mV_9"": 2.8788, ""mV_10"": 2.5323, ""mV_11"": 2.1396, ""mV_12"": 2.2161, ""mV_13"": 2.8149, ""mV_14"": 2.9879, ""mV_15"": 1.9984, ""mV_16"": 1.2235, ""mV_17"": 1.4014, ""mV_18"": 1.673, ""mV_19"": 2.0049, ""mV_20"": 1.7692}",False,iglica,male,1.0,1.0,0.0,,0,soft_vote_knn5_ridge_observed_only
test_0008,3,ok,nie_dotyczy,1.0,1.0,1.0,0.8308297349261687,51,brak,,,0,1.7103804457608178,brak istotnego odchylenia,0.0,Werdykt OK: brak zmierzonego pasma przekraczającego próg anomalii.,"{""mV_0"": 1.3055, ""mV_1"": 1.3254, ""mV_2"": 1.2536, ""mV_3"": 1.6122, ""mV_4"": 1.6797, ""mV_5"": 1.5842, ""mV_6"": 1.6213, ""mV_7"": 1.5718, ""mV_8"": 1.4127, ""mV_9"": 1.1256, ""mV_10"": 0.7526, ""mV_11"": 0.5959, ""mV_12"": 0.6207, ""mV_13"": 0.7152, ""mV_14"": 0.8653, ""mV_15"": 1.0273, ""mV_16"": 1.3944, ""mV_17"": 1.7104, ""mV_18"": 1.4823, ""mV_19"": 0.9569, ""mV_20"": 0.4573}",False,ok,nie_dotyczy,1.0,1.0,0.0,,0,soft_vote_knn5_ridge_observed_only
test_0008,4,ok,nie_dotyczy,1.0,1.0,1.0,0.8311384407046156,51,brak,,"mV_2,mV_13",2,0.9312358200583646,brak istotnego odchylenia,0.0,Werdykt OK: brak zmierzonego pasma przekraczającego próg anomalii.,"{""mV_0"": 0.4684, ""mV_1"": 0.793, ""mV_2"": null, ""mV_3"": 0.7453, ""mV_4"": 0.9312, ""mV_5"": 0.5892, ""mV_6"": 0.1691, ""mV_7"": 0.0321, ""mV_8"": 0.0695, ""mV_9"": 0.1313, ""mV_10"": 0.2717, ""mV_11"": 0.3221, ""mV_12"": 0.1658, ""mV_13"": null, ""mV_14"": 0.0328, ""mV_15"": 0.1241, ""mV_16"": 0.4365, ""mV_17"": 0.7787, ""mV_18"": 0.7645, ""mV_19"": 0.4716, ""mV_20"": 0.1914}",False,ok,nie_dotyczy,1.0,1.0,0.0,,0,soft_vote_knn5_ridge_observed_only
test_0008,5,ok,nie_dotyczy,1.0,1.0,1.0,0.7720607009992726,51,8–14 kHz,"mV_8,mV_9,mV_10,mV_11,mV_12,mV_13,mV_14","mV_16,mV_20",2,2.774169734238479,podwyższona,0.0,"Werdykt OK, ale najsilniejsze lokalne odstępstwo występuje w paśmie 8–14 kHz; amplituda jest podwyższona.","{""mV_0"": 1.0136, ""mV_1"": 1.9363, ""mV_2"": 1.8058, ""mV_3"": 0.7921, ""mV_4"": 0.387, ""mV_5"": 0.828, ""mV_6"": 1.4295, ""mV_7"": 1.9183, ""mV_8"": 2.1745, ""mV_9"": 2.4003, ""mV_10"": 2.7008, ""mV_11"": 2.7742, ""mV_12"": 2.6526, ""mV_13"": 2.5019, ""mV_14"": 2.3748, ""mV_15"": 1.75, ""mV_16"": null, ""mV_17"": 0.9928, ""mV_18"": 1.2816, ""mV_19"": 0.9917, ""mV_20"": null}",False,ok,nie_dotyczy,1.0,1.0,0.0,,0,soft_vote_knn5_ridge_observed_only
test_0008,6,ok,nie_dotyczy,1.0,1.0,1.0,0.8005026200085082,51,11–12 kHz,"mV_11,mV_12",mV_4,1,2.1594551494208685,podwyższona,0.0,"Werdykt OK, ale najsilniejsze lokalne odstępstwo występuje w paśmie 11–12 kHz; amplituda jest podwyższona.","{""mV_0"": 0.3898, ""mV_1"": 0.9863, ""mV_2"": 1.1634, ""mV_3"": 0.658, ""mV_4"": null, ""mV_5"": 0.4449, ""mV_6"": 0.4813, ""mV_7"": 0.481, ""mV_8"": 0.6525, ""mV_9"": 1.0844, ""mV_10"": 1.7213, ""mV_11"": 2.1401, ""mV_12"": 2.1595, ""mV_13"": 1.764, ""mV_14"": 1.2269, ""mV_15"": 1.0093, ""mV_16"": 0.9503, ""mV_17"": 0.9351, ""mV_18"": 1.1489, ""mV_19"": 1.3816, ""mV_20"": 1.1187}",False,ok,nie_dotyczy,1.0,1.0,0.0,,0,soft_vote_knn5_ridge_observed_only
test_0008,7,ok,nie_dotyczy,1.0,1.0,1.0,0.8277743630980618,51,brak,,mV_10,1,1.2498004991110139,brak istotnego odchylenia,0.0,Werdykt OK: brak zmierzonego pasma przekraczającego próg anomalii.,"{""mV_0"": 1.1373, ""mV_1"": 1.2498, ""mV_2"": 0.8436, ""mV_3"": 0.451, ""mV_4"": 0.2284, ""mV_5"": 0.2003, ""mV_6"": 0.2316, ""mV_7"": 0.306, ""mV_8"": 0.4725, ""mV_9"": 0.448, ""mV_10"": null, ""mV_11"": 0.5186, ""mV_12"": 0.6069, ""mV_13"": 0.5703, ""mV_14"": 0.5343, ""mV_15"": 0.3057, ""mV_16"": 0.2144, ""mV_17"": 0.5301, ""mV_18"": 0.7845, ""mV_19"": 0.6461, ""mV_20"": 0.346}",False,ok,nie_dotyczy,1.0,1.0,0.0,,0,soft_vote_knn5_ridge_observed_only
test_0008,8,ok,nie_dotyczy,1.0,1.0,1.0,0.7984926143878965,51,11–13 kHz,"mV_11,mV_12,mV_13",,0,2.196960852611671,podwyższona,0.0,"Werdykt OK, ale najsilniejsze lokalne odstępstwo występuje w paśmie 11–13 kHz; amplituda jest podwyższona.","{""mV_0"": 0.7559, ""mV_1"": 1.476, ""mV_2"": 1.4127, ""mV_3"": 0.8682, ""mV_4"": 0.5075, ""mV_5"": 0.3048, ""mV_6"": 0.4633, ""mV_7"": 0.8876, ""mV_8"": 1.1285, ""mV_9"": 1.3224, ""mV_10"": 1.6918, ""mV_11"": 2.0348, ""mV_12"": 2.197, ""mV_13"": 2.116, ""mV_14"": 1.8791, ""mV_15"": 1.7106, ""mV_16"": 1.4919, ""mV_17"": 1.1699, ""mV_18"": 1.0499, ""mV_19"": 1.1478, ""mV_20"": 0.9174}",False,ok,nie_dotyczy,1.0,1.0,0.0,,0,soft_vote_knn5_ridge_observed_only
test_0008,9,ok,nie_dotyczy,1.0,1.0,1.0,0.8395304713768384,51,brak,,,0,0.9183951910238636,brak istotnego odchylenia,0.0,Werdykt OK: brak zmierzonego pasma przekraczającego próg anomalii.,"{""mV_0"": 0.2606, ""mV_1"": 0.2047, ""mV_2"": 0.3839, ""mV_3"": 0.8562, ""mV_4"": 0.9184, ""mV_5"": 0.6475, ""mV_6"": 0.4632, ""mV_7"": 0.3844, ""mV_8"": 0.3848, ""mV_9"": 0.2949, ""mV_10"": 0.1127, ""mV_11"": 0.0591, ""mV_12"": 0.1067, ""mV_13"": 0.248, ""mV_14"": 0.4323, ""mV_15"": 0.5111, ""mV_16"": 0.6048, ""mV_17"": 0.7215, ""mV_18"": 0.5984, ""mV_19"": 0.2753, ""mV_20"": 0.0675}",False,ok,nie_dotyczy,1.0,1.0,0.0,,0,soft_vote_knn5_ridge_observed_only
test_0008,10,ok,nie_dotyczy,1.0,1.0,1.0,0.8155395285293326,51,brak,,mV_10,1,1.2707354278007101,brak istotnego odchylenia,0.0,Werdykt OK: brak zmierzonego pasma przekraczającego próg anomalii.,"{""mV_0"": 0.6171, ""mV_1"": 0.4968, ""mV_2"": 0.2183, ""mV_3"": 0.382, ""mV_4"": 0.7999, ""mV_5"": 1.1253, ""mV_6"": 1.2707, ""mV_7"": 1.2435, ""mV_8"": 1.1003, ""mV_9"": 0.7646, ""mV_10"": null, ""mV_11"": 0.6974, ""mV_12"": 0.92, ""mV_13"": 0.7153, ""mV_14"": 0.5391, ""mV_15"": 0.8331, ""mV_16"": 1.2463, ""mV_17"": 1.1902, ""mV_18"": 0.9605, ""mV_19"": 1.0954, ""mV_20"": 1.0105}",False,ok,nie_dotyczy,1.0,1.0,0.0,,0,soft_vote_knn5_ridge_observed_only
test_0008,11,ok,nie_dotyczy,1.0,1.0,1.0,0.7728635032556713,51,15–16 kHz,"mV_15,mV_16",,0,2.4758520504709756,podwyższona,0.0,"Werdykt OK, ale najsilniejsze lokalne odstępstwo występuje w paśmie 15–16 kHz; amplituda jest podwyższona.","{""mV_0"": 0.742, ""mV_1"": 0.9371, ""mV_2"": 0.8926, ""mV_3"": 1.0356, ""mV_4"": 1.3694, ""mV_5"": 1.6683, ""mV_6"": 1.7396, ""mV_7"": 1.5597, ""mV_8"": 1.2752, ""mV_9"": 1.043, ""mV_10"": 0.792, ""mV_11"": 0.5821, ""mV_12"": 0.6269, ""mV_13"": 0.843, ""mV_14"": 1.2945, ""mV_15"": 2.0581, ""mV_16"": 2.4759, ""mV_17"": 1.9223, ""mV_18"": 1.0777, ""mV_19"": 0.929, ""mV_20"": 0.8528}",False,ok,nie_dotyczy,1.0,1.0,0.0,,0,soft_vote_knn5_ridge_observed_only
test_0008,12,ok,nie_dotyczy,1.0,1.0,1.0,0.8257815753802364,51,brak,,"mV_3,mV_4,mV_17",3,1.0151455326055534,brak istotnego odchylenia,0.0,Werdykt OK: brak zmierzonego pasma przekraczającego próg anomalii.,"{""mV_0"": 0.9023, ""mV_1"": 1.0151, ""mV_2"": 0.5951, ""mV_3"": null, ""mV_4"": null, ""mV_5"": 0.1657, ""mV_6"": 0.2712, ""mV_7"": 0.3554, ""mV_8"": 0.5245, ""mV_9"": 0.6224, ""mV_10"": 0.5896, ""mV_11"": 0.5771, ""mV_12"": 0.5736, ""mV_13"": 0.6118, ""mV_14"": 0.614, ""mV_15"": 0.3871, ""mV_16"": 0.1203, ""mV_17"": null, ""mV_18"": 0.5093, ""mV_19"": 0.7249, ""mV_20"": 0.5849}",False,ok,nie_dotyczy,1.0,1.0,0.0,,0,soft_vote_knn5_ridge_observed_only
test_0008,13,ok,nie_dotyczy,1.0,1.0,1.0,0.7559407002144032,51,15–19 kHz,"mV_15,mV_16,mV_17,mV_18,mV_19","mV_2,mV_3,mV_13",3,2.7258814170006374,podwyższona,0.0,"Werdykt OK, ale najsilniejsze lokalne odstępstwo występuje w paśmie 15–19 kHz; amplituda jest podwyższona.","{""mV_0"": 1.2457, ""mV_1"": 1.423, ""mV_2"": null, ""mV_3"": null, ""mV_4"": 0.9419, ""mV_5"": 1.3534, ""mV_6"": 1.4058, ""mV_7"": 1.4976, ""mV_8"": 1.7088, ""mV_9"": 2.1154, ""mV_10"": 2.5869, ""mV_11"": 2.7046, ""mV_12"": 1.9483, ""mV_13"": null, ""mV_14"": 1.6878, ""mV_15"": 2.5965, ""mV_16"": 2.7259, ""mV_17"": 2.3733, ""mV_18"": 2.1642, ""mV_19"": 2.2481, ""mV_20"": 1.7464}",False,ok,nie_dotyczy,1.0,1.0,0.0,,0,soft_vote_knn5_ridge_observed_only
test_0008,14,ok,nie_dotyczy,1.0,1.0,1.0,0.8373585837431972,51,17–18 kHz,"mV_17,mV_18",,0,2.0596243237593788,obniżona,0.0,"Werdykt OK, ale najsilniejsze lokalne odstępstwo występuje w paśmie 17–18 kHz; amplituda jest obniżona.","{""mV_0"": 1.2912, ""mV_1"": 1.4511, ""mV_2"": 1.2003, ""mV_3"": 1.1909, ""mV_4"": 1.3028, ""mV_5"": 1.361, ""mV_6"": 1.2237, ""mV_7"": 0.9597, ""mV_8"": 0.8652, ""mV_9"": 0.7849, ""mV_10"": 0.4393, ""mV_11"": 0.117, ""mV_12"": 0.0612, ""mV_13"": 0.2127, ""mV_14"": 0.4308, ""mV_15"": 0.7539, ""mV_16"": 1.4514, ""mV_17"": 2.0596, ""mV_18"": 2.0008, ""mV_19"": 1.775, ""mV_20"": 1.3064}",False,ok,nie_dotyczy,1.0,1.0,0.0,,0,soft_vote_knn5_ridge_observed_only
test_0008,15,pompa,male,1.0,1.0,1.0,0.5689269472888007,51,8–14 kHz,"mV_8,mV_9,mV_10,mV_11,mV_12,mV_13,mV_14",,0,2.8262004826181024,obniżona,0.9624202095148904,Podejrzenie pompa: najbardziej nietypowe jest pasmo 8–14 kHz; amplituda jest obniżona względem zdrowej referencji.,"{""mV_0"": 0.0673, ""mV_1"": 0.2734, ""mV_2"": 1.215, ""mV_3"": 2.4557, ""mV_4"": 2.4201, ""mV_5"": 1.6956, ""mV_6"": 1.6067, ""mV_7"": 1.9306, ""mV_8"": 2.214, ""mV_9"": 2.34, ""mV_10"": 2.4775, ""mV_11"": 2.7106, ""mV_12"": 2.8262, ""mV_13"": 2.7753, ""mV_14"": 2.3501, ""mV_15"": 1.4489, ""mV_16"": 0.6135, ""mV_17"": 0.3541, ""mV_18"": 0.3948, ""mV_19"": 0.3836, ""mV_20"": 0.3726}",False,pompa,male,1.0,1.0,0.0,,0,soft_vote_knn5_ridge_observed_only
test_0008,16,ok,nie_dotyczy,1.0,1.0,1.0,0.8283885152504336,51,brak,,,0,1.6356379558963794,brak istotnego odchylenia,0.0,Werdykt OK: brak zmierzonego pasma przekraczającego próg anomalii.,"{""mV_0"": 0.1692, ""mV_1"": 0.319, ""mV_2"": 0.5848, ""mV_3"": 1.2605, ""mV_4"": 1.6356, ""mV_5"": 1.5601, ""mV_6"": 1.4612, ""mV_7"": 1.2757, ""mV_8"": 0.989, ""mV_9"": 0.7525, ""mV_10"": 0.6164, ""mV_11"": 0.6069, ""mV_12"": 0.7748, ""mV_13"": 0.9263, ""mV_14"": 0.9813, ""mV_15"": 1.0545, ""mV_16"": 0.9369, ""mV_17"": 0.6552, ""mV_18"": 0.7212, ""mV_19"": 1.2005, ""mV_20"": 1.2027}",False,ok,nie_dotyczy,1.0,1.0,0.0,,0,soft_vote_knn5_ridge_observed_only
test_0009,1,ok,nie_dotyczy,1.0,1.0,1.0,0.8373442579519785,51,brak,,mV_0,1,1.5506194401032563,brak istotnego odchylenia,0.0,Werdykt OK: brak zmierzonego pasma przekraczającego próg anomalii.,"{""mV_0"": null, ""mV_1"": 0.2654, ""mV_2"": 0.1697, ""mV_3"": 0.1249, ""mV_4"": 0.2193, ""mV_5"": 0.363, ""mV_6"": 0.6388, ""mV_7"": 0.7036, ""mV_8"": 0.5134, ""mV_9"": 0.4165, ""mV_10"": 0.4196, ""mV_11"": 0.483, ""mV_12"": 0.5083, ""mV_13"": 0.5083, ""mV_14"": 0.7122, ""mV_15"": 1.1279, ""mV_16"": 1.4949, ""mV_17"": 1.5506, ""mV_18"": 1.3914, ""mV_19"": 1.2404, ""mV_20"": 0.8467}",False,ok,nie_dotyczy,1.0,1.0,0.0,,0,soft_vote_knn5_ridge_observed_only
test_0009,2,ok,nie_dotyczy,1.0,1.0,1.0,0.7825063561288691,51,7–10 kHz,"mV_7,mV_8,mV_9,mV_10","mV_2,mV_16",2,2.6006908520459047,podwyższona,0.0,"Werdykt OK, ale najsilniejsze lokalne odstępstwo występuje w paśmie 7–10 kHz; amplituda jest podwyższona.","{""mV_0"": 1.3883, ""mV_1"": 1.3305, ""mV_2"": null, ""mV_3"": 0.7448, ""mV_4"": 1.3828, ""mV_5"": 1.8033, ""mV_6"": 1.9683, ""mV_7"": 2.2522, ""mV_8"": 2.6007, ""mV_9"": 2.579, ""mV_10"": 2.2533, ""mV_11"": 1.9468, ""mV_12"": 1.8907, ""mV_13"": 1.9782, ""mV_14"": 2.0685, ""mV_15"": 1.607, ""mV_16"": null, ""mV_17"": 2.2136, ""mV_18"": 2.5984, ""mV_19"": 2.1981, ""mV_20"": 1.526}",False,ok,nie_dotyczy,1.0,1.0,0.0,,0,soft_vote_knn5_ridge_observed_only
test_0009,3,ok,nie_dotyczy,1.0,1.0,1.0,0.7738186842488974,51,brak,,,0,1.6822710692173746,brak istotnego odchylenia,0.0,Werdykt OK: brak zmierzonego pasma przekraczającego próg anomalii.,"{""mV_0"": 0.0659, ""mV_1"": 0.3808, ""mV_2"": 0.9619, ""mV_3"": 1.3024, ""mV_4"": 1.3102, ""mV_5"": 1.3781, ""mV_6"": 1.5233, ""mV_7"": 1.3425, ""mV_8"": 1.0216, ""mV_9"": 0.9469, ""mV_10"": 0.9511, ""mV_11"": 0.9884, ""mV_12"": 1.1212, ""mV_13"": 1.3517, ""mV_14"": 1.5183, ""mV_15"": 1.4038, ""mV_16"": 1.154, ""mV_17"": 1.0707, ""mV_18"": 1.3153, ""mV_19"": 1.6823, ""mV_20"": 1.3844}",False,ok,nie_dotyczy,1.0,1.0,0.0,,0,soft_vote_knn5_ridge_observed_only
test_0009,4,ok,nie_dotyczy,1.0,1.0,1.0,0.812346194634356,51,brak,,"mV_7,mV_12,mV_16",3,1.0178913811087895,brak istotnego odchylenia,0.0,Werdykt OK: brak zmierzonego pasma przekraczającego próg anomalii.,"{""mV_0"": 0.3683, ""mV_1"": 0.6637, ""mV_2"": 0.569, ""mV_3"": 0.3097, ""mV_4"": 0.359, ""mV_5"": 0.6769, ""mV_6"": 0.7151, ""mV_7"": null, ""mV_8"": 0.2074, ""mV_9"": 0.3791, ""mV_10"": 0.444, ""mV_11"": 0.3738, ""mV_12"": null, ""mV_13"": 0.757, ""mV_14"": 1.0179, ""mV_15"": 0.7016, ""mV_16"": null, ""mV_17"": 0.2175, ""mV_18"": 0.4482, ""mV_19"": 0.5377, ""mV_20"": 0.3732}",False,ok,nie_dotyczy,1.0,1.0,0.0,,0,soft_vote_knn5_ridge_observed_only
test_0009,5,zakoksowany,male,1.0,1.0,1.0,0.6984982270040161,51,13–19 kHz,"mV_13,mV_14,mV_15,mV_16,mV_17,mV_18,mV_19",,0,5.058874291370623,podwyższona,0.9708937567571251,Podejrzenie zakoksowany: najbardziej nietypowe jest pasmo 13–19 kHz; amplituda jest podwyższona względem zdrowej referencji.,"{""mV_0"": 0.586, ""mV_1"": 0.9252, ""mV_2"": 1.3761, ""mV_3"": 1.7172, ""mV_4"": 1.5789, ""mV_5"": 1.1828, ""mV_6"": 0.6563, ""mV_7"": 0.3805, ""mV_8"": 1.4823, ""mV_9"": 2.7934, ""mV_10"": 2.093, ""mV_11"": 1.2522, ""mV_12"": 1.8988, ""mV_13"": 2.8512, ""mV_14"": 3.7372, ""mV_15"": 4.6052, ""mV_16"": 5.0589, ""mV_17"": 4.7621, ""mV_18"": 3.901, ""mV_19"": 3.2175, ""mV_20"": 2.2963}",False,zakoksowany,male,1.0,1.0,0.0,,0,soft_vote_knn5_ridge_observed_only
test_0009,6,lejacy,male,1.0,1.0,1.0,0.7257124656036558,51,6–20 kHz,"mV_6,mV_7,mV_8,mV_9,mV_10,mV_11,mV_12,mV_13,mV_14,mV_15,mV_16,mV_17,mV_18,mV_19,mV_20",,0,8.98943764253858,obniżona,0.9881141621919429,Podejrzenie lejacy: najbardziej nietypowe jest pasmo 6–20 kHz; amplituda jest obniżona względem zdrowej referencji.,"{""mV_0"": 0.6864, ""mV_1"": 0.7689, ""mV_2"": 0.732, ""mV_3"": 1.7569, ""mV_4"": 3.6146, ""mV_5"": 4.8493, ""mV_6"": 5.1987, ""mV_7"": 5.2339, ""mV_8"": 5.4088, ""mV_9"": 5.8208, ""mV_10"": 6.4209, ""mV_11"": 7.3672, ""mV_12"": 8.2198, ""mV_13"": 8.7527, ""mV_14"": 8.9894, ""mV_15"": 8.5832, ""mV_16"": 7.6845, ""mV_17"": 6.6248, ""mV_18"": 6.0551, ""mV_19"": 6.5927, ""mV_20"": 5.5149}",False,lejacy,male,1.0,1.0,0.0,,0,soft_vote_knn5_ridge_observed_only
test_0009,7,zakoksowany,srednie,1.0,1.0,1.0,0.7553568369811144,51,13–16 kHz,"mV_13,mV_14,mV_15,mV_16",mV_17,1,6.392815698758213,podwyższona,0.9819695163076465,Podejrzenie zakoksowany: najbardziej nietypowe jest pasmo 13–16 kHz; amplituda jest podwyższona względem zdrowej referencji.,"{""mV_0"": 2.4652, ""mV_1"": 2.3351, ""mV_2"": 1.2109, ""mV_3"": 1.1058, ""mV_4"": 1.2193, ""mV_5"": 0.8734, ""mV_6"": 0.4653, ""mV_7"": 0.6644, ""mV_8"": 2.716, ""mV_9"": 4.7366, ""mV_10"": 3.5086, ""mV_11"": 1.9646, ""mV_12"": 2.7735, ""mV_13"": 4.039, ""mV_14"": 5.1623, ""mV_15"": 6.3928, ""mV_16"": 5.3505, ""mV_17"": null, ""mV_18"": 2.7756, ""mV_19"": 3.0291, ""mV_20"": 1.9927}",False,zakoksowany,srednie,1.0,1.0,0.0,,0,soft_vote_knn5_ridge_observed_only
test_0009,8,ok,nie_dotyczy,1.0,1.0,1.0,0.7451592380410561,51,9–11 kHz,"mV_9,mV_10,mV_11",mV_3,1,2.337620624593179,obniżona,0.0,"Werdykt OK, ale najsilniejsze lokalne odstępstwo występuje w paśmie 9–11 kHz; amplituda jest obniżona.","{""mV_0"": 1.0005, ""mV_1"": 1.1541, ""mV_2"": 0.6428, ""mV_3"": null, ""mV_4"": 0.6406, ""mV_5"": 0.9878, ""mV_6"": 1.2832, ""mV_7"": 1.4362, ""mV_8"": 1.5894, ""mV_9"": 2.0271, ""mV_10"": 2.3376, ""mV_11"": 2.2776, ""mV_12"": 1.9841, ""mV_13"": 1.7515, ""mV_14"": 1.6714, ""mV_15"": 1.5325, ""mV_16"": 1.2973, ""mV_17"": 1.3025, ""mV_18"": 1.7436, ""mV_19"": 2.0912, ""mV_20"": 1.5972}",False,ok,nie_dotyczy,1.0,1.0,0.0,,0,soft_vote_knn5_ridge_observed_only
test_0009,9,lejacy,male,1.0,1.0,1.0,0.7258055761155868,51,6–20 kHz,"mV_6,mV_7,mV_8,mV_9,mV_10,mV_11,mV_12,mV_13,mV_14,mV_15,mV_16,mV_17,mV_18,mV_19,mV_20",mV_4,1,8.232772015764924,obniżona,0.9905219555677443,Podejrzenie lejacy: najbardziej nietypowe jest pasmo 6–20 kHz; amplituda jest obniżona względem zdrowej referencji.,"{""mV_0"": 0.5348, ""mV_1"": 0.8231, ""mV_2"": 1.1031, ""mV_3"": 1.1236, ""mV_4"": null, ""mV_5"": 3.9532, ""mV_6"": 5.124, ""mV_7"": 4.9413, ""mV_8"": 5.183, ""mV_9"": 5.8128, ""mV_10"": 6.5083, ""mV_11"": 7.3245, ""mV_12"": 7.8988, ""mV_13"": 8.1391, ""mV_14"": 8.2328, ""mV_15"": 7.9401, ""mV_16"": 7.2885, ""mV_17"": 6.4363, ""mV_18"": 6.0063, ""mV_19"": 6.606, ""mV_20"": 5.5232}",False,lejacy,male,1.0,1.0,0.0,,0,soft_vote_knn5_ridge_observed_only
test_0009,10,ok,nie_dotyczy,1.0,1.0,1.0,0.7759618994378081,51,7–10 kHz,"mV_7,mV_8,mV_9,mV_10",mV_17,1,2.4199383150414313,podwyższona,0.0,"Werdykt OK, ale najsilniejsze lokalne odstępstwo występuje w paśmie 7–10 kHz; amplituda jest podwyższona.","{""mV_0"": 1.5606, ""mV_1"": 1.5861, ""mV_2"": 1.1431, ""mV_3"": 1.2161, ""mV_4"": 1.5155, ""mV_5"": 1.7569, ""mV_6"": 1.8831, ""mV_7"": 2.1366, ""mV_8"": 2.4199, ""mV_9"": 2.349, ""mV_10"": 2.0076, ""mV_11"": 1.5755, ""mV_12"": 1.2321, ""mV_13"": 1.1111, ""mV_14"": 1.255, ""mV_15"": 1.6563, ""mV_16"": 1.5049, ""mV_17"": null, ""mV_18"": 1.6101, ""mV_19"": 2.2204, ""mV_20"": 1.7628}",False,ok,nie_dotyczy,1.0,1.0,0.0,,0,soft_vote_knn5_ridge_observed_only
test_0009,11,ok,nie_dotyczy,1.0,1.0,1.0,0.8204800294358621,51,brak,,mV_15,1,0.9578432457122802,brak istotnego odchylenia,0.0,Werdykt OK: brak zmierzonego pasma przekraczającego próg anomalii.,"{""mV_0"": 0.9119, ""mV_1"": 0.867, ""mV_2"": 0.324, ""mV_3"": 0.1759, ""mV_4"": 0.2665, ""mV_5"": 0.1861, ""mV_6"": 0.1765, ""mV_7"": 0.5376, ""mV_8"": 0.9203, ""mV_9"": 0.9201, ""mV_10"": 0.6784, ""mV_11"": 0.4509, ""mV_12"": 0.391, ""mV_13"": 0.383, ""mV_14"": 0.2497, ""mV_15"": null, ""mV_16"": 0.6693, ""mV_17"": 0.9578, ""mV_18"": 0.7938, ""mV_19"": 0.512, ""mV_20"": 0.2782}",False,ok,nie_dotyczy,1.0,1.0,0.0,,0,soft_vote_knn5_ridge_observed_only
test_0009,12,ok,nie_dotyczy,1.0,1.0,1.0,0.8411729644178654,51,brak,,mV_4,1,0.8865634785552812,brak istotnego odchylenia,0.0,Werdykt OK: brak zmierzonego pasma przekraczającego próg anomalii.,"{""mV_0"": 0.6286, ""mV_1"": 0.6319, ""mV_2"": 0.7593, ""mV_3"": 0.7205, ""mV_4"": null, ""mV_5"": 0.0859, ""mV_6"": 0.1682, ""mV_7"": 0.386, ""mV_8"": 0.7337, ""mV_9"": 0.8866, ""mV_10"": 0.8656, ""mV_11"": 0.8238, ""mV_12"": 0.819, ""mV_13"": 0.8042, ""mV_14"": 0.7008, ""mV_15"": 0.5165, ""mV_16"": 0.3004, ""mV_17"": 0.277, ""mV_18"": 0.4708, ""mV_19"": 0.5151, ""mV_20"": 0.2966}",False,ok,nie_dotyczy,1.0,1.0,0.0,,0,soft_vote_knn5_ridge_observed_only
test_0009,13,ok,nie_dotyczy,1.0,1.0,1.0,0.7890083990852308,51,brak,,"mV_14,mV_20",2,1.3326094672466022,brak istotnego odchylenia,0.0,Werdykt OK: brak zmierzonego pasma przekraczającego próg anomalii.,"{""mV_0"": 0.4566, ""mV_1"": 0.5247, ""mV_2"": 0.9397, ""mV_3"": 1.3326, ""mV_4"": 1.2217, ""mV_5"": 0.9433, ""mV_6"": 0.6432, ""mV_7"": 0.5804, ""mV_8"": 0.6262, ""mV_9"": 0.3645, ""mV_10"": 0.1832, ""mV_11"": 0.2662, ""mV_12"": 0.2495, ""mV_13"": 0.119, ""mV_14"": null, ""mV_15"": 0.6294, ""mV_16"": 1.1327, ""mV_17"": 1.3172, ""mV_18"": 1.1356, ""mV_19"": 0.7224, ""mV_20"": null}",False,ok,nie_dotyczy,1.0,1.0,0.0,,0,soft_vote_knn5_ridge_observed_only
test_0009,14,ok,nie_dotyczy,1.0,1.0,1.0,0.8322373090839045,51,brak,,mV_8,1,1.017184495331428,brak istotnego odchylenia,0.0,Werdykt OK: brak zmierzonego pasma przekraczającego próg anomalii.,"{""mV_0"": 0.171, ""mV_1"": 0.3533, ""mV_2"": 0.3167, ""mV_3"": 0.2939, ""mV_4"": 0.276, ""mV_5"": 0.1819, ""mV_6"": 0.091, ""mV_7"": 0.0462, ""mV_8"": null, ""mV_9"": 0.1114, ""mV_10"": 0.2206, ""mV_11"": 0.5261, ""mV_12"": 0.793, ""mV_13"": 0.9236, ""mV_14"": 0.9491, ""mV_15"": 0.7786, ""mV_16"": 0.4948, ""mV_17"": 0.4264, ""mV_18"": 0.7489, ""mV_19"": 1.0172, ""mV_20"": 0.7624}",False,ok,nie_dotyczy,1.0,1.0,0.0,,0,soft_vote_knn5_ridge_observed_only
test_0009,15,ok,nie_dotyczy,1.0,1.0,1.0,0.8248868518047476,51,brak,,,0,1.6166982474681573,brak istotnego odchylenia,0.0,Werdykt OK: brak zmierzonego pasma przekraczającego próg anomalii.,"{""mV_0"": 0.8541, ""mV_1"": 0.7809, ""mV_2"": 0.3789, ""mV_3"": 0.2097, ""mV_4"": 0.3473, ""mV_5"": 0.6661, ""mV_6"": 0.8743, ""mV_7"": 1.1543, ""mV_8"": 1.5084, ""mV_9"": 1.6167, ""mV_10"": 1.5089, ""mV_11"": 1.2683, ""mV_12"": 0.9814, ""mV_13"": 0.6732, ""mV_14"": 0.4357, ""mV_15"": 0.4305, ""mV_16"": 0.5716, ""mV_17"": 0.6248, ""mV_18"": 0.5431, ""mV_19"": 0.5744, ""mV_20"": 0.5309}",False,ok,nie_dotyczy,1.0,1.0,0.0,,0,soft_vote_knn5_ridge_observed_only
test_0009,16,ok,nie_dotyczy,1.0,1.0,1.0,0.8451676088205204,51,brak,,,0,1.121228715005022,brak istotnego odchylenia,0.0,Werdykt OK: brak zmierzonego pasma przekraczającego próg anomalii.,"{""mV_0"": 0.2151, ""mV_1"": 0.6625, ""mV_2"": 1.1212, ""mV_3"": 1.1157, ""mV_4"": 0.7361, ""mV_5"": 0.4394, ""mV_6"": 0.3719, ""mV_7"": 0.3489, ""mV_8"": 0.2956, ""mV_9"": 0.3069, ""mV_10"": 0.3557, ""mV_11"": 0.2884, ""mV_12"": 0.1548, ""mV_13"": 0.1015, ""mV_14"": 0.1624, ""mV_15"": 0.2863, ""mV_16"": 0.4252, ""mV_17"": 0.5393, ""mV_18"": 0.6092, ""mV_19"": 0.598, ""mV_20"": 0.378}",False,ok,nie_dotyczy,1.0,1.0,0.0,,0,soft_vote_knn5_ridge_observed_only
test_0010,1,ok,nie_dotyczy,1.0,1.0,1.0,0.8019201007760466,51,brak,,mV_20,1,0.8304513455113207,brak istotnego odchylenia,0.0,Werdykt OK: brak zmierzonego pasma przekraczającego próg anomalii.,"{""mV_0"": 0.5083, ""mV_1"": 0.4447, ""mV_2"": 0.1823, ""mV_3"": 0.131, ""mV_4"": 0.2005, ""mV_5"": 0.194, ""mV_6"": 0.1309, ""mV_7"": 0.154, ""mV_8"": 0.2417, ""mV_9"": 0.466, ""mV_10"": 0.7886, ""mV_11"": 0.8305, ""mV_12"": 0.6204, ""mV_13"": 0.462, ""mV_14"": 0.2995, ""mV_15"": 0.2001, ""mV_16"": 0.2354, ""mV_17"": 0.3159, ""mV_18"": 0.377, ""mV_19"": 0.2388, ""mV_20"": null}",False,ok,nie_dotyczy,1.0,1.0,0.0,,0,soft_vote_knn5_ridge_observed_only
test_0010,2,unknown,nie_dotyczy,0.9803921568627451,0.9803921568627451,0.9803921568627451,0.7138027086107563,51,0–6 kHz,"mV_0,mV_1,mV_2,mV_3,mV_4,mV_5,mV_6",,0,8.951608933094999,obniżona,0.23442918251721787,Podejrzenie unknown: najbardziej nietypowe jest pasmo 0–6 kHz; amplituda jest obniżona względem zdrowej referencji.,"{""mV_0"": 5.2152, ""mV_1"": 5.6035, ""mV_2"": 4.9872, ""mV_3"": 6.3223, ""mV_4"": 8.0641, ""mV_5"": 8.9516, ""mV_6"": 6.8042, ""mV_7"": 2.3435, ""mV_8"": 0.2204, ""mV_9"": 0.4561, ""mV_10"": 1.4964, ""mV_11"": 3.2443, ""mV_12"": 4.6044, ""mV_13"": 4.7331, ""mV_14"": 3.6942, ""mV_15"": 2.7861, ""mV_16"": 3.2931, ""mV_17"": 4.7362, ""mV_18"": 6.0398, ""mV_19"": 6.911, ""mV_20"": 5.4949}",False,unknown,nie_dotyczy,0.9803921568627451,0.9803921568627451,0.0,,0,soft_vote_knn5_ridge_observed_only
test_0010,3,ok,nie_dotyczy,1.0,1.0,1.0,0.8218904951928492,51,brak,,,0,1.6576663818355808,brak istotnego odchylenia,0.0,Werdykt OK: brak zmierzonego pasma przekraczającego próg anomalii.,"{""mV_0"": 0.8295, ""mV_1"": 1.0885, ""mV_2"": 1.0493, ""mV_3"": 1.0661, ""mV_4"": 1.1653, ""mV_5"": 1.2283, ""mV_6"": 1.1058, ""mV_7"": 0.9142, ""mV_8"": 0.9053, ""mV_9"": 0.9624, ""mV_10"": 0.871, ""mV_11"": 0.8242, ""mV_12"": 0.868, ""mV_13"": 0.834, ""mV_14"": 0.8917, ""mV_15"": 1.2068, ""mV_16"": 1.5732, ""mV_17"": 1.6577, ""mV_18"": 1.401, ""mV_19"": 1.325, ""mV_20"": 1.2109}",False,ok,nie_dotyczy,1.0,1.0,0.0,,0,soft_vote_knn5_ridge_observed_only
test_0010,4,ok,nie_dotyczy,1.0,1.0,1.0,0.8206771839393097,51,brak,,,0,1.5755405463114707,brak istotnego odchylenia,0.0,Werdykt OK: brak zmierzonego pasma przekraczającego próg anomalii.,"{""mV_0"": 0.1657, ""mV_1"": 0.3328, ""mV_2"": 0.9689, ""mV_3"": 1.5755, ""mV_4"": 1.3135, ""mV_5"": 0.6468, ""mV_6"": 0.331, ""mV_7"": 0.3764, ""mV_8"": 0.5254, ""mV_9"": 0.5522, ""mV_10"": 0.3688, ""mV_11"": 0.2468, ""mV_12"": 0.3107, ""mV_13"": 0.316, ""mV_14"": 0.2094, ""mV_15"": 0.1293, ""mV_16"": 0.1478, ""mV_17"": 0.1643, ""mV_18"": 0.2599, ""mV_19"": 0.5125, ""mV_20"": 0.4891}",False,ok,nie_dotyczy,1.0,1.0,0.0,,0,soft_vote_knn5_ridge_observed_only
test_0010,5,ok,nie_dotyczy,1.0,1.0,1.0,0.8075206066132994,51,brak,,"mV_16,mV_19",2,0.5257752121098248,brak istotnego odchylenia,0.0,Werdykt OK: brak zmierzonego pasma przekraczającego próg anomalii.,"{""mV_0"": 0.2126, ""mV_1"": 0.2404, ""mV_2"": 0.2866, ""mV_3"": 0.3408, ""mV_4"": 0.2575, ""mV_5"": 0.2187, ""mV_6"": 0.1793, ""mV_7"": 0.0794, ""mV_8"": 0.0991, ""mV_9"": 0.269, ""mV_10"": 0.4944, ""mV_11"": 0.5258, ""mV_12"": 0.3142, ""mV_13"": 0.151, ""mV_14"": 0.1329, ""mV_15"": 0.1257, ""mV_16"": null, ""mV_17"": 0.3671, ""mV_18"": 0.5063, ""mV_19"": null, ""mV_20"": 0.0836}",False,ok,nie_dotyczy,1.0,1.0,0.0,,0,soft_vote_knn5_ridge_observed_only
test_0010,6,unknown,nie_dotyczy,0.803921568627451,0.803921568627451,0.803921568627451,0.6856112618190326,51,9–12 kHz,"mV_9,mV_10,mV_11,mV_12",,0,12.217941354919738,obniżona,0.6706699835545177,Podejrzenie unknown: najbardziej nietypowe jest pasmo 9–12 kHz; amplituda jest obniżona względem zdrowej referencji.,"{""mV_0"": 0.9017, ""mV_1"": 3.3438, ""mV_2"": 5.3047, ""mV_3"": 4.4699, ""mV_4"": 2.3195, ""mV_5"": 1.9116, ""mV_6"": 3.6239, ""mV_7"": 5.4936, ""mV_8"": 6.269, ""mV_9"": 7.0971, ""mV_10"": 9.7081, ""mV_11"": 12.2179, ""mV_12"": 9.5155, ""mV_13"": 3.4702, ""mV_14"": 0.9012, ""mV_15"": 1.1138, ""mV_16"": 2.3124, ""mV_17"": 4.7385, ""mV_18"": 6.5951, ""mV_19"": 7.0382, ""mV_20"": 5.0583}",False,unknown,nie_dotyczy,0.803921568627451,0.803921568627451,0.0,,0,soft_vote_knn5_ridge_observed_only
test_0010,7,lejacy,duze,1.0,1.0,1.0,0.7056042811186217,51,3–20 kHz,"mV_3,mV_4,mV_5,mV_6,mV_7,mV_8,mV_9,mV_10,mV_11,mV_12,mV_13,mV_14,mV_15,mV_16,mV_17,mV_18,mV_19,mV_20",,0,16.030016169812846,obniżona,0.9811683860336751,Podejrzenie lejacy: najbardziej nietypowe jest pasmo 3–20 kHz; amplituda jest obniżona względem zdrowej referencji.,"{""mV_0"": 0.9046, ""mV_1"": 3.8006, ""mV_2"": 8.1799, ""mV_3"": 10.4067, ""mV_4"": 10.3198, ""mV_5"": 10.6051, ""mV_6"": 10.95, ""mV_7"": 11.0956, ""mV_8"": 11.793, ""mV_9"": 12.5678, ""mV_10"": 13.3001, ""mV_11"": 14.2975, ""mV_12"": 15.0399, ""mV_13"": 15.3845, ""mV_14"": 15.6963, ""mV_15"": 16.03, ""mV_16"": 15.9781, ""mV_17"": 14.6023, ""mV_18"": 13.2367, ""mV_19"": 14.1959, ""mV_20"": 11.863}",False,lejacy,duze,1.0,1.0,0.0,,0,soft_vote_knn5_ridge_observed_only
test_0010,8,iglica,srednie,0.9803921568627451,1.0,0.9803921568627451,0.7998664385351734,51,7–20 kHz,"mV_7,mV_8,mV_9,mV_10,mV_11,mV_12,mV_13,mV_14,mV_15,mV_16,mV_17,mV_18,mV_19,mV_20",,0,5.069169037356929,obniżona,0.9790474395638525,Podejrzenie iglica: najbardziej nietypowe jest pasmo 7–20 kHz; amplituda jest obniżona względem zdrowej referencji.,"{""mV_0"": 0.1018, ""mV_1"": 0.5975, ""mV_2"": 1.2956, ""mV_3"": 1.1425, ""mV_4"": 0.7436, ""mV_5"": 1.4384, ""mV_6"": 2.7407, ""mV_7"": 3.4843, ""mV_8"": 4.1821, ""mV_9"": 4.9609, ""mV_10"": 4.9544, ""mV_11"": 4.3791, ""mV_12"": 4.0841, ""mV_13"": 4.6589, ""mV_14"": 5.0692, ""mV_15"": 4.0938, ""mV_16"": 3.0658, ""mV_17"": 2.8303, ""mV_18"": 2.8064, ""mV_19"": 3.4361, ""mV_20"": 3.1653}",False,iglica,srednie,0.9803921568627451,0.9803921568627451,0.0,,0,soft_vote_knn5_ridge_observed_only
test_0010,9,ok,nie_dotyczy,1.0,1.0,1.0,0.7794784247897311,51,16–18 kHz,"mV_16,mV_17,mV_18","mV_2,mV_6,mV_20",3,2.3583626287816,podwyższona,0.0,"Werdykt OK, ale najsilniejsze lokalne odstępstwo występuje w paśmie 16–18 kHz; amplituda jest podwyższona.","{""mV_0"": 0.5378, ""mV_1"": 0.5792, ""mV_2"": null, ""mV_3"": 0.8907, ""mV_4"": 1.6445, ""mV_5"": 1.5287, ""mV_6"": null, ""mV_7"": 1.0632, ""mV_8"": 1.2464, ""mV_9"": 1.0711, ""mV_10"": 0.9692, ""mV_11"": 1.0226, ""mV_12"": 1.1268, ""mV_13"": 1.0952, ""mV_14"": 1.1889, ""mV_15"": 1.6317, ""mV_16"": 2.1693, ""mV_17"": 2.3584, ""mV_18"": 2.0495, ""mV_19"": 1.2468, ""mV_20"": null}",False,ok,nie_dotyczy,1.0,1.0,0.0,,0,soft_vote_knn5_ridge_observed_only
test_0010,10,ok,nie_dotyczy,1.0,1.0,1.0,0.7900986354566045,51,16–18 kHz,"mV_16,mV_17,mV_18",mV_6,1,2.6028269894777174,podwyższona,0.0,"Werdykt OK, ale najsilniejsze lokalne odstępstwo występuje w paśmie 16–18 kHz; amplituda jest podwyższona.","{""mV_0"": 0.1967, ""mV_1"": 0.4047, ""mV_2"": 1.1118, ""mV_3"": 1.8648, ""mV_4"": 2.2638, ""mV_5"": 1.8639, ""mV_6"": null, ""mV_7"": 1.1987, ""mV_8"": 1.4516, ""mV_9"": 1.3004, ""mV_10"": 1.0482, ""mV_11"": 0.8696, ""mV_12"": 0.9509, ""mV_13"": 1.0602, ""mV_14"": 1.1748, ""mV_15"": 1.5678, ""mV_16"": 2.2229, ""mV_17"": 2.6028, ""mV_18"": 2.2783, ""mV_19"": 1.6982, ""mV_20"": 1.1401}",False,ok,nie_dotyczy,1.0,1.0,0.0,,0,soft_vote_knn5_ridge_observed_only
test_0010,11,ok,nie_dotyczy,1.0,1.0,1.0,0.8254371431029286,51,brak,,"mV_8,mV_13,mV_19",3,1.473350993846522,brak istotnego odchylenia,0.0,Werdykt OK: brak zmierzonego pasma przekraczającego próg anomalii.,"{""mV_0"": 0.1726, ""mV_1"": 0.4305, ""mV_2"": 1.0496, ""mV_3"": 1.4734, ""mV_4"": 1.1066, ""mV_5"": 0.528, ""mV_6"": 0.3059, ""mV_7"": 0.2175, ""mV_8"": null, ""mV_9"": 0.1158, ""mV_10"": 0.312, ""mV_11"": 0.4659, ""mV_12"": 0.4229, ""mV_13"": null, ""mV_14"": 0.1896, ""mV_15"": 0.2186, ""mV_16"": 0.2052, ""mV_17"": 0.251, ""mV_18"": 0.1686, ""mV_19"": null, ""mV_20"": 0.0018}",False,ok,nie_dotyczy,1.0,1.0,0.0,,0,soft_vote_knn5_ridge_observed_only
test_0010,12,ok,nie_dotyczy,1.0,1.0,1.0,0.8388929259377667,51,brak,,mV_8,1,1.5753936245951192,brak istotnego odchylenia,0.0,Werdykt OK: brak zmierzonego pasma przekraczającego próg anomalii.,"{""mV_0"": 0.3143, ""mV_1"": 0.6291, ""mV_2"": 0.5803, ""mV_3"": 0.2555, ""mV_4"": 0.2268, ""mV_5"": 0.4964, ""mV_6"": 0.6474, ""mV_7"": 0.4764, ""mV_8"": null, ""mV_9"": 0.6547, ""mV_10"": 0.9824, ""mV_11"": 1.1381, ""mV_12"": 1.2518, ""mV_13"": 1.1678, ""mV_14"": 0.906, ""mV_15"": 0.6806, ""mV_16"": 0.7711, ""mV_17"": 1.2288, ""mV_18"": 1.5754, ""mV_19"": 1.4842, ""mV_20"": 0.9946}",False,ok,nie_dotyczy,1.0,1.0,0.0,,0,soft_vote_knn5_ridge_observed_only
test_0010,13,ok,nie_dotyczy,1.0,1.0,1.0,0.8134381081530795,51,brak,,"mV_8,mV_17",2,1.336146032917116,brak istotnego odchylenia,0.0,Werdykt OK: brak zmierzonego pasma przekraczającego próg anomalii.,"{""mV_0"": 0.5779, ""mV_1"": 0.5078, ""mV_2"": 0.2027, ""mV_3"": 0.1224, ""mV_4"": 0.2202, ""mV_5"": 0.4559, ""mV_6"": 0.819, ""mV_7"": 0.8074, ""mV_8"": null, ""mV_9"": 0.9562, ""mV_10"": 1.3361, ""mV_11"": 1.2104, ""mV_12"": 0.8953, ""mV_13"": 0.6668, ""mV_14"": 0.5598, ""mV_15"": 0.576, ""mV_16"": 0.4913, ""mV_17"": null, ""mV_18"": 0.2029, ""mV_19"": 0.3519, ""mV_20"": 0.2925}",False,ok,nie_dotyczy,1.0,1.0,0.0,,0,soft_vote_knn5_ridge_observed_only
test_0010,14,ok,nie_dotyczy,1.0,1.0,1.0,0.8306692568058045,51,brak,,"mV_6,mV_17",2,0.851456889248805,brak istotnego odchylenia,0.0,Werdykt OK: brak zmierzonego pasma przekraczającego próg anomalii.,"{""mV_0"": 0.2794, ""mV_1"": 0.4477, ""mV_2"": 0.4012, ""mV_3"": 0.2325, ""mV_4"": 0.1788, ""mV_5"": 0.2127, ""mV_6"": null, ""mV_7"": 0.0259, ""mV_8"": 0.0457, ""mV_9"": 0.0421, ""mV_10"": 0.039, ""mV_11"": 0.0534, ""mV_12"": 0.1714, ""mV_13"": 0.4289, ""mV_14"": 0.6812, ""mV_15"": 0.8515, ""mV_16"": 0.7168, ""mV_17"": null, ""mV_18"": 0.3291, ""mV_19"": 0.239, ""mV_20"": 0.0952}",False,ok,nie_dotyczy,1.0,1.0,0.0,,0,soft_vote_knn5_ridge_observed_only
test_0010,15,ok,nie_dotyczy,1.0,1.0,1.0,0.7887274548391396,51,14–16 kHz,"mV_14,mV_15,mV_16",mV_19,1,2.3723783199680355,obniżona,0.0,"Werdykt OK, ale najsilniejsze lokalne odstępstwo występuje w paśmie 14–16 kHz; amplituda jest obniżona.","{""mV_0"": 1.3205, ""mV_1"": 1.5311, ""mV_2"": 1.7079, ""mV_3"": 2.0533, ""mV_4"": 2.0078, ""mV_5"": 1.8514, ""mV_6"": 1.8354, ""mV_7"": 1.8169, ""mV_8"": 1.7463, ""mV_9"": 1.7582, ""mV_10"": 1.8658, ""mV_11"": 1.8501, ""mV_12"": 1.7324, ""mV_13"": 1.8281, ""mV_14"": 2.147, ""mV_15"": 2.3724, ""mV_16"": 2.2055, ""mV_17"": 1.6871, ""mV_18"": 0.9658, ""mV_19"": null, ""mV_20"": 0.8708}",False,ok,nie_dotyczy,1.0,1.0,0.0,,0,soft_vote_knn5_ridge_observed_only
test_0010,16,ok,nie_dotyczy,1.0,1.0,1.0,0.805391848631691,51,brak,,,0,1.619399260197211,brak istotnego odchylenia,0.0,Werdykt OK: brak zmierzonego pasma przekraczającego próg anomalii.,"{""mV_0"": 0.3339, ""mV_1"": 0.3802, ""mV_2"": 0.3878, ""mV_3"": 0.7307, ""mV_4"": 1.2896, ""mV_5"": 1.6194, ""mV_6"": 1.4351, ""mV_7"": 0.9691, ""mV_8"": 0.6971, ""mV_9"": 0.6318, ""mV_10"": 0.5216, ""mV_11"": 0.4615, ""mV_12"": 0.435, ""mV_13"": 0.2507, ""mV_14"": 0.0886, ""mV_15"": 0.1992, ""mV_16"": 0.6172, ""mV_17"": 1.081, ""mV_18"": 1.1263, ""mV_19"": 0.9649, ""mV_20"": 0.7873}",False,ok,nie_dotyczy,1.0,1.0,0.0,,0,soft_vote_knn5_ridge_observed_only
test_0011,1,ok,nie_dotyczy,1.0,1.0,1.0,0.7947111211984946,51,4–7 kHz,"mV_4,mV_5,mV_6,mV_7",,0,2.1443104561644892,obniżona,0.0,"Werdykt OK, ale najsilniejsze lokalne odstępstwo występuje w paśmie 4–7 kHz; amplituda jest obniżona.","{""mV_0"": 0.4097, ""mV_1"": 0.517, ""mV_2"": 0.9848, ""mV_3"": 1.6963, ""mV_4"": 2.0282, ""mV_5"": 2.1276, ""mV_6"": 2.1443, ""mV_7"": 2.0159, ""mV_8"": 1.8553, ""mV_9"": 1.662, ""mV_10"": 1.3875, ""mV_11"": 1.1833, ""mV_12"": 1.1015, ""mV_13"": 1.0374, ""mV_14"": 1.0016, ""mV_15"": 1.1029, ""mV_16"": 1.1992, ""mV_17"": 0.9116, ""mV_18"": 0.6896, ""mV_19"": 1.0978, ""mV_20"": 1.1326}",False,ok,nie_dotyczy,1.0,1.0,0.0,,0,soft_vote_knn5_ridge_observed_only
test_0011,2,ok,nie_dotyczy,1.0,1.0,1.0,0.8180649626736436,51,brak,,mV_20,1,1.7165345498837647,brak istotnego odchylenia,0.0,Werdykt OK: brak zmierzonego pasma przekraczającego próg anomalii.,"{""mV_0"": 1.0143, ""mV_1"": 1.1829, ""mV_2"": 0.8921, ""mV_3"": 0.5535, ""mV_4"": 0.506, ""mV_5"": 0.9303, ""mV_6"": 1.3911, ""mV_7"": 1.5923, ""mV_8"": 1.6905, ""mV_9"": 1.7165, ""mV_10"": 1.5537, ""mV_11"": 1.2626, ""mV_12"": 0.9633, ""mV_13"": 0.7829, ""mV_14"": 0.7994, ""mV_15"": 0.9426, ""mV_16"": 0.9535, ""mV_17"": 0.6624, ""mV_18"": 0.4946, ""mV_19"": 0.461, ""mV_20"": null}",False,ok,nie_dotyczy,1.0,1.0,0.0,,0,soft_vote_knn5_ridge_observed_only
test_0011,3,ok,nie_dotyczy,1.0,1.0,1.0,0.8200869598894966,51,3 kHz,mV_3,"mV_5,mV_9,mV_18",3,2.238531537733343,podwyższona,0.0,"Werdykt OK, ale najsilniejsze lokalne odstępstwo występuje w paśmie 3 kHz; amplituda jest podwyższona.","{""mV_0"": 0.4531, ""mV_1"": 0.8112, ""mV_2"": 1.4597, ""mV_3"": 2.2385, ""mV_4"": 1.9538, ""mV_5"": null, ""mV_6"": 1.2118, ""mV_7"": 1.3639, ""mV_8"": 0.8716, ""mV_9"": null, ""mV_10"": 1.1528, ""mV_11"": 1.4629, ""mV_12"": 1.4292, ""mV_13"": 1.6, ""mV_14"": 1.8107, ""mV_15"": 1.6652, ""mV_16"": 1.2129, ""mV_17"": 0.6988, ""mV_18"": null, ""mV_19"": 1.0991, ""mV_20"": 1.2332}",False,ok,nie_dotyczy,1.0,1.0,0.0,,0,soft_vote_knn5_ridge_observed_only
test_0011,4,ok,nie_dotyczy,1.0,1.0,1.0,0.8180976748822885,51,brak,,mV_10,1,0.6582091677436059,brak istotnego odchylenia,0.0,Werdykt OK: brak zmierzonego pasma przekraczającego próg anomalii.,"{""mV_0"": 0.3645, ""mV_1"": 0.4209, ""mV_2"": 0.6481, ""mV_3"": 0.6582, ""mV_4"": 0.2865, ""mV_5"": 0.136, ""mV_6"": 0.1783, ""mV_7"": 0.1373, ""mV_8"": 0.1116, ""mV_9"": 0.1123, ""mV_10"": null, ""mV_11"": 0.204, ""mV_12"": 0.2466, ""mV_13"": 0.1757, ""mV_14"": 0.1926, ""mV_15"": 0.3424, ""mV_16"": 0.3629, ""mV_17"": 0.3275, ""mV_18"": 0.3981, ""mV_19"": 0.3003, ""mV_20"": 0.1306}",False,ok,nie_dotyczy,1.0,1.0,0.0,,0,soft_vote_knn5_ridge_observed_only
test_0011,5,ok,nie_dotyczy,1.0,1.0,1.0,0.8555781281858246,51,brak,,mV_8,1,1.2073004658237039,brak istotnego odchylenia,0.0,Werdykt OK: brak zmierzonego pasma przekraczającego próg anomalii.,"{""mV_0"": 0.4599, ""mV_1"": 0.5095, ""mV_2"": 0.5023, ""mV_3"": 0.57, ""mV_4"": 0.6821, ""mV_5"": 0.9743, ""mV_6"": 1.2073, ""mV_7"": 0.9062, ""mV_8"": null, ""mV_9"": 0.5147, ""mV_10"": 0.44, ""mV_11"": 0.1869, ""mV_12"": 0.0715, ""mV_13"": 0.0286, ""mV_14"": 0.0541, ""mV_15"": 0.2362, ""mV_16"": 0.4941, ""mV_17"": 0.5478, ""mV_18"": 0.4636, ""mV_19"": 0.3488, ""mV_20"": 0.1494}",False,ok,nie_dotyczy,1.0,1.0,0.0,,0,soft_vote_knn5_ridge_observed_only
test_0011,6,ok,nie_dotyczy,1.0,1.0,1.0,0.8218875469982171,51,brak,,,0,1.4005039269331228,brak istotnego odchylenia,0.0,Werdykt OK: brak zmierzonego pasma przekraczającego próg anomalii.,"{""mV_0"": 0.5064, ""mV_1"": 0.4707, ""mV_2"": 0.4445, ""mV_3"": 0.9741, ""mV_4"": 1.4005, ""mV_5"": 1.1996, ""mV_6"": 0.7115, ""mV_7"": 0.3004, ""mV_8"": 0.1062, ""mV_9"": 0.1673, ""mV_10"": 0.3334, ""mV_11"": 0.3433, ""mV_12"": 0.1787, ""mV_13"": 0.0689, ""mV_14"": 0.061, ""mV_15"": 0.0876, ""mV_16"": 0.2472, ""mV_17"": 0.5034, ""mV_18"": 0.5092, ""mV_19"": 0.2878, ""mV_20"": 0.1607}",False,ok,nie_dotyczy,1.0,1.0,0.0,,0,soft_vote_knn5_ridge_observed_only
test_0011,7,ok,nie_dotyczy,1.0,1.0,1.0,0.826465704247767,51,brak,,,0,1.8175418635665717,brak istotnego odchylenia,0.0,Werdykt OK: brak zmierzonego pasma przekraczającego próg anomalii.,"{""mV_0"": 0.859, ""mV_1"": 1.2149, ""mV_2"": 1.1622, ""mV_3"": 1.051, ""mV_4"": 1.0247, ""mV_5"": 0.8835, ""mV_6"": 0.6156, ""mV_7"": 0.4899, ""mV_8"": 0.6134, ""mV_9"": 0.9834, ""mV_10"": 1.4295, ""mV_11"": 1.598, ""mV_12"": 1.5315, ""mV_13"": 1.6088, ""mV_14"": 1.8175, ""mV_15"": 1.6399, ""mV_16"": 1.0308, ""mV_17"": 0.7022, ""mV_18"": 0.8308, ""mV_19"": 1.018, ""mV_20"": 0.8371}",False,ok,nie_dotyczy,1.0,1.0,0.0,,0,soft_vote_knn5_ridge_observed_only
test_0011,8,ok,nie_dotyczy,1.0,1.0,1.0,0.8316333050222483,51,brak,,"mV_14,mV_15",2,0.9390505092701107,brak istotnego odchylenia,0.0,Werdykt OK: brak zmierzonego pasma przekraczającego próg anomalii.,"{""mV_0"": 0.0624, ""mV_1"": 0.1273, ""mV_2"": 0.3345, ""mV_3"": 0.7433, ""mV_4"": 0.9391, ""mV_5"": 0.6837, ""mV_6"": 0.3127, ""mV_7"": 0.168, ""mV_8"": 0.1619, ""mV_9"": 0.0983, ""mV_10"": 0.0469, ""mV_11"": 0.0391, ""mV_12"": 0.0656, ""mV_13"": 0.0979, ""mV_14"": null, ""mV_15"": null, ""mV_16"": 0.5995, ""mV_17"": 0.8833, ""mV_18"": 0.7367, ""mV_19"": 0.3419, ""mV_20"": 0.1497}",False,ok,nie_dotyczy,1.0,1.0,0.0,,0,soft_vote_knn5_ridge_observed_only
test_0011,9,ok,nie_dotyczy,1.0,1.0,1.0,0.8477965828319134,51,brak,,,0,1.7544785819924276,brak istotnego odchylenia,0.0,Werdykt OK: brak zmierzonego pasma przekraczającego próg anomalii.,"{""mV_0"": 0.201, ""mV_1"": 0.2184, ""mV_2"": 0.1747, ""mV_3"": 0.1318, ""mV_4"": 0.0818, ""mV_5"": 0.0934, ""mV_6"": 0.1497, ""mV_7"": 0.2126, ""mV_8"": 0.1992, ""mV_9"": 0.2308, ""mV_10"": 0.5963, ""mV_11"": 1.1863, ""mV_12"": 1.6488, ""mV_13"": 1.7545, ""mV_14"": 1.4912, ""mV_15"": 0.9334, ""mV_16"": 0.3516, ""mV_17"": 0.1311, ""mV_18"": 0.1236, ""mV_19"": 0.35, ""mV_20"": 0.5955}",False,ok,nie_dotyczy,1.0,1.0,0.0,,0,soft_vote_knn5_ridge_observed_only
test_0011,10,ok,nie_dotyczy,1.0,1.0,1.0,0.841353866334691,51,brak,,,0,1.8524127278817726,brak istotnego odchylenia,0.0,Werdykt OK: brak zmierzonego pasma przekraczającego próg anomalii.,"{""mV_0"": 0.3899, ""mV_1"": 0.5657, ""mV_2"": 0.777, ""mV_3"": 1.0767, ""mV_4"": 1.1158, ""mV_5"": 0.7561, ""mV_6"": 0.354, ""mV_7"": 0.2654, ""mV_8"": 0.4416, ""mV_9"": 0.8281, ""mV_10"": 1.3738, ""mV_11"": 1.7643, ""mV_12"": 1.8524, ""mV_13"": 1.778, ""mV_14"": 1.6614, ""mV_15"": 1.3278, ""mV_16"": 0.7439, ""mV_17"": 0.3169, ""mV_18"": 0.1842, ""mV_19"": 0.3738, ""mV_20"": 0.5324}",False,ok,nie_dotyczy,1.0,1.0,0.0,,0,soft_vote_knn5_ridge_observed_only
test_0011,11,lejacy,male,0.9607843137254902,1.0,0.9607843137254902,0.7298266833340104,51,5–12 kHz,"mV_5,mV_6,mV_7,mV_8,mV_9,mV_10,mV_11,mV_12","mV_13,mV_15,mV_16",3,8.143725568958592,obniżona,0.9798784719988376,Podejrzenie lejacy: najbardziej nietypowe jest pasmo 5–12 kHz; amplituda jest obniżona względem zdrowej referencji.,"{""mV_0"": 0.5142, ""mV_1"": 1.0567, ""mV_2"": 1.2953, ""mV_3"": 1.9135, ""mV_4"": 3.6527, ""mV_5"": 5.1174, ""mV_6"": 5.642, ""mV_7"": 6.0514, ""mV_8"": 6.6319, ""mV_9"": 7.0945, ""mV_10"": 7.486, ""mV_11"": 8.1437, ""mV_12"": 6.4997, ""mV_13"": null, ""mV_14"": 4.4608, ""mV_15"": null, ""mV_16"": null, ""mV_17"": 5.493, ""mV_18"": 7.1311, ""mV_19"": 7.709, ""mV_20"": 6.3094}",False,lejacy,male,0.9607843137254902,0.9607843137254902,0.0,,0,soft_vote_knn5_ridge_observed_only
test_0011,12,ok,nie_dotyczy,1.0,1.0,1.0,0.7889602756378729,51,9 kHz,mV_9,mV_4,1,2.0138283394154066,obniżona,0.0,"Werdykt OK, ale najsilniejsze lokalne odstępstwo występuje w paśmie 9 kHz; amplituda jest obniżona.","{""mV_0"": 1.3312, ""mV_1"": 1.3222, ""mV_2"": 1.0389, ""mV_3"": 0.7944, ""mV_4"": null, ""mV_5"": 1.3762, ""mV_6"": 1.8817, ""mV_7"": 1.8844, ""mV_8"": 1.9315, ""mV_9"": 2.0138, ""mV_10"": 1.9762, ""mV_11"": 1.8175, ""mV_12"": 1.6055, ""mV_13"": 1.3732, ""mV_14"": 1.1605, ""mV_15"": 1.0142, ""mV_16"": 0.9346, ""mV_17"": 0.7557, ""mV_18"": 0.6829, ""mV_19"": 0.7653, ""mV_20"": 0.4859}",False,ok,nie_dotyczy,1.0,1.0,0.0,,0,soft_vote_knn5_ridge_observed_only
test_0011,13,ok,nie_dotyczy,1.0,1.0,1.0,0.8201053653574906,51,brak,,mV_8,1,1.0589674650950083,brak istotnego odchylenia,0.0,Werdykt OK: brak zmierzonego pasma przekraczającego próg anomalii.,"{""mV_0"": 0.8052, ""mV_1"": 0.7507, ""mV_2"": 0.3492, ""mV_3"": 0.1401, ""mV_4"": 0.2046, ""mV_5"": 0.6095, ""mV_6"": 1.034, ""mV_7"": 0.8904, ""mV_8"": null, ""mV_9"": 0.832, ""mV_10"": 1.059, ""mV_11"": 0.9234, ""mV_12"": 0.6516, ""mV_13"": 0.3189, ""mV_14"": 0.1923, ""mV_15"": 0.2054, ""mV_16"": 0.1589, ""mV_17"": 0.1648, ""mV_18"": 0.238, ""mV_19"": 0.2722, ""mV_20"": 0.179}",False,ok,nie_dotyczy,1.0,1.0,0.0,,0,soft_vote_knn5_ridge_observed_only
test_0011,14,iglica,duze,1.0,1.0,1.0,0.7636911469350879,51,6–20 kHz,"mV_6,mV_7,mV_8,mV_9,mV_10,mV_11,mV_12,mV_13,mV_14,mV_15,mV_16,mV_17,mV_18,mV_19,mV_20",,0,8.139765523349686,obniżona,0.9834764390496767,Podejrzenie iglica: najbardziej nietypowe jest pasmo 6–20 kHz; amplituda jest obniżona względem zdrowej referencji.,"{""mV_0"": 0.1202, ""mV_1"": 0.6687, ""mV_2"": 1.6538, ""mV_3"": 1.895, ""mV_4"": 1.4657, ""mV_5"": 2.7411, ""mV_6"": 5.0647, ""mV_7"": 6.2522, ""mV_8"": 7.2627, ""mV_9"": 8.1398, ""mV_10"": 7.8391, ""mV_11"": 7.1393, ""mV_12"": 6.9295, ""mV_13"": 7.5418, ""mV_14"": 7.7839, ""mV_15"": 6.3309, ""mV_16"": 4.9979, ""mV_17"": 4.8993, ""mV_18"": 5.141, ""mV_19"": 5.9857, ""mV_20"": 5.1838}",False,iglica,duze,1.0,1.0,0.0,,0,soft_vote_knn5_ridge_observed_only
test_0011,15,ok,nie_dotyczy,1.0,1.0,1.0,0.8603467454952752,51,brak,,"mV_10,mV_11,mV_15,mV_19",4,0.6422496995377565,brak istotnego odchylenia,0.0,Werdykt OK: brak zmierzonego pasma przekraczającego próg anomalii.,"{""mV_0"": 0.3084, ""mV_1"": 0.3051, ""mV_2"": 0.2315, ""mV_3"": 0.358, ""mV_4"": 0.3816, ""mV_5"": 0.1878, ""mV_6"": 0.0417, ""mV_7"": 0.0283, ""mV_8"": 0.074, ""mV_9"": 0.0796, ""mV_10"": null, ""mV_11"": null, ""mV_12"": 0.2283, ""mV_13"": 0.4922, ""mV_14"": 0.5072, ""mV_15"": null, ""mV_16"": 0.4952, ""mV_17"": 0.6422, ""mV_18"": 0.4411, ""mV_19"": null, ""mV_20"": 0.3208}",False,ok,nie_dotyczy,1.0,1.0,0.0,,0,soft_vote_knn5_ridge_observed_only
test_0011,16,ok,nie_dotyczy,1.0,1.0,1.0,0.8334922877779027,51,brak,,,0,0.87365887051852,brak istotnego odchylenia,0.0,Werdykt OK: brak zmierzonego pasma przekraczającego próg anomalii.,"{""mV_0"": 0.1041, ""mV_1"": 0.2307, ""mV_2"": 0.2948, ""mV_3"": 0.3375, ""mV_4"": 0.2117, ""mV_5"": 0.1054, ""mV_6"": 0.2737, ""mV_7"": 0.4883, ""mV_8"": 0.5314, ""mV_9"": 0.4744, ""mV_10"": 0.3926, ""mV_11"": 0.2305, ""mV_12"": 0.1009, ""mV_13"": 0.1743, ""mV_14"": 0.3453, ""mV_15"": 0.3401, ""mV_16"": 0.3149, ""mV_17"": 0.6653, ""mV_18"": 0.8737, ""mV_19"": 0.5346, ""mV_20"": 0.204}",False,ok,nie_dotyczy,1.0,1.0,0.0,,0,soft_vote_knn5_ridge_observed_only
test_0012,1,ok,nie_dotyczy,1.0,1.0,1.0,0.8394702965316575,51,brak,,"mV_9,mV_13,mV_19",3,1.0416278636458363,brak istotnego odchylenia,0.0,Werdykt OK: brak zmierzonego pasma przekraczającego próg anomalii.,"{""mV_0"": 0.779, ""mV_1"": 0.8719, ""mV_2"": 0.5385, ""mV_3"": 0.337, ""mV_4"": 0.2003, ""mV_5"": 0.0922, ""mV_6"": 0.0844, ""mV_7"": 0.1142, ""mV_8"": 0.0881, ""mV_9"": null, ""mV_10"": 0.2313, ""mV_11"": 0.6499, ""mV_12"": 0.7353, ""mV_13"": null, ""mV_14"": 0.9132, ""mV_15"": 1.0416, ""mV_16"": 0.6119, ""mV_17"": 0.2477, ""mV_18"": 0.1039, ""mV_19"": null, ""mV_20"": 0.0768}",False,ok,nie_dotyczy,1.0,1.0,0.0,,0,soft_vote_knn5_ridge_observed_only
test_0012,2,ok,nie_dotyczy,1.0,1.0,1.0,0.8021839814521614,51,brak,,,0,1.6806919351337215,brak istotnego odchylenia,0.0,Werdykt OK: brak zmierzonego pasma przekraczającego próg anomalii.,"{""mV_0"": 0.0829, ""mV_1"": 0.2818, ""mV_2"": 0.939, ""mV_3"": 1.6807, ""mV_4"": 1.6244, ""mV_5"": 1.1615, ""mV_6"": 0.9177, ""mV_7"": 0.8768, ""mV_8"": 0.8967, ""mV_9"": 0.6803, ""mV_10"": 0.2959, ""mV_11"": 0.1763, ""mV_12"": 0.3894, ""mV_13"": 0.6196, ""mV_14"": 0.6349, ""mV_15"": 0.5297, ""mV_16"": 0.5746, ""mV_17"": 0.8305, ""mV_18"": 0.9307, ""mV_19"": 0.6089, ""mV_20"": 0.2051}",False,ok,nie_dotyczy,1.0,1.0,0.0,,0,soft_vote_knn5_ridge_observed_only
test_0012,3,ok,nie_dotyczy,1.0,1.0,1.0,0.8240672302717488,51,brak,,mV_18,1,1.1548459642100852,brak istotnego odchylenia,0.0,Werdykt OK: brak zmierzonego pasma przekraczającego próg anomalii.,"{""mV_0"": 0.3628, ""mV_1"": 0.4834, ""mV_2"": 0.8084, ""mV_3"": 1.1548, ""mV_4"": 0.8322, ""mV_5"": 0.3446, ""mV_6"": 0.1501, ""mV_7"": 0.0501, ""mV_8"": 0.0374, ""mV_9"": 0.2189, ""mV_10"": 0.4998, ""mV_11"": 0.5354, ""mV_12"": 0.3025, ""mV_13"": 0.1712, ""mV_14"": 0.4092, ""mV_15"": 0.8435, ""mV_16"": 1.0161, ""mV_17"": 0.6815, ""mV_18"": null, ""mV_19"": 0.2992, ""mV_20"": 0.4646}",False,ok,nie_dotyczy,1.0,1.0,0.0,,0,soft_vote_knn5_ridge_observed_only
test_0012,4,ok,nie_dotyczy,1.0,1.0,1.0,0.8212471740412042,51,brak,,"mV_3,mV_12,mV_13",3,1.1900770821189315,brak istotnego odchylenia,0.0,Werdykt OK: brak zmierzonego pasma przekraczającego próg anomalii.,"{""mV_0"": 1.1497, ""mV_1"": 1.1273, ""mV_2"": 0.4821, ""mV_3"": null, ""mV_4"": 0.0452, ""mV_5"": 0.1591, ""mV_6"": 0.3231, ""mV_7"": 0.5319, ""mV_8"": 0.764, ""mV_9"": 0.9613, ""mV_10"": 0.9636, ""mV_11"": 0.626, ""mV_12"": null, ""mV_13"": null, ""mV_14"": 0.592, ""mV_15"": 0.8413, ""mV_16"": 1.0803, ""mV_17"": 1.1901, ""mV_18"": 0.8291, ""mV_19"": 0.325, ""mV_20"": 0.1053}",False,ok,nie_dotyczy,1.0,1.0,0.0,,0,soft_vote_knn5_ridge_observed_only
test_0012,5,ok,nie_dotyczy,1.0,1.0,1.0,0.8535951235191261,51,brak,,,0,1.2880839464382259,brak istotnego odchylenia,0.0,Werdykt OK: brak zmierzonego pasma przekraczającego próg anomalii.,"{""mV_0"": 0.6627, ""mV_1"": 0.6791, ""mV_2"": 0.517, ""mV_3"": 0.5243, ""mV_4"": 0.6919, ""mV_5"": 0.7819, ""mV_6"": 0.7871, ""mV_7"": 0.8221, ""mV_8"": 0.8876, ""mV_9"": 1.0982, ""mV_10"": 1.2881, ""mV_11"": 1.1976, ""mV_12"": 0.9269, ""mV_13"": 0.6785, ""mV_14"": 0.4109, ""mV_15"": 0.149, ""mV_16"": 0.0733, ""mV_17"": 0.1527, ""mV_18"": 0.3692, ""mV_19"": 0.7226, ""mV_20"": 0.7271}",False,ok,nie_dotyczy,1.0,1.0,0.0,,0,soft_vote_knn5_ridge_observed_only
test_0012,6,ok,nie_dotyczy,1.0,1.0,1.0,0.8025624366761244,51,brak,,"mV_4,mV_13",2,1.0273023166005277,brak istotnego odchylenia,0.0,Werdykt OK: brak zmierzonego pasma przekraczającego próg anomalii.,"{""mV_0"": 0.0197, ""mV_1"": 0.1375, ""mV_2"": 0.2328, ""mV_3"": 0.1144, ""mV_4"": null, ""mV_5"": 0.537, ""mV_6"": 0.7041, ""mV_7"": 0.5525, ""mV_8"": 0.365, ""mV_9"": 0.3548, ""mV_10"": 0.6363, ""mV_11"": 1.0273, ""mV_12"": 0.9291, ""mV_13"": null, ""mV_14"": 0.1069, ""mV_15"": 0.1096, ""mV_16"": 0.1493, ""mV_17"": 0.1815, ""mV_18"": 0.2132, ""mV_19"": 0.3496, ""mV_20"": 0.3409}",False,ok,nie_dotyczy,1.0,1.0,0.0,,0,soft_vote_knn5_ridge_observed_only
test_0012,7,ok,nie_dotyczy,1.0,1.0,1.0,0.8380998397349941,51,brak,,"mV_9,mV_17",2,1.9160431742430593,brak istotnego odchylenia,0.0,Werdykt OK: brak zmierzonego pasma przekraczającego próg anomalii.,"{""mV_0"": 0.7094, ""mV_1"": 0.8238, ""mV_2"": 0.915, ""mV_3"": 1.1433, ""mV_4"": 1.3067, ""mV_5"": 1.3133, ""mV_6"": 1.3092, ""mV_7"": 1.3456, ""mV_8"": 0.9822, ""mV_9"": null, ""mV_10"": 1.474, ""mV_11"": 1.916, ""mV_12"": 1.748, ""mV_13"": 1.5908, ""mV_14"": 1.4903, ""mV_15"": 1.3098, ""mV_16"": 0.8615, ""mV_17"": null, ""mV_18"": 0.5478, ""mV_19"": 0.8418, ""mV_20"": 0.6376}",False,ok,nie_dotyczy,1.0,1.0,0.0,,0,soft_vote_knn5_ridge_observed_only
test_0012,8,zakoksowany,male,1.0,1.0,1.0,0.73417086707036,51,14–17 kHz,"mV_14,mV_15,mV_16,mV_17","mV_4,mV_13",2,4.196734010279134,podwyższona,0.9270853982631058,Podejrzenie zakoksowany: najbardziej nietypowe jest pasmo 14–17 kHz; amplituda jest podwyższona względem zdrowej referencji.,"{""mV_0"": 0.5102, ""mV_1"": 1.4543, ""mV_2"": 1.905, ""mV_3"": 0.9298, ""mV_4"": null, ""mV_5"": 0.2073, ""mV_6"": 0.3159, ""mV_7"": 0.9574, ""mV_8"": 2.6452, ""mV_9"": 3.7673, ""mV_10"": 2.5307, ""mV_11"": 1.1867, ""mV_12"": 0.9862, ""mV_13"": null, ""mV_14"": 2.5332, ""mV_15"": 3.8862, ""mV_16"": 4.1967, ""mV_17"": 3.5117, ""mV_18"": 2.2851, ""mV_19"": 1.3658, ""mV_20"": 0.7813}",False,zakoksowany,male,1.0,1.0,0.0,,0,soft_vote_knn5_ridge_observed_only
test_0012,9,ok,nie_dotyczy,1.0,1.0,1.0,0.7932280657922407,51,9–11 kHz,"mV_9,mV_10,mV_11",,0,2.42224123648576,podwyższona,0.0,"Werdykt OK, ale najsilniejsze lokalne odstępstwo występuje w paśmie 9–11 kHz; amplituda jest podwyższona.","{""mV_0"": 1.7402, ""mV_1"": 1.797, ""mV_2"": 0.9542, ""mV_3"": 0.3693, ""mV_4"": 0.3449, ""mV_5"": 0.5644, ""mV_6"": 0.9476, ""mV_7"": 1.4844, ""mV_8"": 1.9032, ""mV_9"": 2.2603, ""mV_10"": 2.4222, ""mV_11"": 2.1182, ""mV_12"": 1.7085, ""mV_13"": 1.5817, ""mV_14"": 1.588, ""mV_15"": 1.568, ""mV_16"": 1.4911, ""mV_17"": 1.1383, ""mV_18"": 0.7859, ""mV_19"": 1.0188, ""mV_20"": 1.0679}",False,ok,nie_dotyczy,1.0,1.0,0.0,,0,soft_vote_knn5_ridge_observed_only
test_0012,10,ok,nie_dotyczy,1.0,1.0,1.0,0.8453065538130046,51,brak,,mV_13,1,0.8449669887885174,brak istotnego odchylenia,0.0,Werdykt OK: brak zmierzonego pasma przekraczającego próg anomalii.,"{""mV_0"": 0.1211, ""mV_1"": 0.1266, ""mV_2"": 0.2346, ""mV_3"": 0.4746, ""mV_4"": 0.5184, ""mV_5"": 0.5593, ""mV_6"": 0.7066, ""mV_7"": 0.8051, ""mV_8"": 0.845, ""mV_9"": 0.7721, ""mV_10"": 0.6379, ""mV_11"": 0.5311, ""mV_12"": 0.3633, ""mV_13"": null, ""mV_14"": 0.4249, ""mV_15"": 0.6411, ""mV_16"": 0.5461, ""mV_17"": 0.2815, ""mV_18"": 0.0928, ""mV_19"": 0.0397, ""mV_20"": 0.0215}",False,ok,nie_dotyczy,1.0,1.0,0.0,,0,soft_vote_knn5_ridge_observed_only
test_0012,11,ok,nie_dotyczy,1.0,1.0,1.0,0.8424158414577851,51,brak,,mV_9,1,0.5367312238320417,brak istotnego odchylenia,0.0,Werdykt OK: brak zmierzonego pasma przekraczającego próg anomalii.,"{""mV_0"": 0.2903, ""mV_1"": 0.3313, ""mV_2"": 0.3131, ""mV_3"": 0.2957, ""mV_4"": 0.2411, ""mV_5"": 0.2967, ""mV_6"": 0.3399, ""mV_7"": 0.2902, ""mV_8"": 0.2118, ""mV_9"": null, ""mV_10"": 0.2507, ""mV_11"": 0.3564, ""mV_12"": 0.3492, ""mV_13"": 0.3519, ""mV_14"": 0.4098, ""mV_15"": 0.5049, ""mV_16"": 0.5367, ""mV_17"": 0.3513, ""mV_18"": 0.1398, ""mV_19"": 0.231, ""mV_20"": 0.3293}",False,ok,nie_dotyczy,1.0,1.0,0.0,,0,soft_vote_knn5_ridge_observed_only
test_0012,12,zakoksowany,srednie,1.0,1.0,1.0,0.7502715076129385,51,8–10 kHz,"mV_8,mV_9,mV_10",mV_1,1,5.368638686695932,obniżona,0.8937177283119023,Podejrzenie zakoksowany: najbardziej nietypowe jest pasmo 8–10 kHz; amplituda jest obniżona względem zdrowej referencji.,"{""mV_0"": 0.6812, ""mV_1"": null, ""mV_2"": 2.4751, ""mV_3"": 1.3716, ""mV_4"": 0.2704, ""mV_5"": 0.2091, ""mV_6"": 0.3064, ""mV_7"": 1.1747, ""mV_8"": 3.5446, ""mV_9"": 5.3686, ""mV_10"": 3.6656, ""mV_11"": 1.409, ""mV_12"": 1.7118, ""mV_13"": 2.9508, ""mV_14"": 4.0649, ""mV_15"": 5.008, ""mV_16"": 5.0086, ""mV_17"": 3.8439, ""mV_18"": 2.4994, ""mV_19"": 1.7011, ""mV_20"": 1.0562}",False,zakoksowany,srednie,1.0,1.0,0.0,,0,soft_vote_knn5_ridge_observed_only
test_0012,13,ok,nie_dotyczy,1.0,1.0,1.0,0.7816666028409219,51,3–7 kHz,"mV_3,mV_4,mV_5,mV_6,mV_7",,0,2.5924376351605423,obniżona,0.0,"Werdykt OK, ale najsilniejsze lokalne odstępstwo występuje w paśmie 3–7 kHz; amplituda jest obniżona.","{""mV_0"": 0.6409, ""mV_1"": 0.9936, ""mV_2"": 1.7443, ""mV_3"": 2.5232, ""mV_4"": 2.5924, ""mV_5"": 2.4429, ""mV_6"": 2.2973, ""mV_7"": 2.0245, ""mV_8"": 1.8165, ""mV_9"": 1.7044, ""mV_10"": 1.6836, ""mV_11"": 1.7377, ""mV_12"": 1.725, ""mV_13"": 1.6575, ""mV_14"": 1.6485, ""mV_15"": 1.5713, ""mV_16"": 1.3773, ""mV_17"": 1.2886, ""mV_18"": 1.3911, ""mV_19"": 1.5192, ""mV_20"": 1.1488}",False,ok,nie_dotyczy,1.0,1.0,0.0,,0,soft_vote_knn5_ridge_observed_only
test_0012,14,ok,nie_dotyczy,1.0,1.0,1.0,0.8525459431961901,51,brak,,"mV_11,mV_17",2,0.5804251479217882,brak istotnego odchylenia,0.0,Werdykt OK: brak zmierzonego pasma przekraczającego próg anomalii.,"{""mV_0"": 0.1174, ""mV_1"": 0.1698, ""mV_2"": 0.2651, ""mV_3"": 0.3068, ""mV_4"": 0.2661, ""mV_5"": 0.1245, ""mV_6"": 0.0797, ""mV_7"": 0.2095, ""mV_8"": 0.3318, ""mV_9"": 0.3107, ""mV_10"": 0.1241, ""mV_11"": null, ""mV_12"": 0.5492, ""mV_13"": 0.5804, ""mV_14"": 0.5062, ""mV_15"": 0.4924, ""mV_16"": 0.2795, ""mV_17"": null, ""mV_18"": 0.1315, ""mV_19"": 0.317, ""mV_20"": 0.3009}",False,ok,nie_dotyczy,1.0,1.0,0.0,,0,soft_vote_knn5_ridge_observed_only
test_0012,15,ok,nie_dotyczy,1.0,1.0,1.0,0.7837034786338773,51,2–6 kHz,"mV_2,mV_3,mV_4,mV_5,mV_6","mV_8,mV_16",2,2.778957788127774,obniżona,0.0,"Werdykt OK, ale najsilniejsze lokalne odstępstwo występuje w paśmie 2–6 kHz; amplituda jest obniżona.","{""mV_0"": 0.9085, ""mV_1"": 1.5591, ""mV_2"": 2.2776, ""mV_3"": 2.779, ""mV_4"": 2.6247, ""mV_5"": 2.3404, ""mV_6"": 2.1282, ""mV_7"": 1.4262, ""mV_8"": null, ""mV_9"": 0.9498, ""mV_10"": 1.2681, ""mV_11"": 1.4227, ""mV_12"": 1.6418, ""mV_13"": 1.7688, ""mV_14"": 1.8689, ""mV_15"": 1.4634, ""mV_16"": null, ""mV_17"": 1.3444, ""mV_18"": 1.9644, ""mV_19"": 2.4159, ""mV_20"": 2.1247}",False,ok,nie_dotyczy,1.0,1.0,0.0,,0,soft_vote_knn5_ridge_observed_only
test_0012,16,ok,nie_dotyczy,1.0,1.0,1.0,0.8413376471710223,51,brak,,"mV_2,mV_8",2,0.6618989698909513,brak istotnego odchylenia,0.0,Werdykt OK: brak zmierzonego pasma przekraczającego próg anomalii.,"{""mV_0"": 0.0842, ""mV_1"": 0.1292, ""mV_2"": null, ""mV_3"": 0.5244, ""mV_4"": 0.6541, ""mV_5"": 0.4771, ""mV_6"": 0.3041, ""mV_7"": 0.184, ""mV_8"": null, ""mV_9"": 0.1337, ""mV_10"": 0.259, ""mV_11"": 0.4122, ""mV_12"": 0.432, ""mV_13"": 0.2593, ""mV_14"": 0.1048, ""mV_15"": 0.0572, ""mV_16"": 0.0734, ""mV_17"": 0.189, ""mV_18"": 0.4146, ""mV_19"": 0.6619, ""mV_20"": 0.5987}",False,ok,nie_dotyczy,1.0,1.0,0.0,,0,soft_vote_knn5_ridge_observed_only
test_0013,1,ok,nie_dotyczy,1.0,1.0,1.0,0.7669981697903372,51,3–6 kHz,"mV_3,mV_4,mV_5,mV_6","mV_10,mV_13",2,2.8211089307372577,obniżona,0.0,"Werdykt OK, ale najsilniejsze lokalne odstępstwo występuje w paśmie 3–6 kHz; amplituda jest obniżona.","{""mV_0"": 1.3498, ""mV_1"": 1.4824, ""mV_2"": 1.979, ""mV_3"": 2.8047, ""mV_4"": 2.8211, ""mV_5"": 2.4531, ""mV_6"": 2.1543, ""mV_7"": 1.8511, ""mV_8"": 1.5737, ""mV_9"": 1.0537, ""mV_10"": null, ""mV_11"": 0.7902, ""mV_12"": 0.8505, ""mV_13"": null, ""mV_14"": 1.2894, ""mV_15"": 1.491, ""mV_16"": 1.3991, ""mV_17"": 1.4627, ""mV_18"": 1.558, ""mV_19"": 1.7622, ""mV_20"": 1.4174}",False,ok,nie_dotyczy,1.0,1.0,0.0,,0,soft_vote_knn5_ridge_observed_only
test_0013,2,ok,nie_dotyczy,1.0,1.0,1.0,0.7950044998740532,51,brak,,"mV_3,mV_13",2,1.7108053908677983,brak istotnego odchylenia,0.0,Werdykt OK: brak zmierzonego pasma przekraczającego próg anomalii.,"{""mV_0"": 0.7091, ""mV_1"": 1.1114, ""mV_2"": 0.8596, ""mV_3"": null, ""mV_4"": 0.7792, ""mV_5"": 1.1234, ""mV_6"": 1.2611, ""mV_7"": 1.3358, ""mV_8"": 1.2907, ""mV_9"": 1.1604, ""mV_10"": 0.9793, ""mV_11"": 0.8357, ""mV_12"": 0.5888, ""mV_13"": null, ""mV_14"": 0.7116, ""mV_15"": 1.3334, ""mV_16"": 1.7108, ""mV_17"": 1.6301, ""mV_18"": 1.1091, ""mV_19"": 0.6741, ""mV_20"": 0.4467}",False,ok,nie_dotyczy,1.0,1.0,0.0,,0,soft_vote_knn5_ridge_observed_only
test_0013,3,ok,nie_dotyczy,1.0,1.0,1.0,0.8162690321817212,51,brak,,"mV_5,mV_7,mV_20",3,0.6278173888907672,brak istotnego odchylenia,0.0,Werdykt OK: brak zmierzonego pasma przekraczającego próg anomalii.,"{""mV_0"": 0.5455, ""mV_1"": 0.5704, ""mV_2"": 0.3199, ""mV_3"": 0.1509, ""mV_4"": 0.0524, ""mV_5"": null, ""mV_6"": 0.0352, ""mV_7"": null, ""mV_8"": 0.0888, ""mV_9"": 0.2419, ""mV_10"": 0.4841, ""mV_11"": 0.6278, ""mV_12"": 0.5023, ""mV_13"": 0.3117, ""mV_14"": 0.2183, ""mV_15"": 0.1211, ""mV_16"": 0.0745, ""mV_17"": 0.1056, ""mV_18"": 0.1446, ""mV_19"": 0.137, ""mV_20"": null}",False,ok,nie_dotyczy,1.0,1.0,0.0,,0,soft_vote_knn5_ridge_observed_only
test_0013,4,ok,nie_dotyczy,1.0,1.0,1.0,0.7915730739209443,51,6 kHz,mV_6,,0,2.0703537387248323,podwyższona,0.0,"Werdykt OK, ale najsilniejsze lokalne odstępstwo występuje w paśmie 6 kHz; amplituda jest podwyższona.","{""mV_0"": 0.4755, ""mV_1"": 0.5916, ""mV_2"": 0.8782, ""mV_3"": 1.2635, ""mV_4"": 1.5925, ""mV_5"": 1.9363, ""mV_6"": 2.0704, ""mV_7"": 1.9381, ""mV_8"": 1.75, ""mV_9"": 1.4798, ""mV_10"": 1.0066, ""mV_11"": 0.5895, ""mV_12"": 0.4269, ""mV_13"": 0.4235, ""mV_14"": 0.6521, ""mV_15"": 1.1794, ""mV_16"": 1.7707, ""mV_17"": 1.9905, ""mV_18"": 1.6322, ""mV_19"": 1.1122, ""mV_20"": 0.6504}",False,ok,nie_dotyczy,1.0,1.0,0.0,,0,soft_vote_knn5_ridge_observed_only
test_0013,5,ok,nie_dotyczy,1.0,1.0,1.0,0.7973213601438032,51,7–8 kHz,"mV_7,mV_8","mV_13,mV_14",2,2.016490109584257,obniżona,0.0,"Werdykt OK, ale najsilniejsze lokalne odstępstwo występuje w paśmie 7–8 kHz; amplituda jest obniżona.","{""mV_0"": 1.2466, ""mV_1"": 1.2499, ""mV_2"": 0.9542, ""mV_3"": 1.1695, ""mV_4"": 1.5683, ""mV_5"": 1.8685, ""mV_6"": 2.0, ""mV_7"": 2.0145, ""mV_8"": 2.0165, ""mV_9"": 1.9599, ""mV_10"": 1.8153, ""mV_11"": 1.6833, ""mV_12"": 1.2287, ""mV_13"": null, ""mV_14"": null, ""mV_15"": 1.1084, ""mV_16"": 1.5728, ""mV_17"": 1.6518, ""mV_18"": 1.7024, ""mV_19"": 1.8925, ""mV_20"": 1.5399}",False,ok,nie_dotyczy,1.0,1.0,0.0,,0,soft_vote_knn5_ridge_observed_only
test_0013,6,ok,nie_dotyczy,1.0,1.0,1.0,0.8411516639396251,51,brak,,,0,0.7541402971485708,brak istotnego odchylenia,0.0,Werdykt OK: brak zmierzonego pasma przekraczającego próg anomalii.,"{""mV_0"": 0.0433, ""mV_1"": 0.1475, ""mV_2"": 0.3014, ""mV_3"": 0.3335, ""mV_4"": 0.2238, ""mV_5"": 0.128, ""mV_6"": 0.1372, ""mV_7"": 0.1803, ""mV_8"": 0.1679, ""mV_9"": 0.1474, ""mV_10"": 0.2555, ""mV_11"": 0.4669, ""mV_12"": 0.5446, ""mV_13"": 0.3896, ""mV_14"": 0.2159, ""mV_15"": 0.323, ""mV_16"": 0.68, ""mV_17"": 0.7541, ""mV_18"": 0.4047, ""mV_19"": 0.1442, ""mV_20"": 0.0834}",False,ok,nie_dotyczy,1.0,1.0,0.0,,0,soft_vote_knn5_ridge_observed_only
test_0013,7,unknown,nie_dotyczy,1.0,1.0,1.0,0.6856224040690891,51,14–19 kHz,"mV_14,mV_15,mV_16,mV_17,mV_18,mV_19",,0,11.328862956016875,podwyższona,0.5235786663805966,Podejrzenie unknown: najbardziej nietypowe jest pasmo 14–19 kHz; amplituda jest podwyższona względem zdrowej referencji.,"{""mV_0"": 4.187, ""mV_1"": 7.1059, ""mV_2"": 8.3302, ""mV_3"": 6.9542, ""mV_4"": 3.8201, ""mV_5"": 1.9118, ""mV_6"": 3.8188, ""mV_7"": 7.9038, ""mV_8"": 10.1987, ""mV_9"": 10.3566, ""mV_10"": 9.5413, ""mV_11"": 7.9204, ""mV_12"": 5.1422, ""mV_13"": 4.0724, ""mV_14"": 7.4242, ""mV_15"": 10.897, ""mV_16"": 11.3289, ""mV_17"": 9.7539, ""mV_18"": 7.831, ""mV_19"": 6.8064, ""mV_20"": 4.8107}",False,unknown,nie_dotyczy,1.0,1.0,0.0,,0,soft_vote_knn5_ridge_observed_only
test_0013,8,ok,nie_dotyczy,1.0,1.0,1.0,0.7952139496857892,51,brak,,mV_2,1,0.7627137916840737,brak istotnego odchylenia,0.0,Werdykt OK: brak zmierzonego pasma przekraczającego próg anomalii.,"{""mV_0"": 0.0119, ""mV_1"": 0.0123, ""mV_2"": null, ""mV_3"": 0.1521, ""mV_4"": 0.1454, ""mV_5"": 0.1207, ""mV_6"": 0.0968, ""mV_7"": 0.0756, ""mV_8"": 0.1269, ""mV_9"": 0.2749, ""mV_10"": 0.4651, ""mV_11"": 0.5575, ""mV_12"": 0.6193, ""mV_13"": 0.7627, ""mV_14"": 0.7624, ""mV_15"": 0.4975, ""mV_16"": 0.2189, ""mV_17"": 0.1184, ""mV_18"": 0.29, ""mV_19"": 0.6017, ""mV_20"": 0.5497}",False,ok,nie_dotyczy,1.0,1.0,0.0,,0,soft_vote_knn5_ridge_observed_only
test_0013,9,ok,nie_dotyczy,1.0,1.0,1.0,0.8054452758514977,51,brak,,mV_8,1,1.6570198681758526,brak istotnego odchylenia,0.0,Werdykt OK: brak zmierzonego pasma przekraczającego próg anomalii.,"{""mV_0"": 0.7811, ""mV_1"": 0.93, ""mV_2"": 0.5854, ""mV_3"": 0.3031, ""mV_4"": 0.3511, ""mV_5"": 0.5927, ""mV_6"": 0.8736, ""mV_7"": 0.7955, ""mV_8"": null, ""mV_9"": 1.0485, ""mV_10"": 1.5646, ""mV_11"": 1.657, ""mV_12"": 1.5034, ""mV_13"": 1.2591, ""mV_14"": 1.189, ""mV_15"": 1.2795, ""mV_16"": 1.3668, ""mV_17"": 1.3745, ""mV_18"": 1.1108, ""mV_19"": 0.5714, ""mV_20"": 0.1629}",False,ok,nie_dotyczy,1.0,1.0,0.0,,0,soft_vote_knn5_ridge_observed_only
test_0013,10,ok,nie_dotyczy,1.0,1.0,1.0,0.7727680310335798,51,4 kHz,mV_4,mV_7,1,2.092417125082351,obniżona,0.0,"Werdykt OK, ale najsilniejsze lokalne odstępstwo występuje w paśmie 4 kHz; amplituda jest obniżona.","{""mV_0"": 0.6369, ""mV_1"": 0.7388, ""mV_2"": 1.1398, ""mV_3"": 1.8338, ""mV_4"": 2.0924, ""mV_5"": 1.9844, ""mV_6"": 1.4044, ""mV_7"": null, ""mV_8"": 0.8594, ""mV_9"": 1.0, ""mV_10"": 0.8444, ""mV_11"": 0.8498, ""mV_12"": 1.0743, ""mV_13"": 1.4531, ""mV_14"": 1.7119, ""mV_15"": 1.7202, ""mV_16"": 1.6226, ""mV_17"": 1.4825, ""mV_18"": 1.5207, ""mV_19"": 1.9669, ""mV_20"": 1.7871}",False,ok,nie_dotyczy,1.0,1.0,0.0,,0,soft_vote_knn5_ridge_observed_only
test_0013,11,lejacy,srednie,1.0,1.0,1.0,0.7237405735357582,51,15–20 kHz,"mV_15,mV_16,mV_17,mV_18,mV_19,mV_20","mV_6,mV_14",2,11.914609054937586,obniżona,0.988231206430309,Podejrzenie lejacy: najbardziej nietypowe jest pasmo 15–20 kHz; amplituda jest obniżona względem zdrowej referencji.,"{""mV_0"": 0.9248, ""mV_1"": 1.236, ""mV_2"": 1.2373, ""mV_3"": 2.6396, ""mV_4"": 5.621, ""mV_5"": 5.592, ""mV_6"": null, ""mV_7"": 5.995, ""mV_8"": 8.6914, ""mV_9"": 9.3899, ""mV_10"": 9.9156, ""mV_11"": 10.7871, ""mV_12"": 11.7433, ""mV_13"": 9.1738, ""mV_14"": null, ""mV_15"": 9.5058, ""mV_16"": 11.9146, ""mV_17"": 10.252, ""mV_18"": 9.0368, ""mV_19"": 9.7754, ""mV_20"": 8.2743}",False,lejacy,srednie,1.0,1.0,0.0,,0,soft_vote_knn5_ridge_observed_only
test_0013,12,ok,nie_dotyczy,1.0,1.0,1.0,0.7747314926342898,51,brak,,mV_8,1,1.2799337923310046,brak istotnego odchylenia,0.0,Werdykt OK: brak zmierzonego pasma przekraczającego próg anomalii.,"{""mV_0"": 0.5375, ""mV_1"": 0.5988, ""mV_2"": 0.4203, ""mV_3"": 0.5085, ""mV_4"": 0.4799, ""mV_5"": 0.2879, ""mV_6"": 0.4126, ""mV_7"": 0.5006, ""mV_8"": null, ""mV_9"": 0.8525, ""mV_10"": 1.2799, ""mV_11"": 1.1669, ""mV_12"": 0.6864, ""mV_13"": 0.2517, ""mV_14"": 0.2515, ""mV_15"": 0.4914, ""mV_16"": 0.558, ""mV_17"": 0.6051, ""mV_18"": 0.7823, ""mV_19"": 0.7332, ""mV_20"": 0.3869}",False,ok,nie_dotyczy,1.0,1.0,0.0,,0,soft_vote_knn5_ridge_observed_only
test_0014,1,ok,nie_dotyczy,1.0,1.0,1.0,0.8062931546763917,51,brak,,mV_16,1,1.4766544131512263,brak istotnego odchylenia,0.0,Werdykt OK: brak zmierzonego pasma przekraczającego próg anomalii.,"{""mV_0"": 0.8945, ""mV_1"": 0.708, ""mV_2"": 0.5733, ""mV_3"": 0.9375, ""mV_4"": 0.8932, ""mV_5"": 0.8604, ""mV_6"": 1.1537, ""mV_7"": 1.3993, ""mV_8"": 1.4767, ""mV_9"": 1.2614, ""mV_10"": 0.9101, ""mV_11"": 0.6918, ""mV_12"": 0.6284, ""mV_13"": 0.6339, ""mV_14"": 0.7495, ""mV_15"": 0.6465, ""mV_16"": null, ""mV_17"": 0.5435, ""mV_18"": 0.4096, ""mV_19"": 0.3246, ""mV_20"": 0.3801}",False,ok,nie_dotyczy,1.0,1.0,0.0,,0,soft_vote_knn5_ridge_observed_only
test_0014,2,ok,nie_dotyczy,1.0,1.0,1.0,0.7937029515505907,51,brak,,mV_0,1,1.199044994366437,brak istotnego odchylenia,0.0,Werdykt OK: brak zmierzonego pasma przekraczającego próg anomalii.,"{""mV_0"": null, ""mV_1"": 0.2618, ""mV_2"": 0.2779, ""mV_3"": 0.5739, ""mV_4"": 1.0248, ""mV_5"": 1.199, ""mV_6"": 1.1929, ""mV_7"": 1.1131, ""mV_8"": 0.9402, ""mV_9"": 0.7533, ""mV_10"": 0.7451, ""mV_11"": 0.9475, ""mV_12"": 1.1004, ""mV_13"": 1.0711, ""mV_14"": 0.8304, ""mV_15"": 0.4823, ""mV_16"": 0.3321, ""mV_17"": 0.4585, ""mV_18"": 0.7023, ""mV_19"": 0.8706, ""mV_20"": 0.6583}",False,ok,nie_dotyczy,1.0,1.0,0.0,,0,soft_vote_knn5_ridge_observed_only
test_0014,3,zakoksowany,srednie,1.0,1.0,1.0,0.7156978465034961,51,13–19 kHz,"mV_13,mV_14,mV_15,mV_16,mV_17,mV_18,mV_19",mV_7,1,7.5157154255697485,podwyższona,0.866615677897722,Podejrzenie zakoksowany: najbardziej nietypowe jest pasmo 13–19 kHz; amplituda jest podwyższona względem zdrowej referencji.,"{""mV_0"": 2.1011, ""mV_1"": 3.826, ""mV_2"": 4.1939, ""mV_3"": 3.0044, ""mV_4"": 1.5576, ""mV_5"": 1.1384, ""mV_6"": 0.9861, ""mV_7"": null, ""mV_8"": 1.927, ""mV_9"": 3.358, ""mV_10"": 2.3755, ""mV_11"": 2.0212, ""mV_12"": 3.325, ""mV_13"": 4.6137, ""mV_14"": 6.0019, ""mV_15"": 7.2581, ""mV_16"": 7.5157, ""mV_17"": 6.436, ""mV_18"": 5.3624, ""mV_19"": 5.2813, ""mV_20"": 4.0643}",False,zakoksowany,srednie,1.0,1.0,0.0,,0,soft_vote_knn5_ridge_observed_only
test_0014,4,ok,nie_dotyczy,1.0,1.0,1.0,0.7355262860009462,51,15–18 kHz,"mV_15,mV_16,mV_17,mV_18",,0,2.6839993331198913,obniżona,0.0,"Werdykt OK, ale najsilniejsze lokalne odstępstwo występuje w paśmie 15–18 kHz; amplituda jest obniżona.","{""mV_0"": 0.434, ""mV_1"": 0.9488, ""mV_2"": 1.1836, ""mV_3"": 0.7695, ""mV_4"": 0.2349, ""mV_5"": 0.1054, ""mV_6"": 0.3342, ""mV_7"": 0.5994, ""mV_8"": 0.6093, ""mV_9"": 0.609, ""mV_10"": 0.8361, ""mV_11"": 1.1393, ""mV_12"": 1.4198, ""mV_13"": 1.6249, ""mV_14"": 1.8572, ""mV_15"": 2.0987, ""mV_16"": 2.2165, ""mV_17"": 2.684, ""mV_18"": 2.6578, ""mV_19"": 1.3989, ""mV_20"": 0.3959}",False,ok,nie_dotyczy,1.0,1.0,0.0,,0,soft_vote_knn5_ridge_observed_only
test_0014,5,ok,nie_dotyczy,1.0,1.0,1.0,0.8298280865359488,51,brak,,"mV_13,mV_18",2,1.0017981761638548,brak istotnego odchylenia,0.0,Werdykt OK: brak zmierzonego pasma przekraczającego próg anomalii.,"{""mV_0"": 0.5599, ""mV_1"": 0.4807, ""mV_2"": 0.4482, ""mV_3"": 0.7099, ""mV_4"": 0.9307, ""mV_5"": 0.7633, ""mV_6"": 0.364, ""mV_7"": 0.1801, ""mV_8"": 0.2019, ""mV_9"": 0.2868, ""mV_10"": 0.2945, ""mV_11"": 0.2246, ""mV_12"": 0.1812, ""mV_13"": null, ""mV_14"": 0.4142, ""mV_15"": 0.7809, ""mV_16"": 1.0018, ""mV_17"": 0.8929, ""mV_18"": null, ""mV_19"": 0.2908, ""mV_20"": 0.2207}",False,ok,nie_dotyczy,1.0,1.0,0.0,,0,soft_vote_knn5_ridge_observed_only
test_0014,6,ok,nie_dotyczy,1.0,1.0,1.0,0.8159117899107929,51,brak,,mV_16,1,0.6708343360256855,brak istotnego odchylenia,0.0,Werdykt OK: brak zmierzonego pasma przekraczającego próg anomalii.,"{""mV_0"": 0.6545, ""mV_1"": 0.6461, ""mV_2"": 0.4461, ""mV_3"": 0.3927, ""mV_4"": 0.2386, ""mV_5"": 0.1524, ""mV_6"": 0.2487, ""mV_7"": 0.398, ""mV_8"": 0.5818, ""mV_9"": 0.6708, ""mV_10"": 0.589, ""mV_11"": 0.4177, ""mV_12"": 0.2582, ""mV_13"": 0.1543, ""mV_14"": 0.1926, ""mV_15"": 0.2166, ""mV_16"": null, ""mV_17"": 0.2336, ""mV_18"": 0.2002, ""mV_19"": 0.1709, ""mV_20"": 0.1172}",False,ok,nie_dotyczy,1.0,1.0,0.0,,0,soft_vote_knn5_ridge_observed_only
test_0014,7,ok,nie_dotyczy,1.0,1.0,1.0,0.8229471811086534,51,brak,,,0,0.9406043291437721,brak istotnego odchylenia,0.0,Werdykt OK: brak zmierzonego pasma przekraczającego próg anomalii.,"{""mV_0"": 0.144, ""mV_1"": 0.1872, ""mV_2"": 0.4059, ""mV_3"": 0.585, ""mV_4"": 0.3381, ""mV_5"": 0.1086, ""mV_6"": 0.0616, ""mV_7"": 0.134, ""mV_8"": 0.2891, ""mV_9"": 0.2979, ""mV_10"": 0.2045, ""mV_11"": 0.1487, ""mV_12"": 0.1492, ""mV_13"": 0.1964, ""mV_14"": 0.3843, ""mV_15"": 0.7036, ""mV_16"": 0.9406, ""mV_17"": 0.8936, ""mV_18"": 0.5698, ""mV_19"": 0.3175, ""mV_20"": 0.2565}",False,ok,nie_dotyczy,1.0,1.0,0.0,,0,soft_vote_knn5_ridge_observed_only
test_0014,8,lejacy,male,1.0,1.0,1.0,0.7464039074082891,51,7–15 kHz,"mV_7,mV_8,mV_9,mV_10,mV_11,mV_12,mV_13,mV_14,mV_15","mV_5,mV_16",2,8.97266474132834,obniżona,0.9906011828338497,Podejrzenie lejacy: najbardziej nietypowe jest pasmo 7–15 kHz; amplituda jest obniżona względem zdrowej referencji.,"{""mV_0"": 0.3017, ""mV_1"": 0.3484, ""mV_2"": 1.091, ""mV_3"": 3.0053, ""mV_4"": 3.1547, ""mV_5"": null, ""mV_6"": 3.682, ""mV_7"": 5.1201, ""mV_8"": 5.5727, ""mV_9"": 6.0338, ""mV_10"": 6.5636, ""mV_11"": 7.3409, ""mV_12"": 8.1091, ""mV_13"": 8.6919, ""mV_14"": 8.9727, ""mV_15"": 6.7185, ""mV_16"": null, ""mV_17"": 5.5918, ""mV_18"": 6.715, ""mV_19"": 5.8903, ""mV_20"": 4.6301}",False,lejacy,male,1.0,1.0,0.0,,0,soft_vote_knn5_ridge_observed_only
test_0015,1,ok,nie_dotyczy,1.0,1.0,1.0,0.7904660999576135,51,brak,,mV_15,1,1.5399211661100716,brak istotnego odchylenia,0.0,Werdykt OK: brak zmierzonego pasma przekraczającego próg anomalii.,"{""mV_0"": 0.3311, ""mV_1"": 0.3212, ""mV_2"": 0.6252, ""mV_3"": 1.3885, ""mV_4"": 1.5399, ""mV_5"": 1.1851, ""mV_6"": 1.018, ""mV_7"": 0.9789, ""mV_8"": 0.8062, ""mV_9"": 0.5588, ""mV_10"": 0.4027, ""mV_11"": 0.2754, ""mV_12"": 0.1862, ""mV_13"": 0.1707, ""mV_14"": 0.1478, ""mV_15"": null, ""mV_16"": 0.4054, ""mV_17"": 0.7958, ""mV_18"": 0.7083, ""mV_19"": 0.3969, ""mV_20"": 0.2493}",False,ok,nie_dotyczy,1.0,1.0,0.0,,0,soft_vote_knn5_ridge_observed_only
test_0015,2,ok,nie_dotyczy,1.0,1.0,1.0,0.734814641914634,51,17 kHz,mV_17,mV_15,1,2.429327056478549,obniżona,0.0,"Werdykt OK, ale najsilniejsze lokalne odstępstwo występuje w paśmie 17 kHz; amplituda jest obniżona.","{""mV_0"": 0.4044, ""mV_1"": 0.8238, ""mV_2"": 1.1265, ""mV_3"": 0.7774, ""mV_4"": 0.4737, ""mV_5"": 0.5411, ""mV_6"": 0.4987, ""mV_7"": 0.3422, ""mV_8"": 0.2659, ""mV_9"": 0.2761, ""mV_10"": 0.4161, ""mV_11"": 0.8342, ""mV_12"": 1.3094, ""mV_13"": 1.5826, ""mV_14"": 1.257, ""mV_15"": null, ""mV_16"": 1.9292, ""mV_17"": 2.4293, ""mV_18"": 1.5928, ""mV_19"": 1.3808, ""mV_20"": 1.2341}",False,ok,nie_dotyczy,1.0,1.0,0.0,,0,soft_vote_knn5_ridge_observed_only
test_0015,3,ok,nie_dotyczy,1.0,1.0,1.0,0.7148612899508683,51,15–17 kHz,"mV_15,mV_16,mV_17",mV_20,1,3.0818429379866004,obniżona,0.0,"Werdykt OK, ale najsilniejsze lokalne odstępstwo występuje w paśmie 15–17 kHz; amplituda jest obniżona.","{""mV_0"": 0.9786, ""mV_1"": 1.3553, ""mV_2"": 1.3357, ""mV_3"": 0.7406, ""mV_4"": 0.3525, ""mV_5"": 0.4965, ""mV_6"": 0.6176, ""mV_7"": 0.6594, ""mV_8"": 0.7326, ""mV_9"": 0.6921, ""mV_10"": 0.5092, ""mV_11"": 0.5265, ""mV_12"": 0.8307, ""mV_13"": 1.3363, ""mV_14"": 1.9233, ""mV_15"": 2.4083, ""mV_16"": 3.0818, ""mV_17"": 2.8627, ""mV_18"": 1.5988, ""mV_19"": 1.0011, ""mV_20"": null}",False,ok,nie_dotyczy,1.0,1.0,0.0,,0,soft_vote_knn5_ridge_observed_only
test_0015,4,ok,nie_dotyczy,1.0,1.0,1.0,0.7264038789284697,51,14–20 kHz,"mV_14,mV_15,mV_16,mV_17,mV_18,mV_19,mV_20",mV_12,1,3.4823580956671694,obniżona,0.0,"Werdykt OK, ale najsilniejsze lokalne odstępstwo występuje w paśmie 14–20 kHz; amplituda jest obniżona.","{""mV_0"": 1.6119, ""mV_1"": 1.8285, ""mV_2"": 1.2854, ""mV_3"": 0.6805, ""mV_4"": 0.8153, ""mV_5"": 1.4996, ""mV_6"": 1.8346, ""mV_7"": 1.7865, ""mV_8"": 1.8159, ""mV_9"": 2.0065, ""mV_10"": 2.1233, ""mV_11"": 1.6233, ""mV_12"": null, ""mV_13"": 1.8179, ""mV_14"": 2.8469, ""mV_15"": 3.2787, ""mV_16"": 3.4824, ""mV_17"": 2.9465, ""mV_18"": 2.0397, ""mV_19"": 2.2245, ""mV_20"": 2.0729}",False,ok,nie_dotyczy,1.0,1.0,0.0,,0,soft_vote_knn5_ridge_observed_only
test_0015,5,pompa,male,1.0,1.0,1.0,0.8143610742591941,51,12–15 kHz,"mV_12,mV_13,mV_14,mV_15","mV_6,mV_8,mV_11",3,4.807944706043822,obniżona,0.7656013818103647,Podejrzenie pompa: najbardziej nietypowe jest pasmo 12–15 kHz; amplituda jest obniżona względem zdrowej referencji.,"{""mV_0"": 0.3108, ""mV_1"": 0.4143, ""mV_2"": 1.1386, ""mV_3"": 2.2696, ""mV_4"": 1.8866, ""mV_5"": 0.8005, ""mV_6"": null, ""mV_7"": 0.2536, ""mV_8"": null, ""mV_9"": 1.5402, ""mV_10"": 1.7948, ""mV_11"": null, ""mV_12"": 3.5878, ""mV_13"": 4.8079, ""mV_14"": 4.1579, ""mV_15"": 2.7278, ""mV_16"": 1.3043, ""mV_17"": 1.5303, ""mV_18"": 2.7575, ""mV_19"": 2.542, ""mV_20"": 1.2253}",False,pompa,male,1.0,1.0,0.0,,0,soft_vote_knn5_ridge_observed_only
test_0015,6,ok,nie_dotyczy,1.0,1.0,1.0,0.7955699752082823,51,3–5 kHz,"mV_3,mV_4,mV_5",,0,2.3489600671416078,podwyższona,0.0,"Werdykt OK, ale najsilniejsze lokalne odstępstwo występuje w paśmie 3–5 kHz; amplituda jest podwyższona.","{""mV_0"": 0.6336, ""mV_1"": 0.6212, ""mV_2"": 0.9837, ""mV_3"": 2.0001, ""mV_4"": 2.349, ""mV_5"": 2.0531, ""mV_6"": 1.9061, ""mV_7"": 1.9788, ""mV_8"": 2.0398, ""mV_9"": 2.0229, ""mV_10"": 2.0011, ""mV_11"": 1.947, ""mV_12"": 1.8933, ""mV_13"": 1.8684, ""mV_14"": 1.7712, ""mV_15"": 1.5324, ""mV_16"": 1.0444, ""mV_17"": 0.4445, ""mV_18"": 0.1608, ""mV_19"": 0.0833, ""mV_20"": 0.0255}",False,ok,nie_dotyczy,1.0,1.0,0.0,,0,soft_vote_knn5_ridge_observed_only
test_0015,7,ok,nie_dotyczy,1.0,1.0,1.0,0.7941547967650534,51,brak,,"mV_10,mV_11",2,1.876275273758492,brak istotnego odchylenia,0.0,Werdykt OK: brak zmierzonego pasma przekraczającego próg anomalii.,"{""mV_0"": 1.2606, ""mV_1"": 1.7325, ""mV_2"": 1.4525, ""mV_3"": 1.2402, ""mV_4"": 1.0971, ""mV_5"": 0.9881, ""mV_6"": 1.1537, ""mV_7"": 1.3285, ""mV_8"": 1.324, ""mV_9"": 0.9703, ""mV_10"": null, ""mV_11"": null, ""mV_12"": 1.3307, ""mV_13"": 1.8456, ""mV_14"": 1.8763, ""mV_15"": 1.7084, ""mV_16"": 1.684, ""mV_17"": 1.431, ""mV_18"": 0.7195, ""mV_19"": 0.4157, ""mV_20"": 0.4082}",False,ok,nie_dotyczy,1.0,1.0,0.0,,0,soft_vote_knn5_ridge_observed_only
test_0015,8,pompa,duze,0.803921568627451,1.0,0.803921568627451,0.7317022049190552,51,11–14 kHz,"mV_11,mV_12,mV_13,mV_14",mV_10,1,9.919371392247,obniżona,0.781253865844959,Podejrzenie pompa: najbardziej nietypowe jest pasmo 11–14 kHz; amplituda jest obniżona względem zdrowej referencji.,"{""mV_0"": 0.6965, ""mV_1"": 1.1837, ""mV_2"": 2.9558, ""mV_3"": 4.5362, ""mV_4"": 2.9503, ""mV_5"": 0.962, ""mV_6"": 0.7675, ""mV_7"": 1.3582, ""mV_8"": 2.3319, ""mV_9"": 2.3238, ""mV_10"": null, ""mV_11"": 6.5191, ""mV_12"": 9.6619, ""mV_13"": 9.9194, ""mV_14"": 8.0538, ""mV_15"": 5.06, ""mV_16"": 2.4733, ""mV_17"": 2.5197, ""mV_18"": 4.4422, ""mV_19"": 4.2191, ""mV_20"": 2.0086}",False,pompa,duze,0.803921568627451,0.803921568627451,0.0,,0,soft_vote_knn5_ridge_observed_only
test_0015,9,zakoksowany,duze,1.0,1.0,1.0,0.7110100392348939,51,13–19 kHz,"mV_13,mV_14,mV_15,mV_16,mV_17,mV_18,mV_19",mV_11,1,8.654308428899272,podwyższona,0.933657887026158,Podejrzenie zakoksowany: najbardziej nietypowe jest pasmo 13–19 kHz; amplituda jest podwyższona względem zdrowej referencji.,"{""mV_0"": 3.4286, ""mV_1"": 4.9697, ""mV_2"": 5.0745, ""mV_3"": 2.8414, ""mV_4"": 0.9434, ""mV_5"": 0.4647, ""mV_6"": 0.314, ""mV_7"": 1.3211, ""mV_8"": 4.583, ""mV_9"": 6.8197, ""mV_10"": 4.15, ""mV_11"": null, ""mV_12"": 3.0349, ""mV_13"": 4.7971, ""mV_14"": 6.2956, ""mV_15"": 7.9193, ""mV_16"": 8.6543, ""mV_17"": 7.7838, ""mV_18"": 6.2355, ""mV_19"": 5.2175, ""mV_20"": 3.6803}",False,zakoksowany,duze,1.0,1.0,0.0,,0,soft_vote_knn5_ridge_observed_only
test_0015,10,ok,nie_dotyczy,1.0,1.0,1.0,0.8090617127038199,51,brak,,mV_5,1,0.5722680080411437,brak istotnego odchylenia,0.0,Werdykt OK: brak zmierzonego pasma przekraczającego próg anomalii.,"{""mV_0"": 0.088, ""mV_1"": 0.3683, ""mV_2"": 0.5723, ""mV_3"": 0.3638, ""mV_4"": 0.1629, ""mV_5"": null, ""mV_6"": 0.1059, ""mV_7"": 0.0851, ""mV_8"": 0.0486, ""mV_9"": 0.0301, ""mV_10"": 0.0992, ""mV_11"": 0.249, ""mV_12"": 0.297, ""mV_13"": 0.2273, ""mV_14"": 0.135, ""mV_15"": 0.1141, ""mV_16"": 0.1279, ""mV_17"": 0.1547, ""mV_18"": 0.3048, ""mV_19"": 0.414, ""mV_20"": 0.2765}",False,ok,nie_dotyczy,1.0,1.0,0.0,,0,soft_vote_knn5_ridge_observed_only
test_0015,11,ok,nie_dotyczy,1.0,1.0,1.0,0.8113863394679536,51,brak,,,0,1.628580723366866,brak istotnego odchylenia,0.0,Werdykt OK: brak zmierzonego pasma przekraczającego próg anomalii.,"{""mV_0"": 0.1348, ""mV_1"": 0.2208, ""mV_2"": 0.7675, ""mV_3"": 1.6286, ""mV_4"": 1.6258, ""mV_5"": 1.068, ""mV_6"": 0.9107, ""mV_7"": 1.1272, ""mV_8"": 1.2643, ""mV_9"": 1.1942, ""mV_10"": 1.0943, ""mV_11"": 0.9451, ""mV_12"": 0.7132, ""mV_13"": 0.4407, ""mV_14"": 0.2041, ""mV_15"": 0.1223, ""mV_16"": 0.2561, ""mV_17"": 0.312, ""mV_18"": 0.2739, ""mV_19"": 0.5359, ""mV_20"": 0.6252}",False,ok,nie_dotyczy,1.0,1.0,0.0,,0,soft_vote_knn5_ridge_observed_only
test_0015,12,ok,nie_dotyczy,1.0,1.0,1.0,0.7927998990543877,51,brak,,,0,1.4417246620786655,brak istotnego odchylenia,0.0,Werdykt OK: brak zmierzonego pasma przekraczającego próg anomalii.,"{""mV_0"": 0.7272, ""mV_1"": 1.4417, ""mV_2"": 1.2117, ""mV_3"": 0.4583, ""mV_4"": 0.1425, ""mV_5"": 0.1639, ""mV_6"": 0.4128, ""mV_7"": 0.7774, ""mV_8"": 0.9688, ""mV_9"": 1.0208, ""mV_10"": 1.0217, ""mV_11"": 1.076, ""mV_12"": 1.1191, ""mV_13"": 0.9727, ""mV_14"": 0.6705, ""mV_15"": 0.4661, ""mV_16"": 0.5944, ""mV_17"": 0.5701, ""mV_18"": 0.2396, ""mV_19"": 0.1133, ""mV_20"": 0.1075}",False,ok,nie_dotyczy,1.0,1.0,0.0,,0,soft_vote_knn5_ridge_observed_only
test_0016,1,ok,nie_dotyczy,1.0,1.0,1.0,0.7967993846622997,51,brak,,"mV_14,mV_17",2,1.563308717190238,brak istotnego odchylenia,0.0,Werdykt OK: brak zmierzonego pasma przekraczającego próg anomalii.,"{""mV_0"": 0.084, ""mV_1"": 0.4843, ""mV_2"": 1.1564, ""mV_3"": 1.5633, ""mV_4"": 1.4926, ""mV_5"": 1.2004, ""mV_6"": 0.8778, ""mV_7"": 0.6276, ""mV_8"": 0.4708, ""mV_9"": 0.3606, ""mV_10"": 0.3303, ""mV_11"": 0.386, ""mV_12"": 0.4303, ""mV_13"": 0.3153, ""mV_14"": null, ""mV_15"": 0.5313, ""mV_16"": 0.6432, ""mV_17"": null, ""mV_18"": 0.5903, ""mV_19"": 0.4199, ""mV_20"": 0.1041}",False,ok,nie_dotyczy,1.0,1.0,0.0,,0,soft_vote_knn5_ridge_observed_only
test_0016,2,ok,nie_dotyczy,1.0,1.0,1.0,0.8464680462200385,51,brak,,mV_19,1,0.9859664964803414,brak istotnego odchylenia,0.0,Werdykt OK: brak zmierzonego pasma przekraczającego próg anomalii.,"{""mV_0"": 0.773, ""mV_1"": 0.8209, ""mV_2"": 0.3147, ""mV_3"": 0.0542, ""mV_4"": 0.0808, ""mV_5"": 0.1407, ""mV_6"": 0.1942, ""mV_7"": 0.1914, ""mV_8"": 0.1452, ""mV_9"": 0.076, ""mV_10"": 0.0893, ""mV_11"": 0.2293, ""mV_12"": 0.3195, ""mV_13"": 0.2615, ""mV_14"": 0.1934, ""mV_15"": 0.2628, ""mV_16"": 0.6036, ""mV_17"": 0.986, ""mV_18"": 0.7912, ""mV_19"": null, ""mV_20"": 0.0197}",False,ok,nie_dotyczy,1.0,1.0,0.0,,0,soft_vote_knn5_ridge_observed_only
test_0016,3,pompa,srednie,1.0,1.0,1.0,0.8039767848724889,51,2–15 kHz,"mV_2,mV_3,mV_4,mV_5,mV_6,mV_7,mV_8,mV_9,mV_10,mV_11,mV_12,mV_13,mV_14,mV_15",mV_19,1,6.792948721780661,obniżona,0.9873841424373513,Podejrzenie pompa: najbardziej nietypowe jest pasmo 2–15 kHz; amplituda jest obniżona względem zdrowej referencji.,"{""mV_0"": 0.9963, ""mV_1"": 2.2256, ""mV_2"": 4.6682, ""mV_3"": 6.4651, ""mV_4"": 5.6907, ""mV_5"": 4.2437, ""mV_6"": 3.7704, ""mV_7"": 4.0425, ""mV_8"": 4.6416, ""mV_9"": 5.1716, ""mV_10"": 5.6135, ""mV_11"": 6.1878, ""mV_12"": 6.7633, ""mV_13"": 6.7929, ""mV_14"": 5.8775, ""mV_15"": 4.4092, ""mV_16"": 2.7006, ""mV_17"": 1.1169, ""mV_18"": 0.3602, ""mV_19"": null, ""mV_20"": 2.0101}",False,pompa,srednie,1.0,1.0,0.0,,0,soft_vote_knn5_ridge_observed_only
test_0016,4,ok,nie_dotyczy,1.0,1.0,1.0,0.8186345488659444,51,brak,,,0,1.640226060416428,brak istotnego odchylenia,0.0,Werdykt OK: brak zmierzonego pasma przekraczającego próg anomalii.,"{""mV_0"": 0.1308, ""mV_1"": 0.2183, ""mV_2"": 0.1417, ""mV_3"": 0.0624, ""mV_4"": 0.0427, ""mV_5"": 0.0281, ""mV_6"": 0.0296, ""mV_7"": 0.0645, ""mV_8"": 0.1496, ""mV_9"": 0.2836, ""mV_10"": 0.4337, ""mV_11"": 0.5554, ""mV_12"": 0.6941, ""mV_13"": 0.9013, ""mV_14"": 1.1827, ""mV_15"": 1.4301, ""mV_16"": 1.5508, ""mV_17"": 1.6402, ""mV_18"": 1.5049, ""mV_19"": 1.1059, ""mV_20"": 0.6722}",False,ok,nie_dotyczy,1.0,1.0,0.0,,0,soft_vote_knn5_ridge_observed_only
test_0016,5,ok,nie_dotyczy,1.0,1.0,1.0,0.7897565542017806,51,brak,,mV_1,1,1.4326278715385479,brak istotnego odchylenia,0.0,Werdykt OK: brak zmierzonego pasma przekraczającego próg anomalii.,"{""mV_0"": 0.7212, ""mV_1"": null, ""mV_2"": 0.9666, ""mV_3"": 1.3781, ""mV_4"": 1.4326, ""mV_5"": 1.3913, ""mV_6"": 1.3265, ""mV_7"": 1.2732, ""mV_8"": 1.113, ""mV_9"": 0.8046, ""mV_10"": 0.5515, ""mV_11"": 0.4884, ""mV_12"": 0.5292, ""mV_13"": 0.5418, ""mV_14"": 0.3854, ""mV_15"": 0.196, ""mV_16"": 0.4269, ""mV_17"": 0.7081, ""mV_18"": 0.7092, ""mV_19"": 0.8385, ""mV_20"": 0.686}",False,ok,nie_dotyczy,1.0,1.0,0.0,,0,soft_vote_knn5_ridge_observed_only
test_0016,6,ok,nie_dotyczy,1.0,1.0,1.0,0.8124281365613306,51,brak,,"mV_5,mV_9",2,1.938077323268678,brak istotnego odchylenia,0.0,Werdykt OK: brak zmierzonego pasma przekraczającego próg anomalii.,"{""mV_0"": 0.8705, ""mV_1"": 1.098, ""mV_2"": 1.5976, ""mV_3"": 1.9381, ""mV_4"": 1.397, ""mV_5"": null, ""mV_6"": 1.4825, ""mV_7"": 1.9282, ""mV_8"": 1.3787, ""mV_9"": null, ""mV_10"": 0.9313, ""mV_11"": 1.1981, ""mV_12"": 1.1138, ""mV_13"": 1.0465, ""mV_14"": 1.0246, ""mV_15"": 1.0914, ""mV_16"": 1.1448, ""mV_17"": 0.8175, ""mV_18"": 0.4346, ""mV_19"": 0.4001, ""mV_20"": 0.2851}",False,ok,nie_dotyczy,1.0,1.0,0.0,,0,soft_vote_knn5_ridge_observed_only
test_0016,7,ok,nie_dotyczy,1.0,1.0,1.0,0.7588321870516067,51,19 kHz,mV_19,mV_20,1,2.029878869340554,obniżona,0.0,"Werdykt OK, ale najsilniejsze lokalne odstępstwo występuje w paśmie 19 kHz; amplituda jest obniżona.","{""mV_0"": 0.7729, ""mV_1"": 0.895, ""mV_2"": 0.9534, ""mV_3"": 1.2341, ""mV_4"": 1.5135, ""mV_5"": 1.7287, ""mV_6"": 1.7898, ""mV_7"": 1.6656, ""mV_8"": 1.4773, ""mV_9"": 1.3199, ""mV_10"": 1.2106, ""mV_11"": 1.03, ""mV_12"": 0.7263, ""mV_13"": 0.5166, ""mV_14"": 0.4011, ""mV_15"": 0.2394, ""mV_16"": 0.4308, ""mV_17"": 1.0977, ""mV_18"": 1.9724, ""mV_19"": 2.0299, ""mV_20"": null}",False,ok,nie_dotyczy,1.0,1.0,0.0,,0,soft_vote_knn5_ridge_observed_only
test_0016,8,ok,nie_dotyczy,1.0,1.0,1.0,0.8386047890465034,51,brak,,mV_17,1,1.253350660356818,brak istotnego odchylenia,0.0,Werdykt OK: brak zmierzonego pasma przekraczającego próg anomalii.,"{""mV_0"": 0.2947, ""mV_1"": 0.3685, ""mV_2"": 0.243, ""mV_3"": 0.2781, ""mV_4"": 0.5836, ""mV_5"": 0.9344, ""mV_6"": 1.1448, ""mV_7"": 1.2195, ""mV_8"": 1.2534, ""mV_9"": 1.2175, ""mV_10"": 1.0611, ""mV_11"": 0.9109, ""mV_12"": 0.8736, ""mV_13"": 0.8869, ""mV_14"": 0.7573, ""mV_15"": 0.4883, ""mV_16"": 0.2619, ""mV_17"": null, ""mV_18"": 0.379, ""mV_19"": 0.8358, ""mV_20"": 0.6769}",False,ok,nie_dotyczy,1.0,1.0,0.0,,0,soft_vote_knn5_ridge_observed_only
test_0017,1,ok,nie_dotyczy,1.0,1.0,1.0,0.7192787644813398,51,brak,,mV_2,1,1.958655597306812,brak istotnego odchylenia,0.0,Werdykt OK: brak zmierzonego pasma przekraczającego próg anomalii.,"{""mV_0"": 0.1446, ""mV_1"": 0.1895, ""mV_2"": null, ""mV_3"": 1.9009, ""mV_4"": 1.9587, ""mV_5"": 1.6755, ""mV_6"": 1.7666, ""mV_7"": 1.5773, ""mV_8"": 1.1227, ""mV_9"": 0.7208, ""mV_10"": 0.4726, ""mV_11"": 0.4348, ""mV_12"": 0.5645, ""mV_13"": 0.6782, ""mV_14"": 0.6189, ""mV_15"": 0.6377, ""mV_16"": 0.6613, ""mV_17"": 0.6277, ""mV_18"": 0.8105, ""mV_19"": 0.8353, ""mV_20"": 0.5857}",False,ok,nie_dotyczy,1.0,1.0,0.0,,0,soft_vote_knn5_ridge_observed_only
test_0017,2,ok,nie_dotyczy,1.0,1.0,1.0,0.7680433912639559,51,brak,,,0,0.6977228532818619,brak istotnego odchylenia,0.0,Werdykt OK: brak zmierzonego pasma przekraczającego próg anomalii.,"{""mV_0"": 0.1529, ""mV_1"": 0.2324, ""mV_2"": 0.4625, ""mV_3"": 0.646, ""mV_4"": 0.6107, ""mV_5"": 0.5727, ""mV_6"": 0.5293, ""mV_7"": 0.3744, ""mV_8"": 0.2107, ""mV_9"": 0.1713, ""mV_10"": 0.1791, ""mV_11"": 0.1143, ""mV_12"": 0.0428, ""mV_13"": 0.0325, ""mV_14"": 0.0378, ""mV_15"": 0.0362, ""mV_16"": 0.3394, ""mV_17"": 0.6977, ""mV_18"": 0.4511, ""mV_19"": 0.282, ""mV_20"": 0.4114}",False,ok,nie_dotyczy,1.0,1.0,0.0,,0,soft_vote_knn5_ridge_observed_only
test_0017,3,ok,nie_dotyczy,1.0,1.0,1.0,0.6567048363945326,51,17–18 kHz,"mV_17,mV_18",,0,2.461718799225278,obniżona,0.0,"Werdykt OK, ale najsilniejsze lokalne odstępstwo występuje w paśmie 17–18 kHz; amplituda jest obniżona.","{""mV_0"": 0.9389, ""mV_1"": 1.0852, ""mV_2"": 0.9477, ""mV_3"": 0.7641, ""mV_4"": 0.8317, ""mV_5"": 1.1794, ""mV_6"": 1.431, ""mV_7"": 1.4008, ""mV_8"": 1.1725, ""mV_9"": 0.8922, ""mV_10"": 0.611, ""mV_11"": 0.5544, ""mV_12"": 0.8317, ""mV_13"": 1.1338, ""mV_14"": 0.9692, ""mV_15"": 0.5587, ""mV_16"": 0.9684, ""mV_17"": 2.1592, ""mV_18"": 2.4617, ""mV_19"": 1.5985, ""mV_20"": 0.7623}",False,ok,nie_dotyczy,1.0,1.0,0.0,,0,soft_vote_knn5_ridge_observed_only
test_0017,4,ok,nie_dotyczy,1.0,1.0,1.0,0.7564157167166115,51,brak,,mV_8,1,1.3219935913512892,brak istotnego odchylenia,0.0,Werdykt OK: brak zmierzonego pasma przekraczającego próg anomalii.,"{""mV_0"": 0.0394, ""mV_1"": 0.2126, ""mV_2"": 0.5493, ""mV_3"": 0.6493, ""mV_4"": 0.3758, ""mV_5"": 0.1101, ""mV_6"": 0.0345, ""mV_7"": 0.0329, ""mV_8"": null, ""mV_9"": 0.1037, ""mV_10"": 0.2932, ""mV_11"": 0.4433, ""mV_12"": 0.3644, ""mV_13"": 0.1646, ""mV_14"": 0.0861, ""mV_15"": 0.0817, ""mV_16"": 0.5708, ""mV_17"": 1.322, ""mV_18"": 1.1787, ""mV_19"": 0.6568, ""mV_20"": 0.4022}",False,ok,nie_dotyczy,1.0,1.0,0.0,,0,soft_vote_knn5_ridge_observed_only
test_0017,5,ok,nie_dotyczy,1.0,1.0,1.0,0.7755279376732112,51,brak,,mV_2,1,1.4465453638481351,brak istotnego odchylenia,0.0,Werdykt OK: brak zmierzonego pasma przekraczającego próg anomalii.,"{""mV_0"": 0.2272, ""mV_1"": 0.2718, ""mV_2"": null, ""mV_3"": 0.7499, ""mV_4"": 0.8976, ""mV_5"": 0.8015, ""mV_6"": 0.6963, ""mV_7"": 0.5087, ""mV_8"": 0.2736, ""mV_9"": 0.1162, ""mV_10"": 0.0802, ""mV_11"": 0.0899, ""mV_12"": 0.0796, ""mV_13"": 0.1202, ""mV_14"": 0.3836, ""mV_15"": 0.6548, ""mV_16"": 1.0035, ""mV_17"": 1.4465, ""mV_18"": 1.135, ""mV_19"": 0.3614, ""mV_20"": 0.0326}",False,ok,nie_dotyczy,1.0,1.0,0.0,,0,soft_vote_knn5_ridge_observed_only
test_0017,6,ok,nie_dotyczy,1.0,1.0,1.0,0.7581913033071433,51,brak,,mV_7,1,1.7955004138503494,brak istotnego odchylenia,0.0,Werdykt OK: brak zmierzonego pasma przekraczającego próg anomalii.,"{""mV_0"": 0.7943, ""mV_1"": 1.116, ""mV_2"": 1.1986, ""mV_3"": 1.3652, ""mV_4"": 1.3049, ""mV_5"": 1.0985, ""mV_6"": 0.7579, ""mV_7"": null, ""mV_8"": 0.6922, ""mV_9"": 0.8775, ""mV_10"": 0.8353, ""mV_11"": 0.7748, ""mV_12"": 0.7147, ""mV_13"": 0.7415, ""mV_14"": 0.8835, ""mV_15"": 1.1529, ""mV_16"": 1.0556, ""mV_17"": 0.9978, ""mV_18"": 1.6462, ""mV_19"": 1.7955, ""mV_20"": 1.0708}",False,ok,nie_dotyczy,1.0,1.0,0.0,,0,soft_vote_knn5_ridge_observed_only
test_0017,7,ok,nie_dotyczy,1.0,1.0,1.0,0.6056044679844697,51,brak,,mV_17,1,1.5129982224545484,brak istotnego odchylenia,0.0,Werdykt OK: brak zmierzonego pasma przekraczającego próg anomalii.,"{""mV_0"": 0.7855, ""mV_1"": 0.7686, ""mV_2"": 0.6467, ""mV_3"": 1.0441, ""mV_4"": 1.203, ""mV_5"": 1.0335, ""mV_6"": 1.066, ""mV_7"": 1.2741, ""mV_8"": 1.3846, ""mV_9"": 1.3017, ""mV_10"": 1.0885, ""mV_11"": 0.7148, ""mV_12"": 0.3051, ""mV_13"": 0.1322, ""mV_14"": 0.1751, ""mV_15"": 0.2194, ""mV_16"": 0.1664, ""mV_17"": null, ""mV_18"": 1.513, ""mV_19"": 1.3706, ""mV_20"": 0.6968}",False,ok,nie_dotyczy,1.0,1.0,0.0,,0,soft_vote_knn5_ridge_observed_only
test_0017,8,ok,nie_dotyczy,0.9803921568627451,0.9803921568627451,0.9803921568627451,0.5729490178459252,51,17–18 kHz,"mV_17,mV_18",,0,2.9837409768608962,podwyższona,0.0,"Werdykt OK, ale najsilniejsze lokalne odstępstwo występuje w paśmie 17–18 kHz; amplituda jest podwyższona.","{""mV_0"": 0.0386, ""mV_1"": 0.1986, ""mV_2"": 0.7795, ""mV_3"": 1.329, ""mV_4"": 1.3235, ""mV_5"": 1.3018, ""mV_6"": 1.5057, ""mV_7"": 1.5344, ""mV_8"": 1.3352, ""mV_9"": 0.9388, ""mV_10"": 0.4477, ""mV_11"": 0.2345, ""mV_12"": 0.2207, ""mV_13"": 0.2587, ""mV_14"": 0.662, ""mV_15"": 1.0964, ""mV_16"": 1.9457, ""mV_17"": 2.9837, ""mV_18"": 2.1897, ""mV_19"": 0.6085, ""mV_20"": 0.0578}",False,ok,nie_dotyczy,0.9803921568627451,0.9803921568627451,0.0,,0,soft_vote_knn5_ridge_observed_only
test_0017,9,ok,nie_dotyczy,1.0,1.0,1.0,0.7635719132683436,51,6–9 kHz,"mV_6,mV_7,mV_8,mV_9",mV_12,1,2.0212364075524953,obniżona,0.0,"Werdykt OK, ale najsilniejsze lokalne odstępstwo występuje w paśmie 6–9 kHz; amplituda jest obniżona.","{""mV_0"": 1.0928, ""mV_1"": 1.3267, ""mV_2"": 1.3343, ""mV_3"": 1.4958, ""mV_4"": 1.7016, ""mV_5"": 1.9008, ""mV_6"": 2.0106, ""mV_7"": 2.0103, ""mV_8"": 2.0172, ""mV_9"": 2.0212, ""mV_10"": 1.8795, ""mV_11"": 1.2927, ""mV_12"": null, ""mV_13"": 1.2357, ""mV_14"": 1.7117, ""mV_15"": 1.7474, ""mV_16"": 2.0097, ""mV_17"": 1.9173, ""mV_18"": 1.0433, ""mV_19"": 0.6908, ""mV_20"": 0.6703}",False,ok,nie_dotyczy,1.0,1.0,0.0,,0,soft_vote_knn5_ridge_observed_only
test_0017,10,ok,nie_dotyczy,1.0,1.0,1.0,0.77060853549273,51,brak,,mV_19,1,1.3294584495947,brak istotnego odchylenia,0.0,Werdykt OK: brak zmierzonego pasma przekraczającego próg anomalii.,"{""mV_0"": 0.084, ""mV_1"": 0.1706, ""mV_2"": 0.1541, ""mV_3"": 0.128, ""mV_4"": 0.1311, ""mV_5"": 0.1064, ""mV_6"": 0.0711, ""mV_7"": 0.0959, ""mV_8"": 0.1403, ""mV_9"": 0.12, ""mV_10"": 0.0786, ""mV_11"": 0.0717, ""mV_12"": 0.1421, ""mV_13"": 0.2572, ""mV_14"": 0.3495, ""mV_15"": 0.444, ""mV_16"": 0.8903, ""mV_17"": 1.3295, ""mV_18"": 0.8803, ""mV_19"": null, ""mV_20"": 0.3922}",False,ok,nie_dotyczy,1.0,1.0,0.0,,0,soft_vote_knn5_ridge_observed_only
test_0017,11,ok,nie_dotyczy,1.0,1.0,1.0,0.7069738822314533,51,brak,,"mV_5,mV_16",2,1.2072957259561679,brak istotnego odchylenia,0.0,Werdykt OK: brak zmierzonego pasma przekraczającego próg anomalii.,"{""mV_0"": 0.2818, ""mV_1"": 0.383, ""mV_2"": 0.3454, ""mV_3"": 0.3778, ""mV_4"": 0.2361, ""mV_5"": null, ""mV_6"": 0.2494, ""mV_7"": 0.4325, ""mV_8"": 0.5776, ""mV_9"": 0.6938, ""mV_10"": 0.7657, ""mV_11"": 0.8694, ""mV_12"": 1.0581, ""mV_13"": 1.2073, ""mV_14"": 1.025, ""mV_15"": 0.5095, ""mV_16"": null, ""mV_17"": 0.5022, ""mV_18"": 0.557, ""mV_19"": 0.3762, ""mV_20"": 0.2484}",False,ok,nie_dotyczy,1.0,1.0,0.0,,0,soft_vote_knn5_ridge_observed_only
test_0017,12,ok,nie_dotyczy,1.0,1.0,1.0,0.7270651386427107,51,brak,,mV_11,1,0.9462004142490333,brak istotnego odchylenia,0.0,Werdykt OK: brak zmierzonego pasma przekraczającego próg anomalii.,"{""mV_0"": 0.4783, ""mV_1"": 0.6521, ""mV_2"": 0.5092, ""mV_3"": 0.282, ""mV_4"": 0.1932, ""mV_5"": 0.193, ""mV_6"": 0.1898, ""mV_7"": 0.1709, ""mV_8"": 0.1498, ""mV_9"": 0.1754, ""mV_10"": 0.1709, ""mV_11"": null, ""mV_12"": 0.1387, ""mV_13"": 0.1405, ""mV_14"": 0.2882, ""mV_15"": 0.6303, ""mV_16"": 0.9283, ""mV_17"": 0.9462, ""mV_18"": 0.557, ""mV_19"": 0.1908, ""mV_20"": 0.0832}",False,ok,nie_dotyczy,1.0,1.0,0.0,,0,soft_vote_knn5_ridge_observed_only
test_0018,1,ok,nie_dotyczy,1.0,1.0,1.0,0.844586970052337,51,brak,,"mV_13,mV_17",2,1.0994643604215613,brak istotnego odchylenia,0.0,Werdykt OK: brak zmierzonego pasma przekraczającego próg anomalii.,"{""mV_0"": 0.1842, ""mV_1"": 0.2701, ""mV_2"": 0.3654, ""mV_3"": 0.4461, ""mV_4"": 0.4199, ""mV_5"": 0.3369, ""mV_6"": 0.4423, ""mV_7"": 0.7576, ""mV_8"": 0.9612, ""mV_9"": 1.0354, ""mV_10"": 1.0829, ""mV_11"": 1.0995, ""mV_12"": 0.8362, ""mV_13"": null, ""mV_14"": 0.5017, ""mV_15"": 0.4212, ""mV_16"": 0.1611, ""mV_17"": null, ""mV_18"": 0.7584, ""mV_19"": 0.9367, ""mV_20"": 0.4435}",False,ok,nie_dotyczy,1.0,1.0,0.0,,0,soft_vote_knn5_ridge_observed_only
test_0018,2,zakoksowany,srednie,1.0,1.0,1.0,0.7253709455784662,51,14–19 kHz,"mV_14,mV_15,mV_16,mV_17,mV_18,mV_19",mV_2,1,8.256806797610015,podwyższona,0.8912053275929032,Podejrzenie zakoksowany: najbardziej nietypowe jest pasmo 14–19 kHz; amplituda jest podwyższona względem zdrowej referencji.,"{""mV_0"": 2.0911, ""mV_1"": 2.8143, ""mV_2"": null, ""mV_3"": 1.2108, ""mV_4"": 1.119, ""mV_5"": 0.6379, ""mV_6"": 0.5975, ""mV_7"": 0.9647, ""mV_8"": 2.1768, ""mV_9"": 3.141, ""mV_10"": 2.2226, ""mV_11"": 1.6886, ""mV_12"": 2.674, ""mV_13"": 3.9252, ""mV_14"": 5.4483, ""mV_15"": 7.0951, ""mV_16"": 8.2568, ""mV_17"": 8.0649, ""mV_18"": 6.9836, ""mV_19"": 6.2576, ""mV_20"": 4.3692}",False,zakoksowany,srednie,1.0,1.0,0.0,,0,soft_vote_knn5_ridge_observed_only
test_0018,3,ok,nie_dotyczy,1.0,1.0,1.0,0.8377062897742534,51,brak,,mV_1,1,1.9660250314934298,brak istotnego odchylenia,0.0,Werdykt OK: brak zmierzonego pasma przekraczającego próg anomalii.,"{""mV_0"": 0.0949, ""mV_1"": null, ""mV_2"": 0.0559, ""mV_3"": 0.0322, ""mV_4"": 0.0266, ""mV_5"": 0.0719, ""mV_6"": 0.2655, ""mV_7"": 0.6285, ""mV_8"": 0.8854, ""mV_9"": 0.9695, ""mV_10"": 0.922, ""mV_11"": 0.8402, ""mV_12"": 0.9006, ""mV_13"": 1.0872, ""mV_14"": 1.3557, ""mV_15"": 1.6592, ""mV_16"": 1.966, ""mV_17"": 1.9393, ""mV_18"": 1.3236, ""mV_19"": 0.7288, ""mV_20"": 0.426}",False,ok,nie_dotyczy,1.0,1.0,0.0,,0,soft_vote_knn5_ridge_observed_only
test_0018,4,ok,nie_dotyczy,1.0,1.0,1.0,0.8032055680567787,51,16–17 kHz,"mV_16,mV_17","mV_3,mV_20",2,2.282489839354028,podwyższona,0.0,"Werdykt OK, ale najsilniejsze lokalne odstępstwo występuje w paśmie 16–17 kHz; amplituda jest podwyższona.","{""mV_0"": 0.1052, ""mV_1"": 0.069, ""mV_2"": 0.0127, ""mV_3"": null, ""mV_4"": 0.1191, ""mV_5"": 0.2572, ""mV_6"": 0.5988, ""mV_7"": 1.021, ""mV_8"": 1.1449, ""mV_9"": 1.0618, ""mV_10"": 0.8933, ""mV_11"": 0.7035, ""mV_12"": 0.7142, ""mV_13"": 0.896, ""mV_14"": 1.2303, ""mV_15"": 1.6725, ""mV_16"": 2.1055, ""mV_17"": 2.2825, ""mV_18"": 1.9599, ""mV_19"": 1.2077, ""mV_20"": null}",False,ok,nie_dotyczy,1.0,1.0,0.0,,0,soft_vote_knn5_ridge_observed_only
test_0018,5,ok,nie_dotyczy,1.0,1.0,1.0,0.8420387386563889,51,brak,,,0,1.5989235072128656,brak istotnego odchylenia,0.0,Werdykt OK: brak zmierzonego pasma przekraczającego próg anomalii.,"{""mV_0"": 0.332, ""mV_1"": 0.3772, ""mV_2"": 0.2705, ""mV_3"": 0.1518, ""mV_4"": 0.1232, ""mV_5"": 0.1805, ""mV_6"": 0.2309, ""mV_7"": 0.2587, ""mV_8"": 0.3748, ""mV_9"": 0.6433, ""mV_10"": 0.7549, ""mV_11"": 0.5865, ""mV_12"": 0.5141, ""mV_13"": 0.7551, ""mV_14"": 1.1492, ""mV_15"": 1.4545, ""mV_16"": 1.5989, ""mV_17"": 1.4457, ""mV_18"": 1.0397, ""mV_19"": 0.8603, ""mV_20"": 0.7038}",False,ok,nie_dotyczy,1.0,1.0,0.0,,0,soft_vote_knn5_ridge_observed_only
test_0018,6,ok,nie_dotyczy,1.0,1.0,1.0,0.7959306706109851,51,brak,,mV_5,1,0.9671622270374886,brak istotnego odchylenia,0.0,Werdykt OK: brak zmierzonego pasma przekraczającego próg anomalii.,"{""mV_0"": 0.1786, ""mV_1"": 0.2638, ""mV_2"": 0.4097, ""mV_3"": 0.7867, ""mV_4"": 0.7928, ""mV_5"": null, ""mV_6"": 0.4447, ""mV_7"": 0.3197, ""mV_8"": 0.1564, ""mV_9"": 0.1189, ""mV_10"": 0.1809, ""mV_11"": 0.3644, ""mV_12"": 0.4188, ""mV_13"": 0.3047, ""mV_14"": 0.2735, ""mV_15"": 0.517, ""mV_16"": 0.8778, ""mV_17"": 0.9672, ""mV_18"": 0.9035, ""mV_19"": 0.7967, ""mV_20"": 0.3672}",False,ok,nie_dotyczy,1.0,1.0,0.0,,0,soft_vote_knn5_ridge_observed_only
test_0018,7,ok,nie_dotyczy,1.0,1.0,1.0,0.8047988520318345,51,14–17 kHz,"mV_14,mV_15,mV_16,mV_17","mV_7,mV_8",2,2.6749065109653354,podwyższona,0.0,"Werdykt OK, ale najsilniejsze lokalne odstępstwo występuje w paśmie 14–17 kHz; amplituda jest podwyższona.","{""mV_0"": 0.957, ""mV_1"": 1.23, ""mV_2"": 1.1343, ""mV_3"": 0.8546, ""mV_4"": 0.4914, ""mV_5"": 0.3738, ""mV_6"": 0.3537, ""mV_7"": null, ""mV_8"": null, ""mV_9"": 1.0784, ""mV_10"": 1.3028, ""mV_11"": 1.2467, ""mV_12"": 1.5017, ""mV_13"": 1.9237, ""mV_14"": 2.3371, ""mV_15"": 2.5813, ""mV_16"": 2.6749, ""mV_17"": 2.5412, ""mV_18"": 1.9397, ""mV_19"": 1.2512, ""mV_20"": 0.6935}",False,ok,nie_dotyczy,1.0,1.0,0.0,,0,soft_vote_knn5_ridge_observed_only
test_0018,8,ok,nie_dotyczy,1.0,1.0,1.0,0.7995562235361978,51,brak,,,0,1.2277989811748318,brak istotnego odchylenia,0.0,Werdykt OK: brak zmierzonego pasma przekraczającego próg anomalii.,"{""mV_0"": 0.6526, ""mV_1"": 0.7486, ""mV_2"": 0.3899, ""mV_3"": 0.1908, ""mV_4"": 0.2563, ""mV_5"": 0.4014, ""mV_6"": 0.4655, ""mV_7"": 0.3716, ""mV_8"": 0.3338, ""mV_9"": 0.3424, ""mV_10"": 0.3914, ""mV_11"": 0.6106, ""mV_12"": 0.8064, ""mV_13"": 0.8129, ""mV_14"": 0.7455, ""mV_15"": 0.7273, ""mV_16"": 1.025, ""mV_17"": 1.2278, ""mV_18"": 0.8588, ""mV_19"": 0.744, ""mV_20"": 0.7361}",False,ok,nie_dotyczy,1.0,1.0,0.0,,0,soft_vote_knn5_ridge_observed_only
test_0018,9,ok,nie_dotyczy,1.0,1.0,1.0,0.8302039600635911,51,brak,,"mV_4,mV_19",2,1.5187218783463963,brak istotnego odchylenia,0.0,Werdykt OK: brak zmierzonego pasma przekraczającego próg anomalii.,"{""mV_0"": 0.3521, ""mV_1"": 0.6078, ""mV_2"": 0.4813, ""mV_3"": 0.1486, ""mV_4"": null, ""mV_5"": 0.455, ""mV_6"": 0.8331, ""mV_7"": 1.1855, ""mV_8"": 1.3754, ""mV_9"": 1.4693, ""mV_10"": 1.5187, ""mV_11"": 1.4417, ""mV_12"": 1.2487, ""mV_13"": 1.0096, ""mV_14"": 0.722, ""mV_15"": 0.3824, ""mV_16"": 0.5558, ""mV_17"": 1.0723, ""mV_18"": 0.8433, ""mV_19"": null, ""mV_20"": 0.2973}",False,ok,nie_dotyczy,1.0,1.0,0.0,,0,soft_vote_knn5_ridge_observed_only
test_0018,10,ok,nie_dotyczy,1.0,1.0,1.0,0.7164519018415849,51,11–17 kHz,"mV_11,mV_12,mV_13,mV_14,mV_15,mV_16,mV_17",mV_7,1,2.3844098465501786,obniżona,0.0,"Werdykt OK, ale najsilniejsze lokalne odstępstwo występuje w paśmie 11–17 kHz; amplituda jest obniżona.","{""mV_0"": 1.7966, ""mV_1"": 2.1098, ""mV_2"": 1.1876, ""mV_3"": 0.6048, ""mV_4"": 0.6459, ""mV_5"": 0.9245, ""mV_6"": 0.931, ""mV_7"": null, ""mV_8"": 1.4408, ""mV_9"": 1.8995, ""mV_10"": 1.8967, ""mV_11"": 2.0349, ""mV_12"": 2.2074, ""mV_13"": 2.2388, ""mV_14"": 2.1547, ""mV_15"": 2.0881, ""mV_16"": 2.2947, ""mV_17"": 2.3844, ""mV_18"": 1.5859, ""mV_19"": 0.9502, ""mV_20"": 0.947}",False,ok,nie_dotyczy,1.0,1.0,0.0,,0,soft_vote_knn5_ridge_observed_only
test_0018,11,iglica,duze,0.9019607843137255,1.0,0.9019607843137255,0.7792461132858629,51,7–15 kHz,"mV_7,mV_8,mV_9,mV_10,mV_11,mV_12,mV_13,mV_14,mV_15",mV_18,1,7.84237526363918,obniżona,0.9831679792751697,Podejrzenie iglica: najbardziej nietypowe jest pasmo 7–15 kHz; amplituda jest obniżona względem zdrowej referencji.,"{""mV_0"": 1.3288, ""mV_1"": 2.0505, ""mV_2"": 2.4473, ""mV_3"": 1.7798, ""mV_4"": 1.145, ""mV_5"": 2.085, ""mV_6"": 3.9086, ""mV_7"": 5.3134, ""mV_8"": 6.7403, ""mV_9"": 7.8424, ""mV_10"": 7.7446, ""mV_11"": 7.3075, ""mV_12"": 7.216, ""mV_13"": 7.7568, ""mV_14"": 7.775, ""mV_15"": 5.8313, ""mV_16"": 3.784, ""mV_17"": 2.5182, ""mV_18"": null, ""mV_19"": 3.8509, ""mV_20"": 4.6613}",False,iglica,duze,0.9019607843137255,0.9019607843137255,0.0,,0,soft_vote_knn5_ridge_observed_only
test_0018,12,ok,nie_dotyczy,1.0,1.0,1.0,0.8201725372798337,51,brak,,"mV_9,mV_17,mV_18",3,1.2378409637280325,brak istotnego odchylenia,0.0,Werdykt OK: brak zmierzonego pasma przekraczającego próg anomalii.,"{""mV_0"": 0.1401, ""mV_1"": 0.1146, ""mV_2"": 0.0691, ""mV_3"": 0.1044, ""mV_4"": 0.1681, ""mV_5"": 0.1849, ""mV_6"": 0.2608, ""mV_7"": 0.4621, ""mV_8"": 0.4208, ""mV_9"": null, ""mV_10"": 0.2701, ""mV_11"": 0.2321, ""mV_12"": 0.1149, ""mV_13"": 0.0735, ""mV_14"": 0.1523, ""mV_15"": 0.3666, ""mV_16"": 0.3765, ""mV_17"": null, ""mV_18"": null, ""mV_19"": 1.2378, ""mV_20"": 0.8564}",False,ok,nie_dotyczy,1.0,1.0,0.0,,0,soft_vote_knn5_ridge_observed_only
test_0018,13,ok,nie_dotyczy,1.0,1.0,1.0,0.8014812705962664,51,brak,,,0,1.03842618675432,brak istotnego odchylenia,0.0,Werdykt OK: brak zmierzonego pasma przekraczającego próg anomalii.,"{""mV_0"": 0.3516, ""mV_1"": 0.5165, ""mV_2"": 0.417, ""mV_3"": 0.2683, ""mV_4"": 0.1925, ""mV_5"": 0.3262, ""mV_6"": 0.4166, ""mV_7"": 0.2356, ""mV_8"": 0.1492, ""mV_9"": 0.2497, ""mV_10"": 0.4346, ""mV_11"": 0.683, ""mV_12"": 0.8374, ""mV_13"": 0.8922, ""mV_14"": 0.9706, ""mV_15"": 0.9865, ""mV_16"": 1.0384, ""mV_17"": 0.9737, ""mV_18"": 0.93, ""mV_19"": 1.0147, ""mV_20"": 0.5305}",False,ok,nie_dotyczy,1.0,1.0,0.0,,0,soft_vote_knn5_ridge_observed_only
test_0018,14,ok,nie_dotyczy,1.0,1.0,1.0,0.8511652556755934,51,brak,,"mV_2,mV_7,mV_8",3,0.7043292945856171,brak istotnego odchylenia,0.0,Werdykt OK: brak zmierzonego pasma przekraczającego próg anomalii.,"{""mV_0"": 0.7043, ""mV_1"": 0.6361, ""mV_2"": null, ""mV_3"": 0.0222, ""mV_4"": 0.0552, ""mV_5"": 0.0673, ""mV_6"": 0.0356, ""mV_7"": null, ""mV_8"": null, ""mV_9"": 0.1537, ""mV_10"": 0.2417, ""mV_11"": 0.2626, ""mV_12"": 0.2257, ""mV_13"": 0.2305, ""mV_14"": 0.297, ""mV_15"": 0.2765, ""mV_16"": 0.2583, ""mV_17"": 0.3248, ""mV_18"": 0.3078, ""mV_19"": 0.295, ""mV_20"": 0.2387}",False,ok,nie_dotyczy,1.0,1.0,0.0,,0,soft_vote_knn5_ridge_observed_only
test_0018,15,ok,nie_dotyczy,1.0,1.0,1.0,0.8002724904297471,51,brak,,mV_4,1,1.59544758002067,brak istotnego odchylenia,0.0,Werdykt OK: brak zmierzonego pasma przekraczającego próg anomalii.,"{""mV_0"": 0.5869, ""mV_1"": 0.6992, ""mV_2"": 0.9224, ""mV_3"": 0.9909, ""mV_4"": null, ""mV_5"": 1.2497, ""mV_6"": 1.5906, ""mV_7"": 1.3597, ""mV_8"": 1.2345, ""mV_9"": 1.2299, ""mV_10"": 1.2766, ""mV_11"": 1.3649, ""mV_12"": 1.3844, ""mV_13"": 1.4522, ""mV_14"": 1.5954, ""mV_15"": 1.5211, ""mV_16"": 1.0191, ""mV_17"": 0.456, ""mV_18"": 0.5247, ""mV_19"": 1.0533, ""mV_20"": 1.0028}",False,ok,nie_dotyczy,1.0,1.0,0.0,,0,soft_vote_knn5_ridge_observed_only
test_0018,16,ok,nie_dotyczy,1.0,1.0,1.0,0.7145753496934475,51,12–17 kHz,"mV_12,mV_13,mV_14,mV_15,mV_16,mV_17",mV_9,1,3.3095148192300137,obniżona,0.0,"Werdykt OK, ale najsilniejsze lokalne odstępstwo występuje w paśmie 12–17 kHz; amplituda jest obniżona.","{""mV_0"": 2.0546, ""mV_1"": 2.6458, ""mV_2"": 2.2756, ""mV_3"": 1.8197, ""mV_4"": 1.5286, ""mV_5"": 1.5357, ""mV_6"": 1.6296, ""mV_7"": 1.5856, ""mV_8"": 1.1873, ""mV_9"": null, ""mV_10"": 1.3518, ""mV_11"": 1.9522, ""mV_12"": 2.16, ""mV_13"": 2.3959, ""mV_14"": 2.7513, ""mV_15"": 3.0764, ""mV_16"": 3.3095, ""mV_17"": 2.9333, ""mV_18"": 1.5462, ""mV_19"": 0.8557, ""mV_20"": 1.0465}",False,ok,nie_dotyczy,1.0,1.0,0.0,,0,soft_vote_knn5_ridge_observed_only
test_0019,1,ok,nie_dotyczy,1.0,1.0,1.0,0.7395050955931041,51,brak,,"mV_3,mV_4,mV_7",3,1.3683619477521691,brak istotnego odchylenia,0.0,Werdykt OK: brak zmierzonego pasma przekraczającego próg anomalii.,"{""mV_0"": 0.1325, ""mV_1"": 0.1818, ""mV_2"": 0.1406, ""mV_3"": null, ""mV_4"": null, ""mV_5"": 0.5807, ""mV_6"": 0.3989, ""mV_7"": null, ""mV_8"": 0.1301, ""mV_9"": 0.2092, ""mV_10"": 0.2031, ""mV_11"": 0.2523, ""mV_12"": 0.3456, ""mV_13"": 0.4408, ""mV_14"": 0.4797, ""mV_15"": 0.327, ""mV_16"": 0.1661, ""mV_17"": 0.6245, ""mV_18"": 1.3684, ""mV_19"": 1.1977, ""mV_20"": 0.5233}",False,ok,nie_dotyczy,1.0,1.0,0.0,,0,soft_vote_knn5_ridge_observed_only
test_0019,2,ok,nie_dotyczy,1.0,1.0,1.0,0.8346038813696618,51,brak,,,0,0.8307950977766633,brak istotnego odchylenia,0.0,Werdykt OK: brak zmierzonego pasma przekraczającego próg anomalii.,"{""mV_0"": 0.4563, ""mV_1"": 0.3118, ""mV_2"": 0.3376, ""mV_3"": 0.6668, ""mV_4"": 0.6956, ""mV_5"": 0.5856, ""mV_6"": 0.6113, ""mV_7"": 0.6266, ""mV_8"": 0.5297, ""mV_9"": 0.3736, ""mV_10"": 0.2153, ""mV_11"": 0.0902, ""mV_12"": 0.0522, ""mV_13"": 0.0651, ""mV_14"": 0.0941, ""mV_15"": 0.1928, ""mV_16"": 0.3211, ""mV_17"": 0.6045, ""mV_18"": 0.8308, ""mV_19"": 0.5483, ""mV_20"": 0.1845}",False,ok,nie_dotyczy,1.0,1.0,0.0,,0,soft_vote_knn5_ridge_observed_only
test_0019,3,ok,nie_dotyczy,1.0,1.0,1.0,0.7061597503194526,51,14–17 kHz,"mV_14,mV_15,mV_16,mV_17","mV_2,mV_10",2,3.0788414787502054,obniżona,0.0,"Werdykt OK, ale najsilniejsze lokalne odstępstwo występuje w paśmie 14–17 kHz; amplituda jest obniżona.","{""mV_0"": 1.1777, ""mV_1"": 1.221, ""mV_2"": null, ""mV_3"": 0.2035, ""mV_4"": 0.1999, ""mV_5"": 0.4872, ""mV_6"": 1.0219, ""mV_7"": 1.2663, ""mV_8"": 1.3229, ""mV_9"": 1.0595, ""mV_10"": null, ""mV_11"": 0.9588, ""mV_12"": 1.506, ""mV_13"": 1.9124, ""mV_14"": 2.3906, ""mV_15"": 2.7889, ""mV_16"": 3.0788, ""mV_17"": 2.4956, ""mV_18"": 1.435, ""mV_19"": 1.5037, ""mV_20"": 1.5636}",False,ok,nie_dotyczy,1.0,1.0,0.0,,0,soft_vote_knn5_ridge_observed_only
test_0019,4,ok,nie_dotyczy,1.0,1.0,1.0,0.805150501843193,51,brak,,,0,1.4055900732872024,brak istotnego odchylenia,0.0,Werdykt OK: brak zmierzonego pasma przekraczającego próg anomalii.,"{""mV_0"": 0.1328, ""mV_1"": 0.2892, ""mV_2"": 0.5148, ""mV_3"": 0.6429, ""mV_4"": 0.6538, ""mV_5"": 0.717, ""mV_6"": 0.8854, ""mV_7"": 0.9485, ""mV_8"": 0.8191, ""mV_9"": 0.634, ""mV_10"": 0.4495, ""mV_11"": 0.3563, ""mV_12"": 0.4521, ""mV_13"": 0.7253, ""mV_14"": 1.0428, ""mV_15"": 1.2743, ""mV_16"": 1.4056, ""mV_17"": 1.1597, ""mV_18"": 0.6672, ""mV_19"": 0.5684, ""mV_20"": 0.534}",False,ok,nie_dotyczy,1.0,1.0,0.0,,0,soft_vote_knn5_ridge_observed_only
test_0019,5,ok,nie_dotyczy,1.0,1.0,1.0,0.7574695674564332,51,brak,,mV_17,1,0.876386559215467,brak istotnego odchylenia,0.0,Werdykt OK: brak zmierzonego pasma przekraczającego próg anomalii.,"{""mV_0"": 0.1606, ""mV_1"": 0.419, ""mV_2"": 0.6394, ""mV_3"": 0.6791, ""mV_4"": 0.8065, ""mV_5"": 0.7956, ""mV_6"": 0.4206, ""mV_7"": 0.1475, ""mV_8"": 0.1152, ""mV_9"": 0.1416, ""mV_10"": 0.3082, ""mV_11"": 0.5134, ""mV_12"": 0.4769, ""mV_13"": 0.2875, ""mV_14"": 0.1598, ""mV_15"": 0.139, ""mV_16"": 0.1363, ""mV_17"": null, ""mV_18"": 0.8764, ""mV_19"": 0.5437, ""mV_20"": 0.1025}",False,ok,nie_dotyczy,1.0,1.0,0.0,,0,soft_vote_knn5_ridge_observed_only
test_0019,6,ok,nie_dotyczy,1.0,1.0,1.0,0.7821200366787272,51,brak,,,0,1.0907363653659277,brak istotnego odchylenia,0.0,Werdykt OK: brak zmierzonego pasma przekraczającego próg anomalii.,"{""mV_0"": 0.2764, ""mV_1"": 0.8182, ""mV_2"": 0.9835, ""mV_3"": 0.5069, ""mV_4"": 0.1315, ""mV_5"": 0.0978, ""mV_6"": 0.1627, ""mV_7"": 0.1789, ""mV_8"": 0.1072, ""mV_9"": 0.0642, ""mV_10"": 0.0887, ""mV_11"": 0.1219, ""mV_12"": 0.1533, ""mV_13"": 0.1931, ""mV_14"": 0.1727, ""mV_15"": 0.1887, ""mV_16"": 0.4635, ""mV_17"": 0.8615, ""mV_18"": 1.0907, ""mV_19"": 0.9692, ""mV_20"": 0.5198}",False,ok,nie_dotyczy,1.0,1.0,0.0,,0,soft_vote_knn5_ridge_observed_only
test_0019,7,ok,nie_dotyczy,1.0,1.0,1.0,0.8172296602824143,51,brak,,mV_6,1,0.7960333258453721,brak istotnego odchylenia,0.0,Werdykt OK: brak zmierzonego pasma przekraczającego próg anomalii.,"{""mV_0"": 0.2125, ""mV_1"": 0.3581, ""mV_2"": 0.6008, ""mV_3"": 0.796, ""mV_4"": 0.543, ""mV_5"": 0.1603, ""mV_6"": null, ""mV_7"": 0.1549, ""mV_8"": 0.2194, ""mV_9"": 0.158, ""mV_10"": 0.1275, ""mV_11"": 0.3178, ""mV_12"": 0.55, ""mV_13"": 0.5855, ""mV_14"": 0.4927, ""mV_15"": 0.3808, ""mV_16"": 0.2521, ""mV_17"": 0.3303, ""mV_18"": 0.5487, ""mV_19"": 0.6662, ""mV_20"": 0.6278}",False,ok,nie_dotyczy,1.0,1.0,0.0,,0,soft_vote_knn5_ridge_observed_only
test_0019,8,ok,nie_dotyczy,1.0,1.0,1.0,0.8230003911169159,51,brak,,mV_2,1,1.5282150617611072,brak istotnego odchylenia,0.0,Werdykt OK: brak zmierzonego pasma przekraczającego próg anomalii.,"{""mV_0"": 0.2274, ""mV_1"": 0.3195, ""mV_2"": null, ""mV_3"": 0.9921, ""mV_4"": 1.4998, ""mV_5"": 1.5282, ""mV_6"": 1.2255, ""mV_7"": 0.9663, ""mV_8"": 0.9307, ""mV_9"": 0.9292, ""mV_10"": 0.9007, ""mV_11"": 0.844, ""mV_12"": 0.7125, ""mV_13"": 0.5371, ""mV_14"": 0.3508, ""mV_15"": 0.2018, ""mV_16"": 0.1288, ""mV_17"": 0.1606, ""mV_18"": 0.3638, ""mV_19"": 0.5465, ""mV_20"": 0.4013}",False,ok,nie_dotyczy,1.0,1.0,0.0,,0,soft_vote_knn5_ridge_observed_only
test_0020,1,lejacy,duze,1.0,1.0,1.0,0.7207142401185918,51,3–17 kHz,"mV_3,mV_4,mV_5,mV_6,mV_7,mV_8,mV_9,mV_10,mV_11,mV_12,mV_13,mV_14,mV_15,mV_16,mV_17",,0,15.504941101611681,obniżona,0.9873495354761136,Podejrzenie lejacy: najbardziej nietypowe jest pasmo 3–17 kHz; amplituda jest obniżona względem zdrowej referencji.,"{""mV_0"": 0.6985, ""mV_1"": 2.5362, ""mV_2"": 6.3413, ""mV_3"": 9.1707, ""mV_4"": 10.2992, ""mV_5"": 11.0809, ""mV_6"": 11.14, ""mV_7"": 11.2324, ""mV_8"": 12.0726, ""mV_9"": 12.832, ""mV_10"": 13.5131, ""mV_11"": 14.5445, ""mV_12"": 15.1838, ""mV_13"": 15.3146, ""mV_14"": 15.5049, ""mV_15"": 15.3363, ""mV_16"": 14.3924, ""mV_17"": 11.4387, ""mV_18"": 8.1424, ""mV_19"": 8.3059, ""mV_20"": 7.2617}",False,lejacy,duze,1.0,1.0,0.0,,0,soft_vote_knn5_ridge_observed_only
test_0020,2,ok,nie_dotyczy,1.0,1.0,1.0,0.8532555570824472,51,brak,,,0,1.425569622239799,brak istotnego odchylenia,0.0,Werdykt OK: brak zmierzonego pasma przekraczającego próg anomalii.,"{""mV_0"": 1.1107, ""mV_1"": 1.2162, ""mV_2"": 0.887, ""mV_3"": 0.8511, ""mV_4"": 1.0209, ""mV_5"": 1.2639, ""mV_6"": 1.4256, ""mV_7"": 1.3647, ""mV_8"": 1.1444, ""mV_9"": 0.8515, ""mV_10"": 0.6161, ""mV_11"": 0.5427, ""mV_12"": 0.6057, ""mV_13"": 0.7708, ""mV_14"": 0.9615, ""mV_15"": 0.8822, ""mV_16"": 0.4573, ""mV_17"": 0.1003, ""mV_18"": 0.364, ""mV_19"": 0.8258, ""mV_20"": 0.5749}",False,ok,nie_dotyczy,1.0,1.0,0.0,,0,soft_vote_knn5_ridge_observed_only
test_0020,3,ok,nie_dotyczy,1.0,1.0,1.0,0.8381671623897242,51,5 kHz,mV_5,,0,2.012785547331034,podwyższona,0.0,"Werdykt OK, ale najsilniejsze lokalne odstępstwo występuje w paśmie 5 kHz; amplituda jest podwyższona.","{""mV_0"": 0.1096, ""mV_1"": 0.2943, ""mV_2"": 0.749, ""mV_3"": 1.5106, ""mV_4"": 1.9555, ""mV_5"": 2.0128, ""mV_6"": 1.9812, ""mV_7"": 1.9296, ""mV_8"": 1.9612, ""mV_9"": 1.9804, ""mV_10"": 1.939, ""mV_11"": 1.9326, ""mV_12"": 1.8726, ""mV_13"": 1.7337, ""mV_14"": 1.5067, ""mV_15"": 1.2654, ""mV_16"": 1.1431, ""mV_17"": 0.8385, ""mV_18"": 0.5046, ""mV_19"": 0.6015, ""mV_20"": 0.6211}",False,ok,nie_dotyczy,1.0,1.0,0.0,,0,soft_vote_knn5_ridge_observed_only
test_0020,4,ok,nie_dotyczy,1.0,1.0,1.0,0.7899979648332354,51,11–17 kHz,"mV_11,mV_12,mV_13,mV_14,mV_15,mV_16,mV_17",,0,2.890634900527119,podwyższona,0.0,"Werdykt OK, ale najsilniejsze lokalne odstępstwo występuje w paśmie 11–17 kHz; amplituda jest podwyższona.","{""mV_0"": 0.4307, ""mV_1"": 0.9551, ""mV_2"": 1.2997, ""mV_3"": 1.0289, ""mV_4"": 0.8269, ""mV_5"": 0.9068, ""mV_6"": 1.0027, ""mV_7"": 1.1305, ""mV_8"": 1.2623, ""mV_9"": 1.4863, ""mV_10"": 1.7569, ""mV_11"": 2.0695, ""mV_12"": 2.4998, ""mV_13"": 2.8317, ""mV_14"": 2.8906, ""mV_15"": 2.7252, ""mV_16"": 2.4249, ""mV_17"": 2.0715, ""mV_18"": 1.6971, ""mV_19"": 1.4641, ""mV_20"": 1.0801}",False,ok,nie_dotyczy,1.0,1.0,0.0,,0,soft_vote_knn5_ridge_observed_only
test_0020,5,ok,nie_dotyczy,1.0,1.0,1.0,0.8209444056056351,51,brak,,"mV_7,mV_18",2,1.5792174207659433,brak istotnego odchylenia,0.0,Werdykt OK: brak zmierzonego pasma przekraczającego próg anomalii.,"{""mV_0"": 0.3538, ""mV_1"": 0.4093, ""mV_2"": 0.3652, ""mV_3"": 0.4084, ""mV_4"": 0.4099, ""mV_5"": 0.368, ""mV_6"": 0.2538, ""mV_7"": null, ""mV_8"": 0.3655, ""mV_9"": 0.5422, ""mV_10"": 0.5263, ""mV_11"": 0.4187, ""mV_12"": 0.4114, ""mV_13"": 0.5365, ""mV_14"": 0.8462, ""mV_15"": 1.2644, ""mV_16"": 1.5792, ""mV_17"": 1.353, ""mV_18"": null, ""mV_19"": 0.2656, ""mV_20"": 0.5174}",False,ok,nie_dotyczy,1.0,1.0,0.0,,0,soft_vote_knn5_ridge_observed_only
test_0020,6,ok,nie_dotyczy,1.0,1.0,1.0,0.8431335428189379,51,19 kHz,mV_19,,0,2.4034263823274538,obniżona,0.0,"Werdykt OK, ale najsilniejsze lokalne odstępstwo występuje w paśmie 19 kHz; amplituda jest obniżona.","{""mV_0"": 1.7553, ""mV_1"": 2.2617, ""mV_2"": 2.175, ""mV_3"": 2.202, ""mV_4"": 2.2847, ""mV_5"": 2.3908, ""mV_6"": 2.3466, ""mV_7"": 2.0736, ""mV_8"": 1.7767, ""mV_9"": 1.5676, ""mV_10"": 1.4854, ""mV_11"": 1.4883, ""mV_12"": 1.4264, ""mV_13"": 1.3281, ""mV_14"": 1.3674, ""mV_15"": 1.5392, ""mV_16"": 1.6437, ""mV_17"": 1.4962, ""mV_18"": 1.757, ""mV_19"": 2.4034, ""mV_20"": 1.8346}",False,ok,nie_dotyczy,1.0,1.0,0.0,,0,soft_vote_knn5_ridge_observed_only
test_0020,7,ok,nie_dotyczy,1.0,1.0,1.0,0.7749488146423208,51,3–8 kHz,"mV_3,mV_4,mV_5,mV_6,mV_7,mV_8","mV_0,mV_10",2,2.8690803905082993,podwyższona,0.0,"Werdykt OK, ale najsilniejsze lokalne odstępstwo występuje w paśmie 3–8 kHz; amplituda jest podwyższona.","{""mV_0"": null, ""mV_1"": 0.4814, ""mV_2"": 1.1412, ""mV_3"": 2.0905, ""mV_4"": 2.7469, ""mV_5"": 2.8691, ""mV_6"": 2.6928, ""mV_7"": 2.394, ""mV_8"": 2.2385, ""mV_9"": 1.6926, ""mV_10"": null, ""mV_11"": 1.5367, ""mV_12"": 1.9667, ""mV_13"": 2.0407, ""mV_14"": 1.9846, ""mV_15"": 1.5439, ""mV_16"": 1.0606, ""mV_17"": 0.6761, ""mV_18"": 0.9708, ""mV_19"": 1.6372, ""mV_20"": 1.2734}",False,ok,nie_dotyczy,1.0,1.0,0.0,,0,soft_vote_knn5_ridge_observed_only
test_0020,8,ok,nie_dotyczy,1.0,1.0,1.0,0.7955937427183559,51,brak,,mV_16,1,1.867760533428291,brak istotnego odchylenia,0.0,Werdykt OK: brak zmierzonego pasma przekraczającego próg anomalii.,"{""mV_0"": 1.0954, ""mV_1"": 1.0531, ""mV_2"": 0.6213, ""mV_3"": 0.6189, ""mV_4"": 0.7346, ""mV_5"": 0.8296, ""mV_6"": 0.9667, ""mV_7"": 1.0683, ""mV_8"": 1.1166, ""mV_9"": 1.1745, ""mV_10"": 1.306, ""mV_11"": 1.4754, ""mV_12"": 1.6269, ""mV_13"": 1.7058, ""mV_14"": 1.8678, ""mV_15"": 1.5805, ""mV_16"": null, ""mV_17"": 1.4001, ""mV_18"": 1.1408, ""mV_19"": 0.6562, ""mV_20"": 0.6656}",False,ok,nie_dotyczy,1.0,1.0,0.0,,0,soft_vote_knn5_ridge_observed_only
test_0020,9,ok,nie_dotyczy,1.0,1.0,1.0,0.8549105095612042,51,brak,,mV_15,1,1.2669299564958467,brak istotnego odchylenia,0.0,Werdykt OK: brak zmierzonego pasma przekraczającego próg anomalii.,"{""mV_0"": 0.2508, ""mV_1"": 0.6724, ""mV_2"": 0.7643, ""mV_3"": 0.4353, ""mV_4"": 0.178, ""mV_5"": 0.0957, ""mV_6"": 0.0501, ""mV_7"": 0.0503, ""mV_8"": 0.1292, ""mV_9"": 0.2249, ""mV_10"": 0.2528, ""mV_11"": 0.2508, ""mV_12"": 0.3006, ""mV_13"": 0.4084, ""mV_14"": 0.3704, ""mV_15"": null, ""mV_16"": 0.1547, ""mV_17"": 0.1229, ""mV_18"": 0.6092, ""mV_19"": 1.2669, ""mV_20"": 0.8402}",False,ok,nie_dotyczy,1.0,1.0,0.0,,0,soft_vote_knn5_ridge_observed_only
test_0020,10,ok,nie_dotyczy,1.0,1.0,1.0,0.7797431748258716,51,9–13 kHz,"mV_9,mV_10,mV_11,mV_12,mV_13",,0,2.481701926045835,podwyższona,0.0,"Werdykt OK, ale najsilniejsze lokalne odstępstwo występuje w paśmie 9–13 kHz; amplituda jest podwyższona.","{""mV_0"": 0.9704, ""mV_1"": 1.8515, ""mV_2"": 2.0893, ""mV_3"": 1.1816, ""mV_4"": 0.6667, ""mV_5"": 0.936, ""mV_6"": 1.319, ""mV_7"": 1.7041, ""mV_8"": 1.9834, ""mV_9"": 2.2674, ""mV_10"": 2.4694, ""mV_11"": 2.4817, ""mV_12"": 2.3738, ""mV_13"": 2.1483, ""mV_14"": 1.8597, ""mV_15"": 1.7288, ""mV_16"": 1.7065, ""mV_17"": 1.3177, ""mV_18"": 0.8977, ""mV_19"": 0.9952, ""mV_20"": 0.8606}",False,ok,nie_dotyczy,1.0,1.0,0.0,,0,soft_vote_knn5_ridge_observed_only
test_0020,11,unknown,nie_dotyczy,0.7647058823529411,0.7647058823529411,0.7647058823529411,0.6856112636748888,51,10–12 kHz,"mV_10,mV_11,mV_12",mV_15,1,12.750111326294197,obniżona,0.7012746595128622,Podejrzenie unknown: najbardziej nietypowe jest pasmo 10–12 kHz; amplituda jest obniżona względem zdrowej referencji.,"{""mV_0"": 0.856, ""mV_1"": 2.8502, ""mV_2"": 5.9304, ""mV_3"": 7.1725, ""mV_4"": 5.3016, ""mV_5"": 2.6039, ""mV_6"": 1.4585, ""mV_7"": 2.2221, ""mV_8"": 3.2976, ""mV_9"": 4.9531, ""mV_10"": 8.8266, ""mV_11"": 12.7501, ""mV_12"": 11.1547, ""mV_13"": 5.0462, ""mV_14"": 1.356, ""mV_15"": null, ""mV_16"": 0.4904, ""mV_17"": 1.0841, ""mV_18"": 1.9829, ""mV_19"": 1.9435, ""mV_20"": 1.2615}",False,unknown,nie_dotyczy,0.7647058823529411,0.7647058823529411,0.0,,0,soft_vote_knn5_ridge_observed_only
test_0020,12,ok,nie_dotyczy,1.0,1.0,1.0,0.8219394347037952,51,brak,,,0,1.1079091154021934,brak istotnego odchylenia,0.0,Werdykt OK: brak zmierzonego pasma przekraczającego próg anomalii.,"{""mV_0"": 0.2556, ""mV_1"": 0.6805, ""mV_2"": 1.0242, ""mV_3"": 0.6571, ""mV_4"": 0.2565, ""mV_5"": 0.2835, ""mV_6"": 0.475, ""mV_7"": 0.5847, ""mV_8"": 0.4683, ""mV_9"": 0.3902, ""mV_10"": 0.4854, ""mV_11"": 0.6669, ""mV_12"": 0.8895, ""mV_13"": 1.1079, ""mV_14"": 1.0549, ""mV_15"": 0.706, ""mV_16"": 0.424, ""mV_17"": 0.2238, ""mV_18"": 0.3999, ""mV_19"": 0.7615, ""mV_20"": 0.4997}",False,ok,nie_dotyczy,1.0,1.0,0.0,,0,soft_vote_knn5_ridge_observed_only
test_0021,1,ok,nie_dotyczy,1.0,1.0,1.0,0.7293714882673592,51,brak,,,0,1.3277724886990743,brak istotnego odchylenia,0.0,Werdykt OK: brak zmierzonego pasma przekraczającego próg anomalii.,"{""mV_0"": 0.3465, ""mV_1"": 0.8084, ""mV_2"": 0.8775, ""mV_3"": 0.3916, ""mV_4"": 0.0611, ""mV_5"": 0.0798, ""mV_6"": 0.1122, ""mV_7"": 0.1305, ""mV_8"": 0.2609, ""mV_9"": 0.3543, ""mV_10"": 0.5782, ""mV_11"": 1.1006, ""mV_12"": 1.3278, ""mV_13"": 1.0624, ""mV_14"": 0.5986, ""mV_15"": 0.2216, ""mV_16"": 0.0935, ""mV_17"": 0.1286, ""mV_18"": 0.2917, ""mV_19"": 0.46, ""mV_20"": 0.3843}",False,ok,nie_dotyczy,1.0,1.0,0.0,,0,soft_vote_knn5_ridge_observed_only
test_0021,2,zakoksowany,duze,0.9411764705882353,1.0,0.9411764705882353,0.7215310147776077,51,13–18 kHz,"mV_13,mV_14,mV_15,mV_16,mV_17,mV_18",,0,9.890341363834638,podwyższona,0.9914058643917196,Podejrzenie zakoksowany: najbardziej nietypowe jest pasmo 13–18 kHz; amplituda jest podwyższona względem zdrowej referencji.,"{""mV_0"": 2.3433, ""mV_1"": 3.0931, ""mV_2"": 1.5022, ""mV_3"": 0.5416, ""mV_4"": 0.5224, ""mV_5"": 0.2787, ""mV_6"": 0.3568, ""mV_7"": 1.4493, ""mV_8"": 4.4101, ""mV_9"": 6.2357, ""mV_10"": 3.9256, ""mV_11"": 2.1345, ""mV_12"": 3.5347, ""mV_13"": 5.5887, ""mV_14"": 7.548, ""mV_15"": 9.3469, ""mV_16"": 9.8903, ""mV_17"": 8.4838, ""mV_18"": 6.2919, ""mV_19"": 4.697, ""mV_20"": 3.0066}",False,zakoksowany,duze,0.9411764705882353,0.9411764705882353,0.0,,0,soft_vote_knn5_ridge_observed_only
test_0021,3,ok,nie_dotyczy,1.0,1.0,1.0,0.7759955092857427,51,brak,,,0,1.6623756511680057,brak istotnego odchylenia,0.0,Werdykt OK: brak zmierzonego pasma przekraczającego próg anomalii.,"{""mV_0"": 0.6118, ""mV_1"": 0.9514, ""mV_2"": 0.8439, ""mV_3"": 0.5163, ""mV_4"": 0.4698, ""mV_5"": 0.7741, ""mV_6"": 1.1331, ""mV_7"": 1.3582, ""mV_8"": 1.4255, ""mV_9"": 1.475, ""mV_10"": 1.1873, ""mV_11"": 0.489, ""mV_12"": 0.1111, ""mV_13"": 0.1136, ""mV_14"": 0.2585, ""mV_15"": 0.6993, ""mV_16"": 1.3175, ""mV_17"": 1.6624, ""mV_18"": 1.4353, ""mV_19"": 0.9871, ""mV_20"": 0.6222}",False,ok,nie_dotyczy,1.0,1.0,0.0,,0,soft_vote_knn5_ridge_observed_only
test_0021,4,ok,nie_dotyczy,1.0,1.0,1.0,0.790214403576467,51,7–8 kHz,"mV_7,mV_8",mV_3,1,2.00644526535384,podwyższona,0.0,"Werdykt OK, ale najsilniejsze lokalne odstępstwo występuje w paśmie 7–8 kHz; amplituda jest podwyższona.","{""mV_0"": 0.617, ""mV_1"": 0.3659, ""mV_2"": 0.0537, ""mV_3"": null, ""mV_4"": 1.2438, ""mV_5"": 1.6977, ""mV_6"": 1.8542, ""mV_7"": 2.0047, ""mV_8"": 2.0064, ""mV_9"": 1.9564, ""mV_10"": 1.567, ""mV_11"": 0.8223, ""mV_12"": 0.4079, ""mV_13"": 0.3726, ""mV_14"": 0.4919, ""mV_15"": 0.9641, ""mV_16"": 1.6394, ""mV_17"": 1.9119, ""mV_18"": 1.5712, ""mV_19"": 1.1268, ""mV_20"": 0.7585}",False,ok,nie_dotyczy,1.0,1.0,0.0,,0,soft_vote_knn5_ridge_observed_only
test_0021,5,ok,nie_dotyczy,1.0,1.0,1.0,0.7639024946647076,51,brak,,,0,1.3365055902246754,brak istotnego odchylenia,0.0,Werdykt OK: brak zmierzonego pasma przekraczającego próg anomalii.,"{""mV_0"": 0.3682, ""mV_1"": 0.8002, ""mV_2"": 1.139, ""mV_3"": 1.2813, ""mV_4"": 1.3338, ""mV_5"": 1.2972, ""mV_6"": 1.0788, ""mV_7"": 0.8155, ""mV_8"": 0.7581, ""mV_9"": 0.7644, ""mV_10"": 0.9032, ""mV_11"": 1.2419, ""mV_12"": 1.1858, ""mV_13"": 0.747, ""mV_14"": 0.3982, ""mV_15"": 0.3028, ""mV_16"": 0.5429, ""mV_17"": 0.9717, ""mV_18"": 1.2511, ""mV_19"": 1.3365, ""mV_20"": 1.0488}",False,ok,nie_dotyczy,1.0,1.0,0.0,,0,soft_vote_knn5_ridge_observed_only
test_0021,6,ok,nie_dotyczy,1.0,1.0,1.0,0.8049180018288256,51,brak,,mV_10,1,1.790797812349333,brak istotnego odchylenia,0.0,Werdykt OK: brak zmierzonego pasma przekraczającego próg anomalii.,"{""mV_0"": 0.472, ""mV_1"": 0.3826, ""mV_2"": 0.5241, ""mV_3"": 1.351, ""mV_4"": 1.7908, ""mV_5"": 1.3827, ""mV_6"": 0.7481, ""mV_7"": 0.2852, ""mV_8"": 0.0983, ""mV_9"": 0.0727, ""mV_10"": null, ""mV_11"": 0.0482, ""mV_12"": 0.0599, ""mV_13"": 0.1352, ""mV_14"": 0.3176, ""mV_15"": 0.4984, ""mV_16"": 0.6084, ""mV_17"": 0.6333, ""mV_18"": 0.6145, ""mV_19"": 0.687, ""mV_20"": 0.6068}",False,ok,nie_dotyczy,1.0,1.0,0.0,,0,soft_vote_knn5_ridge_observed_only
test_0021,7,ok,nie_dotyczy,1.0,1.0,1.0,0.8224333721551509,51,brak,,,0,0.7765032802486643,brak istotnego odchylenia,0.0,Werdykt OK: brak zmierzonego pasma przekraczającego próg anomalii.,"{""mV_0"": 0.3993, ""mV_1"": 0.3401, ""mV_2"": 0.1472, ""mV_3"": 0.1096, ""mV_4"": 0.102, ""mV_5"": 0.1277, ""mV_6"": 0.3716, ""mV_7"": 0.6744, ""mV_8"": 0.7387, ""mV_9"": 0.7765, ""mV_10"": 0.7004, ""mV_11"": 0.3271, ""mV_12"": 0.211, ""mV_13"": 0.375, ""mV_14"": 0.3286, ""mV_15"": 0.1749, ""mV_16"": 0.1239, ""mV_17"": 0.1288, ""mV_18"": 0.2338, ""mV_19"": 0.3633, ""mV_20"": 0.3023}",False,ok,nie_dotyczy,1.0,1.0,0.0,,0,soft_vote_knn5_ridge_observed_only
test_0021,8,ok,nie_dotyczy,1.0,1.0,1.0,0.763744012650713,51,4–5 kHz,"mV_4,mV_5",,0,2.2439874786442897,obniżona,0.0,"Werdykt OK, ale najsilniejsze lokalne odstępstwo występuje w paśmie 4–5 kHz; amplituda jest obniżona.","{""mV_0"": 0.4769, ""mV_1"": 0.4435, ""mV_2"": 0.8001, ""mV_3"": 1.7059, ""mV_4"": 2.244, ""mV_5"": 2.1815, ""mV_6"": 1.8502, ""mV_7"": 1.4207, ""mV_8"": 1.0231, ""mV_9"": 0.6467, ""mV_10"": 0.5642, ""mV_11"": 0.9339, ""mV_12"": 1.1643, ""mV_13"": 1.1094, ""mV_14"": 0.9939, ""mV_15"": 0.7706, ""mV_16"": 0.5231, ""mV_17"": 0.487, ""mV_18"": 0.8073, ""mV_19"": 1.1866, ""mV_20"": 0.9518}",False,ok,nie_dotyczy,1.0,1.0,0.0,,0,soft_vote_knn5_ridge_observed_only
test_0022,1,ok,nie_dotyczy,1.0,1.0,1.0,0.7791218026644784,51,16 kHz,mV_16,"mV_5,mV_19",2,2.0823440357598404,obniżona,0.0,"Werdykt OK, ale najsilniejsze lokalne odstępstwo występuje w paśmie 16 kHz; amplituda jest obniżona.","{""mV_0"": 0.5984, ""mV_1"": 0.7192, ""mV_2"": 0.3582, ""mV_3"": 0.1365, ""mV_4"": 0.1365, ""mV_5"": null, ""mV_6"": 0.2199, ""mV_7"": 0.3864, ""mV_8"": 0.5688, ""mV_9"": 0.6995, ""mV_10"": 0.7964, ""mV_11"": 0.9349, ""mV_12"": 1.1067, ""mV_13"": 1.3154, ""mV_14"": 1.6133, ""mV_15"": 1.893, ""mV_16"": 2.0823, ""mV_17"": 1.7057, ""mV_18"": 0.6552, ""mV_19"": null, ""mV_20"": 1.0979}",False,ok,nie_dotyczy,1.0,1.0,0.0,,0,soft_vote_knn5_ridge_observed_only
test_0022,2,ok,nie_dotyczy,1.0,1.0,1.0,0.6842990323907312,51,9–15 kHz,"mV_9,mV_10,mV_11,mV_12,mV_13,mV_14,mV_15",,0,2.48264948157122,obniżona,0.0,"Werdykt OK, ale najsilniejsze lokalne odstępstwo występuje w paśmie 9–15 kHz; amplituda jest obniżona.","{""mV_0"": 1.1691, ""mV_1"": 1.6034, ""mV_2"": 2.1836, ""mV_3"": 2.4102, ""mV_4"": 2.1624, ""mV_5"": 2.0191, ""mV_6"": 1.9599, ""mV_7"": 1.9154, ""mV_8"": 1.9462, ""mV_9"": 2.0355, ""mV_10"": 2.1138, ""mV_11"": 2.235, ""mV_12"": 2.3796, ""mV_13"": 2.4826, ""mV_14"": 2.4506, ""mV_15"": 2.2185, ""mV_16"": 1.9847, ""mV_17"": 1.8427, ""mV_18"": 1.8718, ""mV_19"": 2.1157, ""mV_20"": 1.6866}",False,ok,nie_dotyczy,1.0,1.0,0.0,,0,soft_vote_knn5_ridge_observed_only
test_0022,3,ok,nie_dotyczy,1.0,1.0,1.0,0.7152368121959001,51,brak,,,0,1.522816970764881,brak istotnego odchylenia,0.0,Werdykt OK: brak zmierzonego pasma przekraczającego próg anomalii.,"{""mV_0"": 0.8783, ""mV_1"": 1.1029, ""mV_2"": 1.5228, ""mV_3"": 1.3978, ""mV_4"": 0.8702, ""mV_5"": 0.7521, ""mV_6"": 0.8726, ""mV_7"": 0.9837, ""mV_8"": 1.0256, ""mV_9"": 1.0596, ""mV_10"": 1.06, ""mV_11"": 0.9666, ""mV_12"": 0.8153, ""mV_13"": 0.7068, ""mV_14"": 0.5821, ""mV_15"": 0.4286, ""mV_16"": 0.4196, ""mV_17"": 0.5487, ""mV_18"": 0.8924, ""mV_19"": 1.4151, ""mV_20"": 1.2534}",False,ok,nie_dotyczy,1.0,1.0,0.0,,0,soft_vote_knn5_ridge_observed_only
test_0022,4,ok,nie_dotyczy,1.0,1.0,1.0,0.8047671737714165,51,brak,,mV_3,1,1.3330768312156962,brak istotnego odchylenia,0.0,Werdykt OK: brak zmierzonego pasma przekraczającego próg anomalii.,"{""mV_0"": 0.184, ""mV_1"": 0.4983, ""mV_2"": 0.6717, ""mV_3"": null, ""mV_4"": 0.8796, ""mV_5"": 1.1493, ""mV_6"": 1.1089, ""mV_7"": 0.9136, ""mV_8"": 0.5728, ""mV_9"": 0.4227, ""mV_10"": 0.5454, ""mV_11"": 0.688, ""mV_12"": 0.691, ""mV_13"": 0.6231, ""mV_14"": 0.498, ""mV_15"": 0.3295, ""mV_16"": 0.2126, ""mV_17"": 0.5711, ""mV_18"": 1.318, ""mV_19"": 1.3331, ""mV_20"": 0.6392}",False,ok,nie_dotyczy,1.0,1.0,0.0,,0,soft_vote_knn5_ridge_observed_only
test_0022,5,ok,nie_dotyczy,1.0,1.0,1.0,0.7691805187491256,51,brak,,"mV_2,mV_6",2,1.4124094649405694,brak istotnego odchylenia,0.0,Werdykt OK: brak zmierzonego pasma przekraczającego próg anomalii.,"{""mV_0"": 0.4751, ""mV_1"": 0.9304, ""mV_2"": null, ""mV_3"": 0.906, ""mV_4"": 1.3389, ""mV_5"": 1.0922, ""mV_6"": null, ""mV_7"": 1.0917, ""mV_8"": 1.4124, ""mV_9"": 1.3561, ""mV_10"": 1.3358, ""mV_11"": 1.3234, ""mV_12"": 1.2167, ""mV_13"": 0.9901, ""mV_14"": 0.834, ""mV_15"": 0.9288, ""mV_16"": 1.0861, ""mV_17"": 0.8504, ""mV_18"": 0.3713, ""mV_19"": 0.2084, ""mV_20"": 0.1904}",False,ok,nie_dotyczy,1.0,1.0,0.0,,0,soft_vote_knn5_ridge_observed_only
test_0022,6,ok,nie_dotyczy,1.0,1.0,1.0,0.8277283552356287,51,brak,,"mV_4,mV_5",2,1.8914759275184325,brak istotnego odchylenia,0.0,Werdykt OK: brak zmierzonego pasma przekraczającego próg anomalii.,"{""mV_0"": 0.2536, ""mV_1"": 0.715, ""mV_2"": 1.4766, ""mV_3"": 1.4777, ""mV_4"": null, ""mV_5"": null, ""mV_6"": 1.5356, ""mV_7"": 1.8915, ""mV_8"": 1.6797, ""mV_9"": 1.6004, ""mV_10"": 1.5583, ""mV_11"": 1.4078, ""mV_12"": 1.1676, ""mV_13"": 0.9487, ""mV_14"": 0.7398, ""mV_15"": 0.4903, ""mV_16"": 0.2823, ""mV_17"": 0.3678, ""mV_18"": 0.8237, ""mV_19"": 1.1782, ""mV_20"": 0.9249}",False,ok,nie_dotyczy,1.0,1.0,0.0,,0,soft_vote_knn5_ridge_observed_only
test_0022,7,pompa,male,1.0,1.0,1.0,0.7893573068244099,51,11–15 kHz,"mV_11,mV_12,mV_13,mV_14,mV_15",mV_18,1,5.907155771300798,obniżona,0.7861020243115672,Podejrzenie pompa: najbardziej nietypowe jest pasmo 11–15 kHz; amplituda jest obniżona względem zdrowej referencji.,"{""mV_0"": 0.1918, ""mV_1"": 0.3556, ""mV_2"": 1.0961, ""mV_3"": 2.2982, ""mV_4"": 2.0256, ""mV_5"": 0.796, ""mV_6"": 0.3277, ""mV_7"": 0.6106, ""mV_8"": 1.2292, ""mV_9"": 1.9515, ""mV_10"": 2.8965, ""mV_11"": 4.1332, ""mV_12"": 5.3153, ""mV_13"": 5.9072, ""mV_14"": 5.3365, ""mV_15"": 3.6736, ""mV_16"": 1.9295, ""mV_17"": 0.7662, ""mV_18"": null, ""mV_19"": 2.4454, ""mV_20"": 1.8546}",False,pompa,male,1.0,1.0,0.0,,0,soft_vote_knn5_ridge_observed_only
test_0022,8,ok,nie_dotyczy,1.0,1.0,1.0,0.7360274172702588,51,brak,,,0,1.3895814454130437,brak istotnego odchylenia,0.0,Werdykt OK: brak zmierzonego pasma przekraczającego próg anomalii.,"{""mV_0"": 0.7783, ""mV_1"": 1.3896, ""mV_2"": 1.0091, ""mV_3"": 0.3161, ""mV_4"": 0.1392, ""mV_5"": 0.1507, ""mV_6"": 0.1072, ""mV_7"": 0.1428, ""mV_8"": 0.3497, ""mV_9"": 0.6797, ""mV_10"": 0.9728, ""mV_11"": 1.033, ""mV_12"": 0.8528, ""mV_13"": 0.6251, ""mV_14"": 0.5839, ""mV_15"": 0.8181, ""mV_16"": 1.0176, ""mV_17"": 0.7851, ""mV_18"": 0.4046, ""mV_19"": 0.319, ""mV_20"": 0.2724}",False,ok,nie_dotyczy,1.0,1.0,0.0,,0,soft_vote_knn5_ridge_observed_only
test_0023,1,ok,nie_dotyczy,1.0,1.0,1.0,0.8013981209170497,51,brak,,"mV_1,mV_16",2,1.3993293414187238,brak istotnego odchylenia,0.0,Werdykt OK: brak zmierzonego pasma przekraczającego próg anomalii.,"{""mV_0"": 0.12, ""mV_1"": null, ""mV_2"": 0.2641, ""mV_3"": 0.6043, ""mV_4"": 0.8418, ""mV_5"": 0.9002, ""mV_6"": 0.9147, ""mV_7"": 1.0554, ""mV_8"": 1.2731, ""mV_9"": 1.3993, ""mV_10"": 1.333, ""mV_11"": 1.1202, ""mV_12"": 1.0222, ""mV_13"": 0.9909, ""mV_14"": 0.8377, ""mV_15"": 0.5461, ""mV_16"": null, ""mV_17"": 0.8321, ""mV_18"": 1.1228, ""mV_19"": 1.2078, ""mV_20"": 1.0145}",False,ok,nie_dotyczy,1.0,1.0,0.0,,0,soft_vote_knn5_ridge_observed_only
test_0023,2,ok,nie_dotyczy,1.0,1.0,1.0,0.807684403232823,51,brak,,"mV_2,mV_10,mV_17",3,0.7607357563150621,brak istotnego odchylenia,0.0,Werdykt OK: brak zmierzonego pasma przekraczającego próg anomalii.,"{""mV_0"": 0.1628, ""mV_1"": 0.1265, ""mV_2"": null, ""mV_3"": 0.0339, ""mV_4"": 0.0858, ""mV_5"": 0.2132, ""mV_6"": 0.3444, ""mV_7"": 0.4019, ""mV_8"": 0.4395, ""mV_9"": 0.37, ""mV_10"": null, ""mV_11"": 0.3773, ""mV_12"": 0.5943, ""mV_13"": 0.7607, ""mV_14"": 0.7295, ""mV_15"": 0.4302, ""mV_16"": 0.1225, ""mV_17"": null, ""mV_18"": 0.1802, ""mV_19"": 0.1504, ""mV_20"": 0.055}",False,ok,nie_dotyczy,1.0,1.0,0.0,,0,soft_vote_knn5_ridge_observed_only
test_0023,3,ok,nie_dotyczy,1.0,1.0,1.0,0.8059054748852161,51,brak,,mV_0,1,1.808464891094182,brak istotnego odchylenia,0.0,Werdykt OK: brak zmierzonego pasma przekraczającego próg anomalii.,"{""mV_0"": null, ""mV_1"": 0.3105, ""mV_2"": 0.5416, ""mV_3"": 0.7367, ""mV_4"": 1.0017, ""mV_5"": 1.3225, ""mV_6"": 1.4251, ""mV_7"": 1.2223, ""mV_8"": 1.054, ""mV_9"": 0.9999, ""mV_10"": 0.9329, ""mV_11"": 0.8603, ""mV_12"": 0.5898, ""mV_13"": 0.2589, ""mV_14"": 0.3653, ""mV_15"": 0.898, ""mV_16"": 1.5313, ""mV_17"": 1.8085, ""mV_18"": 1.5306, ""mV_19"": 1.3244, ""mV_20"": 1.0912}",False,ok,nie_dotyczy,1.0,1.0,0.0,,0,soft_vote_knn5_ridge_observed_only
test_0023,4,ok,nie_dotyczy,1.0,1.0,1.0,0.8078157157533219,51,brak,,"mV_13,mV_19",2,1.4960262172306344,brak istotnego odchylenia,0.0,Werdykt OK: brak zmierzonego pasma przekraczającego próg anomalii.,"{""mV_0"": 0.5527, ""mV_1"": 0.5739, ""mV_2"": 0.3402, ""mV_3"": 0.4021, ""mV_4"": 0.84, ""mV_5"": 1.2666, ""mV_6"": 1.3819, ""mV_7"": 1.3336, ""mV_8"": 1.3595, ""mV_9"": 1.4759, ""mV_10"": 1.496, ""mV_11"": 1.3649, ""mV_12"": 0.9652, ""mV_13"": null, ""mV_14"": 0.9962, ""mV_15"": 1.2601, ""mV_16"": 1.0615, ""mV_17"": 0.8257, ""mV_18"": 0.5701, ""mV_19"": null, ""mV_20"": 1.0506}",False,ok,nie_dotyczy,1.0,1.0,0.0,,0,soft_vote_knn5_ridge_observed_only
test_0023,5,ok,nie_dotyczy,1.0,1.0,1.0,0.824667594146354,51,brak,,,0,0.8545027174991342,brak istotnego odchylenia,0.0,Werdykt OK: brak zmierzonego pasma przekraczającego próg anomalii.,"{""mV_0"": 0.0222, ""mV_1"": 0.0626, ""mV_2"": 0.0823, ""mV_3"": 0.0755, ""mV_4"": 0.0816, ""mV_5"": 0.1315, ""mV_6"": 0.2201, ""mV_7"": 0.333, ""mV_8"": 0.4841, ""mV_9"": 0.652, ""mV_10"": 0.6272, ""mV_11"": 0.3562, ""mV_12"": 0.2384, ""mV_13"": 0.3056, ""mV_14"": 0.2369, ""mV_15"": 0.2312, ""mV_16"": 0.4809, ""mV_17"": 0.7825, ""mV_18"": 0.8545, ""mV_19"": 0.5551, ""mV_20"": 0.1846}",False,ok,nie_dotyczy,1.0,1.0,0.0,,0,soft_vote_knn5_ridge_observed_only
test_0023,6,ok,nie_dotyczy,1.0,1.0,1.0,0.8545200782525925,51,brak,,mV_16,1,1.0254945169498175,brak istotnego odchylenia,0.0,Werdykt OK: brak zmierzonego pasma przekraczającego próg anomalii.,"{""mV_0"": 0.264, ""mV_1"": 0.3583, ""mV_2"": 0.6643, ""mV_3"": 0.819, ""mV_4"": 0.5395, ""mV_5"": 0.2853, ""mV_6"": 0.3774, ""mV_7"": 0.5972, ""mV_8"": 0.6877, ""mV_9"": 0.7092, ""mV_10"": 0.8134, ""mV_11"": 1.0157, ""mV_12"": 1.0255, ""mV_13"": 0.765, ""mV_14"": 0.4316, ""mV_15"": 0.1319, ""mV_16"": null, ""mV_17"": 0.0533, ""mV_18"": 0.2202, ""mV_19"": 0.5525, ""mV_20"": 0.5638}",False,ok,nie_dotyczy,1.0,1.0,0.0,,0,soft_vote_knn5_ridge_observed_only
test_0023,7,ok,nie_dotyczy,1.0,1.0,1.0,0.8038089058294199,51,brak,,"mV_2,mV_14",2,0.796753042958004,brak istotnego odchylenia,0.0,Werdykt OK: brak zmierzonego pasma przekraczającego próg anomalii.,"{""mV_0"": 0.1486, ""mV_1"": 0.2307, ""mV_2"": null, ""mV_3"": 0.0969, ""mV_4"": 0.1248, ""mV_5"": 0.1344, ""mV_6"": 0.3137, ""mV_7"": 0.601, ""mV_8"": 0.7578, ""mV_9"": 0.7968, ""mV_10"": 0.6915, ""mV_11"": 0.442, ""mV_12"": 0.4319, ""mV_13"": 0.4809, ""mV_14"": null, ""mV_15"": 0.4141, ""mV_16"": 0.3935, ""mV_17"": 0.2846, ""mV_18"": 0.2357, ""mV_19"": 0.2416, ""mV_20"": 0.1412}",False,ok,nie_dotyczy,1.0,1.0,0.0,,0,soft_vote_knn5_ridge_observed_only
test_0023,8,ok,nie_dotyczy,1.0,1.0,1.0,0.8312753363283337,51,brak,,mV_11,1,1.3034991178013575,brak istotnego odchylenia,0.0,Werdykt OK: brak zmierzonego pasma przekraczającego próg anomalii.,"{""mV_0"": 0.2445, ""mV_1"": 0.4242, ""mV_2"": 0.8838, ""mV_3"": 1.3035, ""mV_4"": 1.2711, ""mV_5"": 1.0538, ""mV_6"": 0.9435, ""mV_7"": 0.8864, ""mV_8"": 0.7118, ""mV_9"": 0.3799, ""mV_10"": 0.0962, ""mV_11"": null, ""mV_12"": 0.2685, ""mV_13"": 0.244, ""mV_14"": 0.2069, ""mV_15"": 0.2806, ""mV_16"": 0.5704, ""mV_17"": 0.8756, ""mV_18"": 0.6902, ""mV_19"": 0.3664, ""mV_20"": 0.25}",False,ok,nie_dotyczy,1.0,1.0,0.0,,0,soft_vote_knn5_ridge_observed_only
test_0023,9,ok,nie_dotyczy,1.0,1.0,1.0,0.7705434393751966,51,brak,,"mV_14,mV_15",2,1.1790523845299365,brak istotnego odchylenia,0.0,Werdykt OK: brak zmierzonego pasma przekraczającego próg anomalii.,"{""mV_0"": 0.1086, ""mV_1"": 0.3286, ""mV_2"": 0.7227, ""mV_3"": 0.9729, ""mV_4"": 0.9638, ""mV_5"": 0.9753, ""mV_6"": 1.0302, ""mV_7"": 0.9913, ""mV_8"": 0.9105, ""mV_9"": 0.9021, ""mV_10"": 0.8667, ""mV_11"": 0.7407, ""mV_12"": 0.8373, ""mV_13"": 0.8179, ""mV_14"": null, ""mV_15"": null, ""mV_16"": 0.1862, ""mV_17"": 0.2353, ""mV_18"": 0.6008, ""mV_19"": 1.1791, ""mV_20"": 1.1086}",False,ok,nie_dotyczy,1.0,1.0,0.0,,0,soft_vote_knn5_ridge_observed_only
test_0023,10,ok,nie_dotyczy,1.0,1.0,1.0,0.8380947049238823,51,brak,,,0,1.0051735006423634,brak istotnego odchylenia,0.0,Werdykt OK: brak zmierzonego pasma przekraczającego próg anomalii.,"{""mV_0"": 0.5549, ""mV_1"": 0.5935, ""mV_2"": 0.7541, ""mV_3"": 1.0052, ""mV_4"": 0.8811, ""mV_5"": 0.5258, ""mV_6"": 0.2267, ""mV_7"": 0.1004, ""mV_8"": 0.0963, ""mV_9"": 0.1346, ""mV_10"": 0.2836, ""mV_11"": 0.5493, ""mV_12"": 0.6105, ""mV_13"": 0.4391, ""mV_14"": 0.3104, ""mV_15"": 0.2182, ""mV_16"": 0.1555, ""mV_17"": 0.1942, ""mV_18"": 0.2064, ""mV_19"": 0.106, ""mV_20"": 0.0382}",False,ok,nie_dotyczy,1.0,1.0,0.0,,0,soft_vote_knn5_ridge_observed_only
test_0023,11,ok,nie_dotyczy,1.0,1.0,1.0,0.8187659790708401,51,brak,,"mV_11,mV_12",2,1.451428809476406,brak istotnego odchylenia,0.0,Werdykt OK: brak zmierzonego pasma przekraczającego próg anomalii.,"{""mV_0"": 0.1931, ""mV_1"": 0.3639, ""mV_2"": 0.8426, ""mV_3"": 1.25, ""mV_4"": 1.3677, ""mV_5"": 1.4514, ""mV_6"": 1.4347, ""mV_7"": 1.175, ""mV_8"": 0.7792, ""mV_9"": 0.3784, ""mV_10"": 0.0957, ""mV_11"": null, ""mV_12"": null, ""mV_13"": 0.0574, ""mV_14"": 0.1402, ""mV_15"": 0.4065, ""mV_16"": 0.8527, ""mV_17"": 1.1672, ""mV_18"": 1.1271, ""mV_19"": 1.0171, ""mV_20"": 0.7782}",False,ok,nie_dotyczy,1.0,1.0,0.0,,0,soft_vote_knn5_ridge_observed_only
test_0023,12,ok,nie_dotyczy,1.0,1.0,1.0,0.790053695941659,51,brak,,"mV_10,mV_12",2,1.6521128038612813,brak istotnego odchylenia,0.0,Werdykt OK: brak zmierzonego pasma przekraczającego próg anomalii.,"{""mV_0"": 0.655, ""mV_1"": 0.5987, ""mV_2"": 0.271, ""mV_3"": 0.2033, ""mV_4"": 0.4379, ""mV_5"": 0.651, ""mV_6"": 0.6549, ""mV_7"": 0.7224, ""mV_8"": 1.057, ""mV_9"": 1.038, ""mV_10"": null, ""mV_11"": 0.655, ""mV_12"": null, ""mV_13"": 1.1704, ""mV_14"": 1.605, ""mV_15"": 1.6521, ""mV_16"": 1.5181, ""mV_17"": 1.2314, ""mV_18"": 1.1698, ""mV_19"": 1.3509, ""mV_20"": 1.105}",False,ok,nie_dotyczy,1.0,1.0,0.0,,0,soft_vote_knn5_ridge_observed_only
test_0023,13,ok,nie_dotyczy,1.0,1.0,1.0,0.804234099154389,51,3–4 kHz,"mV_3,mV_4","mV_17,mV_20",2,2.2690728366894137,podwyższona,0.0,"Werdykt OK, ale najsilniejsze lokalne odstępstwo występuje w paśmie 3–4 kHz; amplituda jest podwyższona.","{""mV_0"": 0.413, ""mV_1"": 0.9201, ""mV_2"": 1.7547, ""mV_3"": 2.2691, ""mV_4"": 2.1162, ""mV_5"": 1.7704, ""mV_6"": 1.4513, ""mV_7"": 1.1509, ""mV_8"": 0.8821, ""mV_9"": 0.6041, ""mV_10"": 0.5322, ""mV_11"": 0.7864, ""mV_12"": 0.9383, ""mV_13"": 0.8538, ""mV_14"": 0.9178, ""mV_15"": 1.2584, ""mV_16"": 1.1753, ""mV_17"": null, ""mV_18"": 0.9238, ""mV_19"": 0.8501, ""mV_20"": null}",False,ok,nie_dotyczy,1.0,1.0,0.0,,0,soft_vote_knn5_ridge_observed_only
test_0023,14,ok,nie_dotyczy,1.0,1.0,1.0,0.8559083598790145,51,brak,,mV_6,1,0.7808220911614403,brak istotnego odchylenia,0.0,Werdykt OK: brak zmierzonego pasma przekraczającego próg anomalii.,"{""mV_0"": 0.0371, ""mV_1"": 0.0511, ""mV_2"": 0.1172, ""mV_3"": 0.2355, ""mV_4"": 0.3608, ""mV_5"": 0.3255, ""mV_6"": null, ""mV_7"": 0.5914, ""mV_8"": 0.7452, ""mV_9"": 0.6699, ""mV_10"": 0.6656, ""mV_11"": 0.7808, ""mV_12"": 0.7579, ""mV_13"": 0.6092, ""mV_14"": 0.5941, ""mV_15"": 0.5506, ""mV_16"": 0.3688, ""mV_17"": 0.1991, ""mV_18"": 0.1116, ""mV_19"": 0.124, ""mV_20"": 0.1218}",False,ok,nie_dotyczy,1.0,1.0,0.0,,0,soft_vote_knn5_ridge_observed_only
test_0023,15,ok,nie_dotyczy,1.0,1.0,1.0,0.8353196327603807,51,brak,,"mV_5,mV_13,mV_20",3,0.5978642484426752,brak istotnego odchylenia,0.0,Werdykt OK: brak zmierzonego pasma przekraczającego próg anomalii.,"{""mV_0"": 0.5979, ""mV_1"": 0.5734, ""mV_2"": 0.3208, ""mV_3"": 0.381, ""mV_4"": 0.3837, ""mV_5"": null, ""mV_6"": 0.1633, ""mV_7"": 0.355, ""mV_8"": 0.4555, ""mV_9"": 0.4756, ""mV_10"": 0.3874, ""mV_11"": 0.1974, ""mV_12"": 0.0863, ""mV_13"": null, ""mV_14"": 0.5358, ""mV_15"": 0.4608, ""mV_16"": 0.1863, ""mV_17"": 0.1626, ""mV_18"": 0.3334, ""mV_19"": 0.3379, ""mV_20"": null}",False,ok,nie_dotyczy,1.0,1.0,0.0,,0,soft_vote_knn5_ridge_observed_only
test_0023,16,ok,nie_dotyczy,1.0,1.0,1.0,0.8142905106244257,51,brak,,mV_12,1,1.2815360576412513,brak istotnego odchylenia,0.0,Werdykt OK: brak zmierzonego pasma przekraczającego próg anomalii.,"{""mV_0"": 1.0123, ""mV_1"": 1.107, ""mV_2"": 0.5751, ""mV_3"": 0.3353, ""mV_4"": 0.2281, ""mV_5"": 0.1204, ""mV_6"": 0.1889, ""mV_7"": 0.2244, ""mV_8"": 0.1936, ""mV_9"": 0.2535, ""mV_10"": 0.5017, ""mV_11"": 0.5848, ""mV_12"": null, ""mV_13"": 0.8358, ""mV_14"": 1.2025, ""mV_15"": 1.2437, ""mV_16"": 1.2815, ""mV_17"": 1.2642, ""mV_18"": 1.0863, ""mV_19"": 1.0496, ""mV_20"": 0.896}",False,ok,nie_dotyczy,1.0,1.0,0.0,,0,soft_vote_knn5_ridge_observed_only
test_0024,1,ok,nie_dotyczy,1.0,1.0,1.0,0.7988092698800977,51,brak,,,0,1.6829586170955548,brak istotnego odchylenia,0.0,Werdykt OK: brak zmierzonego pasma przekraczającego próg anomalii.,"{""mV_0"": 0.0977, ""mV_1"": 0.2337, ""mV_2"": 0.6685, ""mV_3"": 1.0439, ""mV_4"": 0.8035, ""mV_5"": 0.6377, ""mV_6"": 0.7194, ""mV_7"": 0.7017, ""mV_8"": 0.5929, ""mV_9"": 0.4632, ""mV_10"": 0.3602, ""mV_11"": 0.2611, ""mV_12"": 0.2237, ""mV_13"": 0.2077, ""mV_14"": 0.1614, ""mV_15"": 0.2087, ""mV_16"": 0.397, ""mV_17"": 1.0649, ""mV_18"": 1.683, ""mV_19"": 1.3276, ""mV_20"": 0.7104}",False,ok,nie_dotyczy,1.0,1.0,0.0,,0,soft_vote_knn5_ridge_observed_only
test_0024,2,ok,nie_dotyczy,1.0,1.0,1.0,0.7355686333576075,51,brak,,,0,1.9370714408805765,brak istotnego odchylenia,0.0,Werdykt OK: brak zmierzonego pasma przekraczającego próg anomalii.,"{""mV_0"": 0.3517, ""mV_1"": 0.9334, ""mV_2"": 1.8167, ""mV_3"": 1.9371, ""mV_4"": 1.4028, ""mV_5"": 1.2536, ""mV_6"": 1.4836, ""mV_7"": 1.4606, ""mV_8"": 1.0883, ""mV_9"": 0.6876, ""mV_10"": 0.4243, ""mV_11"": 0.3308, ""mV_12"": 0.3444, ""mV_13"": 0.3657, ""mV_14"": 0.2558, ""mV_15"": 0.1515, ""mV_16"": 0.2595, ""mV_17"": 0.3067, ""mV_18"": 0.2272, ""mV_19"": 0.2041, ""mV_20"": 0.1177}",False,ok,nie_dotyczy,1.0,1.0,0.0,,0,soft_vote_knn5_ridge_observed_only
test_0024,3,ok,nie_dotyczy,1.0,1.0,1.0,0.7780340825611118,51,brak,,,0,1.741918867673362,brak istotnego odchylenia,0.0,Werdykt OK: brak zmierzonego pasma przekraczającego próg anomalii.,"{""mV_0"": 0.059, ""mV_1"": 0.751, ""mV_2"": 1.7419, ""mV_3"": 1.3742, ""mV_4"": 0.4973, ""mV_5"": 0.2614, ""mV_6"": 0.1956, ""mV_7"": 0.186, ""mV_8"": 0.1976, ""mV_9"": 0.1431, ""mV_10"": 0.1199, ""mV_11"": 0.2758, ""mV_12"": 0.5781, ""mV_13"": 0.8037, ""mV_14"": 0.7942, ""mV_15"": 0.5416, ""mV_16"": 0.2525, ""mV_17"": 0.4198, ""mV_18"": 0.698, ""mV_19"": 0.3832, ""mV_20"": 0.0446}",False,ok,nie_dotyczy,1.0,1.0,0.0,,0,soft_vote_knn5_ridge_observed_only
test_0024,4,ok,nie_dotyczy,1.0,1.0,1.0,0.8200583232460315,51,brak,,mV_18,1,1.060069900843307,brak istotnego odchylenia,0.0,Werdykt OK: brak zmierzonego pasma przekraczającego próg anomalii.,"{""mV_0"": 0.4479, ""mV_1"": 0.4127, ""mV_2"": 0.3866, ""mV_3"": 0.634, ""mV_4"": 0.7668, ""mV_5"": 0.8328, ""mV_6"": 0.8391, ""mV_7"": 0.8689, ""mV_8"": 0.9936, ""mV_9"": 1.0601, ""mV_10"": 0.9942, ""mV_11"": 0.8385, ""mV_12"": 0.8123, ""mV_13"": 0.9207, ""mV_14"": 0.8002, ""mV_15"": 0.5493, ""mV_16"": 0.6357, ""mV_17"": 0.6124, ""mV_18"": null, ""mV_19"": 0.1174, ""mV_20"": 0.1492}",False,ok,nie_dotyczy,1.0,1.0,0.0,,0,soft_vote_knn5_ridge_observed_only
test_0024,5,ok,nie_dotyczy,1.0,1.0,1.0,0.7890179663895699,51,brak,,,0,1.6246376206955184,brak istotnego odchylenia,0.0,Werdykt OK: brak zmierzonego pasma przekraczającego próg anomalii.,"{""mV_0"": 0.7824, ""mV_1"": 0.6838, ""mV_2"": 0.4898, ""mV_3"": 0.9635, ""mV_4"": 1.4132, ""mV_5"": 1.4024, ""mV_6"": 1.2686, ""mV_7"": 1.0557, ""mV_8"": 0.8996, ""mV_9"": 0.9142, ""mV_10"": 0.9457, ""mV_11"": 0.9393, ""mV_12"": 0.9199, ""mV_13"": 0.9829, ""mV_14"": 1.0632, ""mV_15"": 0.857, ""mV_16"": 0.4279, ""mV_17"": 0.5071, ""mV_18"": 1.2679, ""mV_19"": 1.6246, ""mV_20"": 1.0045}",False,ok,nie_dotyczy,1.0,1.0,0.0,,0,soft_vote_knn5_ridge_observed_only
test_0024,6,ok,nie_dotyczy,1.0,1.0,1.0,0.802762334090722,51,15–17 kHz,"mV_15,mV_16,mV_17",mV_5,1,2.2118960761124526,podwyższona,0.0,"Werdykt OK, ale najsilniejsze lokalne odstępstwo występuje w paśmie 15–17 kHz; amplituda jest podwyższona.","{""mV_0"": 0.806, ""mV_1"": 1.3868, ""mV_2"": 1.7199, ""mV_3"": 1.3886, ""mV_4"": 0.7988, ""mV_5"": null, ""mV_6"": 0.3387, ""mV_7"": 0.5105, ""mV_8"": 0.6735, ""mV_9"": 0.8489, ""mV_10"": 0.947, ""mV_11"": 1.024, ""mV_12"": 1.1989, ""mV_13"": 1.482, ""mV_14"": 1.8063, ""mV_15"": 2.1092, ""mV_16"": 2.2119, ""mV_17"": 2.058, ""mV_18"": 1.4573, ""mV_19"": 0.7941, ""mV_20"": 0.6122}",False,ok,nie_dotyczy,1.0,1.0,0.0,,0,soft_vote_knn5_ridge_observed_only
test_0024,7,ok,nie_dotyczy,1.0,1.0,1.0,0.817803196637902,51,brak,,"mV_1,mV_5,mV_19",3,0.9105095768639664,brak istotnego odchylenia,0.0,Werdykt OK: brak zmierzonego pasma przekraczającego próg anomalii.,"{""mV_0"": 0.2025, ""mV_1"": null, ""mV_2"": 0.3005, ""mV_3"": 0.6259, ""mV_4"": 0.3526, ""mV_5"": null, ""mV_6"": 0.0819, ""mV_7"": 0.0704, ""mV_8"": 0.0975, ""mV_9"": 0.1938, ""mV_10"": 0.3827, ""mV_11"": 0.5938, ""mV_12"": 0.5958, ""mV_13"": 0.4286, ""mV_14"": 0.3968, ""mV_15"": 0.5544, ""mV_16"": 0.5962, ""mV_17"": 0.77, ""mV_18"": 0.9105, ""mV_19"": null, ""mV_20"": 0.0312}",False,ok,nie_dotyczy,1.0,1.0,0.0,,0,soft_vote_knn5_ridge_observed_only
test_0024,8,unknown,nie_dotyczy,0.8823529411764706,0.8823529411764706,0.8823529411764706,0.6904526443100673,51,17–20 kHz,"mV_17,mV_18,mV_19,mV_20",,0,11.283427190521124,podwyższona,0.6544391172405623,Podejrzenie unknown: najbardziej nietypowe jest pasmo 17–20 kHz; amplituda jest podwyższona względem zdrowej referencji.,"{""mV_0"": 3.6604, ""mV_1"": 4.1461, ""mV_2"": 3.4134, ""mV_3"": 4.0905, ""mV_4"": 5.2536, ""mV_5"": 6.0048, ""mV_6"": 6.6862, ""mV_7"": 7.1082, ""mV_8"": 7.2635, ""mV_9"": 7.3427, ""mV_10"": 7.4201, ""mV_11"": 7.559, ""mV_12"": 7.2074, ""mV_13"": 5.8, ""mV_14"": 3.6106, ""mV_15"": 2.2122, ""mV_16"": 3.5504, ""mV_17"": 7.2447, ""mV_18"": 10.5077, ""mV_19"": 11.2834, ""mV_20"": 8.0886}",False,unknown,nie_dotyczy,0.8823529411764706,0.8823529411764706,0.0,,0,soft_vote_knn5_ridge_observed_only
test_0025,1,ok,nie_dotyczy,1.0,1.0,1.0,0.7518868462754609,51,brak,,,0,1.455549391475485,brak istotnego odchylenia,0.0,Werdykt OK: brak zmierzonego pasma przekraczającego próg anomalii.,"{""mV_0"": 0.6279, ""mV_1"": 0.987, ""mV_2"": 0.93, ""mV_3"": 0.5518, ""mV_4"": 0.3086, ""mV_5"": 0.3609, ""mV_6"": 0.4929, ""mV_7"": 0.6218, ""mV_8"": 0.7573, ""mV_9"": 0.9959, ""mV_10"": 1.2907, ""mV_11"": 1.3824, ""mV_12"": 1.4008, ""mV_13"": 1.4555, ""mV_14"": 1.2848, ""mV_15"": 0.8146, ""mV_16"": 0.4316, ""mV_17"": 0.3834, ""mV_18"": 0.5868, ""mV_19"": 1.0509, ""mV_20"": 1.0629}",False,ok,nie_dotyczy,1.0,1.0,0.0,,0,soft_vote_knn5_ridge_observed_only
test_0025,2,iglica,srednie,1.0,1.0,1.0,0.8323926097790774,51,7–15 kHz,"mV_7,mV_8,mV_9,mV_10,mV_11,mV_12,mV_13,mV_14,mV_15",,0,5.71237989631819,obniżona,0.9909845537301394,Podejrzenie iglica: najbardziej nietypowe jest pasmo 7–15 kHz; amplituda jest obniżona względem zdrowej referencji.,"{""mV_0"": 0.1559, ""mV_1"": 0.4145, ""mV_2"": 0.809, ""mV_3"": 0.6841, ""mV_4"": 0.3515, ""mV_5"": 1.179, ""mV_6"": 2.7981, ""mV_7"": 3.8426, ""mV_8"": 4.8161, ""mV_9"": 5.7075, ""mV_10"": 5.7124, ""mV_11"": 5.2929, ""mV_12"": 5.0743, ""mV_13"": 5.3714, ""mV_14"": 5.4613, ""mV_15"": 4.3151, ""mV_16"": 3.0962, ""mV_17"": 2.8903, ""mV_18"": 3.1151, ""mV_19"": 3.8185, ""mV_20"": 3.4642}",False,iglica,srednie,1.0,1.0,0.0,,0,soft_vote_knn5_ridge_observed_only
test_0025,3,ok,nie_dotyczy,1.0,1.0,1.0,0.7966725510567106,51,brak,,,0,1.29330647547838,brak istotnego odchylenia,0.0,Werdykt OK: brak zmierzonego pasma przekraczającego próg anomalii.,"{""mV_0"": 0.7337, ""mV_1"": 1.0435, ""mV_2"": 0.8925, ""mV_3"": 0.5086, ""mV_4"": 0.3328, ""mV_5"": 0.4292, ""mV_6"": 0.5773, ""mV_7"": 0.8043, ""mV_8"": 1.08, ""mV_9"": 1.247, ""mV_10"": 1.2933, ""mV_11"": 1.2768, ""mV_12"": 1.2563, ""mV_13"": 1.2332, ""mV_14"": 1.1646, ""mV_15"": 0.9637, ""mV_16"": 0.7578, ""mV_17"": 0.8466, ""mV_18"": 1.0596, ""mV_19"": 1.0888, ""mV_20"": 0.7645}",False,ok,nie_dotyczy,1.0,1.0,0.0,,0,soft_vote_knn5_ridge_observed_only
test_0025,4,ok,nie_dotyczy,1.0,1.0,1.0,0.8178404363081888,51,brak,,,0,0.9304467696350011,brak istotnego odchylenia,0.0,Werdykt OK: brak zmierzonego pasma przekraczającego próg anomalii.,"{""mV_0"": 0.1692, ""mV_1"": 0.3199, ""mV_2"": 0.4826, ""mV_3"": 0.8314, ""mV_4"": 0.9304, ""mV_5"": 0.7348, ""mV_6"": 0.5092, ""mV_7"": 0.2565, ""mV_8"": 0.1256, ""mV_9"": 0.1504, ""mV_10"": 0.1934, ""mV_11"": 0.1859, ""mV_12"": 0.1513, ""mV_13"": 0.1633, ""mV_14"": 0.2197, ""mV_15"": 0.1858, ""mV_16"": 0.1773, ""mV_17"": 0.334, ""mV_18"": 0.3837, ""mV_19"": 0.3031, ""mV_20"": 0.2256}",False,ok,nie_dotyczy,1.0,1.0,0.0,,0,soft_vote_knn5_ridge_observed_only
test_0025,5,ok,nie_dotyczy,1.0,1.0,1.0,0.7221187331810315,51,0–2 kHz,"mV_0,mV_1,mV_2","mV_7,mV_13",2,2.8626141137525134,podwyższona,0.0,"Werdykt OK, ale najsilniejsze lokalne odstępstwo występuje w paśmie 0–2 kHz; amplituda jest podwyższona.","{""mV_0"": 2.0821, ""mV_1"": 2.8626, ""mV_2"": 2.152, ""mV_3"": 0.9513, ""mV_4"": 0.6672, ""mV_5"": 1.1211, ""mV_6"": 1.0625, ""mV_7"": null, ""mV_8"": 1.3022, ""mV_9"": 1.8419, ""mV_10"": 2.1101, ""mV_11"": 2.4385, ""mV_12"": 1.978, ""mV_13"": null, ""mV_14"": 1.9597, ""mV_15"": 2.562, ""mV_16"": 2.364, ""mV_17"": 1.9212, ""mV_18"": 1.6045, ""mV_19"": 1.699, ""mV_20"": 1.433}",False,ok,nie_dotyczy,1.0,1.0,0.0,,0,soft_vote_knn5_ridge_observed_only
test_0025,6,ok,nie_dotyczy,1.0,1.0,1.0,0.8042108433515122,51,brak,,mV_16,1,0.5067713866760357,brak istotnego odchylenia,0.0,Werdykt OK: brak zmierzonego pasma przekraczającego próg anomalii.,"{""mV_0"": 0.1507, ""mV_1"": 0.1629, ""mV_2"": 0.3519, ""mV_3"": 0.5068, ""mV_4"": 0.3483, ""mV_5"": 0.2359, ""mV_6"": 0.1934, ""mV_7"": 0.1683, ""mV_8"": 0.3172, ""mV_9"": 0.4125, ""mV_10"": 0.2873, ""mV_11"": 0.1562, ""mV_12"": 0.1485, ""mV_13"": 0.1431, ""mV_14"": 0.1396, ""mV_15"": 0.1297, ""mV_16"": null, ""mV_17"": 0.2979, ""mV_18"": 0.2865, ""mV_19"": 0.1818, ""mV_20"": 0.1435}",False,ok,nie_dotyczy,1.0,1.0,0.0,,0,soft_vote_knn5_ridge_observed_only
test_0025,7,ok,nie_dotyczy,1.0,1.0,1.0,0.8197356316024904,51,brak,,mV_1,1,0.903954261084018,brak istotnego odchylenia,0.0,Werdykt OK: brak zmierzonego pasma przekraczającego próg anomalii.,"{""mV_0"": 0.0002, ""mV_1"": null, ""mV_2"": 0.1966, ""mV_3"": 0.4438, ""mV_4"": 0.6369, ""mV_5"": 0.784, ""mV_6"": 0.904, ""mV_7"": 0.808, ""mV_8"": 0.5392, ""mV_9"": 0.3005, ""mV_10"": 0.1486, ""mV_11"": 0.1517, ""mV_12"": 0.1613, ""mV_13"": 0.1058, ""mV_14"": 0.1168, ""mV_15"": 0.2765, ""mV_16"": 0.4778, ""mV_17"": 0.4493, ""mV_18"": 0.2987, ""mV_19"": 0.2495, ""mV_20"": 0.2117}",False,ok,nie_dotyczy,1.0,1.0,0.0,,0,soft_vote_knn5_ridge_observed_only
test_0025,8,ok,nie_dotyczy,1.0,1.0,1.0,0.6765625967097502,51,3–7 kHz,"mV_3,mV_4,mV_5,mV_6,mV_7",mV_19,1,3.942854783386134,podwyższona,0.0,"Werdykt OK, ale najsilniejsze lokalne odstępstwo występuje w paśmie 3–7 kHz; amplituda jest podwyższona.","{""mV_0"": 1.0772, ""mV_1"": 1.3173, ""mV_2"": 2.0499, ""mV_3"": 3.3635, ""mV_4"": 3.9429, ""mV_5"": 3.7971, ""mV_6"": 3.4048, ""mV_7"": 2.7376, ""mV_8"": 2.0147, ""mV_9"": 1.441, ""mV_10"": 1.0415, ""mV_11"": 1.0208, ""mV_12"": 1.2632, ""mV_13"": 1.5928, ""mV_14"": 2.09, ""mV_15"": 2.7871, ""mV_16"": 3.3331, ""mV_17"": 3.2478, ""mV_18"": 2.2109, ""mV_19"": null, ""mV_20"": 0.9161}",False,ok,nie_dotyczy,1.0,1.0,0.0,,0,soft_vote_knn5_ridge_observed_only
test_0026,1,ok,nie_dotyczy,1.0,1.0,1.0,0.8205216092892064,51,brak,,mV_6,1,0.88950094456747,brak istotnego odchylenia,0.0,Werdykt OK: brak zmierzonego pasma przekraczającego próg anomalii.,"{""mV_0"": 0.3058, ""mV_1"": 0.2813, ""mV_2"": 0.253, ""mV_3"": 0.3107, ""mV_4"": 0.1732, ""mV_5"": 0.0344, ""mV_6"": null, ""mV_7"": 0.0441, ""mV_8"": 0.1043, ""mV_9"": 0.2158, ""mV_10"": 0.3591, ""mV_11"": 0.4337, ""mV_12"": 0.3831, ""mV_13"": 0.215, ""mV_14"": 0.0615, ""mV_15"": 0.0448, ""mV_16"": 0.0653, ""mV_17"": 0.3544, ""mV_18"": 0.8895, ""mV_19"": 0.8479, ""mV_20"": 0.3258}",False,ok,nie_dotyczy,1.0,1.0,0.0,,0,soft_vote_knn5_ridge_observed_only
test_0026,2,ok,nie_dotyczy,1.0,1.0,1.0,0.8268062689826786,51,brak,,"mV_2,mV_14",2,0.8557761017786186,brak istotnego odchylenia,0.0,Werdykt OK: brak zmierzonego pasma przekraczającego próg anomalii.,"{""mV_0"": 0.3339, ""mV_1"": 0.5794, ""mV_2"": null, ""mV_3"": 0.0342, ""mV_4"": 0.067, ""mV_5"": 0.0762, ""mV_6"": 0.1339, ""mV_7"": 0.3127, ""mV_8"": 0.5252, ""mV_9"": 0.6776, ""mV_10"": 0.7578, ""mV_11"": 0.7292, ""mV_12"": 0.6392, ""mV_13"": 0.4387, ""mV_14"": null, ""mV_15"": 0.6108, ""mV_16"": 0.8558, ""mV_17"": 0.7788, ""mV_18"": 0.5401, ""mV_19"": 0.547, ""mV_20"": 0.5989}",False,ok,nie_dotyczy,1.0,1.0,0.0,,0,soft_vote_knn5_ridge_observed_only
test_0026,3,ok,nie_dotyczy,1.0,1.0,1.0,0.8377582685293846,51,brak,,mV_3,1,1.6368764187012212,brak istotnego odchylenia,0.0,Werdykt OK: brak zmierzonego pasma przekraczającego próg anomalii.,"{""mV_0"": 0.9634, ""mV_1"": 1.2475, ""mV_2"": 0.9765, ""mV_3"": null, ""mV_4"": 1.0327, ""mV_5"": 1.4167, ""mV_6"": 1.4775, ""mV_7"": 1.5095, ""mV_8"": 1.5431, ""mV_9"": 1.4917, ""mV_10"": 1.1593, ""mV_11"": 0.6807, ""mV_12"": 0.4149, ""mV_13"": 0.453, ""mV_14"": 0.5385, ""mV_15"": 0.5273, ""mV_16"": 0.51, ""mV_17"": 0.6591, ""mV_18"": 1.1893, ""mV_19"": 1.6369, ""mV_20"": 1.2024}",False,ok,nie_dotyczy,1.0,1.0,0.0,,0,soft_vote_knn5_ridge_observed_only
test_0026,4,ok,nie_dotyczy,1.0,1.0,1.0,0.8660969930510469,51,brak,,,0,0.7561239697324716,brak istotnego odchylenia,0.0,Werdykt OK: brak zmierzonego pasma przekraczającego próg anomalii.,"{""mV_0"": 0.1488, ""mV_1"": 0.1617, ""mV_2"": 0.2637, ""mV_3"": 0.2999, ""mV_4"": 0.194, ""mV_5"": 0.1888, ""mV_6"": 0.221, ""mV_7"": 0.2525, ""mV_8"": 0.3688, ""mV_9"": 0.5115, ""mV_10"": 0.623, ""mV_11"": 0.6882, ""mV_12"": 0.683, ""mV_13"": 0.5748, ""mV_14"": 0.3894, ""mV_15"": 0.1937, ""mV_16"": 0.0953, ""mV_17"": 0.1348, ""mV_18"": 0.4022, ""mV_19"": 0.7561, ""mV_20"": 0.6187}",False,ok,nie_dotyczy,1.0,1.0,0.0,,0,soft_vote_knn5_ridge_observed_only
test_0026,5,ok,nie_dotyczy,1.0,1.0,1.0,0.8444755719401371,51,brak,,mV_1,1,1.8614123200224904,brak istotnego odchylenia,0.0,Werdykt OK: brak zmierzonego pasma przekraczającego próg anomalii.,"{""mV_0"": 0.6357, ""mV_1"": null, ""mV_2"": 0.0176, ""mV_3"": 0.2652, ""mV_4"": 0.8198, ""mV_5"": 1.2338, ""mV_6"": 1.2235, ""mV_7"": 1.0059, ""mV_8"": 0.8833, ""mV_9"": 0.9755, ""mV_10"": 1.1748, ""mV_11"": 1.2341, ""mV_12"": 1.124, ""mV_13"": 1.1122, ""mV_14"": 1.3276, ""mV_15"": 1.648, ""mV_16"": 1.8614, ""mV_17"": 1.6846, ""mV_18"": 1.1715, ""mV_19"": 0.8966, ""mV_20"": 0.7401}",False,ok,nie_dotyczy,1.0,1.0,0.0,,0,soft_vote_knn5_ridge_observed_only
test_0026,6,ok,nie_dotyczy,1.0,1.0,1.0,0.773510207031866,51,brak,,,0,1.9837508972250482,brak istotnego odchylenia,0.0,Werdykt OK: brak zmierzonego pasma przekraczającego próg anomalii.,"{""mV_0"": 0.8092, ""mV_1"": 0.8997, ""mV_2"": 1.0074, ""mV_3"": 1.3026, ""mV_4"": 1.1994, ""mV_5"": 0.9315, ""mV_6"": 0.7915, ""mV_7"": 0.7172, ""mV_8"": 0.7288, ""mV_9"": 0.7872, ""mV_10"": 0.8033, ""mV_11"": 0.7395, ""mV_12"": 0.5846, ""mV_13"": 0.4297, ""mV_14"": 0.311, ""mV_15"": 0.2122, ""mV_16"": 0.1591, ""mV_17"": 0.8297, ""mV_18"": 1.9838, ""mV_19"": 1.7124, ""mV_20"": 0.5001}",False,ok,nie_dotyczy,1.0,1.0,0.0,,0,soft_vote_knn5_ridge_observed_only
test_0026,7,ok,nie_dotyczy,1.0,1.0,1.0,0.8556293374878148,51,brak,,,0,0.46325629050573847,brak istotnego odchylenia,0.0,Werdykt OK: brak zmierzonego pasma przekraczającego próg anomalii.,"{""mV_0"": 0.1075, ""mV_1"": 0.1529, ""mV_2"": 0.1564, ""mV_3"": 0.1483, ""mV_4"": 0.2592, ""mV_5"": 0.404, ""mV_6"": 0.4541, ""mV_7"": 0.3883, ""mV_8"": 0.248, ""mV_9"": 0.1442, ""mV_10"": 0.0832, ""mV_11"": 0.0652, ""mV_12"": 0.0878, ""mV_13"": 0.1026, ""mV_14"": 0.1072, ""mV_15"": 0.1046, ""mV_16"": 0.2381, ""mV_17"": 0.3846, ""mV_18"": 0.2471, ""mV_19"": 0.2889, ""mV_20"": 0.4633}",False,ok,nie_dotyczy,1.0,1.0,0.0,,0,soft_vote_knn5_ridge_observed_only
test_0026,8,ok,nie_dotyczy,1.0,1.0,1.0,0.8293339582071645,51,15–16 kHz,"mV_15,mV_16",mV_13,1,2.4579629889694097,podwyższona,0.0,"Werdykt OK, ale najsilniejsze lokalne odstępstwo występuje w paśmie 15–16 kHz; amplituda jest podwyższona.","{""mV_0"": 0.556, ""mV_1"": 0.5474, ""mV_2"": 0.3666, ""mV_3"": 0.3436, ""mV_4"": 0.3472, ""mV_5"": 0.407, ""mV_6"": 0.487, ""mV_7"": 0.5772, ""mV_8"": 0.7565, ""mV_9"": 1.031, ""mV_10"": 1.4317, ""mV_11"": 1.8517, ""mV_12"": 1.5699, ""mV_13"": null, ""mV_14"": 1.7731, ""mV_15"": 2.458, ""mV_16"": 2.3008, ""mV_17"": 1.6872, ""mV_18"": 0.9287, ""mV_19"": 0.6198, ""mV_20"": 0.5365}",False,ok,nie_dotyczy,1.0,1.0,0.0,,0,soft_vote_knn5_ridge_observed_only
test_0026,9,ok,nie_dotyczy,1.0,1.0,1.0,0.8330262501445816,51,brak,,mV_14,1,0.9535199889673309,brak istotnego odchylenia,0.0,Werdykt OK: brak zmierzonego pasma przekraczającego próg anomalii.,"{""mV_0"": 0.4376, ""mV_1"": 0.4872, ""mV_2"": 0.4969, ""mV_3"": 0.7987, ""mV_4"": 0.9535, ""mV_5"": 0.8095, ""mV_6"": 0.5999, ""mV_7"": 0.517, ""mV_8"": 0.6055, ""mV_9"": 0.7038, ""mV_10"": 0.7758, ""mV_11"": 0.8489, ""mV_12"": 0.7905, ""mV_13"": 0.4838, ""mV_14"": null, ""mV_15"": 0.0828, ""mV_16"": 0.2018, ""mV_17"": 0.4094, ""mV_18"": 0.664, ""mV_19"": 0.6742, ""mV_20"": 0.2957}",False,ok,nie_dotyczy,1.0,1.0,0.0,,0,soft_vote_knn5_ridge_observed_only
test_0026,10,ok,nie_dotyczy,1.0,1.0,1.0,0.838071275792797,51,brak,,,0,1.1736889489947262,brak istotnego odchylenia,0.0,Werdykt OK: brak zmierzonego pasma przekraczającego próg anomalii.,"{""mV_0"": 0.3836, ""mV_1"": 0.9473, ""mV_2"": 1.1737, ""mV_3"": 0.8897, ""mV_4"": 0.4317, ""mV_5"": 0.3449, ""mV_6"": 0.3967, ""mV_7"": 0.3271, ""mV_8"": 0.316, ""mV_9"": 0.3134, ""mV_10"": 0.2743, ""mV_11"": 0.2256, ""mV_12"": 0.2765, ""mV_13"": 0.4522, ""mV_14"": 0.603, ""mV_15"": 0.6671, ""mV_16"": 0.6562, ""mV_17"": 0.627, ""mV_18"": 0.5485, ""mV_19"": 0.4425, ""mV_20"": 0.3661}",False,ok,nie_dotyczy,1.0,1.0,0.0,,0,soft_vote_knn5_ridge_observed_only
test_0026,11,ok,nie_dotyczy,1.0,1.0,1.0,0.8280523915130927,51,3–4 kHz,"mV_3,mV_4",mV_15,1,2.1938596901532326,podwyższona,0.0,"Werdykt OK, ale najsilniejsze lokalne odstępstwo występuje w paśmie 3–4 kHz; amplituda jest podwyższona.","{""mV_0"": 0.7308, ""mV_1"": 0.7989, ""mV_2"": 1.4703, ""mV_3"": 2.1939, ""mV_4"": 2.0361, ""mV_5"": 1.6329, ""mV_6"": 1.4482, ""mV_7"": 1.4141, ""mV_8"": 1.3877, ""mV_9"": 1.2805, ""mV_10"": 1.1381, ""mV_11"": 1.1858, ""mV_12"": 1.4973, ""mV_13"": 1.8015, ""mV_14"": 1.436, ""mV_15"": null, ""mV_16"": 0.92, ""mV_17"": 0.9211, ""mV_18"": 0.4734, ""mV_19"": 0.7833, ""mV_20"": 1.0982}",False,ok,nie_dotyczy,1.0,1.0,0.0,,0,soft_vote_knn5_ridge_observed_only
test_0026,12,ok,nie_dotyczy,1.0,1.0,1.0,0.8049780922969846,51,brak,,mV_8,1,1.1065729704878289,brak istotnego odchylenia,0.0,Werdykt OK: brak zmierzonego pasma przekraczającego próg anomalii.,"{""mV_0"": 0.4579, ""mV_1"": 0.5248, ""mV_2"": 0.3958, ""mV_3"": 0.2985, ""mV_4"": 0.4343, ""mV_5"": 0.8175, ""mV_6"": 1.1066, ""mV_7"": 0.8698, ""mV_8"": null, ""mV_9"": 0.7868, ""mV_10"": 0.8695, ""mV_11"": 0.601, ""mV_12"": 0.4176, ""mV_13"": 0.3232, ""mV_14"": 0.2654, ""mV_15"": 0.2707, ""mV_16"": 0.2392, ""mV_17"": 0.2739, ""mV_18"": 0.7773, ""mV_19"": 1.0775, ""mV_20"": 0.5363}",False,ok,nie_dotyczy,1.0,1.0,0.0,,0,soft_vote_knn5_ridge_observed_only
test_0026,13,ok,nie_dotyczy,1.0,1.0,1.0,0.8100392690316146,51,14 kHz,mV_14,mV_3,1,2.0131753492323634,podwyższona,0.0,"Werdykt OK, ale najsilniejsze lokalne odstępstwo występuje w paśmie 14 kHz; amplituda jest podwyższona.","{""mV_0"": 1.6315, ""mV_1"": 1.7518, ""mV_2"": 0.94, ""mV_3"": null, ""mV_4"": 0.8527, ""mV_5"": 1.1567, ""mV_6"": 1.3076, ""mV_7"": 1.5756, ""mV_8"": 1.8223, ""mV_9"": 1.9394, ""mV_10"": 1.9298, ""mV_11"": 1.9057, ""mV_12"": 1.9122, ""mV_13"": 1.938, ""mV_14"": 2.0132, ""mV_15"": 1.9672, ""mV_16"": 1.6632, ""mV_17"": 1.1792, ""mV_18"": 0.7698, ""mV_19"": 0.8109, ""mV_20"": 0.7894}",False,ok,nie_dotyczy,1.0,1.0,0.0,,0,soft_vote_knn5_ridge_observed_only
test_0026,14,ok,nie_dotyczy,1.0,1.0,1.0,0.8390630336653784,51,brak,,mV_11,1,0.9140738783980342,brak istotnego odchylenia,0.0,Werdykt OK: brak zmierzonego pasma przekraczającego próg anomalii.,"{""mV_0"": 0.0392, ""mV_1"": 0.2446, ""mV_2"": 0.6639, ""mV_3"": 0.8959, ""mV_4"": 0.7924, ""mV_5"": 0.6465, ""mV_6"": 0.6771, ""mV_7"": 0.7234, ""mV_8"": 0.5954, ""mV_9"": 0.3871, ""mV_10"": 0.1908, ""mV_11"": null, ""mV_12"": 0.2068, ""mV_13"": 0.3745, ""mV_14"": 0.4343, ""mV_15"": 0.422, ""mV_16"": 0.439, ""mV_17"": 0.6024, ""mV_18"": 0.9141, ""mV_19"": 0.8127, ""mV_20"": 0.2765}",False,ok,nie_dotyczy,1.0,1.0,0.0,,0,soft_vote_knn5_ridge_observed_only
test_0026,15,ok,nie_dotyczy,1.0,1.0,1.0,0.8095583095258073,51,brak,,"mV_3,mV_18",2,0.7218862487928351,brak istotnego odchylenia,0.0,Werdykt OK: brak zmierzonego pasma przekraczającego próg anomalii.,"{""mV_0"": 0.7219, ""mV_1"": 0.6618, ""mV_2"": 0.2133, ""mV_3"": null, ""mV_4"": 0.0516, ""mV_5"": 0.0568, ""mV_6"": 0.058, ""mV_7"": 0.1306, ""mV_8"": 0.3049, ""mV_9"": 0.5051, ""mV_10"": 0.6314, ""mV_11"": 0.6777, ""mV_12"": 0.6442, ""mV_13"": 0.4947, ""mV_14"": 0.2881, ""mV_15"": 0.2479, ""mV_16"": 0.283, ""mV_17"": 0.1395, ""mV_18"": null, ""mV_19"": 0.3141, ""mV_20"": 0.2465}",False,ok,nie_dotyczy,1.0,1.0,0.0,,0,soft_vote_knn5_ridge_observed_only
test_0026,16,ok,nie_dotyczy,1.0,1.0,1.0,0.7871059445843759,51,brak,,"mV_4,mV_17",2,1.756612168470844,brak istotnego odchylenia,0.0,Werdykt OK: brak zmierzonego pasma przekraczającego próg anomalii.,"{""mV_0"": 0.9396, ""mV_1"": 1.3452, ""mV_2"": 1.5463, ""mV_3"": 1.2309, ""mV_4"": null, ""mV_5"": 1.2784, ""mV_6"": 1.7566, ""mV_7"": 1.73, ""mV_8"": 1.5571, ""mV_9"": 1.3915, ""mV_10"": 1.414, ""mV_11"": 1.5988, ""mV_12"": 1.7411, ""mV_13"": 1.7035, ""mV_14"": 1.5327, ""mV_15"": 1.4103, ""mV_16"": 1.0667, ""mV_17"": null, ""mV_18"": 0.3629, ""mV_19"": 0.4038, ""mV_20"": 0.3574}",False,ok,nie_dotyczy,1.0,1.0,0.0,,0,soft_vote_knn5_ridge_observed_only
test_0027,1,ok,nie_dotyczy,1.0,1.0,1.0,0.8289421838791534,51,brak,,mV_20,1,0.7630987788952523,brak istotnego odchylenia,0.0,Werdykt OK: brak zmierzonego pasma przekraczającego próg anomalii.,"{""mV_0"": 0.6136, ""mV_1"": 0.7631, ""mV_2"": 0.5916, ""mV_3"": 0.456, ""mV_4"": 0.2294, ""mV_5"": 0.0581, ""mV_6"": 0.0891, ""mV_7"": 0.1116, ""mV_8"": 0.1055, ""mV_9"": 0.1749, ""mV_10"": 0.2398, ""mV_11"": 0.1955, ""mV_12"": 0.1366, ""mV_13"": 0.1666, ""mV_14"": 0.204, ""mV_15"": 0.2784, ""mV_16"": 0.5916, ""mV_17"": 0.6819, ""mV_18"": 0.4905, ""mV_19"": 0.4426, ""mV_20"": null}",False,ok,nie_dotyczy,1.0,1.0,0.0,,0,soft_vote_knn5_ridge_observed_only
test_0027,2,pompa,srednie,1.0,1.0,1.0,0.7950726549541648,51,2–16 kHz,"mV_2,mV_3,mV_4,mV_5,mV_6,mV_7,mV_8,mV_9,mV_10,mV_11,mV_12,mV_13,mV_14,mV_15,mV_16",mV_20,1,6.768742966706936,obniżona,0.9732016257199348,Podejrzenie pompa: najbardziej nietypowe jest pasmo 2–16 kHz; amplituda jest obniżona względem zdrowej referencji.,"{""mV_0"": 0.7108, ""mV_1"": 1.7809, ""mV_2"": 4.1454, ""mV_3"": 6.6908, ""mV_4"": 6.6402, ""mV_5"": 5.4318, ""mV_6"": 5.0385, ""mV_7"": 4.9755, ""mV_8"": 5.1699, ""mV_9"": 5.5196, ""mV_10"": 5.77, ""mV_11"": 6.1096, ""mV_12"": 6.5956, ""mV_13"": 6.7687, ""mV_14"": 6.186, ""mV_15"": 5.39, ""mV_16"": 4.7649, ""mV_17"": 3.6751, ""mV_18"": 2.8554, ""mV_19"": 2.239, ""mV_20"": null}",False,pompa,srednie,1.0,1.0,0.0,,0,soft_vote_knn5_ridge_observed_only
test_0027,3,pompa,male,1.0,1.0,1.0,0.6598719931193011,51,3–5 kHz,"mV_3,mV_4,mV_5","mV_2,mV_18,mV_19",3,3.384173909078287,obniżona,0.9660225112274939,Podejrzenie pompa: najbardziej nietypowe jest pasmo 3–5 kHz; amplituda jest obniżona względem zdrowej referencji.,"{""mV_0"": 0.2343, ""mV_1"": 0.2539, ""mV_2"": null, ""mV_3"": 3.1241, ""mV_4"": 3.3842, ""mV_5"": 2.336, ""mV_6"": 1.7878, ""mV_7"": 1.8204, ""mV_8"": 2.2107, ""mV_9"": 2.6153, ""mV_10"": 2.8159, ""mV_11"": 2.8889, ""mV_12"": 2.9702, ""mV_13"": 3.0458, ""mV_14"": 2.9166, ""mV_15"": 2.7925, ""mV_16"": 2.7665, ""mV_17"": 1.9539, ""mV_18"": null, ""mV_19"": null, ""mV_20"": 1.5374}",False,pompa,male,1.0,1.0,0.0,,0,soft_vote_knn5_ridge_observed_only
test_0027,4,ok,nie_dotyczy,1.0,1.0,1.0,0.7690153013853177,51,16–17 kHz,"mV_16,mV_17",,0,2.080294230144041,obniżona,0.0,"Werdykt OK, ale najsilniejsze lokalne odstępstwo występuje w paśmie 16–17 kHz; amplituda jest obniżona.","{""mV_0"": 0.0677, ""mV_1"": 0.0999, ""mV_2"": 0.1414, ""mV_3"": 0.2747, ""mV_4"": 0.429, ""mV_5"": 0.5334, ""mV_6"": 0.4723, ""mV_7"": 0.2978, ""mV_8"": 0.1449, ""mV_9"": 0.0543, ""mV_10"": 0.0464, ""mV_11"": 0.0499, ""mV_12"": 0.0868, ""mV_13"": 0.38, ""mV_14"": 0.9021, ""mV_15"": 1.4284, ""mV_16"": 2.0779, ""mV_17"": 2.0803, ""mV_18"": 1.2106, ""mV_19"": 0.7515, ""mV_20"": 0.5047}",False,ok,nie_dotyczy,1.0,1.0,0.0,,0,soft_vote_knn5_ridge_observed_only
test_0027,5,ok,nie_dotyczy,1.0,1.0,1.0,0.7361376426119817,51,brak,,"mV_7,mV_16",2,1.1653077261772253,brak istotnego odchylenia,0.0,Werdykt OK: brak zmierzonego pasma przekraczającego próg anomalii.,"{""mV_0"": 0.5973, ""mV_1"": 0.4559, ""mV_2"": 0.3306, ""mV_3"": 0.3767, ""mV_4"": 0.3245, ""mV_5"": 0.1716, ""mV_6"": 0.0503, ""mV_7"": null, ""mV_8"": 0.3595, ""mV_9"": 0.5993, ""mV_10"": 0.7473, ""mV_11"": 0.7873, ""mV_12"": 0.7322, ""mV_13"": 0.6737, ""mV_14"": 0.6397, ""mV_15"": 0.4627, ""mV_16"": null, ""mV_17"": 1.1653, ""mV_18"": 0.8185, ""mV_19"": 0.5134, ""mV_20"": 0.468}",False,ok,nie_dotyczy,1.0,1.0,0.0,,0,soft_vote_knn5_ridge_observed_only
test_0027,6,ok,nie_dotyczy,1.0,1.0,1.0,0.8516377694736122,51,brak,,,0,0.6963143851288046,brak istotnego odchylenia,0.0,Werdykt OK: brak zmierzonego pasma przekraczającego próg anomalii.,"{""mV_0"": 0.5759, ""mV_1"": 0.675, ""mV_2"": 0.556, ""mV_3"": 0.6963, ""mV_4"": 0.6436, ""mV_5"": 0.3503, ""mV_6"": 0.2185, ""mV_7"": 0.2176, ""mV_8"": 0.1771, ""mV_9"": 0.0847, ""mV_10"": 0.0676, ""mV_11"": 0.115, ""mV_12"": 0.1381, ""mV_13"": 0.1196, ""mV_14"": 0.0884, ""mV_15"": 0.1447, ""mV_16"": 0.212, ""mV_17"": 0.2038, ""mV_18"": 0.2847, ""mV_19"": 0.4598, ""mV_20"": 0.4654}",False,ok,nie_dotyczy,1.0,1.0,0.0,,0,soft_vote_knn5_ridge_observed_only
test_0027,7,ok,nie_dotyczy,1.0,1.0,1.0,0.7578133928158183,51,brak,,mV_20,1,0.9469638168892689,brak istotnego odchylenia,0.0,Werdykt OK: brak zmierzonego pasma przekraczającego próg anomalii.,"{""mV_0"": 0.1345, ""mV_1"": 0.4094, ""mV_2"": 0.7428, ""mV_3"": 0.947, ""mV_4"": 0.905, ""mV_5"": 0.649, ""mV_6"": 0.3755, ""mV_7"": 0.2598, ""mV_8"": 0.2882, ""mV_9"": 0.3769, ""mV_10"": 0.5205, ""mV_11"": 0.5464, ""mV_12"": 0.3154, ""mV_13"": 0.1928, ""mV_14"": 0.5207, ""mV_15"": 0.8853, ""mV_16"": 0.8521, ""mV_17"": 0.6328, ""mV_18"": 0.6022, ""mV_19"": 0.583, ""mV_20"": null}",False,ok,nie_dotyczy,1.0,1.0,0.0,,0,soft_vote_knn5_ridge_observed_only
test_0027,8,ok,nie_dotyczy,1.0,1.0,1.0,0.796222150157502,51,brak,,,0,1.8220973615891563,brak istotnego odchylenia,0.0,Werdykt OK: brak zmierzonego pasma przekraczającego próg anomalii.,"{""mV_0"": 1.1752, ""mV_1"": 1.4669, ""mV_2"": 0.7743, ""mV_3"": 0.1933, ""mV_4"": 0.3171, ""mV_5"": 0.8152, ""mV_6"": 1.2844, ""mV_7"": 1.5229, ""mV_8"": 1.578, ""mV_9"": 1.5615, ""mV_10"": 1.5322, ""mV_11"": 1.6222, ""mV_12"": 1.7743, ""mV_13"": 1.8077, ""mV_14"": 1.8221, ""mV_15"": 1.6784, ""mV_16"": 1.168, ""mV_17"": 0.5577, ""mV_18"": 0.2404, ""mV_19"": 0.5351, ""mV_20"": 0.7822}",False,ok,nie_dotyczy,1.0,1.0,0.0,,0,soft_vote_knn5_ridge_observed_only
test_0027,9,unknown,nie_dotyczy,0.9607843137254902,0.9607843137254902,0.9607843137254902,0.6879400386742606,51,11–13 kHz,"mV_11,mV_12,mV_13","mV_0,mV_2,mV_4,mV_10,mV_14",5,12.409655996974527,obniżona,0.9090376054625068,Podejrzenie unknown: najbardziej nietypowe jest pasmo 11–13 kHz; amplituda jest obniżona względem zdrowej referencji.,"{""mV_0"": null, ""mV_1"": 0.2472, ""mV_2"": null, ""mV_3"": 0.9542, ""mV_4"": null, ""mV_5"": 6.5793, ""mV_6"": 9.7447, ""mV_7"": 10.64, ""mV_8"": 11.1277, ""mV_9"": 8.5472, ""mV_10"": null, ""mV_11"": 9.2266, ""mV_12"": 12.4097, ""mV_13"": 9.3152, ""mV_14"": null, ""mV_15"": 3.413, ""mV_16"": 8.5059, ""mV_17"": 10.0817, ""mV_18"": 6.2851, ""mV_19"": 2.4673, ""mV_20"": 1.3163}",False,unknown,nie_dotyczy,0.9607843137254902,0.9607843137254902,0.0,,0,soft_vote_knn5_ridge_observed_only
test_0027,10,ok,nie_dotyczy,1.0,1.0,1.0,0.7974818847192382,51,brak,,mV_4,1,1.2859896636410284,brak istotnego odchylenia,0.0,Werdykt OK: brak zmierzonego pasma przekraczającego próg anomalii.,"{""mV_0"": 0.1576, ""mV_1"": 0.3153, ""mV_2"": 0.1745, ""mV_3"": 0.0187, ""mV_4"": null, ""mV_5"": 0.2891, ""mV_6"": 0.2712, ""mV_7"": 0.1201, ""mV_8"": 0.0879, ""mV_9"": 0.0841, ""mV_10"": 0.0962, ""mV_11"": 0.3163, ""mV_12"": 0.6311, ""mV_13"": 0.8348, ""mV_14"": 1.0731, ""mV_15"": 1.2509, ""mV_16"": 1.2142, ""mV_17"": 1.0971, ""mV_18"": 1.2003, ""mV_19"": 1.286, ""mV_20"": 0.7095}",False,ok,nie_dotyczy,1.0,1.0,0.0,,0,soft_vote_knn5_ridge_observed_only
test_0027,11,ok,nie_dotyczy,1.0,1.0,1.0,0.8261692606091556,51,brak,,mV_15,1,1.6471900254774967,brak istotnego odchylenia,0.0,Werdykt OK: brak zmierzonego pasma przekraczającego próg anomalii.,"{""mV_0"": 0.4458, ""mV_1"": 0.7331, ""mV_2"": 0.9913, ""mV_3"": 1.1041, ""mV_4"": 0.9535, ""mV_5"": 0.9015, ""mV_6"": 1.05, ""mV_7"": 1.2206, ""mV_8"": 1.3766, ""mV_9"": 1.4562, ""mV_10"": 1.3706, ""mV_11"": 1.2814, ""mV_12"": 1.3679, ""mV_13"": 1.6472, ""mV_14"": 1.4585, ""mV_15"": null, ""mV_16"": 1.2509, ""mV_17"": 1.4226, ""mV_18"": 1.0102, ""mV_19"": 0.8459, ""mV_20"": 0.7996}",False,ok,nie_dotyczy,1.0,1.0,0.0,,0,soft_vote_knn5_ridge_observed_only
test_0027,12,ok,nie_dotyczy,1.0,1.0,1.0,0.8131116208271151,51,brak,,,0,1.0675994385543701,brak istotnego odchylenia,0.0,Werdykt OK: brak zmierzonego pasma przekraczającego próg anomalii.,"{""mV_0"": 0.3981, ""mV_1"": 0.6124, ""mV_2"": 0.3107, ""mV_3"": 0.0415, ""mV_4"": 0.1494, ""mV_5"": 0.4481, ""mV_6"": 0.6821, ""mV_7"": 0.6717, ""mV_8"": 0.5717, ""mV_9"": 0.5918, ""mV_10"": 0.712, ""mV_11"": 0.8577, ""mV_12"": 0.9176, ""mV_13"": 0.8559, ""mV_14"": 0.8231, ""mV_15"": 0.699, ""mV_16"": 0.3711, ""mV_17"": 0.1445, ""mV_18"": 0.4397, ""mV_19"": 1.0676, ""mV_20"": 1.0268}",False,ok,nie_dotyczy,1.0,1.0,0.0,,0,soft_vote_knn5_ridge_observed_only
test_0028,1,ok,nie_dotyczy,1.0,1.0,1.0,0.8120357165496626,51,4–6 kHz,"mV_4,mV_5,mV_6",,0,2.286315689612315,obniżona,0.0,"Werdykt OK, ale najsilniejsze lokalne odstępstwo występuje w paśmie 4–6 kHz; amplituda jest obniżona.","{""mV_0"": 0.8888, ""mV_1"": 0.7378, ""mV_2"": 0.8764, ""mV_3"": 1.8932, ""mV_4"": 2.2863, ""mV_5"": 2.13, ""mV_6"": 2.0216, ""mV_7"": 1.7486, ""mV_8"": 1.4053, ""mV_9"": 1.1296, ""mV_10"": 0.965, ""mV_11"": 0.9379, ""mV_12"": 1.0038, ""mV_13"": 1.0569, ""mV_14"": 1.2043, ""mV_15"": 1.5189, ""mV_16"": 1.7741, ""mV_17"": 1.7941, ""mV_18"": 1.672, ""mV_19"": 1.6434, ""mV_20"": 1.2839}",False,ok,nie_dotyczy,1.0,1.0,0.0,,0,soft_vote_knn5_ridge_observed_only
test_0028,2,ok,nie_dotyczy,1.0,1.0,1.0,0.8566835465755507,51,brak,,"mV_4,mV_20",2,0.909272590139365,brak istotnego odchylenia,0.0,Werdykt OK: brak zmierzonego pasma przekraczającego próg anomalii.,"{""mV_0"": 0.1398, ""mV_1"": 0.1799, ""mV_2"": 0.1751, ""mV_3"": 0.0921, ""mV_4"": null, ""mV_5"": 0.0681, ""mV_6"": 0.1305, ""mV_7"": 0.179, ""mV_8"": 0.2045, ""mV_9"": 0.2216, ""mV_10"": 0.2432, ""mV_11"": 0.2519, ""mV_12"": 0.3084, ""mV_13"": 0.512, ""mV_14"": 0.732, ""mV_15"": 0.8687, ""mV_16"": 0.9093, ""mV_17"": 0.7936, ""mV_18"": 0.6087, ""mV_19"": 0.3563, ""mV_20"": null}",False,ok,nie_dotyczy,1.0,1.0,0.0,,0,soft_vote_knn5_ridge_observed_only
test_0028,3,ok,nie_dotyczy,1.0,1.0,1.0,0.7432622753283264,51,2 kHz,mV_2,,0,2.235383714728968,podwyższona,0.0,"Werdykt OK, ale najsilniejsze lokalne odstępstwo występuje w paśmie 2 kHz; amplituda jest podwyższona.","{""mV_0"": 0.8301, ""mV_1"": 1.616, ""mV_2"": 2.2354, ""mV_3"": 1.6848, ""mV_4"": 0.6707, ""mV_5"": 0.5671, ""mV_6"": 0.7785, ""mV_7"": 0.7513, ""mV_8"": 0.7653, ""mV_9"": 0.9521, ""mV_10"": 1.2741, ""mV_11"": 1.5891, ""mV_12"": 1.7439, ""mV_13"": 1.7753, ""mV_14"": 1.3447, ""mV_15"": 0.4665, ""mV_16"": 0.1158, ""mV_17"": 0.3112, ""mV_18"": 0.4219, ""mV_19"": 0.4285, ""mV_20"": 0.3202}",False,ok,nie_dotyczy,1.0,1.0,0.0,,0,soft_vote_knn5_ridge_observed_only
test_0028,4,ok,nie_dotyczy,1.0,1.0,1.0,0.7253466019029837,51,3 kHz,mV_3,,0,2.0857903796774226,podwyższona,0.0,"Werdykt OK, ale najsilniejsze lokalne odstępstwo występuje w paśmie 3 kHz; amplituda jest podwyższona.","{""mV_0"": 0.4575, ""mV_1"": 0.4856, ""mV_2"": 1.0903, ""mV_3"": 2.0858, ""mV_4"": 1.726, ""mV_5"": 0.9298, ""mV_6"": 0.7981, ""mV_7"": 0.9059, ""mV_8"": 0.9606, ""mV_9"": 0.8744, ""mV_10"": 0.7487, ""mV_11"": 0.515, ""mV_12"": 0.2755, ""mV_13"": 0.2684, ""mV_14"": 0.4462, ""mV_15"": 0.7598, ""mV_16"": 1.0457, ""mV_17"": 1.0337, ""mV_18"": 0.7773, ""mV_19"": 0.4281, ""mV_20"": 0.144}",False,ok,nie_dotyczy,1.0,1.0,0.0,,0,soft_vote_knn5_ridge_observed_only
test_0028,5,ok,nie_dotyczy,1.0,1.0,1.0,0.8337558873567025,51,brak,,"mV_6,mV_15",2,1.4910628037587979,brak istotnego odchylenia,0.0,Werdykt OK: brak zmierzonego pasma przekraczającego próg anomalii.,"{""mV_0"": 0.6178, ""mV_1"": 0.6839, ""mV_2"": 0.4221, ""mV_3"": 0.3711, ""mV_4"": 0.7264, ""mV_5"": 0.7569, ""mV_6"": null, ""mV_7"": 0.728, ""mV_8"": 0.9542, ""mV_9"": 1.006, ""mV_10"": 1.0468, ""mV_11"": 0.9815, ""mV_12"": 0.8643, ""mV_13"": 0.7999, ""mV_14"": 0.6123, ""mV_15"": null, ""mV_16"": 1.0758, ""mV_17"": 1.4911, ""mV_18"": 1.44, ""mV_19"": 1.2585, ""mV_20"": 0.8285}",False,ok,nie_dotyczy,1.0,1.0,0.0,,0,soft_vote_knn5_ridge_observed_only
test_0028,6,ok,nie_dotyczy,1.0,1.0,1.0,0.6418905113353012,51,12–14 kHz,"mV_12,mV_13,mV_14",,0,2.4364607338485773,obniżona,0.0,"Werdykt OK, ale najsilniejsze lokalne odstępstwo występuje w paśmie 12–14 kHz; amplituda jest obniżona.","{""mV_0"": 1.5453, ""mV_1"": 1.6857, ""mV_2"": 1.0455, ""mV_3"": 0.6866, ""mV_4"": 1.043, ""mV_5"": 1.531, ""mV_6"": 1.7516, ""mV_7"": 1.8077, ""mV_8"": 1.7415, ""mV_9"": 1.6339, ""mV_10"": 1.5833, ""mV_11"": 1.7352, ""mV_12"": 2.089, ""mV_13"": 2.4365, ""mV_14"": 2.1583, ""mV_15"": 1.2251, ""mV_16"": 0.8986, ""mV_17"": 1.4216, ""mV_18"": 1.8649, ""mV_19"": 2.145, ""mV_20"": 1.7809}",False,ok,nie_dotyczy,1.0,1.0,0.0,,0,soft_vote_knn5_ridge_observed_only
test_0028,7,ok,nie_dotyczy,1.0,1.0,1.0,0.7515053065926391,51,brak,,,0,1.7441458732159596,brak istotnego odchylenia,0.0,Werdykt OK: brak zmierzonego pasma przekraczającego próg anomalii.,"{""mV_0"": 0.1462, ""mV_1"": 0.4536, ""mV_2"": 1.1201, ""mV_3"": 1.2421, ""mV_4"": 0.635, ""mV_5"": 0.2942, ""mV_6"": 0.3582, ""mV_7"": 0.4173, ""mV_8"": 0.3424, ""mV_9"": 0.1859, ""mV_10"": 0.101, ""mV_11"": 0.1567, ""mV_12"": 0.5129, ""mV_13"": 1.3434, ""mV_14"": 1.7441, ""mV_15"": 1.0074, ""mV_16"": 0.2529, ""mV_17"": 0.1594, ""mV_18"": 0.2489, ""mV_19"": 0.22, ""mV_20"": 0.0952}",False,ok,nie_dotyczy,1.0,1.0,0.0,,0,soft_vote_knn5_ridge_observed_only
test_0028,8,ok,nie_dotyczy,1.0,1.0,1.0,0.8047497874336971,51,brak,,,0,1.482036544253681,brak istotnego odchylenia,0.0,Werdykt OK: brak zmierzonego pasma przekraczającego próg anomalii.,"{""mV_0"": 0.0825, ""mV_1"": 0.2474, ""mV_2"": 0.9182, ""mV_3"": 1.482, ""mV_4"": 1.1565, ""mV_5"": 0.627, ""mV_6"": 0.4436, ""mV_7"": 0.4278, ""mV_8"": 0.444, ""mV_9"": 0.4127, ""mV_10"": 0.3399, ""mV_11"": 0.2664, ""mV_12"": 0.2052, ""mV_13"": 0.2395, ""mV_14"": 0.4087, ""mV_15"": 0.5327, ""mV_16"": 0.4638, ""mV_17"": 0.3182, ""mV_18"": 0.3397, ""mV_19"": 0.3376, ""mV_20"": 0.13}",False,ok,nie_dotyczy,1.0,1.0,0.0,,0,soft_vote_knn5_ridge_observed_only
test_0028,9,ok,nie_dotyczy,1.0,1.0,1.0,0.6753956322003003,51,brak,,,0,1.1019586732896667,brak istotnego odchylenia,0.0,Werdykt OK: brak zmierzonego pasma przekraczającego próg anomalii.,"{""mV_0"": 0.156, ""mV_1"": 0.1185, ""mV_2"": 0.4658, ""mV_3"": 1.0536, ""mV_4"": 0.9703, ""mV_5"": 0.5742, ""mV_6"": 0.3412, ""mV_7"": 0.183, ""mV_8"": 0.1245, ""mV_9"": 0.1541, ""mV_10"": 0.245, ""mV_11"": 0.4168, ""mV_12"": 0.7335, ""mV_13"": 1.102, ""mV_14"": 1.0866, ""mV_15"": 0.8677, ""mV_16"": 0.821, ""mV_17"": 0.6127, ""mV_18"": 0.4638, ""mV_19"": 0.6014, ""mV_20"": 0.5364}",False,ok,nie_dotyczy,1.0,1.0,0.0,,0,soft_vote_knn5_ridge_observed_only
test_0028,10,ok,nie_dotyczy,1.0,1.0,1.0,0.5949164287394669,51,3–5 kHz,"mV_3,mV_4,mV_5",mV_7,1,3.5261007671783657,podwyższona,0.0,"Werdykt OK, ale najsilniejsze lokalne odstępstwo występuje w paśmie 3–5 kHz; amplituda jest podwyższona.","{""mV_0"": 0.5927, ""mV_1"": 0.4218, ""mV_2"": 1.5694, ""mV_3"": 3.5261, ""mV_4"": 3.2418, ""mV_5"": 2.1251, ""mV_6"": 1.3531, ""mV_7"": null, ""mV_8"": 0.7388, ""mV_9"": 0.8702, ""mV_10"": 0.7853, ""mV_11"": 0.8231, ""mV_12"": 0.867, ""mV_13"": 0.7274, ""mV_14"": 0.8816, ""mV_15"": 1.732, ""mV_16"": 2.3559, ""mV_17"": 2.1238, ""mV_18"": 1.6104, ""mV_19"": 1.2896, ""mV_20"": 0.877}",False,ok,nie_dotyczy,1.0,1.0,0.0,,0,soft_vote_knn5_ridge_observed_only
test_0028,11,ok,nie_dotyczy,1.0,1.0,1.0,0.6966330216595233,51,brak,,,0,1.6330355468842332,brak istotnego odchylenia,0.0,Werdykt OK: brak zmierzonego pasma przekraczającego próg anomalii.,"{""mV_0"": 0.3878, ""mV_1"": 0.5678, ""mV_2"": 1.1637, ""mV_3"": 1.633, ""mV_4"": 0.9481, ""mV_5"": 0.3983, ""mV_6"": 0.6162, ""mV_7"": 0.7865, ""mV_8"": 0.8518, ""mV_9"": 0.9011, ""mV_10"": 0.8675, ""mV_11"": 0.8446, ""mV_12"": 0.9226, ""mV_13"": 1.0605, ""mV_14"": 0.9034, ""mV_15"": 0.3871, ""mV_16"": 0.247, ""mV_17"": 0.5869, ""mV_18"": 0.7646, ""mV_19"": 0.5804, ""mV_20"": 0.245}",False,ok,nie_dotyczy,1.0,1.0,0.0,,0,soft_vote_knn5_ridge_observed_only
test_0028,12,ok,nie_dotyczy,1.0,1.0,1.0,0.8215577322632288,51,brak,,"mV_0,mV_3,mV_12,mV_16",4,1.4123780152488044,brak istotnego odchylenia,0.0,Werdykt OK: brak zmierzonego pasma przekraczającego próg anomalii.,"{""mV_0"": null, ""mV_1"": 0.2042, ""mV_2"": 0.1503, ""mV_3"": null, ""mV_4"": 0.8284, ""mV_5"": 1.089, ""mV_6"": 1.0853, ""mV_7"": 1.1906, ""mV_8"": 1.3255, ""mV_9"": 1.3833, ""mV_10"": 1.4124, ""mV_11"": 1.0671, ""mV_12"": null, ""mV_13"": 0.4674, ""mV_14"": 0.4825, ""mV_15"": 0.363, ""mV_16"": null, ""mV_17"": 0.6898, ""mV_18"": 1.0571, ""mV_19"": 1.1279, ""mV_20"": 0.7864}",False,ok,nie_dotyczy,1.0,1.0,0.0,,0,soft_vote_knn5_ridge_observed_only
test_0029,1,ok,nie_dotyczy,1.0,1.0,1.0,0.809807818168419,51,brak,,mV_8,1,1.2257214370568472,brak istotnego odchylenia,0.0,Werdykt OK: brak zmierzonego pasma przekraczającego próg anomalii.,"{""mV_0"": 0.6083, ""mV_1"": 0.6058, ""mV_2"": 0.3144, ""mV_3"": 0.3596, ""mV_4"": 0.7402, ""mV_5"": 0.8648, ""mV_6"": 0.7901, ""mV_7"": 0.5795, ""mV_8"": null, ""mV_9"": 0.5898, ""mV_10"": 0.6542, ""mV_11"": 0.4759, ""mV_12"": 0.3259, ""mV_13"": 0.3402, ""mV_14"": 0.4765, ""mV_15"": 0.4752, ""mV_16"": 0.2992, ""mV_17"": 0.5925, ""mV_18"": 1.2257, ""mV_19"": 0.9743, ""mV_20"": 0.2536}",False,ok,nie_dotyczy,1.0,1.0,0.0,,0,soft_vote_knn5_ridge_observed_only
test_0029,2,ok,nie_dotyczy,1.0,1.0,1.0,0.8408664220604146,51,brak,,mV_5,1,1.2573196989124897,brak istotnego odchylenia,0.0,Werdykt OK: brak zmierzonego pasma przekraczającego próg anomalii.,"{""mV_0"": 0.0689, ""mV_1"": 0.1827, ""mV_2"": 0.2253, ""mV_3"": 0.2816, ""mV_4"": 0.3237, ""mV_5"": null, ""mV_6"": 0.6576, ""mV_7"": 0.7863, ""mV_8"": 0.6744, ""mV_9"": 0.5753, ""mV_10"": 0.5391, ""mV_11"": 0.5967, ""mV_12"": 0.6254, ""mV_13"": 0.5641, ""mV_14"": 0.3792, ""mV_15"": 0.1917, ""mV_16"": 0.1549, ""mV_17"": 0.5795, ""mV_18"": 1.2573, ""mV_19"": 1.0813, ""mV_20"": 0.3431}",False,ok,nie_dotyczy,1.0,1.0,0.0,,0,soft_vote_knn5_ridge_observed_only
test_0029,3,ok,nie_dotyczy,1.0,1.0,1.0,0.8258583359686287,51,brak,,mV_9,1,1.6798881186368002,brak istotnego odchylenia,0.0,Werdykt OK: brak zmierzonego pasma przekraczającego próg anomalii.,"{""mV_0"": 0.0018, ""mV_1"": 0.0107, ""mV_2"": 0.0324, ""mV_3"": 0.2386, ""mV_4"": 0.4707, ""mV_5"": 0.3745, ""mV_6"": 0.3063, ""mV_7"": 0.4983, ""mV_8"": 0.4991, ""mV_9"": null, ""mV_10"": 0.263, ""mV_11"": 0.35, ""mV_12"": 0.2862, ""mV_13"": 0.1932, ""mV_14"": 0.1238, ""mV_15"": 0.0624, ""mV_16"": 0.1003, ""mV_17"": 0.2693, ""mV_18"": 0.8891, ""mV_19"": 1.6799, ""mV_20"": 1.3452}",False,ok,nie_dotyczy,1.0,1.0,0.0,,0,soft_vote_knn5_ridge_observed_only
test_0029,4,ok,nie_dotyczy,1.0,1.0,1.0,0.838690218516613,51,brak,,,0,1.414612312128609,brak istotnego odchylenia,0.0,Werdykt OK: brak zmierzonego pasma przekraczającego próg anomalii.,"{""mV_0"": 0.064, ""mV_1"": 0.196, ""mV_2"": 0.3321, ""mV_3"": 0.3525, ""mV_4"": 0.3308, ""mV_5"": 0.3634, ""mV_6"": 0.3151, ""mV_7"": 0.1796, ""mV_8"": 0.1135, ""mV_9"": 0.1289, ""mV_10"": 0.1379, ""mV_11"": 0.1626, ""mV_12"": 0.2474, ""mV_13"": 0.2972, ""mV_14"": 0.2626, ""mV_15"": 0.1889, ""mV_16"": 0.1935, ""mV_17"": 0.8724, ""mV_18"": 1.4146, ""mV_19"": 0.6837, ""mV_20"": 0.042}",False,ok,nie_dotyczy,1.0,1.0,0.0,,0,soft_vote_knn5_ridge_observed_only
test_0029,5,ok,nie_dotyczy,1.0,1.0,1.0,0.7843110333780834,51,brak,,,0,1.2589623480691063,brak istotnego odchylenia,0.0,Werdykt OK: brak zmierzonego pasma przekraczającego próg anomalii.,"{""mV_0"": 0.6458, ""mV_1"": 0.5888, ""mV_2"": 0.7352, ""mV_3"": 1.1712, ""mV_4"": 0.8013, ""mV_5"": 0.2588, ""mV_6"": 0.2135, ""mV_7"": 0.2855, ""mV_8"": 0.443, ""mV_9"": 0.6063, ""mV_10"": 0.6377, ""mV_11"": 0.6023, ""mV_12"": 0.4876, ""mV_13"": 0.3861, ""mV_14"": 0.4947, ""mV_15"": 0.8985, ""mV_16"": 1.259, ""mV_17"": 1.041, ""mV_18"": 0.5665, ""mV_19"": 0.4806, ""mV_20"": 0.4709}",False,ok,nie_dotyczy,1.0,1.0,0.0,,0,soft_vote_knn5_ridge_observed_only
test_0029,6,ok,nie_dotyczy,1.0,1.0,1.0,0.7499244825378095,51,14–18 kHz,"mV_14,mV_15,mV_16,mV_17,mV_18",mV_12,1,3.125003593727527,podwyższona,0.0,"Werdykt OK, ale najsilniejsze lokalne odstępstwo występuje w paśmie 14–18 kHz; amplituda jest podwyższona.","{""mV_0"": 0.9237, ""mV_1"": 1.0146, ""mV_2"": 0.6393, ""mV_3"": 0.4147, ""mV_4"": 0.548, ""mV_5"": 0.795, ""mV_6"": 1.0519, ""mV_7"": 1.3502, ""mV_8"": 1.6478, ""mV_9"": 1.8114, ""mV_10"": 1.7891, ""mV_11"": 1.328, ""mV_12"": null, ""mV_13"": 1.4241, ""mV_14"": 2.211, ""mV_15"": 2.7883, ""mV_16"": 3.0839, ""mV_17"": 3.125, ""mV_18"": 2.7041, ""mV_19"": 1.601, ""mV_20"": 0.8739}",False,ok,nie_dotyczy,1.0,1.0,0.0,,0,soft_vote_knn5_ridge_observed_only
test_0029,7,ok,nie_dotyczy,1.0,1.0,1.0,0.7716416072920622,51,2 kHz,mV_2,mV_12,1,2.1329905062565553,obniżona,0.0,"Werdykt OK, ale najsilniejsze lokalne odstępstwo występuje w paśmie 2 kHz; amplituda jest obniżona.","{""mV_0"": 1.3571, ""mV_1"": 1.9796, ""mV_2"": 2.133, ""mV_3"": 1.9034, ""mV_4"": 1.6157, ""mV_5"": 1.6721, ""mV_6"": 1.8171, ""mV_7"": 1.8395, ""mV_8"": 1.7699, ""mV_9"": 1.7989, ""mV_10"": 1.974, ""mV_11"": 1.5407, ""mV_12"": null, ""mV_13"": 1.4674, ""mV_14"": 2.0145, ""mV_15"": 1.9325, ""mV_16"": 1.7384, ""mV_17"": 1.5225, ""mV_18"": 1.6504, ""mV_19"": 1.9547, ""mV_20"": 1.2813}",False,ok,nie_dotyczy,1.0,1.0,0.0,,0,soft_vote_knn5_ridge_observed_only
test_0029,8,ok,nie_dotyczy,1.0,1.0,1.0,0.6470789164951871,51,18–19 kHz,"mV_18,mV_19","mV_1,mV_10,mV_17,mV_20",4,3.0878678033596403,podwyższona,0.0,"Werdykt OK, ale najsilniejsze lokalne odstępstwo występuje w paśmie 18–19 kHz; amplituda jest podwyższona.","{""mV_0"": 0.1184, ""mV_1"": null, ""mV_2"": 0.0079, ""mV_3"": 0.0165, ""mV_4"": 0.0623, ""mV_5"": 0.1247, ""mV_6"": 0.1084, ""mV_7"": 0.1558, ""mV_8"": 0.3328, ""mV_9"": 0.3264, ""mV_10"": null, ""mV_11"": 0.0557, ""mV_12"": 0.2151, ""mV_13"": 0.4401, ""mV_14"": 0.6782, ""mV_15"": 1.1094, ""mV_16"": 1.1768, ""mV_17"": null, ""mV_18"": 3.0879, ""mV_19"": 2.4236, ""mV_20"": null}",False,ok,nie_dotyczy,1.0,1.0,0.0,,0,soft_vote_knn5_ridge_observed_only
test_0029,9,ok,nie_dotyczy,1.0,1.0,1.0,0.8131997126451226,51,brak,,mV_20,1,1.5444897410071734,brak istotnego odchylenia,0.0,Werdykt OK: brak zmierzonego pasma przekraczającego próg anomalii.,"{""mV_0"": 0.6098, ""mV_1"": 0.9893, ""mV_2"": 1.2446, ""mV_3"": 1.1531, ""mV_4"": 0.8856, ""mV_5"": 0.9223, ""mV_6"": 0.9621, ""mV_7"": 0.7818, ""mV_8"": 0.6428, ""mV_9"": 0.7252, ""mV_10"": 0.8913, ""mV_11"": 0.9381, ""mV_12"": 0.9637, ""mV_13"": 1.053, ""mV_14"": 1.1938, ""mV_15"": 1.3496, ""mV_16"": 1.4131, ""mV_17"": 1.5445, ""mV_18"": 1.4268, ""mV_19"": 0.6712, ""mV_20"": null}",False,ok,nie_dotyczy,1.0,1.0,0.0,,0,soft_vote_knn5_ridge_observed_only
test_0029,10,iglica,srednie,1.0,1.0,1.0,0.7059754148803821,51,7–15 kHz,"mV_7,mV_8,mV_9,mV_10,mV_11,mV_12,mV_13,mV_14,mV_15",,0,4.9495724970412684,obniżona,0.8931238385031016,Podejrzenie iglica: najbardziej nietypowe jest pasmo 7–15 kHz; amplituda jest obniżona względem zdrowej referencji.,"{""mV_0"": 3.8472, ""mV_1"": 4.1856, ""mV_2"": 2.2101, ""mV_3"": 0.8438, ""mV_4"": 0.4516, ""mV_5"": 1.0402, ""mV_6"": 2.1521, ""mV_7"": 2.8991, ""mV_8"": 3.887, ""mV_9"": 4.8527, ""mV_10"": 4.9496, ""mV_11"": 4.6375, ""mV_12"": 4.5319, ""mV_13"": 4.8478, ""mV_14"": 4.8449, ""mV_15"": 3.6588, ""mV_16"": 2.4035, ""mV_17"": 2.5025, ""mV_18"": 3.1009, ""mV_19"": 3.2152, ""mV_20"": 2.4709}",False,iglica,srednie,1.0,1.0,0.0,,0,soft_vote_knn5_ridge_observed_only
test_0029,11,unknown,nie_dotyczy,1.0,1.0,1.0,0.7115181304129414,51,7–13 kHz,"mV_7,mV_8,mV_9,mV_10,mV_11,mV_12,mV_13",,0,7.589211519400485,obniżona,0.8704922146448452,Podejrzenie unknown: najbardziej nietypowe jest pasmo 7–13 kHz; amplituda jest obniżona względem zdrowej referencji.,"{""mV_0"": 1.3714, ""mV_1"": 1.6219, ""mV_2"": 4.2313, ""mV_3"": 7.2222, ""mV_4"": 5.6828, ""mV_5"": 2.8136, ""mV_6"": 3.2175, ""mV_7"": 5.0384, ""mV_8"": 6.0146, ""mV_9"": 6.6081, ""mV_10"": 7.2486, ""mV_11"": 7.5892, ""mV_12"": 7.1324, ""mV_13"": 5.5598, ""mV_14"": 3.2541, ""mV_15"": 2.5295, ""mV_16"": 4.0717, ""mV_17"": 4.9243, ""mV_18"": 3.4738, ""mV_19"": 1.8979, ""mV_20"": 1.5401}",False,unknown,nie_dotyczy,1.0,1.0,0.0,,0,soft_vote_knn5_ridge_observed_only
test_0029,12,ok,nie_dotyczy,1.0,1.0,1.0,0.735538371154002,51,19 kHz,mV_19,,0,2.5594287166414857,obniżona,0.0,"Werdykt OK, ale najsilniejsze lokalne odstępstwo występuje w paśmie 19 kHz; amplituda jest obniżona.","{""mV_0"": 1.0688, ""mV_1"": 1.6309, ""mV_2"": 1.9685, ""mV_3"": 1.9497, ""mV_4"": 1.7175, ""mV_5"": 1.7387, ""mV_6"": 1.7287, ""mV_7"": 1.5047, ""mV_8"": 1.3199, ""mV_9"": 1.4041, ""mV_10"": 1.7094, ""mV_11"": 1.9577, ""mV_12"": 2.0032, ""mV_13"": 1.8351, ""mV_14"": 1.5941, ""mV_15"": 1.2943, ""mV_16"": 1.104, ""mV_17"": 1.2117, ""mV_18"": 1.8593, ""mV_19"": 2.5594, ""mV_20"": 1.8347}",False,ok,nie_dotyczy,1.0,1.0,0.0,,0,soft_vote_knn5_ridge_observed_only
test_0030,1,ok,nie_dotyczy,1.0,1.0,1.0,0.7841265023520454,51,1 kHz,mV_1,,0,2.0918809354465364,obniżona,0.0,"Werdykt OK, ale najsilniejsze lokalne odstępstwo występuje w paśmie 1 kHz; amplituda jest obniżona.","{""mV_0"": 1.5972, ""mV_1"": 2.0919, ""mV_2"": 1.6099, ""mV_3"": 1.0379, ""mV_4"": 0.9058, ""mV_5"": 1.1057, ""mV_6"": 1.2751, ""mV_7"": 1.2609, ""mV_8"": 1.2481, ""mV_9"": 1.3039, ""mV_10"": 1.264, ""mV_11"": 1.0971, ""mV_12"": 1.0648, ""mV_13"": 1.3229, ""mV_14"": 1.4975, ""mV_15"": 1.4259, ""mV_16"": 1.5247, ""mV_17"": 1.8604, ""mV_18"": 2.0854, ""mV_19"": 2.0473, ""mV_20"": 1.4419}",False,ok,nie_dotyczy,1.0,1.0,0.0,,0,soft_vote_knn5_ridge_observed_only
test_0030,2,ok,nie_dotyczy,1.0,1.0,1.0,0.8082676641391349,51,brak,,mV_5,1,1.6070005342512184,brak istotnego odchylenia,0.0,Werdykt OK: brak zmierzonego pasma przekraczającego próg anomalii.,"{""mV_0"": 1.0108, ""mV_1"": 1.5807, ""mV_2"": 1.607, ""mV_3"": 1.266, ""mV_4"": 0.5491, ""mV_5"": null, ""mV_6"": 0.0508, ""mV_7"": 0.1041, ""mV_8"": 0.2803, ""mV_9"": 0.5809, ""mV_10"": 0.75, ""mV_11"": 0.6031, ""mV_12"": 0.3812, ""mV_13"": 0.4414, ""mV_14"": 0.7859, ""mV_15"": 0.9424, ""mV_16"": 0.7113, ""mV_17"": 0.4498, ""mV_18"": 0.3145, ""mV_19"": 0.3758, ""mV_20"": 0.3899}",False,ok,nie_dotyczy,1.0,1.0,0.0,,0,soft_vote_knn5_ridge_observed_only
test_0030,3,ok,nie_dotyczy,1.0,1.0,1.0,0.8144570849081314,51,brak,,,0,1.1314685254652868,brak istotnego odchylenia,0.0,Werdykt OK: brak zmierzonego pasma przekraczającego próg anomalii.,"{""mV_0"": 0.3501, ""mV_1"": 0.4192, ""mV_2"": 0.4794, ""mV_3"": 0.276, ""mV_4"": 0.1172, ""mV_5"": 0.2242, ""mV_6"": 0.3092, ""mV_7"": 0.3677, ""mV_8"": 0.3799, ""mV_9"": 0.3759, ""mV_10"": 0.4351, ""mV_11"": 0.4841, ""mV_12"": 0.4161, ""mV_13"": 0.3966, ""mV_14"": 0.6358, ""mV_15"": 0.9808, ""mV_16"": 1.1315, ""mV_17"": 1.0131, ""mV_18"": 0.8498, ""mV_19"": 0.9281, ""mV_20"": 0.8659}",False,ok,nie_dotyczy,1.0,1.0,0.0,,0,soft_vote_knn5_ridge_observed_only
test_0030,4,iglica,srednie,1.0,1.0,1.0,0.843584420158894,51,6–14 kHz,"mV_6,mV_7,mV_8,mV_9,mV_10,mV_11,mV_12,mV_13,mV_14","mV_15,mV_16",2,6.04191448340474,obniżona,0.9946055481181851,Podejrzenie iglica: najbardziej nietypowe jest pasmo 6–14 kHz; amplituda jest obniżona względem zdrowej referencji.,"{""mV_0"": 0.176, ""mV_1"": 0.5053, ""mV_2"": 0.6937, ""mV_3"": 0.7593, ""mV_4"": 0.9142, ""mV_5"": 1.8886, ""mV_6"": 3.4004, ""mV_7"": 4.2354, ""mV_8"": 4.9984, ""mV_9"": 5.8746, ""mV_10"": 6.0419, ""mV_11"": 5.6927, ""mV_12"": 5.5206, ""mV_13"": 6.0107, ""mV_14"": 4.9482, ""mV_15"": null, ""mV_16"": null, ""mV_17"": 2.2198, ""mV_18"": 2.9487, ""mV_19"": 3.3827, ""mV_20"": 2.9923}",False,iglica,srednie,1.0,1.0,0.0,,0,soft_vote_knn5_ridge_observed_only
test_0030,5,ok,nie_dotyczy,1.0,1.0,1.0,0.8303183343120017,51,brak,,mV_13,1,0.6861247030218625,brak istotnego odchylenia,0.0,Werdykt OK: brak zmierzonego pasma przekraczającego próg anomalii.,"{""mV_0"": 0.1901, ""mV_1"": 0.3664, ""mV_2"": 0.2473, ""mV_3"": 0.0843, ""mV_4"": 0.0638, ""mV_5"": 0.1163, ""mV_6"": 0.2197, ""mV_7"": 0.3468, ""mV_8"": 0.4028, ""mV_9"": 0.3182, ""mV_10"": 0.172, ""mV_11"": 0.0797, ""mV_12"": 0.0552, ""mV_13"": null, ""mV_14"": 0.6324, ""mV_15"": 0.6861, ""mV_16"": 0.4173, ""mV_17"": 0.2328, ""mV_18"": 0.1543, ""mV_19"": 0.3311, ""mV_20"": 0.4731}",False,ok,nie_dotyczy,1.0,1.0,0.0,,0,soft_vote_knn5_ridge_observed_only
test_0030,6,ok,nie_dotyczy,1.0,1.0,1.0,0.772782354801964,51,14–15 kHz,"mV_14,mV_15",mV_4,1,2.2065789987011963,podwyższona,0.0,"Werdykt OK, ale najsilniejsze lokalne odstępstwo występuje w paśmie 14–15 kHz; amplituda jest podwyższona.","{""mV_0"": 1.0333, ""mV_1"": 1.3809, ""mV_2"": 1.424, ""mV_3"": 0.8472, ""mV_4"": null, ""mV_5"": 1.1062, ""mV_6"": 1.4306, ""mV_7"": 1.4484, ""mV_8"": 1.4689, ""mV_9"": 1.479, ""mV_10"": 1.5531, ""mV_11"": 1.703, ""mV_12"": 1.7725, ""mV_13"": 1.8207, ""mV_14"": 2.1847, ""mV_15"": 2.2066, ""mV_16"": 1.4323, ""mV_17"": 0.8175, ""mV_18"": 0.9314, ""mV_19"": 1.536, ""mV_20"": 1.5072}",False,ok,nie_dotyczy,1.0,1.0,0.0,,0,soft_vote_knn5_ridge_observed_only
test_0030,7,ok,nie_dotyczy,1.0,1.0,1.0,0.7962807785452912,51,brak,,,0,1.5490771274596509,brak istotnego odchylenia,0.0,Werdykt OK: brak zmierzonego pasma przekraczającego próg anomalii.,"{""mV_0"": 0.4278, ""mV_1"": 0.6719, ""mV_2"": 1.0788, ""mV_3"": 1.5491, ""mV_4"": 1.1661, ""mV_5"": 0.5679, ""mV_6"": 0.3484, ""mV_7"": 0.1559, ""mV_8"": 0.0633, ""mV_9"": 0.0968, ""mV_10"": 0.1602, ""mV_11"": 0.2618, ""mV_12"": 0.317, ""mV_13"": 0.3264, ""mV_14"": 0.5245, ""mV_15"": 0.5867, ""mV_16"": 0.3004, ""mV_17"": 0.1377, ""mV_18"": 0.1402, ""mV_19"": 0.1228, ""mV_20"": 0.0698}",False,ok,nie_dotyczy,1.0,1.0,0.0,,0,soft_vote_knn5_ridge_observed_only
test_0030,8,iglica,srednie,1.0,1.0,1.0,0.8521390952524692,51,6–12 kHz,"mV_6,mV_7,mV_8,mV_9,mV_10,mV_11,mV_12","mV_13,mV_20",2,6.2577131339763525,obniżona,0.9888100515981834,Podejrzenie iglica: najbardziej nietypowe jest pasmo 6–12 kHz; amplituda jest obniżona względem zdrowej referencji.,"{""mV_0"": 0.2776, ""mV_1"": 0.5419, ""mV_2"": 0.5822, ""mV_3"": 0.7425, ""mV_4"": 1.115, ""mV_5"": 2.2115, ""mV_6"": 3.759, ""mV_7"": 4.5402, ""mV_8"": 5.2186, ""mV_9"": 6.0592, ""mV_10"": 6.2577, ""mV_11"": 5.9721, ""mV_12"": 4.2595, ""mV_13"": null, ""mV_14"": 4.6068, ""mV_15"": 5.0484, ""mV_16"": 3.8188, ""mV_17"": 3.2965, ""mV_18"": 3.289, ""mV_19"": 2.6008, ""mV_20"": null}",False,iglica,srednie,1.0,1.0,0.0,,0,soft_vote_knn5_ridge_observed_only
test_0030,9,ok,nie_dotyczy,1.0,1.0,1.0,0.7832227900450657,51,brak,,,0,0.9365224136296686,brak istotnego odchylenia,0.0,Werdykt OK: brak zmierzonego pasma przekraczającego próg anomalii.,"{""mV_0"": 0.6939, ""mV_1"": 0.9365, ""mV_2"": 0.8142, ""mV_3"": 0.6873, ""mV_4"": 0.3989, ""mV_5"": 0.3411, ""mV_6"": 0.5356, ""mV_7"": 0.6064, ""mV_8"": 0.6842, ""mV_9"": 0.7362, ""mV_10"": 0.648, ""mV_11"": 0.4817, ""mV_12"": 0.3833, ""mV_13"": 0.3133, ""mV_14"": 0.3983, ""mV_15"": 0.7007, ""mV_16"": 0.6593, ""mV_17"": 0.3773, ""mV_18"": 0.3399, ""mV_19"": 0.3113, ""mV_20"": 0.1593}",False,ok,nie_dotyczy,1.0,1.0,0.0,,0,soft_vote_knn5_ridge_observed_only
test_0030,10,ok,nie_dotyczy,1.0,1.0,1.0,0.7932296312695473,51,brak,,,0,1.7524483417473424,brak istotnego odchylenia,0.0,Werdykt OK: brak zmierzonego pasma przekraczającego próg anomalii.,"{""mV_0"": 0.2424, ""mV_1"": 0.6211, ""mV_2"": 1.34, ""mV_3"": 1.2846, ""mV_4"": 0.5458, ""mV_5"": 0.32, ""mV_6"": 0.5089, ""mV_7"": 0.6544, ""mV_8"": 0.6766, ""mV_9"": 0.7014, ""mV_10"": 0.874, ""mV_11"": 1.1903, ""mV_12"": 1.4563, ""mV_13"": 1.5849, ""mV_14"": 1.7524, ""mV_15"": 1.7202, ""mV_16"": 1.3348, ""mV_17"": 1.0569, ""mV_18"": 1.0692, ""mV_19"": 1.1385, ""mV_20"": 0.8588}",False,ok,nie_dotyczy,1.0,1.0,0.0,,0,soft_vote_knn5_ridge_observed_only
test_0030,11,ok,nie_dotyczy,1.0,1.0,1.0,0.8362478752354006,51,brak,,"mV_2,mV_3",2,0.9483849000571285,brak istotnego odchylenia,0.0,Werdykt OK: brak zmierzonego pasma przekraczającego próg anomalii.,"{""mV_0"": 0.133, ""mV_1"": 0.0831, ""mV_2"": null, ""mV_3"": null, ""mV_4"": 0.3811, ""mV_5"": 0.5622, ""mV_6"": 0.5662, ""mV_7"": 0.6002, ""mV_8"": 0.7111, ""mV_9"": 0.8232, ""mV_10"": 0.9049, ""mV_11"": 0.9484, ""mV_12"": 0.7985, ""mV_13"": 0.432, ""mV_14"": 0.2553, ""mV_15"": 0.27, ""mV_16"": 0.2144, ""mV_17"": 0.3103, ""mV_18"": 0.5088, ""mV_19"": 0.6305, ""mV_20"": 0.5552}",False,ok,nie_dotyczy,1.0,1.0,0.0,,0,soft_vote_knn5_ridge_observed_only
test_0030,12,ok,nie_dotyczy,1.0,1.0,1.0,0.8027173642600982,51,brak,,"mV_5,mV_14",2,0.8154709179222859,brak istotnego odchylenia,0.0,Werdykt OK: brak zmierzonego pasma przekraczającego próg anomalii.,"{""mV_0"": 0.3157, ""mV_1"": 0.5047, ""mV_2"": 0.8155, ""mV_3"": 0.63, ""mV_4"": 0.1931, ""mV_5"": null, ""mV_6"": 0.0513, ""mV_7"": 0.0998, ""mV_8"": 0.0876, ""mV_9"": 0.062, ""mV_10"": 0.0988, ""mV_11"": 0.1066, ""mV_12"": 0.0573, ""mV_13"": 0.0319, ""mV_14"": null, ""mV_15"": 0.4034, ""mV_16"": 0.7097, ""mV_17"": 0.6302, ""mV_18"": 0.3848, ""mV_19"": 0.2745, ""mV_20"": 0.1798}",False,ok,nie_dotyczy,1.0,1.0,0.0,,0,soft_vote_knn5_ridge_observed_only
test_0031,1,ok,nie_dotyczy,1.0,1.0,1.0,0.6861176112244192,51,brak,,mV_8,1,1.7269078632686938,brak istotnego odchylenia,0.0,Werdykt OK: brak zmierzonego pasma przekraczającego próg anomalii.,"{""mV_0"": 0.535, ""mV_1"": 0.7581, ""mV_2"": 1.393, ""mV_3"": 1.7269, ""mV_4"": 1.2559, ""mV_5"": 0.8075, ""mV_6"": 0.7303, ""mV_7"": 0.6244, ""mV_8"": null, ""mV_9"": 1.1789, ""mV_10"": 1.5556, ""mV_11"": 1.3616, ""mV_12"": 1.1747, ""mV_13"": 1.2096, ""mV_14"": 1.2749, ""mV_15"": 1.3457, ""mV_16"": 1.5035, ""mV_17"": 1.1873, ""mV_18"": 0.7902, ""mV_19"": 1.1905, ""mV_20"": 1.2199}",False,ok,nie_dotyczy,1.0,1.0,0.0,,0,soft_vote_knn5_ridge_observed_only
test_0031,2,iglica,srednie,1.0,1.0,1.0,0.7632459348631158,51,8–16 kHz,"mV_8,mV_9,mV_10,mV_11,mV_12,mV_13,mV_14,mV_15,mV_16",mV_7,1,6.086361079096733,obniżona,0.9456899286050726,Podejrzenie iglica: najbardziej nietypowe jest pasmo 8–16 kHz; amplituda jest obniżona względem zdrowej referencji.,"{""mV_0"": 1.1016, ""mV_1"": 3.1153, ""mV_2"": 3.1122, ""mV_3"": 1.2406, ""mV_4"": 0.6589, ""mV_5"": 1.5922, ""mV_6"": 1.962, ""mV_7"": null, ""mV_8"": 4.1335, ""mV_9"": 6.0199, ""mV_10"": 6.0864, ""mV_11"": 5.5039, ""mV_12"": 5.0781, ""mV_13"": 5.314, ""mV_14"": 5.2851, ""mV_15"": 4.2158, ""mV_16"": 3.3643, ""mV_17"": 3.1387, ""mV_18"": 2.9455, ""mV_19"": 3.3847, ""mV_20"": 3.119}",False,iglica,srednie,1.0,1.0,0.0,,0,soft_vote_knn5_ridge_observed_only
test_0031,3,ok,nie_dotyczy,1.0,1.0,1.0,0.7738518721676511,51,19 kHz,mV_19,"mV_9,mV_18",2,2.5144770695785987,obniżona,0.0,"Werdykt OK, ale najsilniejsze lokalne odstępstwo występuje w paśmie 19 kHz; amplituda jest obniżona.","{""mV_0"": 0.3363, ""mV_1"": 0.4696, ""mV_2"": 0.7796, ""mV_3"": 1.2165, ""mV_4"": 1.3184, ""mV_5"": 1.2036, ""mV_6"": 1.0405, ""mV_7"": 0.892, ""mV_8"": 0.6216, ""mV_9"": null, ""mV_10"": 0.3104, ""mV_11"": 0.3241, ""mV_12"": 0.2423, ""mV_13"": 0.267, ""mV_14"": 0.2969, ""mV_15"": 0.249, ""mV_16"": 0.1893, ""mV_17"": 0.1127, ""mV_18"": null, ""mV_19"": 2.5145, ""mV_20"": 1.9821}",False,ok,nie_dotyczy,1.0,1.0,0.0,,0,soft_vote_knn5_ridge_observed_only
test_0031,4,ok,nie_dotyczy,1.0,1.0,1.0,0.6385903677733146,51,3–4 kHz,"mV_3,mV_4",,0,2.1036408907130943,obniżona,0.0,"Werdykt OK, ale najsilniejsze lokalne odstępstwo występuje w paśmie 3–4 kHz; amplituda jest obniżona.","{""mV_0"": 0.6084, ""mV_1"": 0.6172, ""mV_2"": 1.2234, ""mV_3"": 2.1036, ""mV_4"": 2.0659, ""mV_5"": 1.6959, ""mV_6"": 1.6869, ""mV_7"": 1.89, ""mV_8"": 1.8649, ""mV_9"": 1.6842, ""mV_10"": 1.8229, ""mV_11"": 2.0903, ""mV_12"": 2.0804, ""mV_13"": 1.8204, ""mV_14"": 1.5826, ""mV_15"": 1.5618, ""mV_16"": 1.4368, ""mV_17"": 0.8213, ""mV_18"": 0.2511, ""mV_19"": 0.2999, ""mV_20"": 0.4333}",False,ok,nie_dotyczy,1.0,1.0,0.0,,0,soft_vote_knn5_ridge_observed_only
test_0031,5,ok,nie_dotyczy,1.0,1.0,1.0,0.7384268252364488,51,brak,,mV_9,1,1.595068609311331,brak istotnego odchylenia,0.0,Werdykt OK: brak zmierzonego pasma przekraczającego próg anomalii.,"{""mV_0"": 1.0757, ""mV_1"": 1.4233, ""mV_2"": 0.7805, ""mV_3"": 0.313, ""mV_4"": 0.5086, ""mV_5"": 0.7468, ""mV_6"": 0.8096, ""mV_7"": 0.689, ""mV_8"": 0.4032, ""mV_9"": null, ""mV_10"": 0.5455, ""mV_11"": 0.6822, ""mV_12"": 0.5094, ""mV_13"": 0.3236, ""mV_14"": 0.3671, ""mV_15"": 0.5294, ""mV_16"": 0.6985, ""mV_17"": 0.9194, ""mV_18"": 1.2623, ""mV_19"": 1.5951, ""mV_20"": 1.1859}",False,ok,nie_dotyczy,1.0,1.0,0.0,,0,soft_vote_knn5_ridge_observed_only
test_0031,6,ok,nie_dotyczy,1.0,1.0,1.0,0.7714214560721524,51,2–4 kHz,"mV_2,mV_3,mV_4",mV_8,1,2.3150045870995966,podwyższona,0.0,"Werdykt OK, ale najsilniejsze lokalne odstępstwo występuje w paśmie 2–4 kHz; amplituda jest podwyższona.","{""mV_0"": 0.6269, ""mV_1"": 1.2959, ""mV_2"": 2.1893, ""mV_3"": 2.315, ""mV_4"": 2.031, ""mV_5"": 1.9964, ""mV_6"": 2.0326, ""mV_7"": 1.5238, ""mV_8"": null, ""mV_9"": 0.9129, ""mV_10"": 0.9455, ""mV_11"": 0.7452, ""mV_12"": 0.6813, ""mV_13"": 0.6841, ""mV_14"": 0.8477, ""mV_15"": 0.8607, ""mV_16"": 0.6056, ""mV_17"": 0.5971, ""mV_18"": 0.8623, ""mV_19"": 1.1585, ""mV_20"": 1.0523}",False,ok,nie_dotyczy,1.0,1.0,0.0,,0,soft_vote_knn5_ridge_observed_only
test_0031,7,ok,nie_dotyczy,1.0,1.0,1.0,0.8160152398451275,51,brak,,,0,1.4654871901707351,brak istotnego odchylenia,0.0,Werdykt OK: brak zmierzonego pasma przekraczającego próg anomalii.,"{""mV_0"": 0.2588, ""mV_1"": 0.8844, ""mV_2"": 1.2893, ""mV_3"": 1.0478, ""mV_4"": 0.9229, ""mV_5"": 1.1901, ""mV_6"": 1.4655, ""mV_7"": 1.4039, ""mV_8"": 1.1202, ""mV_9"": 0.9054, ""mV_10"": 0.7155, ""mV_11"": 0.6458, ""mV_12"": 0.6645, ""mV_13"": 0.6176, ""mV_14"": 0.5782, ""mV_15"": 0.5207, ""mV_16"": 0.4774, ""mV_17"": 0.7689, ""mV_18"": 0.8932, ""mV_19"": 0.5565, ""mV_20"": 0.3513}",False,ok,nie_dotyczy,1.0,1.0,0.0,,0,soft_vote_knn5_ridge_observed_only
test_0031,8,ok,nie_dotyczy,1.0,1.0,1.0,0.6770716936927211,51,19 kHz,mV_19,"mV_6,mV_16",2,2.338367575186197,podwyższona,0.0,"Werdykt OK, ale najsilniejsze lokalne odstępstwo występuje w paśmie 19 kHz; amplituda jest podwyższona.","{""mV_0"": 0.8315, ""mV_1"": 1.3077, ""mV_2"": 1.5289, ""mV_3"": 1.5203, ""mV_4"": 1.5545, ""mV_5"": 1.219, ""mV_6"": null, ""mV_7"": 0.9296, ""mV_8"": 0.9757, ""mV_9"": 0.64, ""mV_10"": 0.3273, ""mV_11"": 0.1674, ""mV_12"": 0.1315, ""mV_13"": 0.139, ""mV_14"": 0.1625, ""mV_15"": 0.1034, ""mV_16"": null, ""mV_17"": 0.599, ""mV_18"": 1.9474, ""mV_19"": 2.3384, ""mV_20"": 1.1408}",False,ok,nie_dotyczy,1.0,1.0,0.0,,0,soft_vote_knn5_ridge_observed_only
test_0032,1,unknown,nie_dotyczy,1.0,1.0,1.0,0.6877439269397064,51,19–20 kHz,"mV_19,mV_20","mV_1,mV_8,mV_18",3,11.987941085423305,podwyższona,0.5284621585660622,Podejrzenie unknown: najbardziej nietypowe jest pasmo 19–20 kHz; amplituda jest podwyższona względem zdrowej referencji.,"{""mV_0"": 2.8007, ""mV_1"": null, ""mV_2"": 2.4009, ""mV_3"": 2.673, ""mV_4"": 3.2687, ""mV_5"": 4.7225, ""mV_6"": 5.8981, ""mV_7"": 4.8254, ""mV_8"": null, ""mV_9"": 5.2321, ""mV_10"": 7.0046, ""mV_11"": 6.9902, ""mV_12"": 6.5376, ""mV_13"": 5.1121, ""mV_14"": 2.959, ""mV_15"": 2.3238, ""mV_16"": 5.4117, ""mV_17"": 6.6519, ""mV_18"": null, ""mV_19"": 11.9879, ""mV_20"": 11.7377}",False,unknown,nie_dotyczy,1.0,1.0,0.0,,0,soft_vote_knn5_ridge_observed_only
test_0032,2,pompa,srednie,1.0,1.0,1.0,0.8002094784408212,51,12–15 kHz,"mV_12,mV_13,mV_14,mV_15","mV_0,mV_11,mV_16",3,6.83045690613416,obniżona,0.983319268302312,Podejrzenie pompa: najbardziej nietypowe jest pasmo 12–15 kHz; amplituda jest obniżona względem zdrowej referencji.,"{""mV_0"": null, ""mV_1"": 1.126, ""mV_2"": 3.5104, ""mV_3"": 5.9603, ""mV_4"": 5.7213, ""mV_5"": 4.2752, ""mV_6"": 3.9173, ""mV_7"": 4.3558, ""mV_8"": 5.0427, ""mV_9"": 5.6776, ""mV_10"": 4.5032, ""mV_11"": null, ""mV_12"": 5.1901, ""mV_13"": 6.8305, ""mV_14"": 6.2549, ""mV_15"": 4.2184, ""mV_16"": null, ""mV_17"": 2.0379, ""mV_18"": 2.4281, ""mV_19"": 3.4606, ""mV_20"": 3.8217}",False,pompa,srednie,1.0,1.0,0.0,,0,soft_vote_knn5_ridge_observed_only
test_0032,3,pompa,srednie,1.0,1.0,1.0,0.7882397915321486,51,10–15 kHz,"mV_10,mV_11,mV_12,mV_13,mV_14,mV_15","mV_9,mV_19,mV_20",3,6.529707835929349,obniżona,0.9883794259146107,Podejrzenie pompa: najbardziej nietypowe jest pasmo 10–15 kHz; amplituda jest obniżona względem zdrowej referencji.,"{""mV_0"": 1.1499, ""mV_1"": 1.6308, ""mV_2"": 3.3419, ""mV_3"": 5.7697, ""mV_4"": 5.8347, ""mV_5"": 4.5425, ""mV_6"": 4.0561, ""mV_7"": 4.2198, ""mV_8"": 3.3469, ""mV_9"": null, ""mV_10"": 4.3915, ""mV_11"": 6.0745, ""mV_12"": 6.4337, ""mV_13"": 6.5297, ""mV_14"": 5.9619, ""mV_15"": 4.8246, ""mV_16"": 3.4604, ""mV_17"": 2.1312, ""mV_18"": 1.0193, ""mV_19"": null, ""mV_20"": null}",False,pompa,srednie,1.0,1.0,0.0,,0,soft_vote_knn5_ridge_observed_only
test_0032,4,ok,nie_dotyczy,1.0,1.0,1.0,0.8242350739537878,51,brak,,,0,1.5111011841869644,brak istotnego odchylenia,0.0,Werdykt OK: brak zmierzonego pasma przekraczającego próg anomalii.,"{""mV_0"": 0.8004, ""mV_1"": 0.8621, ""mV_2"": 0.7556, ""mV_3"": 0.9289, ""mV_4"": 0.8994, ""mV_5"": 0.737, ""mV_6"": 0.6723, ""mV_7"": 0.692, ""mV_8"": 0.9081, ""mV_9"": 1.1777, ""mV_10"": 1.201, ""mV_11"": 0.9534, ""mV_12"": 0.6833, ""mV_13"": 0.5706, ""mV_14"": 0.6612, ""mV_15"": 0.8661, ""mV_16"": 1.1479, ""mV_17"": 1.5111, ""mV_18"": 1.45, ""mV_19"": 0.9208, ""mV_20"": 0.4881}",False,ok,nie_dotyczy,1.0,1.0,0.0,,0,soft_vote_knn5_ridge_observed_only
test_0032,5,ok,nie_dotyczy,1.0,1.0,1.0,0.8354887009212241,51,brak,,"mV_7,mV_10",2,0.7246550485551602,brak istotnego odchylenia,0.0,Werdykt OK: brak zmierzonego pasma przekraczającego próg anomalii.,"{""mV_0"": 0.6335, ""mV_1"": 0.6862, ""mV_2"": 0.3307, ""mV_3"": 0.1047, ""mV_4"": 0.199, ""mV_5"": 0.4379, ""mV_6"": 0.4363, ""mV_7"": null, ""mV_8"": 0.4242, ""mV_9"": 0.421, ""mV_10"": null, ""mV_11"": 0.347, ""mV_12"": 0.4161, ""mV_13"": 0.3997, ""mV_14"": 0.3709, ""mV_15"": 0.3364, ""mV_16"": 0.3919, ""mV_17"": 0.327, ""mV_18"": 0.4519, ""mV_19"": 0.7247, ""mV_20"": 0.4427}",False,ok,nie_dotyczy,1.0,1.0,0.0,,0,soft_vote_knn5_ridge_observed_only
test_0032,6,ok,nie_dotyczy,1.0,1.0,1.0,0.8294071814796801,51,brak,,"mV_1,mV_6,mV_16,mV_17",4,0.8907417608117583,brak istotnego odchylenia,0.0,Werdykt OK: brak zmierzonego pasma przekraczającego próg anomalii.,"{""mV_0"": 0.6736, ""mV_1"": null, ""mV_2"": 0.3457, ""mV_3"": 0.3482, ""mV_4"": 0.2966, ""mV_5"": 0.2416, ""mV_6"": null, ""mV_7"": 0.2488, ""mV_8"": 0.5419, ""mV_9"": 0.8047, ""mV_10"": 0.8907, ""mV_11"": 0.7733, ""mV_12"": 0.5761, ""mV_13"": 0.4156, ""mV_14"": 0.2795, ""mV_15"": 0.1247, ""mV_16"": null, ""mV_17"": null, ""mV_18"": 0.1807, ""mV_19"": 0.2712, ""mV_20"": 0.2494}",False,ok,nie_dotyczy,1.0,1.0,0.0,,0,soft_vote_knn5_ridge_observed_only
test_0032,7,ok,nie_dotyczy,1.0,1.0,1.0,0.8298059944097413,51,brak,,"mV_1,mV_4,mV_19",3,1.0563148239989524,brak istotnego odchylenia,0.0,Werdykt OK: brak zmierzonego pasma przekraczającego próg anomalii.,"{""mV_0"": 0.1239, ""mV_1"": null, ""mV_2"": 0.0949, ""mV_3"": 0.1331, ""mV_4"": null, ""mV_5"": 0.1295, ""mV_6"": 0.1914, ""mV_7"": 0.3328, ""mV_8"": 0.5673, ""mV_9"": 0.7327, ""mV_10"": 0.6961, ""mV_11"": 0.4697, ""mV_12"": 0.2701, ""mV_13"": 0.2427, ""mV_14"": 0.3713, ""mV_15"": 0.5866, ""mV_16"": 0.8269, ""mV_17"": 1.0563, ""mV_18"": 0.8807, ""mV_19"": null, ""mV_20"": 0.3156}",False,ok,nie_dotyczy,1.0,1.0,0.0,,0,soft_vote_knn5_ridge_observed_only
test_0032,8,ok,nie_dotyczy,1.0,1.0,1.0,0.795944043217144,51,brak,,,0,1.95115554877337,brak istotnego odchylenia,0.0,Werdykt OK: brak zmierzonego pasma przekraczającego próg anomalii.,"{""mV_0"": 0.4039, ""mV_1"": 0.706, ""mV_2"": 1.0461, ""mV_3"": 1.207, ""mV_4"": 1.1552, ""mV_5"": 1.0139, ""mV_6"": 0.9, ""mV_7"": 0.8725, ""mV_8"": 0.8413, ""mV_9"": 0.7985, ""mV_10"": 0.8137, ""mV_11"": 0.9999, ""mV_12"": 1.3604, ""mV_13"": 1.6992, ""mV_14"": 1.9024, ""mV_15"": 1.9512, ""mV_16"": 1.778, ""mV_17"": 1.3663, ""mV_18"": 0.7501, ""mV_19"": 0.4062, ""mV_20"": 0.4119}",False,ok,nie_dotyczy,1.0,1.0,0.0,,0,soft_vote_knn5_ridge_observed_only
test_0032,9,ok,nie_dotyczy,1.0,1.0,1.0,0.837680441160231,51,brak,,mV_6,1,1.1281704451930663,brak istotnego odchylenia,0.0,Werdykt OK: brak zmierzonego pasma przekraczającego próg anomalii.,"{""mV_0"": 0.484, ""mV_1"": 0.5577, ""mV_2"": 0.3237, ""mV_3"": 0.2757, ""mV_4"": 0.2552, ""mV_5"": 0.097, ""mV_6"": null, ""mV_7"": 0.048, ""mV_8"": 0.0991, ""mV_9"": 0.1856, ""mV_10"": 0.2108, ""mV_11"": 0.1316, ""mV_12"": 0.0616, ""mV_13"": 0.0541, ""mV_14"": 0.189, ""mV_15"": 0.5265, ""mV_16"": 0.8873, ""mV_17"": 1.1282, ""mV_18"": 0.9494, ""mV_19"": 0.4515, ""mV_20"": 0.1897}",False,ok,nie_dotyczy,1.0,1.0,0.0,,0,soft_vote_knn5_ridge_observed_only
test_0032,10,ok,nie_dotyczy,1.0,1.0,1.0,0.8328924025975869,51,brak,,mV_7,1,0.8073672618796843,brak istotnego odchylenia,0.0,Werdykt OK: brak zmierzonego pasma przekraczającego próg anomalii.,"{""mV_0"": 0.0507, ""mV_1"": 0.3379, ""mV_2"": 0.5559, ""mV_3"": 0.4094, ""mV_4"": 0.4955, ""mV_5"": 0.7461, ""mV_6"": 0.5721, ""mV_7"": null, ""mV_8"": 0.0179, ""mV_9"": 0.029, ""mV_10"": 0.0745, ""mV_11"": 0.1738, ""mV_12"": 0.2967, ""mV_13"": 0.3643, ""mV_14"": 0.3143, ""mV_15"": 0.222, ""mV_16"": 0.2295, ""mV_17"": 0.2352, ""mV_18"": 0.4556, ""mV_19"": 0.8074, ""mV_20"": 0.5577}",False,ok,nie_dotyczy,1.0,1.0,0.0,,0,soft_vote_knn5_ridge_observed_only
test_0032,11,ok,nie_dotyczy,1.0,1.0,1.0,0.8458156050046095,51,brak,,"mV_11,mV_17",2,0.6354040907578927,brak istotnego odchylenia,0.0,Werdykt OK: brak zmierzonego pasma przekraczającego próg anomalii.,"{""mV_0"": 0.2626, ""mV_1"": 0.2944, ""mV_2"": 0.1614, ""mV_3"": 0.1172, ""mV_4"": 0.2774, ""mV_5"": 0.4612, ""mV_6"": 0.4531, ""mV_7"": 0.3389, ""mV_8"": 0.3341, ""mV_9"": 0.4653, ""mV_10"": 0.4341, ""mV_11"": null, ""mV_12"": 0.361, ""mV_13"": 0.3061, ""mV_14"": 0.2621, ""mV_15"": 0.5268, ""mV_16"": 0.5362, ""mV_17"": null, ""mV_18"": 0.6149, ""mV_19"": 0.6354, ""mV_20"": 0.2593}",False,ok,nie_dotyczy,1.0,1.0,0.0,,0,soft_vote_knn5_ridge_observed_only
test_0032,12,zakoksowany,srednie,1.0,1.0,1.0,0.7657186303675753,51,13–19 kHz,"mV_13,mV_14,mV_15,mV_16,mV_17,mV_18,mV_19",,0,7.6097162293152,podwyższona,0.9730281999758631,Podejrzenie zakoksowany: najbardziej nietypowe jest pasmo 13–19 kHz; amplituda jest podwyższona względem zdrowej referencji.,"{""mV_0"": 0.6456, ""mV_1"": 0.6173, ""mV_2"": 0.983, ""mV_3"": 2.0385, ""mV_4"": 2.1278, ""mV_5"": 1.4674, ""mV_6"": 0.9193, ""mV_7"": 0.7315, ""mV_8"": 2.4612, ""mV_9"": 4.2628, ""mV_10"": 3.0658, ""mV_11"": 2.0672, ""mV_12"": 3.1561, ""mV_13"": 4.4733, ""mV_14"": 5.705, ""mV_15"": 6.9157, ""mV_16"": 7.6097, ""mV_17"": 7.2507, ""mV_18"": 6.4015, ""mV_19"": 5.7753, ""mV_20"": 4.0311}",False,zakoksowany,srednie,1.0,1.0,0.0,,0,soft_vote_knn5_ridge_observed_only
test_0032,13,ok,nie_dotyczy,1.0,1.0,1.0,0.8178839163921511,51,brak,,"mV_0,mV_14,mV_17",3,0.6634299340810976,brak istotnego odchylenia,0.0,Werdykt OK: brak zmierzonego pasma przekraczającego próg anomalii.,"{""mV_0"": null, ""mV_1"": 0.4061, ""mV_2"": 0.6264, ""mV_3"": 0.2968, ""mV_4"": 0.0459, ""mV_5"": 0.0818, ""mV_6"": 0.12, ""mV_7"": 0.1453, ""mV_8"": 0.1618, ""mV_9"": 0.214, ""mV_10"": 0.3327, ""mV_11"": 0.466, ""mV_12"": 0.4991, ""mV_13"": 0.3403, ""mV_14"": null, ""mV_15"": 0.1151, ""mV_16"": 0.1644, ""mV_17"": null, ""mV_18"": 0.4405, ""mV_19"": 0.6634, ""mV_20"": 0.4124}",False,ok,nie_dotyczy,1.0,1.0,0.0,,0,soft_vote_knn5_ridge_observed_only
test_0032,14,ok,nie_dotyczy,1.0,1.0,1.0,0.7960274211274871,51,brak,,"mV_7,mV_8",2,1.3340975590731692,brak istotnego odchylenia,0.0,Werdykt OK: brak zmierzonego pasma przekraczającego próg anomalii.,"{""mV_0"": 0.0555, ""mV_1"": 0.2435, ""mV_2"": 0.5123, ""mV_3"": 0.3897, ""mV_4"": 0.1677, ""mV_5"": 0.2484, ""mV_6"": 0.2823, ""mV_7"": null, ""mV_8"": null, ""mV_9"": 0.3994, ""mV_10"": 0.5278, ""mV_11"": 0.5582, ""mV_12"": 0.6838, ""mV_13"": 0.6908, ""mV_14"": 0.7407, ""mV_15"": 1.0665, ""mV_16"": 1.3341, ""mV_17"": 1.0981, ""mV_18"": 0.7787, ""mV_19"": 0.7358, ""mV_20"": 0.3616}",False,ok,nie_dotyczy,1.0,1.0,0.0,,0,soft_vote_knn5_ridge_observed_only
test_0032,15,ok,nie_dotyczy,1.0,1.0,1.0,0.8068815923734001,51,brak,,mV_18,1,1.804806243199958,brak istotnego odchylenia,0.0,Werdykt OK: brak zmierzonego pasma przekraczającego próg anomalii.,"{""mV_0"": 0.2206, ""mV_1"": 0.2698, ""mV_2"": 0.3116, ""mV_3"": 0.6754, ""mV_4"": 1.4647, ""mV_5"": 1.8048, ""mV_6"": 1.5293, ""mV_7"": 1.1511, ""mV_8"": 0.8402, ""mV_9"": 0.6082, ""mV_10"": 0.5441, ""mV_11"": 0.7765, ""mV_12"": 0.9709, ""mV_13"": 0.9187, ""mV_14"": 0.8646, ""mV_15"": 0.9985, ""mV_16"": 1.151, ""mV_17"": 0.8557, ""mV_18"": null, ""mV_19"": 0.3028, ""mV_20"": 0.1808}",False,ok,nie_dotyczy,1.0,1.0,0.0,,0,soft_vote_knn5_ridge_observed_only
test_0032,16,ok,nie_dotyczy,1.0,1.0,1.0,0.8424897392887718,51,brak,,mV_12,1,0.7048691693021832,brak istotnego odchylenia,0.0,Werdykt OK: brak zmierzonego pasma przekraczającego próg anomalii.,"{""mV_0"": 0.0582, ""mV_1"": 0.1816, ""mV_2"": 0.2465, ""mV_3"": 0.2096, ""mV_4"": 0.2033, ""mV_5"": 0.1526, ""mV_6"": 0.1173, ""mV_7"": 0.1506, ""mV_8"": 0.153, ""mV_9"": 0.1084, ""mV_10"": 0.1087, ""mV_11"": 0.1364, ""mV_12"": null, ""mV_13"": 0.057, ""mV_14"": 0.0708, ""mV_15"": 0.0379, ""mV_16"": 0.0461, ""mV_17"": 0.1022, ""mV_18"": 0.35, ""mV_19"": 0.7049, ""mV_20"": 0.5793}",False,ok,nie_dotyczy,1.0,1.0,0.0,,0,soft_vote_knn5_ridge_observed_only
test_0033,1,ok,nie_dotyczy,1.0,1.0,1.0,0.8544048777618796,51,brak,,mV_15,1,0.9189031962630553,brak istotnego odchylenia,0.0,Werdykt OK: brak zmierzonego pasma przekraczającego próg anomalii.,"{""mV_0"": 0.3168, ""mV_1"": 0.2829, ""mV_2"": 0.1634, ""mV_3"": 0.1425, ""mV_4"": 0.0849, ""mV_5"": 0.1225, ""mV_6"": 0.403, ""mV_7"": 0.6489, ""mV_8"": 0.6896, ""mV_9"": 0.7019, ""mV_10"": 0.8152, ""mV_11"": 0.9189, ""mV_12"": 0.8233, ""mV_13"": 0.7585, ""mV_14"": 0.6594, ""mV_15"": null, ""mV_16"": 0.3131, ""mV_17"": 0.852, ""mV_18"": 0.823, ""mV_19"": 0.384, ""mV_20"": 0.2091}",False,ok,nie_dotyczy,1.0,1.0,0.0,,0,soft_vote_knn5_ridge_observed_only
test_0033,2,ok,nie_dotyczy,1.0,1.0,1.0,0.7727700438635001,51,3–6 kHz,"mV_3,mV_4,mV_5,mV_6",mV_18,1,2.777313560129678,obniżona,0.0,"Werdykt OK, ale najsilniejsze lokalne odstępstwo występuje w paśmie 3–6 kHz; amplituda jest obniżona.","{""mV_0"": 0.9964, ""mV_1"": 0.9043, ""mV_2"": 1.0376, ""mV_3"": 2.1619, ""mV_4"": 2.7773, ""mV_5"": 2.6536, ""mV_6"": 2.2728, ""mV_7"": 1.7474, ""mV_8"": 1.3525, ""mV_9"": 0.9945, ""mV_10"": 0.7258, ""mV_11"": 0.8, ""mV_12"": 1.1222, ""mV_13"": 1.211, ""mV_14"": 1.0144, ""mV_15"": 1.1544, ""mV_16"": 1.4144, ""mV_17"": 0.9651, ""mV_18"": null, ""mV_19"": 0.0837, ""mV_20"": 0.1147}",False,ok,nie_dotyczy,1.0,1.0,0.0,,0,soft_vote_knn5_ridge_observed_only
test_0033,3,ok,nie_dotyczy,1.0,1.0,1.0,0.8015086972534535,51,brak,,,0,1.7463995296784607,brak istotnego odchylenia,0.0,Werdykt OK: brak zmierzonego pasma przekraczającego próg anomalii.,"{""mV_0"": 0.3978, ""mV_1"": 0.3896, ""mV_2"": 0.4752, ""mV_3"": 0.9182, ""mV_4"": 1.204, ""mV_5"": 1.3832, ""mV_6"": 1.5628, ""mV_7"": 1.5694, ""mV_8"": 1.5393, ""mV_9"": 1.6209, ""mV_10"": 1.7265, ""mV_11"": 1.6188, ""mV_12"": 1.2743, ""mV_13"": 1.0316, ""mV_14"": 1.0273, ""mV_15"": 0.8183, ""mV_16"": 0.3686, ""mV_17"": 0.6937, ""mV_18"": 1.5564, ""mV_19"": 1.7464, ""mV_20"": 1.2037}",False,ok,nie_dotyczy,1.0,1.0,0.0,,0,soft_vote_knn5_ridge_observed_only
test_0033,4,zakoksowany,srednie,0.9607843137254902,1.0,0.9607843137254902,0.7333793444820286,51,13–19 kHz,"mV_13,mV_14,mV_15,mV_16,mV_17,mV_18,mV_19","mV_1,mV_8",2,8.790948344071403,podwyższona,0.9832084794982928,Podejrzenie zakoksowany: najbardziej nietypowe jest pasmo 13–19 kHz; amplituda jest podwyższona względem zdrowej referencji.,"{""mV_0"": 1.3495, ""mV_1"": null, ""mV_2"": 0.7894, ""mV_3"": 1.2121, ""mV_4"": 0.5809, ""mV_5"": 0.0639, ""mV_6"": 0.1679, ""mV_7"": 0.2674, ""mV_8"": null, ""mV_9"": 5.0116, ""mV_10"": 3.8, ""mV_11"": 1.9072, ""mV_12"": 3.1542, ""mV_13"": 5.3677, ""mV_14"": 7.3551, ""mV_15"": 8.5739, ""mV_16"": 8.7909, ""mV_17"": 8.284, ""mV_18"": 7.3831, ""mV_19"": 6.5226, ""mV_20"": 4.452}",False,zakoksowany,srednie,0.9607843137254902,0.9607843137254902,0.0,,0,soft_vote_knn5_ridge_observed_only
test_0033,5,ok,nie_dotyczy,1.0,1.0,1.0,0.7454673891625199,51,16–17 kHz,"mV_16,mV_17",mV_5,1,2.6744778651809207,obniżona,0.0,"Werdykt OK, ale najsilniejsze lokalne odstępstwo występuje w paśmie 16–17 kHz; amplituda jest obniżona.","{""mV_0"": 0.5539, ""mV_1"": 0.9979, ""mV_2"": 1.11, ""mV_3"": 0.7186, ""mV_4"": 0.3489, ""mV_5"": null, ""mV_6"": 0.1625, ""mV_7"": 0.1633, ""mV_8"": 0.1755, ""mV_9"": 0.1667, ""mV_10"": 0.0751, ""mV_11"": 0.2091, ""mV_12"": 0.6316, ""mV_13"": 0.942, ""mV_14"": 1.0593, ""mV_15"": 1.5471, ""mV_16"": 2.6041, ""mV_17"": 2.6745, ""mV_18"": 1.2657, ""mV_19"": 0.2398, ""mV_20"": 0.0476}",False,ok,nie_dotyczy,1.0,1.0,0.0,,0,soft_vote_knn5_ridge_observed_only
test_0033,6,ok,nie_dotyczy,1.0,1.0,1.0,0.7911784574515723,51,3–4 kHz,"mV_3,mV_4",mV_16,1,2.262882611591608,obniżona,0.0,"Werdykt OK, ale najsilniejsze lokalne odstępstwo występuje w paśmie 3–4 kHz; amplituda jest obniżona.","{""mV_0"": 0.1388, ""mV_1"": 0.3696, ""mV_2"": 1.2891, ""mV_3"": 2.2464, ""mV_4"": 2.2629, ""mV_5"": 1.7153, ""mV_6"": 1.0533, ""mV_7"": 0.4831, ""mV_8"": 0.2489, ""mV_9"": 0.1981, ""mV_10"": 0.1492, ""mV_11"": 0.1116, ""mV_12"": 0.1635, ""mV_13"": 0.2125, ""mV_14"": 0.1942, ""mV_15"": 0.1707, ""mV_16"": null, ""mV_17"": 0.5265, ""mV_18"": 0.7442, ""mV_19"": 0.4747, ""mV_20"": 0.2332}",False,ok,nie_dotyczy,1.0,1.0,0.0,,0,soft_vote_knn5_ridge_observed_only
test_0033,7,ok,nie_dotyczy,1.0,1.0,1.0,0.7819134421240976,51,brak,,,0,1.3229443073608183,brak istotnego odchylenia,0.0,Werdykt OK: brak zmierzonego pasma przekraczającego próg anomalii.,"{""mV_0"": 0.1221, ""mV_1"": 0.2116, ""mV_2"": 0.4932, ""mV_3"": 0.6752, ""mV_4"": 0.5366, ""mV_5"": 0.4293, ""mV_6"": 0.3983, ""mV_7"": 0.271, ""mV_8"": 0.1386, ""mV_9"": 0.108, ""mV_10"": 0.1018, ""mV_11"": 0.2123, ""mV_12"": 0.5012, ""mV_13"": 0.6709, ""mV_14"": 0.6551, ""mV_15"": 0.8359, ""mV_16"": 1.219, ""mV_17"": 1.3229, ""mV_18"": 1.0459, ""mV_19"": 0.6437, ""mV_20"": 0.3205}",False,ok,nie_dotyczy,1.0,1.0,0.0,,0,soft_vote_knn5_ridge_observed_only
test_0033,8,ok,nie_dotyczy,1.0,1.0,1.0,0.7890000076699084,51,brak,,"mV_14,mV_20",2,1.7922021814302451,brak istotnego odchylenia,0.0,Werdykt OK: brak zmierzonego pasma przekraczającego próg anomalii.,"{""mV_0"": 0.1911, ""mV_1"": 0.4867, ""mV_2"": 1.0415, ""mV_3"": 1.5792, ""mV_4"": 1.7922, ""mV_5"": 1.7124, ""mV_6"": 1.3684, ""mV_7"": 0.9837, ""mV_8"": 0.7742, ""mV_9"": 0.5675, ""mV_10"": 0.3082, ""mV_11"": 0.1274, ""mV_12"": 0.0891, ""mV_13"": 0.1017, ""mV_14"": null, ""mV_15"": 0.4691, ""mV_16"": 0.793, ""mV_17"": 1.3198, ""mV_18"": 1.1786, ""mV_19"": 0.4447, ""mV_20"": null}",False,ok,nie_dotyczy,1.0,1.0,0.0,,0,soft_vote_knn5_ridge_observed_only
test_0033,9,ok,nie_dotyczy,1.0,1.0,1.0,0.8245342781007368,51,brak,,"mV_7,mV_17",2,1.23628198225863,brak istotnego odchylenia,0.0,Werdykt OK: brak zmierzonego pasma przekraczającego próg anomalii.,"{""mV_0"": 0.1655, ""mV_1"": 0.2645, ""mV_2"": 0.705, ""mV_3"": 1.2363, ""mV_4"": 1.2295, ""mV_5"": 1.0275, ""mV_6"": 0.7317, ""mV_7"": null, ""mV_8"": 0.6365, ""mV_9"": 0.9121, ""mV_10"": 0.9583, ""mV_11"": 0.8404, ""mV_12"": 0.5582, ""mV_13"": 0.5573, ""mV_14"": 0.8825, ""mV_15"": 0.8451, ""mV_16"": 0.3767, ""mV_17"": null, ""mV_18"": 0.1642, ""mV_19"": 0.35, ""mV_20"": 0.2613}",False,ok,nie_dotyczy,1.0,1.0,0.0,,0,soft_vote_knn5_ridge_observed_only
test_0033,10,lejacy,male,0.45098039215686275,0.5490196078431373,0.45098039215686275,0.6856147542126942,51,10–12 kHz,"mV_10,mV_11,mV_12",mV_2,1,10.719486898426137,obniżona,0.5958505008550757,Podejrzenie lejacy: najbardziej nietypowe jest pasmo 10–12 kHz; amplituda jest obniżona względem zdrowej referencji.,"{""mV_0"": 0.3302, ""mV_1"": 0.4234, ""mV_2"": null, ""mV_3"": 2.8167, ""mV_4"": 2.1419, ""mV_5"": 0.9458, ""mV_6"": 1.6021, ""mV_7"": 2.7927, ""mV_8"": 3.6681, ""mV_9"": 5.0508, ""mV_10"": 7.886, ""mV_11"": 10.7195, ""mV_12"": 9.5673, ""mV_13"": 4.8659, ""mV_14"": 1.9271, ""mV_15"": 1.6283, ""mV_16"": 1.5904, ""mV_17"": 1.2242, ""mV_18"": 0.9559, ""mV_19"": 0.6884, ""mV_20"": 0.2947}",False,lejacy,male,0.45098039215686275,0.45098039215686275,0.0,,0,soft_vote_knn5_ridge_observed_only
test_0033,11,ok,nie_dotyczy,1.0,1.0,1.0,0.8479802129373664,51,brak,,"mV_14,mV_19",2,1.0608170718266823,brak istotnego odchylenia,0.0,Werdykt OK: brak zmierzonego pasma przekraczającego próg anomalii.,"{""mV_0"": 0.6583, ""mV_1"": 1.0418, ""mV_2"": 0.9591, ""mV_3"": 0.3771, ""mV_4"": 0.04, ""mV_5"": 0.1626, ""mV_6"": 0.4374, ""mV_7"": 0.6519, ""mV_8"": 0.7132, ""mV_9"": 0.804, ""mV_10"": 0.9486, ""mV_11"": 1.0301, ""mV_12"": 1.0608, ""mV_13"": 0.8286, ""mV_14"": null, ""mV_15"": 0.9412, ""mV_16"": 0.981, ""mV_17"": 0.8944, ""mV_18"": 0.6019, ""mV_19"": null, ""mV_20"": 0.1094}",False,ok,nie_dotyczy,1.0,1.0,0.0,,0,soft_vote_knn5_ridge_observed_only
test_0033,12,ok,nie_dotyczy,1.0,1.0,1.0,0.835048385448009,51,brak,,"mV_1,mV_5",2,1.4012433783966702,brak istotnego odchylenia,0.0,Werdykt OK: brak zmierzonego pasma przekraczającego próg anomalii.,"{""mV_0"": 0.2283, ""mV_1"": null, ""mV_2"": 0.6542, ""mV_3"": 0.8142, ""mV_4"": 0.4967, ""mV_5"": null, ""mV_6"": 0.6701, ""mV_7"": 0.969, ""mV_8"": 1.0833, ""mV_9"": 1.247, ""mV_10"": 1.4012, ""mV_11"": 1.3441, ""mV_12"": 1.0502, ""mV_13"": 1.0021, ""mV_14"": 1.2794, ""mV_15"": 1.2413, ""mV_16"": 1.1173, ""mV_17"": 0.9973, ""mV_18"": 0.7575, ""mV_19"": 1.0734, ""mV_20"": 1.1033}",False,ok,nie_dotyczy,1.0,1.0,0.0,,0,soft_vote_knn5_ridge_observed_only
test_0033,13,ok,nie_dotyczy,1.0,1.0,1.0,0.8026376850176474,51,11 kHz,mV_11,mV_1,1,2.1074489019140454,podwyższona,0.0,"Werdykt OK, ale najsilniejsze lokalne odstępstwo występuje w paśmie 11 kHz; amplituda jest podwyższona.","{""mV_0"": 0.5934, ""mV_1"": null, ""mV_2"": 1.0912, ""mV_3"": 0.621, ""mV_4"": 0.1996, ""mV_5"": 0.3548, ""mV_6"": 0.6217, ""mV_7"": 0.9146, ""mV_8"": 1.181, ""mV_9"": 1.5313, ""mV_10"": 1.9178, ""mV_11"": 2.1074, ""mV_12"": 1.9554, ""mV_13"": 1.8306, ""mV_14"": 1.9157, ""mV_15"": 1.5846, ""mV_16"": 0.7659, ""mV_17"": 0.5456, ""mV_18"": 1.1082, ""mV_19"": 1.4295, ""mV_20"": 1.0366}",False,ok,nie_dotyczy,1.0,1.0,0.0,,0,soft_vote_knn5_ridge_observed_only
test_0033,14,ok,nie_dotyczy,1.0,1.0,1.0,0.6640205010612914,51,12–17 kHz,"mV_12,mV_13,mV_14,mV_15,mV_16,mV_17",mV_0,1,4.265061166563534,obniżona,0.0,"Werdykt OK, ale najsilniejsze lokalne odstępstwo występuje w paśmie 12–17 kHz; amplituda jest obniżona.","{""mV_0"": null, ""mV_1"": 1.953, ""mV_2"": 2.8414, ""mV_3"": 3.0833, ""mV_4"": 3.0007, ""mV_5"": 2.802, ""mV_6"": 2.6005, ""mV_7"": 2.3382, ""mV_8"": 2.1245, ""mV_9"": 2.0222, ""mV_10"": 2.0361, ""mV_11"": 2.2768, ""mV_12"": 2.6865, ""mV_13"": 2.9484, ""mV_14"": 3.0991, ""mV_15"": 3.5849, ""mV_16"": 4.2651, ""mV_17"": 3.4044, ""mV_18"": 1.5554, ""mV_19"": 1.2744, ""mV_20"": 1.291}",False,ok,nie_dotyczy,1.0,1.0,0.0,,0,soft_vote_knn5_ridge_observed_only
test_0033,15,ok,nie_dotyczy,1.0,1.0,1.0,0.7847728282536834,51,brak,,"mV_12,mV_20",2,1.8781686642026652,brak istotnego odchylenia,0.0,Werdykt OK: brak zmierzonego pasma przekraczającego próg anomalii.,"{""mV_0"": 1.5072, ""mV_1"": 1.8246, ""mV_2"": 1.6311, ""mV_3"": 1.6401, ""mV_4"": 1.8136, ""mV_5"": 1.8782, ""mV_6"": 1.7263, ""mV_7"": 1.6126, ""mV_8"": 1.633, ""mV_9"": 1.5333, ""mV_10"": 1.239, ""mV_11"": 0.7515, ""mV_12"": null, ""mV_13"": 0.7219, ""mV_14"": 0.692, ""mV_15"": 0.5885, ""mV_16"": 0.8625, ""mV_17"": 1.2536, ""mV_18"": 1.2286, ""mV_19"": 0.6465, ""mV_20"": null}",False,ok,nie_dotyczy,1.0,1.0,0.0,,0,soft_vote_knn5_ridge_observed_only
test_0033,16,ok,nie_dotyczy,1.0,1.0,1.0,0.8247390854287492,51,brak,,mV_8,1,1.924602896156408,brak istotnego odchylenia,0.0,Werdykt OK: brak zmierzonego pasma przekraczającego próg anomalii.,"{""mV_0"": 1.3205, ""mV_1"": 1.9246, ""mV_2"": 1.7783, ""mV_3"": 1.3203, ""mV_4"": 1.347, ""mV_5"": 1.543, ""mV_6"": 1.3844, ""mV_7"": 0.8917, ""mV_8"": null, ""mV_9"": 0.8251, ""mV_10"": 0.8937, ""mV_11"": 0.7197, ""mV_12"": 0.8708, ""mV_13"": 1.0301, ""mV_14"": 0.9702, ""mV_15"": 1.1235, ""mV_16"": 1.3416, ""mV_17"": 1.2071, ""mV_18"": 0.9594, ""mV_19"": 0.7452, ""mV_20"": 0.5083}",False,ok,nie_dotyczy,1.0,1.0,0.0,,0,soft_vote_knn5_ridge_observed_only
test_0034,1,ok,nie_dotyczy,1.0,1.0,1.0,0.8152463760997594,51,brak,,,0,0.977019775833821,brak istotnego odchylenia,0.0,Werdykt OK: brak zmierzonego pasma przekraczającego próg anomalii.,"{""mV_0"": 0.1563, ""mV_1"": 0.1725, ""mV_2"": 0.2542, ""mV_3"": 0.4229, ""mV_4"": 0.3237, ""mV_5"": 0.1358, ""mV_6"": 0.1508, ""mV_7"": 0.269, ""mV_8"": 0.3852, ""mV_9"": 0.3877, ""mV_10"": 0.2754, ""mV_11"": 0.1844, ""mV_12"": 0.1448, ""mV_13"": 0.0962, ""mV_14"": 0.0532, ""mV_15"": 0.1068, ""mV_16"": 0.5315, ""mV_17"": 0.977, ""mV_18"": 0.7552, ""mV_19"": 0.3071, ""mV_20"": 0.1084}",False,ok,nie_dotyczy,1.0,1.0,0.0,,0,soft_vote_knn5_ridge_observed_only
test_0034,2,ok,nie_dotyczy,1.0,1.0,1.0,0.7354860912074344,51,3–6 kHz,"mV_3,mV_4,mV_5,mV_6",,0,3.007041202399356,obniżona,0.0,"Werdykt OK, ale najsilniejsze lokalne odstępstwo występuje w paśmie 3–6 kHz; amplituda jest obniżona.","{""mV_0"": 1.0223, ""mV_1"": 0.7143, ""mV_2"": 1.1616, ""mV_3"": 2.6151, ""mV_4"": 3.007, ""mV_5"": 2.4965, ""mV_6"": 2.117, ""mV_7"": 1.8955, ""mV_8"": 1.7875, ""mV_9"": 1.5714, ""mV_10"": 1.089, ""mV_11"": 0.7819, ""mV_12"": 0.7649, ""mV_13"": 0.7318, ""mV_14"": 0.7733, ""mV_15"": 1.139, ""mV_16"": 1.4264, ""mV_17"": 1.2867, ""mV_18"": 1.265, ""mV_19"": 1.3457, ""mV_20"": 0.911}",False,ok,nie_dotyczy,1.0,1.0,0.0,,0,soft_vote_knn5_ridge_observed_only
test_0034,3,ok,nie_dotyczy,1.0,1.0,1.0,0.8180488309846199,51,brak,,,0,0.6534600576753655,brak istotnego odchylenia,0.0,Werdykt OK: brak zmierzonego pasma przekraczającego próg anomalii.,"{""mV_0"": 0.0687, ""mV_1"": 0.1583, ""mV_2"": 0.3493, ""mV_3"": 0.551, ""mV_4"": 0.536, ""mV_5"": 0.3671, ""mV_6"": 0.2692, ""mV_7"": 0.364, ""mV_8"": 0.6032, ""mV_9"": 0.6535, ""mV_10"": 0.3705, ""mV_11"": 0.1121, ""mV_12"": 0.1101, ""mV_13"": 0.199, ""mV_14"": 0.208, ""mV_15"": 0.3102, ""mV_16"": 0.4202, ""mV_17"": 0.2485, ""mV_18"": 0.0881, ""mV_19"": 0.1744, ""mV_20"": 0.2529}",False,ok,nie_dotyczy,1.0,1.0,0.0,,0,soft_vote_knn5_ridge_observed_only
test_0034,4,iglica,srednie,1.0,1.0,1.0,0.6884495449068687,51,13–15 kHz,"mV_13,mV_14,mV_15","mV_4,mV_17",2,6.260663120022259,obniżona,0.826470063741575,Podejrzenie iglica: najbardziej nietypowe jest pasmo 13–15 kHz; amplituda jest obniżona względem zdrowej referencji.,"{""mV_0"": 0.7033, ""mV_1"": 2.4824, ""mV_2"": 3.9624, ""mV_3"": 3.0015, ""mV_4"": null, ""mV_5"": 2.3904, ""mV_6"": 4.2096, ""mV_7"": 5.312, ""mV_8"": 5.7758, ""mV_9"": 5.5537, ""mV_10"": 4.4545, ""mV_11"": 2.7865, ""mV_12"": 1.895, ""mV_13"": 3.8345, ""mV_14"": 6.2607, ""mV_15"": 4.7418, ""mV_16"": 1.6058, ""mV_17"": null, ""mV_18"": 1.2279, ""mV_19"": 1.8121, ""mV_20"": 1.3661}",False,iglica,srednie,1.0,1.0,0.0,,0,soft_vote_knn5_ridge_observed_only
test_0034,5,ok,nie_dotyczy,1.0,1.0,1.0,0.8181360189810657,51,brak,,mV_4,1,0.8477661456112594,brak istotnego odchylenia,0.0,Werdykt OK: brak zmierzonego pasma przekraczającego próg anomalii.,"{""mV_0"": 0.1284, ""mV_1"": 0.122, ""mV_2"": 0.3009, ""mV_3"": 0.4755, ""mV_4"": null, ""mV_5"": 0.11, ""mV_6"": 0.233, ""mV_7"": 0.2464, ""mV_8"": 0.1644, ""mV_9"": 0.2413, ""mV_10"": 0.4891, ""mV_11"": 0.5035, ""mV_12"": 0.2545, ""mV_13"": 0.1164, ""mV_14"": 0.223, ""mV_15"": 0.5957, ""mV_16"": 0.8478, ""mV_17"": 0.5689, ""mV_18"": 0.215, ""mV_19"": 0.1485, ""mV_20"": 0.1433}",False,ok,nie_dotyczy,1.0,1.0,0.0,,0,soft_vote_knn5_ridge_observed_only
test_0034,6,ok,nie_dotyczy,1.0,1.0,1.0,0.8459141634197611,51,brak,,mV_2,1,1.1665484613485229,brak istotnego odchylenia,0.0,Werdykt OK: brak zmierzonego pasma przekraczającego próg anomalii.,"{""mV_0"": 0.2244, ""mV_1"": 0.2395, ""mV_2"": null, ""mV_3"": 0.1986, ""mV_4"": 0.1969, ""mV_5"": 0.11, ""mV_6"": 0.0617, ""mV_7"": 0.0555, ""mV_8"": 0.1186, ""mV_9"": 0.3849, ""mV_10"": 0.8672, ""mV_11"": 1.1665, ""mV_12"": 1.0804, ""mV_13"": 0.8869, ""mV_14"": 0.7396, ""mV_15"": 0.5782, ""mV_16"": 0.3786, ""mV_17"": 0.2609, ""mV_18"": 0.2269, ""mV_19"": 0.1067, ""mV_20"": 0.0061}",False,ok,nie_dotyczy,1.0,1.0,0.0,,0,soft_vote_knn5_ridge_observed_only
test_0034,7,ok,nie_dotyczy,1.0,1.0,1.0,0.8019243048052916,51,brak,,"mV_1,mV_6",2,0.7620743915657042,brak istotnego odchylenia,0.0,Werdykt OK: brak zmierzonego pasma przekraczającego próg anomalii.,"{""mV_0"": 0.275, ""mV_1"": null, ""mV_2"": 0.2949, ""mV_3"": 0.5691, ""mV_4"": 0.5334, ""mV_5"": 0.2979, ""mV_6"": null, ""mV_7"": 0.3035, ""mV_8"": 0.3179, ""mV_9"": 0.3176, ""mV_10"": 0.4319, ""mV_11"": 0.4296, ""mV_12"": 0.3097, ""mV_13"": 0.3341, ""mV_14"": 0.5032, ""mV_15"": 0.5462, ""mV_16"": 0.596, ""mV_17"": 0.7621, ""mV_18"": 0.631, ""mV_19"": 0.3189, ""mV_20"": 0.1575}",False,ok,nie_dotyczy,1.0,1.0,0.0,,0,soft_vote_knn5_ridge_observed_only
test_0034,8,ok,nie_dotyczy,1.0,1.0,1.0,0.7776296984241584,51,brak,,,0,1.8170731578205364,brak istotnego odchylenia,0.0,Werdykt OK: brak zmierzonego pasma przekraczającego próg anomalii.,"{""mV_0"": 0.1064, ""mV_1"": 0.3234, ""mV_2"": 0.4018, ""mV_3"": 0.2805, ""mV_4"": 0.2295, ""mV_5"": 0.394, ""mV_6"": 0.5534, ""mV_7"": 0.4826, ""mV_8"": 0.3004, ""mV_9"": 0.1642, ""mV_10"": 0.1095, ""mV_11"": 0.2192, ""mV_12"": 0.3586, ""mV_13"": 0.2974, ""mV_14"": 0.2342, ""mV_15"": 0.4877, ""mV_16"": 1.2274, ""mV_17"": 1.8171, ""mV_18"": 1.4073, ""mV_19"": 0.7233, ""mV_20"": 0.3864}",False,ok,nie_dotyczy,1.0,1.0,0.0,,0,soft_vote_knn5_ridge_observed_only
test_0035,1,ok,nie_dotyczy,1.0,1.0,1.0,0.7949206446255885,51,brak,,"mV_1,mV_2,mV_4",3,0.46166122505882934,brak istotnego odchylenia,0.0,Werdykt OK: brak zmierzonego pasma przekraczającego próg anomalii.,"{""mV_0"": 0.1544, ""mV_1"": null, ""mV_2"": null, ""mV_3"": 0.2945, ""mV_4"": null, ""mV_5"": 0.4125, ""mV_6"": 0.4617, ""mV_7"": 0.3849, ""mV_8"": 0.4187, ""mV_9"": 0.4536, ""mV_10"": 0.4182, ""mV_11"": 0.3923, ""mV_12"": 0.3907, ""mV_13"": 0.3278, ""mV_14"": 0.1888, ""mV_15"": 0.1062, ""mV_16"": 0.1955, ""mV_17"": 0.3964, ""mV_18"": 0.4203, ""mV_19"": 0.3195, ""mV_20"": 0.2985}",False,ok,nie_dotyczy,1.0,1.0,0.0,,0,soft_vote_knn5_ridge_observed_only
test_0035,2,ok,nie_dotyczy,1.0,1.0,1.0,0.8414312217730755,51,brak,,"mV_2,mV_11,mV_20",3,1.079252935789325,brak istotnego odchylenia,0.0,Werdykt OK: brak zmierzonego pasma przekraczającego próg anomalii.,"{""mV_0"": 0.0934, ""mV_1"": 0.083, ""mV_2"": null, ""mV_3"": 0.8377, ""mV_4"": 1.0793, ""mV_5"": 0.8907, ""mV_6"": 0.5721, ""mV_7"": 0.2522, ""mV_8"": 0.1306, ""mV_9"": 0.1475, ""mV_10"": 0.1106, ""mV_11"": null, ""mV_12"": 0.2234, ""mV_13"": 0.1997, ""mV_14"": 0.1103, ""mV_15"": 0.1527, ""mV_16"": 0.365, ""mV_17"": 0.6393, ""mV_18"": 0.6574, ""mV_19"": 0.3536, ""mV_20"": null}",False,ok,nie_dotyczy,1.0,1.0,0.0,,0,soft_vote_knn5_ridge_observed_only
test_0035,3,ok,nie_dotyczy,1.0,1.0,1.0,0.8025939251956999,51,brak,,mV_17,1,1.2822584155812389,brak istotnego odchylenia,0.0,Werdykt OK: brak zmierzonego pasma przekraczającego próg anomalii.,"{""mV_0"": 0.9262, ""mV_1"": 1.2823, ""mV_2"": 1.2081, ""mV_3"": 1.2436, ""mV_4"": 1.0483, ""mV_5"": 0.7053, ""mV_6"": 0.4115, ""mV_7"": 0.2571, ""mV_8"": 0.3986, ""mV_9"": 0.5824, ""mV_10"": 0.5663, ""mV_11"": 0.4467, ""mV_12"": 0.5583, ""mV_13"": 0.7233, ""mV_14"": 0.7576, ""mV_15"": 0.7739, ""mV_16"": 0.549, ""mV_17"": null, ""mV_18"": 0.4304, ""mV_19"": 0.2642, ""mV_20"": 0.048}",False,ok,nie_dotyczy,1.0,1.0,0.0,,0,soft_vote_knn5_ridge_observed_only
test_0035,4,ok,nie_dotyczy,1.0,1.0,1.0,0.7889430138124108,51,brak,,,0,1.9709703394776452,brak istotnego odchylenia,0.0,Werdykt OK: brak zmierzonego pasma przekraczającego próg anomalii.,"{""mV_0"": 0.8187, ""mV_1"": 1.2061, ""mV_2"": 1.0985, ""mV_3"": 0.9472, ""mV_4"": 1.0644, ""mV_5"": 1.2689, ""mV_6"": 1.4841, ""mV_7"": 1.677, ""mV_8"": 1.7851, ""mV_9"": 1.8001, ""mV_10"": 1.6884, ""mV_11"": 1.5509, ""mV_12"": 1.504, ""mV_13"": 1.5253, ""mV_14"": 1.6422, ""mV_15"": 1.8622, ""mV_16"": 1.971, ""mV_17"": 1.6001, ""mV_18"": 1.1295, ""mV_19"": 1.1531, ""mV_20"": 0.9525}",False,ok,nie_dotyczy,1.0,1.0,0.0,,0,soft_vote_knn5_ridge_observed_only
test_0035,5,ok,nie_dotyczy,1.0,1.0,1.0,0.799744944713456,51,brak,,,0,1.8950381369191507,brak istotnego odchylenia,0.0,Werdykt OK: brak zmierzonego pasma przekraczającego próg anomalii.,"{""mV_0"": 0.0466, ""mV_1"": 0.1833, ""mV_2"": 0.4692, ""mV_3"": 0.5637, ""mV_4"": 0.4493, ""mV_5"": 0.3757, ""mV_6"": 0.2772, ""mV_7"": 0.2127, ""mV_8"": 0.329, ""mV_9"": 0.6298, ""mV_10"": 0.9737, ""mV_11"": 1.1544, ""mV_12"": 1.2062, ""mV_13"": 1.285, ""mV_14"": 1.4073, ""mV_15"": 1.4911, ""mV_16"": 1.5444, ""mV_17"": 1.8744, ""mV_18"": 1.895, ""mV_19"": 1.1884, ""mV_20"": 0.6116}",False,ok,nie_dotyczy,1.0,1.0,0.0,,0,soft_vote_knn5_ridge_observed_only
test_0035,6,ok,nie_dotyczy,1.0,1.0,1.0,0.760202952850074,51,brak,,mV_17,1,1.9358671560941,brak istotnego odchylenia,0.0,Werdykt OK: brak zmierzonego pasma przekraczającego próg anomalii.,"{""mV_0"": 1.2182, ""mV_1"": 1.8656, ""mV_2"": 1.7624, ""mV_3"": 0.8161, ""mV_4"": 0.3116, ""mV_5"": 0.5588, ""mV_6"": 0.7454, ""mV_7"": 0.7081, ""mV_8"": 0.5775, ""mV_9"": 0.6427, ""mV_10"": 0.9475, ""mV_11"": 1.25, ""mV_12"": 1.4568, ""mV_13"": 1.6265, ""mV_14"": 1.7977, ""mV_15"": 1.9359, ""mV_16"": 1.4878, ""mV_17"": null, ""mV_18"": 1.1538, ""mV_19"": 0.9614, ""mV_20"": 0.5051}",False,ok,nie_dotyczy,1.0,1.0,0.0,,0,soft_vote_knn5_ridge_observed_only
test_0035,7,ok,nie_dotyczy,1.0,1.0,1.0,0.7480020689313716,51,15–17 kHz,"mV_15,mV_16,mV_17","mV_12,mV_14",2,3.0264799454231417,podwyższona,0.0,"Werdykt OK, ale najsilniejsze lokalne odstępstwo występuje w paśmie 15–17 kHz; amplituda jest podwyższona.","{""mV_0"": 1.298, ""mV_1"": 1.4931, ""mV_2"": 1.7279, ""mV_3"": 2.3944, ""mV_4"": 2.7427, ""mV_5"": 2.8909, ""mV_6"": 2.8585, ""mV_7"": 2.6198, ""mV_8"": 2.4858, ""mV_9"": 2.4271, ""mV_10"": 2.4251, ""mV_11"": 1.8901, ""mV_12"": null, ""mV_13"": 1.2527, ""mV_14"": null, ""mV_15"": 2.3405, ""mV_16"": 3.0265, ""mV_17"": 2.2993, ""mV_18"": 1.6688, ""mV_19"": 1.9631, ""mV_20"": 1.726}",False,ok,nie_dotyczy,1.0,1.0,0.0,,0,soft_vote_knn5_ridge_observed_only
test_0035,8,ok,nie_dotyczy,1.0,1.0,1.0,0.7585705514471052,51,15–17 kHz,"mV_15,mV_16,mV_17",mV_20,1,2.3391426700253977,obniżona,0.0,"Werdykt OK, ale najsilniejsze lokalne odstępstwo występuje w paśmie 15–17 kHz; amplituda jest obniżona.","{""mV_0"": 1.2071, ""mV_1"": 1.4472, ""mV_2"": 1.0031, ""mV_3"": 0.6014, ""mV_4"": 0.6025, ""mV_5"": 0.7568, ""mV_6"": 0.9789, ""mV_7"": 1.2955, ""mV_8"": 1.5754, ""mV_9"": 1.7794, ""mV_10"": 1.7423, ""mV_11"": 1.4891, ""mV_12"": 1.4221, ""mV_13"": 1.5546, ""mV_14"": 1.7631, ""mV_15"": 2.0255, ""mV_16"": 2.1796, ""mV_17"": 2.3391, ""mV_18"": 1.9012, ""mV_19"": 0.6953, ""mV_20"": null}",False,ok,nie_dotyczy,1.0,1.0,0.0,,0,soft_vote_knn5_ridge_observed_only
test_0036,1,ok,nie_dotyczy,1.0,1.0,1.0,0.7726653535760826,51,16–17 kHz,"mV_16,mV_17",mV_4,1,2.224164380702397,podwyższona,0.0,"Werdykt OK, ale najsilniejsze lokalne odstępstwo występuje w paśmie 16–17 kHz; amplituda jest podwyższona.","{""mV_0"": 1.5627, ""mV_1"": 1.7476, ""mV_2"": 1.5071, ""mV_3"": 1.1219, ""mV_4"": null, ""mV_5"": 1.4403, ""mV_6"": 1.8492, ""mV_7"": 1.794, ""mV_8"": 1.7751, ""mV_9"": 1.6932, ""mV_10"": 1.5822, ""mV_11"": 1.5938, ""mV_12"": 1.6178, ""mV_13"": 1.6058, ""mV_14"": 1.7597, ""mV_15"": 1.9958, ""mV_16"": 2.1764, ""mV_17"": 2.2242, ""mV_18"": 1.989, ""mV_19"": 1.6305, ""mV_20"": 1.0604}",False,ok,nie_dotyczy,1.0,1.0,0.0,,0,soft_vote_knn5_ridge_observed_only
test_0036,2,ok,nie_dotyczy,1.0,1.0,1.0,0.8282774889055275,51,brak,,mV_9,1,0.9296942802904098,brak istotnego odchylenia,0.0,Werdykt OK: brak zmierzonego pasma przekraczającego próg anomalii.,"{""mV_0"": 0.5152, ""mV_1"": 0.7557, ""mV_2"": 0.8717, ""mV_3"": 0.9297, ""mV_4"": 0.8255, ""mV_5"": 0.7206, ""mV_6"": 0.5606, ""mV_7"": 0.356, ""mV_8"": 0.2073, ""mV_9"": null, ""mV_10"": 0.1635, ""mV_11"": 0.1769, ""mV_12"": 0.1359, ""mV_13"": 0.2099, ""mV_14"": 0.2413, ""mV_15"": 0.1471, ""mV_16"": 0.0808, ""mV_17"": 0.0654, ""mV_18"": 0.0618, ""mV_19"": 0.072, ""mV_20"": 0.0561}",False,ok,nie_dotyczy,1.0,1.0,0.0,,0,soft_vote_knn5_ridge_observed_only
test_0036,3,ok,nie_dotyczy,1.0,1.0,1.0,0.8416594188685532,51,brak,,,0,1.0910793773172296,brak istotnego odchylenia,0.0,Werdykt OK: brak zmierzonego pasma przekraczającego próg anomalii.,"{""mV_0"": 0.3646, ""mV_1"": 0.3631, ""mV_2"": 0.3678, ""mV_3"": 0.568, ""mV_4"": 0.609, ""mV_5"": 0.4742, ""mV_6"": 0.4606, ""mV_7"": 0.497, ""mV_8"": 0.3877, ""mV_9"": 0.1692, ""mV_10"": 0.1773, ""mV_11"": 0.4457, ""mV_12"": 0.5395, ""mV_13"": 0.3627, ""mV_14"": 0.2134, ""mV_15"": 0.398, ""mV_16"": 0.9296, ""mV_17"": 1.0911, ""mV_18"": 0.6353, ""mV_19"": 0.3211, ""mV_20"": 0.217}",False,ok,nie_dotyczy,1.0,1.0,0.0,,0,soft_vote_knn5_ridge_observed_only
test_0036,4,ok,nie_dotyczy,1.0,1.0,1.0,0.8377407932658864,51,brak,,"mV_5,mV_8,mV_16",3,1.3562601929300908,brak istotnego odchylenia,0.0,Werdykt OK: brak zmierzonego pasma przekraczającego próg anomalii.,"{""mV_0"": 0.3132, ""mV_1"": 0.2634, ""mV_2"": 0.1338, ""mV_3"": 0.0892, ""mV_4"": 0.0389, ""mV_5"": null, ""mV_6"": 0.5121, ""mV_7"": 0.6752, ""mV_8"": null, ""mV_9"": 0.8361, ""mV_10"": 1.0784, ""mV_11"": 1.2244, ""mV_12"": 1.3563, ""mV_13"": 1.2471, ""mV_14"": 0.9518, ""mV_15"": 0.5051, ""mV_16"": null, ""mV_17"": 0.2636, ""mV_18"": 0.481, ""mV_19"": 0.394, ""mV_20"": 0.1909}",False,ok,nie_dotyczy,1.0,1.0,0.0,,0,soft_vote_knn5_ridge_observed_only
test_0036,5,ok,nie_dotyczy,1.0,1.0,1.0,0.7511156086177682,51,15–20 kHz,"mV_15,mV_16,mV_17,mV_18,mV_19,mV_20",,0,3.054299959111918,obniżona,0.0,"Werdykt OK, ale najsilniejsze lokalne odstępstwo występuje w paśmie 15–20 kHz; amplituda jest obniżona.","{""mV_0"": 0.9118, ""mV_1"": 1.2104, ""mV_2"": 2.0765, ""mV_3"": 2.9669, ""mV_4"": 3.0473, ""mV_5"": 2.9429, ""mV_6"": 2.8751, ""mV_7"": 2.5418, ""mV_8"": 2.0788, ""mV_9"": 1.6946, ""mV_10"": 1.3422, ""mV_11"": 0.9766, ""mV_12"": 0.8342, ""mV_13"": 1.1252, ""mV_14"": 1.6639, ""mV_15"": 2.2507, ""mV_16"": 2.8022, ""mV_17"": 3.0245, ""mV_18"": 2.9569, ""mV_19"": 3.0543, ""mV_20"": 2.4105}",False,ok,nie_dotyczy,1.0,1.0,0.0,,0,soft_vote_knn5_ridge_observed_only
test_0036,6,ok,nie_dotyczy,1.0,1.0,1.0,0.8064943911262304,51,brak,,mV_20,1,1.233248018611541,brak istotnego odchylenia,0.0,Werdykt OK: brak zmierzonego pasma przekraczającego próg anomalii.,"{""mV_0"": 0.7266, ""mV_1"": 0.6927, ""mV_2"": 0.2669, ""mV_3"": 0.1075, ""mV_4"": 0.1396, ""mV_5"": 0.1352, ""mV_6"": 0.1304, ""mV_7"": 0.1807, ""mV_8"": 0.3101, ""mV_9"": 0.56, ""mV_10"": 0.8825, ""mV_11"": 1.1224, ""mV_12"": 1.098, ""mV_13"": 1.0159, ""mV_14"": 1.1587, ""mV_15"": 1.2332, ""mV_16"": 1.0122, ""mV_17"": 0.7845, ""mV_18"": 0.5659, ""mV_19"": 0.2096, ""mV_20"": null}",False,ok,nie_dotyczy,1.0,1.0,0.0,,0,soft_vote_knn5_ridge_observed_only
test_0036,7,ok,nie_dotyczy,1.0,1.0,1.0,0.823019050881486,51,4–6 kHz,"mV_4,mV_5,mV_6","mV_10,mV_17",2,2.081977266879445,obniżona,0.0,"Werdykt OK, ale najsilniejsze lokalne odstępstwo występuje w paśmie 4–6 kHz; amplituda jest obniżona.","{""mV_0"": 0.9946, ""mV_1"": 1.258, ""mV_2"": 1.5724, ""mV_3"": 1.9887, ""mV_4"": 2.082, ""mV_5"": 2.047, ""mV_6"": 2.0266, ""mV_7"": 1.8999, ""mV_8"": 1.6446, ""mV_9"": 1.0476, ""mV_10"": null, ""mV_11"": 0.4596, ""mV_12"": 0.6498, ""mV_13"": 0.7166, ""mV_14"": 0.8777, ""mV_15"": 1.3608, ""mV_16"": 1.4071, ""mV_17"": null, ""mV_18"": 0.9923, ""mV_19"": 1.4503, ""mV_20"": 1.1707}",False,ok,nie_dotyczy,1.0,1.0,0.0,,0,soft_vote_knn5_ridge_observed_only
test_0036,8,iglica,male,0.6862745098039216,1.0,0.6862745098039216,0.6578271261636283,51,6–15 kHz,"mV_6,mV_7,mV_8,mV_9,mV_10,mV_11,mV_12,mV_13,mV_14,mV_15",mV_2,1,3.472662545403293,obniżona,0.9685832849645121,Podejrzenie iglica: najbardziej nietypowe jest pasmo 6–15 kHz; amplituda jest obniżona względem zdrowej referencji.,"{""mV_0"": 0.3895, ""mV_1"": 0.2963, ""mV_2"": null, ""mV_3"": 1.0359, ""mV_4"": 0.7296, ""mV_5"": 1.0499, ""mV_6"": 2.2482, ""mV_7"": 2.8551, ""mV_8"": 3.1721, ""mV_9"": 3.3922, ""mV_10"": 3.1194, ""mV_11"": 2.7544, ""mV_12"": 2.839, ""mV_13"": 3.3864, ""mV_14"": 3.4727, ""mV_15"": 2.6005, ""mV_16"": 1.9358, ""mV_17"": 1.9458, ""mV_18"": 2.2918, ""mV_19"": 3.1592, ""mV_20"": 2.9452}",False,iglica,male,0.6862745098039216,0.6862745098039216,0.0,,0,soft_vote_knn5_ridge_observed_only
test_0036,9,ok,nie_dotyczy,1.0,1.0,1.0,0.8361699674482219,51,brak,,"mV_9,mV_11,mV_12",3,1.938617531490534,brak istotnego odchylenia,0.0,Werdykt OK: brak zmierzonego pasma przekraczającego próg anomalii.,"{""mV_0"": 0.5283, ""mV_1"": 0.6519, ""mV_2"": 0.8915, ""mV_3"": 1.3136, ""mV_4"": 1.6293, ""mV_5"": 1.7571, ""mV_6"": 1.5847, ""mV_7"": 1.1313, ""mV_8"": 0.6122, ""mV_9"": null, ""mV_10"": 0.1754, ""mV_11"": null, ""mV_12"": null, ""mV_13"": 0.5903, ""mV_14"": 1.0721, ""mV_15"": 1.5508, ""mV_16"": 1.9386, ""mV_17"": 1.7203, ""mV_18"": 1.1569, ""mV_19"": 1.1185, ""mV_20"": 1.0307}",False,ok,nie_dotyczy,1.0,1.0,0.0,,0,soft_vote_knn5_ridge_observed_only
test_0036,10,ok,nie_dotyczy,1.0,1.0,1.0,0.8074797692712208,51,16–18 kHz,"mV_16,mV_17,mV_18",mV_12,1,2.2366194221467897,podwyższona,0.0,"Werdykt OK, ale najsilniejsze lokalne odstępstwo występuje w paśmie 16–18 kHz; amplituda jest podwyższona.","{""mV_0"": 0.7203, ""mV_1"": 1.2085, ""mV_2"": 1.7831, ""mV_3"": 2.0712, ""mV_4"": 2.0491, ""mV_5"": 2.1276, ""mV_6"": 2.1442, ""mV_7"": 2.0839, ""mV_8"": 2.0872, ""mV_9"": 1.9983, ""mV_10"": 1.7664, ""mV_11"": 1.2124, ""mV_12"": null, ""mV_13"": 1.1925, ""mV_14"": 1.7406, ""mV_15"": 1.9629, ""mV_16"": 2.1549, ""mV_17"": 2.2366, ""mV_18"": 2.0914, ""mV_19"": 1.8851, ""mV_20"": 1.3351}",False,ok,nie_dotyczy,1.0,1.0,0.0,,0,soft_vote_knn5_ridge_observed_only
test_0036,11,ok,nie_dotyczy,1.0,1.0,1.0,0.7425621601329885,51,2–3 kHz,"mV_2,mV_3",mV_5,1,2.6841352536948397,podwyższona,0.0,"Werdykt OK, ale najsilniejsze lokalne odstępstwo występuje w paśmie 2–3 kHz; amplituda jest podwyższona.","{""mV_0"": 0.467, ""mV_1"": 0.9943, ""mV_2"": 2.16, ""mV_3"": 2.6841, ""mV_4"": 1.7249, ""mV_5"": null, ""mV_6"": 0.5193, ""mV_7"": 0.5524, ""mV_8"": 0.3796, ""mV_9"": 0.376, ""mV_10"": 0.4693, ""mV_11"": 0.3666, ""mV_12"": 0.1764, ""mV_13"": 0.1945, ""mV_14"": 0.3985, ""mV_15"": 0.4267, ""mV_16"": 0.2058, ""mV_17"": 0.0727, ""mV_18"": 0.0378, ""mV_19"": 0.0535, ""mV_20"": 0.0898}",False,ok,nie_dotyczy,1.0,1.0,0.0,,0,soft_vote_knn5_ridge_observed_only
test_0036,12,pompa,duze,0.8627450980392157,1.0,0.8627450980392157,0.7207021128836452,51,10–14 kHz,"mV_10,mV_11,mV_12,mV_13,mV_14",mV_0,1,8.52221525853204,obniżona,0.6509489398219088,Podejrzenie pompa: najbardziej nietypowe jest pasmo 10–14 kHz; amplituda jest obniżona względem zdrowej referencji.,"{""mV_0"": null, ""mV_1"": 1.5387, ""mV_2"": 3.718, ""mV_3"": 4.2686, ""mV_4"": 2.6151, ""mV_5"": 0.8822, ""mV_6"": 0.4783, ""mV_7"": 1.1434, ""mV_8"": 2.2484, ""mV_9"": 3.7246, ""mV_10"": 5.5307, ""mV_11"": 7.2677, ""mV_12"": 8.5222, ""mV_13"": 8.4054, ""mV_14"": 6.3197, ""mV_15"": 3.2021, ""mV_16"": 1.8157, ""mV_17"": 4.287, ""mV_18"": 6.865, ""mV_19"": 5.6746, ""mV_20"": 2.8146}",False,pompa,duze,0.8627450980392157,0.8627450980392157,0.0,,0,soft_vote_knn5_ridge_observed_only
test_0037,1,ok,nie_dotyczy,1.0,1.0,1.0,0.7784349216339244,51,brak,,mV_16,1,1.6388259209601634,brak istotnego odchylenia,0.0,Werdykt OK: brak zmierzonego pasma przekraczającego próg anomalii.,"{""mV_0"": 0.7309, ""mV_1"": 1.1841, ""mV_2"": 1.145, ""mV_3"": 0.5424, ""mV_4"": 0.2654, ""mV_5"": 0.4838, ""mV_6"": 0.5933, ""mV_7"": 0.5446, ""mV_8"": 0.5743, ""mV_9"": 0.6701, ""mV_10"": 0.704, ""mV_11"": 0.6352, ""mV_12"": 0.4733, ""mV_13"": 0.6501, ""mV_14"": 1.2808, ""mV_15"": 1.296, ""mV_16"": null, ""mV_17"": 1.6388, ""mV_18"": 1.1107, ""mV_19"": 0.6153, ""mV_20"": 0.4822}",False,ok,nie_dotyczy,1.0,1.0,0.0,,0,soft_vote_knn5_ridge_observed_only
test_0037,2,ok,nie_dotyczy,1.0,1.0,1.0,0.8066107161860675,51,brak,,"mV_4,mV_7",2,1.5549603550347577,brak istotnego odchylenia,0.0,Werdykt OK: brak zmierzonego pasma przekraczającego próg anomalii.,"{""mV_0"": 0.7492, ""mV_1"": 1.0566, ""mV_2"": 1.1248, ""mV_3"": 0.9258, ""mV_4"": null, ""mV_5"": 0.9028, ""mV_6"": 1.0191, ""mV_7"": null, ""mV_8"": 1.0967, ""mV_9"": 1.4106, ""mV_10"": 1.3965, ""mV_11"": 1.4137, ""mV_12"": 1.3752, ""mV_13"": 1.2342, ""mV_14"": 1.1968, ""mV_15"": 1.4458, ""mV_16"": 1.555, ""mV_17"": 1.0699, ""mV_18"": 0.7152, ""mV_19"": 0.9757, ""mV_20"": 0.9146}",False,ok,nie_dotyczy,1.0,1.0,0.0,,0,soft_vote_knn5_ridge_observed_only
test_0037,3,ok,nie_dotyczy,1.0,1.0,1.0,0.7821856650835641,51,brak,,,0,1.4417685203415804,brak istotnego odchylenia,0.0,Werdykt OK: brak zmierzonego pasma przekraczającego próg anomalii.,"{""mV_0"": 0.2764, ""mV_1"": 0.7248, ""mV_2"": 1.1443, ""mV_3"": 1.0149, ""mV_4"": 0.5987, ""mV_5"": 0.4008, ""mV_6"": 0.512, ""mV_7"": 0.789, ""mV_8"": 0.9082, ""mV_9"": 0.8316, ""mV_10"": 0.701, ""mV_11"": 0.5668, ""mV_12"": 0.5196, ""mV_13"": 0.4186, ""mV_14"": 0.1907, ""mV_15"": 0.1707, ""mV_16"": 0.8452, ""mV_17"": 1.4418, ""mV_18"": 0.9483, ""mV_19"": 0.3264, ""mV_20"": 0.1496}",False,ok,nie_dotyczy,1.0,1.0,0.0,,0,soft_vote_knn5_ridge_observed_only
test_0037,4,ok,nie_dotyczy,1.0,1.0,1.0,0.8141111225514926,51,brak,,mV_12,1,1.3764498501599824,brak istotnego odchylenia,0.0,Werdykt OK: brak zmierzonego pasma przekraczającego próg anomalii.,"{""mV_0"": 0.0791, ""mV_1"": 0.1493, ""mV_2"": 0.3509, ""mV_3"": 0.4913, ""mV_4"": 0.2929, ""mV_5"": 0.1726, ""mV_6"": 0.4411, ""mV_7"": 0.8149, ""mV_8"": 1.0155, ""mV_9"": 1.0409, ""mV_10"": 0.9843, ""mV_11"": 0.6826, ""mV_12"": null, ""mV_13"": 0.4728, ""mV_14"": 0.3652, ""mV_15"": 0.1344, ""mV_16"": 0.6059, ""mV_17"": 1.3764, ""mV_18"": 1.3402, ""mV_19"": 0.9173, ""mV_20"": 0.5567}",False,ok,nie_dotyczy,1.0,1.0,0.0,,0,soft_vote_knn5_ridge_observed_only
test_0037,5,ok,nie_dotyczy,1.0,1.0,1.0,0.7814801606630466,51,1–3 kHz,"mV_1,mV_2,mV_3",mV_15,1,2.431819585337632,obniżona,0.0,"Werdykt OK, ale najsilniejsze lokalne odstępstwo występuje w paśmie 1–3 kHz; amplituda jest obniżona.","{""mV_0"": 1.4369, ""mV_1"": 2.2553, ""mV_2"": 2.4318, ""mV_3"": 2.0285, ""mV_4"": 1.776, ""mV_5"": 1.9271, ""mV_6"": 1.971, ""mV_7"": 1.7777, ""mV_8"": 1.5767, ""mV_9"": 1.4511, ""mV_10"": 1.4376, ""mV_11"": 1.5748, ""mV_12"": 1.6623, ""mV_13"": 1.7668, ""mV_14"": 1.4513, ""mV_15"": null, ""mV_16"": 1.6902, ""mV_17"": 2.281, ""mV_18"": 1.805, ""mV_19"": 1.4616, ""mV_20"": 1.0381}",False,ok,nie_dotyczy,1.0,1.0,0.0,,0,soft_vote_knn5_ridge_observed_only
test_0037,6,ok,nie_dotyczy,1.0,1.0,1.0,0.8042494327653651,51,brak,,mV_12,1,0.7099237289921665,brak istotnego odchylenia,0.0,Werdykt OK: brak zmierzonego pasma przekraczającego próg anomalii.,"{""mV_0"": 0.3147, ""mV_1"": 0.3769, ""mV_2"": 0.2561, ""mV_3"": 0.1436, ""mV_4"": 0.0769, ""mV_5"": 0.0526, ""mV_6"": 0.0965, ""mV_7"": 0.1403, ""mV_8"": 0.18, ""mV_9"": 0.3035, ""mV_10"": 0.3274, ""mV_11"": 0.1378, ""mV_12"": null, ""mV_13"": 0.1939, ""mV_14"": 0.3262, ""mV_15"": 0.3456, ""mV_16"": 0.5019, ""mV_17"": 0.7099, ""mV_18"": 0.5161, ""mV_19"": 0.2153, ""mV_20"": 0.0836}",False,ok,nie_dotyczy,1.0,1.0,0.0,,0,soft_vote_knn5_ridge_observed_only
test_0037,7,ok,nie_dotyczy,1.0,1.0,1.0,0.7283523354019494,51,1–2 kHz,"mV_1,mV_2",,0,2.4530287924874004,podwyższona,0.0,"Werdykt OK, ale najsilniejsze lokalne odstępstwo występuje w paśmie 1–2 kHz; amplituda jest podwyższona.","{""mV_0"": 1.3985, ""mV_1"": 2.453, ""mV_2"": 2.3651, ""mV_3"": 1.1233, ""mV_4"": 0.5888, ""mV_5"": 0.8339, ""mV_6"": 1.1598, ""mV_7"": 1.5697, ""mV_8"": 1.8795, ""mV_9"": 2.133, ""mV_10"": 2.2443, ""mV_11"": 2.2456, ""mV_12"": 2.1921, ""mV_13"": 1.9442, ""mV_14"": 1.6773, ""mV_15"": 1.6414, ""mV_16"": 1.4947, ""mV_17"": 1.1303, ""mV_18"": 1.1619, ""mV_19"": 1.4449, ""mV_20"": 1.152}",False,ok,nie_dotyczy,1.0,1.0,0.0,,0,soft_vote_knn5_ridge_observed_only
test_0037,8,zakoksowany,srednie,1.0,1.0,1.0,0.7631251744766617,51,13–19 kHz,"mV_13,mV_14,mV_15,mV_16,mV_17,mV_18,mV_19",mV_10,1,6.793452122803034,podwyższona,0.9650400048064878,Podejrzenie zakoksowany: najbardziej nietypowe jest pasmo 13–19 kHz; amplituda jest podwyższona względem zdrowej referencji.,"{""mV_0"": 0.1205, ""mV_1"": 0.2386, ""mV_2"": 0.7641, ""mV_3"": 1.3621, ""mV_4"": 0.9228, ""mV_5"": 0.2933, ""mV_6"": 0.2937, ""mV_7"": 0.7244, ""mV_8"": 2.4791, ""mV_9"": 3.4384, ""mV_10"": null, ""mV_11"": 1.3348, ""mV_12"": 2.9805, ""mV_13"": 4.1807, ""mV_14"": 5.1547, ""mV_15"": 6.3209, ""mV_16"": 6.7935, ""mV_17"": 5.8833, ""mV_18"": 4.8359, ""mV_19"": 4.341, ""mV_20"": 2.9731}",False,zakoksowany,srednie,1.0,1.0,0.0,,0,soft_vote_knn5_ridge_observed_only
test_0037,9,ok,nie_dotyczy,1.0,1.0,1.0,0.7998298023595583,51,brak,,"mV_0,mV_5,mV_17",3,0.9035292333497671,brak istotnego odchylenia,0.0,Werdykt OK: brak zmierzonego pasma przekraczającego próg anomalii.,"{""mV_0"": null, ""mV_1"": 0.5139, ""mV_2"": 0.9035, ""mV_3"": 0.6515, ""mV_4"": 0.2601, ""mV_5"": null, ""mV_6"": 0.3854, ""mV_7"": 0.6968, ""mV_8"": 0.7234, ""mV_9"": 0.479, ""mV_10"": 0.2545, ""mV_11"": 0.1563, ""mV_12"": 0.1055, ""mV_13"": 0.1277, ""mV_14"": 0.1962, ""mV_15"": 0.2384, ""mV_16"": 0.2133, ""mV_17"": null, ""mV_18"": 0.1129, ""mV_19"": 0.2091, ""mV_20"": 0.2423}",False,ok,nie_dotyczy,1.0,1.0,0.0,,0,soft_vote_knn5_ridge_observed_only
test_0037,10,unknown,nie_dotyczy,1.0,1.0,1.0,0.6856268152126562,51,16–20 kHz,"mV_16,mV_17,mV_18,mV_19,mV_20",,0,14.730456932632531,podwyższona,0.6501116515949922,Podejrzenie unknown: najbardziej nietypowe jest pasmo 16–20 kHz; amplituda jest podwyższona względem zdrowej referencji.,"{""mV_0"": 1.8714, ""mV_1"": 3.9966, ""mV_2"": 6.2726, ""mV_3"": 6.2003, ""mV_4"": 3.515, ""mV_5"": 2.2033, ""mV_6"": 4.9843, ""mV_7"": 9.248, ""mV_8"": 11.5277, ""mV_9"": 12.1052, ""mV_10"": 12.1685, ""mV_11"": 11.8672, ""mV_12"": 9.634, ""mV_13"": 5.5279, ""mV_14"": 3.9987, ""mV_15"": 6.9215, ""mV_16"": 11.609, ""mV_17"": 14.7305, ""mV_18"": 14.617, ""mV_19"": 13.3425, ""mV_20"": 9.7508}",False,unknown,nie_dotyczy,1.0,1.0,0.0,,0,soft_vote_knn5_ridge_observed_only
test_0037,11,ok,nie_dotyczy,1.0,1.0,1.0,0.7494085942900592,51,brak,,,0,1.6562809569792014,brak istotnego odchylenia,0.0,Werdykt OK: brak zmierzonego pasma przekraczającego próg anomalii.,"{""mV_0"": 0.6262, ""mV_1"": 0.5149, ""mV_2"": 0.8079, ""mV_3"": 1.5104, ""mV_4"": 1.6563, ""mV_5"": 1.4272, ""mV_6"": 1.1563, ""mV_7"": 0.9897, ""mV_8"": 0.9579, ""mV_9"": 0.8084, ""mV_10"": 0.6539, ""mV_11"": 0.5993, ""mV_12"": 0.5749, ""mV_13"": 0.6429, ""mV_14"": 0.5355, ""mV_15"": 0.354, ""mV_16"": 0.4081, ""mV_17"": 0.6518, ""mV_18"": 0.7889, ""mV_19"": 0.6232, ""mV_20"": 0.4334}",False,ok,nie_dotyczy,1.0,1.0,0.0,,0,soft_vote_knn5_ridge_observed_only
test_0037,12,ok,nie_dotyczy,1.0,1.0,1.0,0.8065614364624941,51,brak,,,0,1.238860956714521,brak istotnego odchylenia,0.0,Werdykt OK: brak zmierzonego pasma przekraczającego próg anomalii.,"{""mV_0"": 0.2299, ""mV_1"": 0.6842, ""mV_2"": 0.8837, ""mV_3"": 0.5031, ""mV_4"": 0.3088, ""mV_5"": 0.4548, ""mV_6"": 0.4904, ""mV_7"": 0.4469, ""mV_8"": 0.4809, ""mV_9"": 0.5649, ""mV_10"": 0.6552, ""mV_11"": 0.6607, ""mV_12"": 0.5719, ""mV_13"": 0.6276, ""mV_14"": 0.7482, ""mV_15"": 0.5905, ""mV_16"": 0.2346, ""mV_17"": 0.5529, ""mV_18"": 1.2389, ""mV_19"": 1.1526, ""mV_20"": 0.655}",False,ok,nie_dotyczy,1.0,1.0,0.0,,0,soft_vote_knn5_ridge_observed_only
test_0038,1,ok,nie_dotyczy,1.0,1.0,1.0,0.7079903082945365,51,2–14 kHz,"mV_2,mV_3,mV_4,mV_5,mV_6,mV_7,mV_8,mV_9,mV_10,mV_11,mV_12,mV_13,mV_14",,0,3.636164888270082,podwyższona,0.0,"Werdykt OK, ale najsilniejsze lokalne odstępstwo występuje w paśmie 2–14 kHz; amplituda jest podwyższona.","{""mV_0"": 1.5301, ""mV_1"": 1.5921, ""mV_2"": 2.0386, ""mV_3"": 3.2075, ""mV_4"": 3.6362, ""mV_5"": 3.5438, ""mV_6"": 3.3668, ""mV_7"": 3.0241, ""mV_8"": 2.7296, ""mV_9"": 2.6616, ""mV_10"": 2.7406, ""mV_11"": 2.7097, ""mV_12"": 2.502, ""mV_13"": 2.2651, ""mV_14"": 2.0968, ""mV_15"": 1.8574, ""mV_16"": 1.5869, ""mV_17"": 1.7746, ""mV_18"": 2.2037, ""mV_19"": 2.2801, ""mV_20"": 1.6558}",False,ok,nie_dotyczy,1.0,1.0,0.0,,0,soft_vote_knn5_ridge_observed_only
test_0038,2,ok,nie_dotyczy,1.0,1.0,1.0,0.769702591400693,51,4 kHz,mV_4,,0,2.1996343447830626,podwyższona,0.0,"Werdykt OK, ale najsilniejsze lokalne odstępstwo występuje w paśmie 4 kHz; amplituda jest podwyższona.","{""mV_0"": 0.9067, ""mV_1"": 0.7682, ""mV_2"": 1.0778, ""mV_3"": 1.9935, ""mV_4"": 2.1996, ""mV_5"": 1.8915, ""mV_6"": 1.4996, ""mV_7"": 1.0588, ""mV_8"": 0.7947, ""mV_9"": 0.8036, ""mV_10"": 0.9978, ""mV_11"": 1.0899, ""mV_12"": 0.9784, ""mV_13"": 0.915, ""mV_14"": 1.1804, ""mV_15"": 1.526, ""mV_16"": 1.3945, ""mV_17"": 0.9753, ""mV_18"": 0.782, ""mV_19"": 0.9495, ""mV_20"": 0.9137}",False,ok,nie_dotyczy,1.0,1.0,0.0,,0,soft_vote_knn5_ridge_observed_only
test_0038,3,ok,nie_dotyczy,1.0,1.0,1.0,0.7671631847396059,51,brak,,,0,1.6281464478810035,brak istotnego odchylenia,0.0,Werdykt OK: brak zmierzonego pasma przekraczającego próg anomalii.,"{""mV_0"": 1.1408, ""mV_1"": 0.8266, ""mV_2"": 0.5331, ""mV_3"": 1.0896, ""mV_4"": 1.5342, ""mV_5"": 1.6281, ""mV_6"": 1.5928, ""mV_7"": 1.5154, ""mV_8"": 1.3993, ""mV_9"": 1.1464, ""mV_10"": 0.8852, ""mV_11"": 0.7745, ""mV_12"": 0.819, ""mV_13"": 0.9604, ""mV_14"": 1.2343, ""mV_15"": 1.4309, ""mV_16"": 1.2366, ""mV_17"": 1.0246, ""mV_18"": 1.1427, ""mV_19"": 1.45, ""mV_20"": 1.2806}",False,ok,nie_dotyczy,1.0,1.0,0.0,,0,soft_vote_knn5_ridge_observed_only
test_0038,4,ok,nie_dotyczy,1.0,1.0,1.0,0.7494797735395193,51,brak,,,0,1.0810959320296336,brak istotnego odchylenia,0.0,Werdykt OK: brak zmierzonego pasma przekraczającego próg anomalii.,"{""mV_0"": 0.2145, ""mV_1"": 0.6486, ""mV_2"": 0.7866, ""mV_3"": 0.3796, ""mV_4"": 0.0738, ""mV_5"": 0.024, ""mV_6"": 0.0593, ""mV_7"": 0.2582, ""mV_8"": 0.6336, ""mV_9"": 0.9998, ""mV_10"": 1.0811, ""mV_11"": 0.9438, ""mV_12"": 0.7744, ""mV_13"": 0.6676, ""mV_14"": 0.5869, ""mV_15"": 0.5032, ""mV_16"": 0.6318, ""mV_17"": 0.7233, ""mV_18"": 0.6228, ""mV_19"": 0.8018, ""mV_20"": 0.8239}",False,ok,nie_dotyczy,1.0,1.0,0.0,,0,soft_vote_knn5_ridge_observed_only
test_0038,5,ok,nie_dotyczy,1.0,1.0,1.0,0.8378077376728084,51,16 kHz,mV_16,"mV_3,mV_10,mV_11",3,2.0657102244359193,obniżona,0.0,"Werdykt OK, ale najsilniejsze lokalne odstępstwo występuje w paśmie 16 kHz; amplituda jest obniżona.","{""mV_0"": 0.8904, ""mV_1"": 1.3236, ""mV_2"": 1.0104, ""mV_3"": null, ""mV_4"": 0.0978, ""mV_5"": 0.4236, ""mV_6"": 0.8681, ""mV_7"": 1.1094, ""mV_8"": 1.058, ""mV_9"": 0.7022, ""mV_10"": null, ""mV_11"": null, ""mV_12"": 0.2065, ""mV_13"": 0.4129, ""mV_14"": 0.8147, ""mV_15"": 1.4885, ""mV_16"": 2.0657, ""mV_17"": 1.8036, ""mV_18"": 1.0155, ""mV_19"": 0.52, ""mV_20"": 0.2327}",False,ok,nie_dotyczy,1.0,1.0,0.0,,0,soft_vote_knn5_ridge_observed_only
test_0038,6,ok,nie_dotyczy,1.0,1.0,1.0,0.712173672081568,51,brak,,"mV_0,mV_4",2,1.6168465957269311,brak istotnego odchylenia,0.0,Werdykt OK: brak zmierzonego pasma przekraczającego próg anomalii.,"{""mV_0"": null, ""mV_1"": 0.4167, ""mV_2"": 0.9596, ""mV_3"": 1.4466, ""mV_4"": null, ""mV_5"": 1.363, ""mV_6"": 1.6168, ""mV_7"": 1.3665, ""mV_8"": 0.9899, ""mV_9"": 0.4865, ""mV_10"": 0.3262, ""mV_11"": 0.4252, ""mV_12"": 0.4187, ""mV_13"": 0.267, ""mV_14"": 0.363, ""mV_15"": 0.867, ""mV_16"": 0.9857, ""mV_17"": 0.7134, ""mV_18"": 0.7684, ""mV_19"": 1.0252, ""mV_20"": 0.8888}",False,ok,nie_dotyczy,1.0,1.0,0.0,,0,soft_vote_knn5_ridge_observed_only
test_0038,7,ok,nie_dotyczy,1.0,1.0,1.0,0.8341847617141787,51,brak,,mV_20,1,0.8251347029125751,brak istotnego odchylenia,0.0,Werdykt OK: brak zmierzonego pasma przekraczającego próg anomalii.,"{""mV_0"": 0.2258, ""mV_1"": 0.5354, ""mV_2"": 0.7392, ""mV_3"": 0.5526, ""mV_4"": 0.2814, ""mV_5"": 0.1865, ""mV_6"": 0.151, ""mV_7"": 0.0735, ""mV_8"": 0.0465, ""mV_9"": 0.076, ""mV_10"": 0.1072, ""mV_11"": 0.1691, ""mV_12"": 0.1948, ""mV_13"": 0.185, ""mV_14"": 0.2202, ""mV_15"": 0.4801, ""mV_16"": 0.8251, ""mV_17"": 0.723, ""mV_18"": 0.3405, ""mV_19"": 0.1395, ""mV_20"": null}",False,ok,nie_dotyczy,1.0,1.0,0.0,,0,soft_vote_knn5_ridge_observed_only
test_0038,8,lejacy,duze,0.5490196078431373,1.0,0.5490196078431373,0.57224066012579,51,6–20 kHz,"mV_6,mV_7,mV_8,mV_9,mV_10,mV_11,mV_12,mV_13,mV_14,mV_15,mV_16,mV_17,mV_18,mV_19,mV_20",,0,12.269328764385754,obniżona,0.978503276960149,Podejrzenie lejacy: najbardziej nietypowe jest pasmo 6–20 kHz; amplituda jest obniżona względem zdrowej referencji.,"{""mV_0"": 1.5234, ""mV_1"": 2.0772, ""mV_2"": 1.6942, ""mV_3"": 2.092, ""mV_4"": 4.4112, ""mV_5"": 6.4976, ""mV_6"": 7.1693, ""mV_7"": 7.6259, ""mV_8"": 8.5188, ""mV_9"": 9.4861, ""mV_10"": 10.3026, ""mV_11"": 11.253, ""mV_12"": 11.9621, ""mV_13"": 12.2381, ""mV_14"": 12.2693, ""mV_15"": 12.0553, ""mV_16"": 11.8339, ""mV_17"": 11.0524, ""mV_18"": 10.1725, ""mV_19"": 10.8659, ""mV_20"": 9.0569}",False,lejacy,duze,0.5490196078431373,0.5490196078431373,0.0,,0,soft_vote_knn5_ridge_observed_only
test_0038,9,ok,nie_dotyczy,1.0,1.0,1.0,0.795634981254999,51,brak,,"mV_0,mV_5",2,1.568873287520755,brak istotnego odchylenia,0.0,Werdykt OK: brak zmierzonego pasma przekraczającego próg anomalii.,"{""mV_0"": null, ""mV_1"": 0.4615, ""mV_2"": 0.5682, ""mV_3"": 0.9484, ""mV_4"": 0.9499, ""mV_5"": null, ""mV_6"": 1.0217, ""mV_7"": 1.309, ""mV_8"": 1.325, ""mV_9"": 1.459, ""mV_10"": 1.5689, ""mV_11"": 1.4956, ""mV_12"": 1.1877, ""mV_13"": 0.6811, ""mV_14"": 0.2619, ""mV_15"": 0.1422, ""mV_16"": 0.2349, ""mV_17"": 0.6129, ""mV_18"": 1.1229, ""mV_19"": 1.4276, ""mV_20"": 1.1454}",False,ok,nie_dotyczy,1.0,1.0,0.0,,0,soft_vote_knn5_ridge_observed_only
test_0038,10,ok,nie_dotyczy,1.0,1.0,1.0,0.7425830993010154,51,17–19 kHz,"mV_17,mV_18,mV_19",,0,2.1940871401999784,obniżona,0.0,"Werdykt OK, ale najsilniejsze lokalne odstępstwo występuje w paśmie 17–19 kHz; amplituda jest obniżona.","{""mV_0"": 1.3931, ""mV_1"": 2.0563, ""mV_2"": 1.6755, ""mV_3"": 0.7613, ""mV_4"": 0.4663, ""mV_5"": 0.8809, ""mV_6"": 1.4192, ""mV_7"": 1.7438, ""mV_8"": 1.8986, ""mV_9"": 2.0314, ""mV_10"": 1.9564, ""mV_11"": 1.7146, ""mV_12"": 1.5393, ""mV_13"": 1.4911, ""mV_14"": 1.4244, ""mV_15"": 1.4294, ""mV_16"": 1.8453, ""mV_17"": 2.1941, ""mV_18"": 2.0893, ""mV_19"": 2.0144, ""mV_20"": 1.5593}",False,ok,nie_dotyczy,1.0,1.0,0.0,,0,soft_vote_knn5_ridge_observed_only
test_0038,11,ok,nie_dotyczy,1.0,1.0,1.0,0.8044061178226894,51,brak,,"mV_13,mV_17",2,0.6310145729803394,brak istotnego odchylenia,0.0,Werdykt OK: brak zmierzonego pasma przekraczającego próg anomalii.,"{""mV_0"": 0.1405, ""mV_1"": 0.2233, ""mV_2"": 0.1565, ""mV_3"": 0.1983, ""mV_4"": 0.3265, ""mV_5"": 0.3336, ""mV_6"": 0.3183, ""mV_7"": 0.3278, ""mV_8"": 0.3056, ""mV_9"": 0.2481, ""mV_10"": 0.2409, ""mV_11"": 0.2692, ""mV_12"": 0.1959, ""mV_13"": null, ""mV_14"": 0.5946, ""mV_15"": 0.631, ""mV_16"": 0.2797, ""mV_17"": null, ""mV_18"": 0.0844, ""mV_19"": 0.085, ""mV_20"": 0.0506}",False,ok,nie_dotyczy,1.0,1.0,0.0,,0,soft_vote_knn5_ridge_observed_only
test_0038,12,unknown,nie_dotyczy,0.9607843137254902,0.9607843137254902,0.9607843137254902,0.6878776684645347,51,5–13 kHz,"mV_5,mV_6,mV_7,mV_8,mV_9,mV_10,mV_11,mV_12,mV_13",mV_17,1,10.925954000536693,obniżona,0.8410824352885219,Podejrzenie unknown: najbardziej nietypowe jest pasmo 5–13 kHz; amplituda jest obniżona względem zdrowej referencji.,"{""mV_0"": 3.4483, ""mV_1"": 3.1166, ""mV_2"": 1.899, ""mV_3"": 2.9262, ""mV_4"": 5.5846, ""mV_5"": 8.1409, ""mV_6"": 9.8273, ""mV_7"": 10.6282, ""mV_8"": 10.926, ""mV_9"": 10.8142, ""mV_10"": 10.0089, ""mV_11"": 8.8695, ""mV_12"": 7.8484, ""mV_13"": 6.9959, ""mV_14"": 5.4024, ""mV_15"": 3.2376, ""mV_16"": 1.7659, ""mV_17"": null, ""mV_18"": 3.9145, ""mV_19"": 6.7259, ""mV_20"": 5.8602}",False,unknown,nie_dotyczy,0.9607843137254902,0.9607843137254902,0.0,,0,soft_vote_knn5_ridge_observed_only
test_0039,1,ok,nie_dotyczy,1.0,1.0,1.0,0.8153549246899219,51,brak,,,0,0.7953646047459559,brak istotnego odchylenia,0.0,Werdykt OK: brak zmierzonego pasma przekraczającego próg anomalii.,"{""mV_0"": 0.4118, ""mV_1"": 0.6673, ""mV_2"": 0.344, ""mV_3"": 0.1256, ""mV_4"": 0.2713, ""mV_5"": 0.3218, ""mV_6"": 0.2552, ""mV_7"": 0.2792, ""mV_8"": 0.419, ""mV_9"": 0.593, ""mV_10"": 0.7469, ""mV_11"": 0.7954, ""mV_12"": 0.7475, ""mV_13"": 0.6388, ""mV_14"": 0.4286, ""mV_15"": 0.1928, ""mV_16"": 0.133, ""mV_17"": 0.2516, ""mV_18"": 0.472, ""mV_19"": 0.7091, ""mV_20"": 0.5967}",False,ok,nie_dotyczy,1.0,1.0,0.0,,0,soft_vote_knn5_ridge_observed_only
test_0039,2,pompa,duze,0.8823529411764706,1.0,0.8823529411764706,0.7560839932786171,51,12–15 kHz,"mV_12,mV_13,mV_14,mV_15","mV_11,mV_19",2,8.923073099882693,obniżona,0.9934673376071802,Podejrzenie pompa: najbardziej nietypowe jest pasmo 12–15 kHz; amplituda jest obniżona względem zdrowej referencji.,"{""mV_0"": 0.3083, ""mV_1"": 1.3676, ""mV_2"": 4.3743, ""mV_3"": 7.6364, ""mV_4"": 7.3912, ""mV_5"": 5.5773, ""mV_6"": 5.1769, ""mV_7"": 5.6564, ""mV_8"": 6.3951, ""mV_9"": 7.1286, ""mV_10"": 5.6332, ""mV_11"": null, ""mV_12"": 6.8754, ""mV_13"": 8.9231, ""mV_14"": 7.7917, ""mV_15"": 5.9986, ""mV_16"": 4.0546, ""mV_17"": 2.0143, ""mV_18"": 0.6022, ""mV_19"": null, ""mV_20"": 3.5942}",False,pompa,duze,0.8823529411764706,0.8823529411764706,0.0,,0,soft_vote_knn5_ridge_observed_only
test_0039,3,ok,nie_dotyczy,1.0,1.0,1.0,0.7791811140813215,51,brak,,,0,1.9765125282739113,brak istotnego odchylenia,0.0,Werdykt OK: brak zmierzonego pasma przekraczającego próg anomalii.,"{""mV_0"": 0.0599, ""mV_1"": 0.2508, ""mV_2"": 0.7323, ""mV_3"": 1.3655, ""mV_4"": 1.8159, ""mV_5"": 1.9765, ""mV_6"": 1.7496, ""mV_7"": 1.2119, ""mV_8"": 0.7118, ""mV_9"": 0.3712, ""mV_10"": 0.1506, ""mV_11"": 0.0906, ""mV_12"": 0.3082, ""mV_13"": 0.7653, ""mV_14"": 1.1541, ""mV_15"": 1.3919, ""mV_16"": 1.6504, ""mV_17"": 1.6631, ""mV_18"": 1.2457, ""mV_19"": 0.8623, ""mV_20"": 0.5642}",False,ok,nie_dotyczy,1.0,1.0,0.0,,0,soft_vote_knn5_ridge_observed_only
test_0039,4,ok,nie_dotyczy,1.0,1.0,1.0,0.8190526839749289,51,brak,,mV_11,1,1.0142995322341646,brak istotnego odchylenia,0.0,Werdykt OK: brak zmierzonego pasma przekraczającego próg anomalii.,"{""mV_0"": 0.3742, ""mV_1"": 0.2654, ""mV_2"": 0.2673, ""mV_3"": 0.6778, ""mV_4"": 1.0082, ""mV_5"": 1.0143, ""mV_6"": 0.716, ""mV_7"": 0.325, ""mV_8"": 0.1534, ""mV_9"": 0.1455, ""mV_10"": 0.1032, ""mV_11"": null, ""mV_12"": 0.079, ""mV_13"": 0.0709, ""mV_14"": 0.0815, ""mV_15"": 0.2719, ""mV_16"": 0.5413, ""mV_17"": 0.6, ""mV_18"": 0.4504, ""mV_19"": 0.4352, ""mV_20"": 0.422}",False,ok,nie_dotyczy,1.0,1.0,0.0,,0,soft_vote_knn5_ridge_observed_only
test_0039,5,ok,nie_dotyczy,1.0,1.0,1.0,0.7860377995019596,51,4–5 kHz,"mV_4,mV_5",mV_16,1,2.2922671648960358,podwyższona,0.0,"Werdykt OK, ale najsilniejsze lokalne odstępstwo występuje w paśmie 4–5 kHz; amplituda jest podwyższona.","{""mV_0"": 0.0907, ""mV_1"": 0.3622, ""mV_2"": 1.1329, ""mV_3"": 1.991, ""mV_4"": 2.2923, ""mV_5"": 2.0332, ""mV_6"": 1.4196, ""mV_7"": 0.821, ""mV_8"": 0.5672, ""mV_9"": 0.4632, ""mV_10"": 0.2846, ""mV_11"": 0.134, ""mV_12"": 0.2044, ""mV_13"": 0.531, ""mV_14"": 0.9584, ""mV_15"": 0.9235, ""mV_16"": null, ""mV_17"": 1.0241, ""mV_18"": 1.139, ""mV_19"": 1.1354, ""mV_20"": 1.0052}",False,ok,nie_dotyczy,1.0,1.0,0.0,,0,soft_vote_knn5_ridge_observed_only
test_0039,6,ok,nie_dotyczy,1.0,1.0,1.0,0.8370305728353826,51,brak,,"mV_11,mV_14,mV_16",3,0.8309811875500885,brak istotnego odchylenia,0.0,Werdykt OK: brak zmierzonego pasma przekraczającego próg anomalii.,"{""mV_0"": 0.4865, ""mV_1"": 0.5379, ""mV_2"": 0.6805, ""mV_3"": 0.831, ""mV_4"": 0.7827, ""mV_5"": 0.6375, ""mV_6"": 0.4907, ""mV_7"": 0.4374, ""mV_8"": 0.4482, ""mV_9"": 0.4516, ""mV_10"": 0.3228, ""mV_11"": null, ""mV_12"": 0.128, ""mV_13"": 0.0857, ""mV_14"": null, ""mV_15"": 0.1686, ""mV_16"": null, ""mV_17"": 0.3831, ""mV_18"": 0.5365, ""mV_19"": 0.5811, ""mV_20"": 0.504}",False,ok,nie_dotyczy,1.0,1.0,0.0,,0,soft_vote_knn5_ridge_observed_only
test_0039,7,ok,nie_dotyczy,1.0,1.0,1.0,0.8053105146395853,51,brak,,"mV_8,mV_13",2,0.8955631102788646,brak istotnego odchylenia,0.0,Werdykt OK: brak zmierzonego pasma przekraczającego próg anomalii.,"{""mV_0"": 0.294, ""mV_1"": 0.4367, ""mV_2"": 0.6911, ""mV_3"": 0.7961, ""mV_4"": 0.6444, ""mV_5"": 0.6064, ""mV_6"": 0.815, ""mV_7"": 0.7592, ""mV_8"": null, ""mV_9"": 0.4956, ""mV_10"": 0.4289, ""mV_11"": 0.1587, ""mV_12"": 0.0374, ""mV_13"": null, ""mV_14"": 0.1486, ""mV_15"": 0.2043, ""mV_16"": 0.225, ""mV_17"": 0.3907, ""mV_18"": 0.6388, ""mV_19"": 0.8956, ""mV_20"": 0.8634}",False,ok,nie_dotyczy,1.0,1.0,0.0,,0,soft_vote_knn5_ridge_observed_only
test_0039,8,iglica,srednie,1.0,1.0,1.0,0.815060240803309,51,7–15 kHz,"mV_7,mV_8,mV_9,mV_10,mV_11,mV_12,mV_13,mV_14,mV_15",,0,6.47652217315767,obniżona,0.9759739951581609,Podejrzenie iglica: najbardziej nietypowe jest pasmo 7–15 kHz; amplituda jest obniżona względem zdrowej referencji.,"{""mV_0"": 0.3789, ""mV_1"": 1.1218, ""mV_2"": 1.6871, ""mV_3"": 0.9272, ""mV_4"": 0.4351, ""mV_5"": 1.4294, ""mV_6"": 2.8942, ""mV_7"": 3.7763, ""mV_8"": 4.6587, ""mV_9"": 5.6644, ""mV_10"": 5.9458, ""mV_11"": 5.7442, ""mV_12"": 5.64, ""mV_13"": 6.1974, ""mV_14"": 6.4765, ""mV_15"": 5.0832, ""mV_16"": 3.5168, ""mV_17"": 3.2377, ""mV_18"": 3.4609, ""mV_19"": 3.9085, ""mV_20"": 3.3606}",False,iglica,srednie,1.0,1.0,0.0,,0,soft_vote_knn5_ridge_observed_only
test_0040,1,unknown,nie_dotyczy,1.0,1.0,1.0,0.6868078121655411,51,17–20 kHz,"mV_17,mV_18,mV_19,mV_20",,0,18.572430903682125,podwyższona,0.6353567083698937,Podejrzenie unknown: najbardziej nietypowe jest pasmo 17–20 kHz; amplituda jest podwyższona względem zdrowej referencji.,"{""mV_0"": 5.3826, ""mV_1"": 5.4249, ""mV_2"": 4.8636, ""mV_3"": 6.8477, ""mV_4"": 9.1604, ""mV_5"": 10.7693, ""mV_6"": 11.6582, ""mV_7"": 11.6665, ""mV_8"": 11.4562, ""mV_9"": 11.4131, ""mV_10"": 11.213, ""mV_11"": 10.9997, ""mV_12"": 10.3529, ""mV_13"": 8.5234, ""mV_14"": 5.3446, ""mV_15"": 3.051, ""mV_16"": 5.2536, ""mV_17"": 11.1698, ""mV_18"": 16.603, ""mV_19"": 18.5724, ""mV_20"": 13.6762}",False,unknown,nie_dotyczy,1.0,1.0,0.0,,0,soft_vote_knn5_ridge_observed_only
test_0040,2,ok,nie_dotyczy,1.0,1.0,1.0,0.7802698634369095,51,brak,,mV_8,1,1.3792409996031505,brak istotnego odchylenia,0.0,Werdykt OK: brak zmierzonego pasma przekraczającego próg anomalii.,"{""mV_0"": 0.4001, ""mV_1"": 0.6873, ""mV_2"": 0.5569, ""mV_3"": 0.3057, ""mV_4"": 0.1454, ""mV_5"": 0.0914, ""mV_6"": 0.1879, ""mV_7"": 0.2261, ""mV_8"": null, ""mV_9"": 0.5357, ""mV_10"": 0.7933, ""mV_11"": 0.7788, ""mV_12"": 0.6514, ""mV_13"": 0.6216, ""mV_14"": 0.6014, ""mV_15"": 0.4124, ""mV_16"": 0.4163, ""mV_17"": 0.6072, ""mV_18"": 1.0402, ""mV_19"": 1.3792, ""mV_20"": 0.73}",False,ok,nie_dotyczy,1.0,1.0,0.0,,0,soft_vote_knn5_ridge_observed_only
test_0040,3,ok,nie_dotyczy,1.0,1.0,1.0,0.7635107527654705,51,brak,,"mV_7,mV_13",2,1.5103529689083568,brak istotnego odchylenia,0.0,Werdykt OK: brak zmierzonego pasma przekraczającego próg anomalii.,"{""mV_0"": 0.7445, ""mV_1"": 0.8157, ""mV_2"": 1.2514, ""mV_3"": 1.5104, ""mV_4"": 1.2473, ""mV_5"": 1.0801, ""mV_6"": 0.7825, ""mV_7"": null, ""mV_8"": 0.4342, ""mV_9"": 0.8118, ""mV_10"": 1.0535, ""mV_11"": 1.1376, ""mV_12"": 0.8534, ""mV_13"": null, ""mV_14"": 0.4729, ""mV_15"": 0.869, ""mV_16"": 1.178, ""mV_17"": 1.2595, ""mV_18"": 0.9786, ""mV_19"": 0.6738, ""mV_20"": 0.5611}",False,ok,nie_dotyczy,1.0,1.0,0.0,,0,soft_vote_knn5_ridge_observed_only
test_0040,4,pompa,duze,1.0,1.0,1.0,0.7355401933772355,51,2–4 kHz,"mV_2,mV_3,mV_4",mV_5,1,9.554711317362523,obniżona,0.9715373405346903,Podejrzenie pompa: najbardziej nietypowe jest pasmo 2–4 kHz; amplituda jest obniżona względem zdrowej referencji.,"{""mV_0"": 0.9858, ""mV_1"": 3.066, ""mV_2"": 7.3485, ""mV_3"": 9.5547, ""mV_4"": 6.1629, ""mV_5"": null, ""mV_6"": 2.9419, ""mV_7"": 4.443, ""mV_8"": 5.4064, ""mV_9"": 6.4021, ""mV_10"": 7.0533, ""mV_11"": 7.6298, ""mV_12"": 8.2868, ""mV_13"": 8.3642, ""mV_14"": 7.2383, ""mV_15"": 5.6144, ""mV_16"": 4.2432, ""mV_17"": 2.6672, ""mV_18"": 1.2366, ""mV_19"": 1.8227, ""mV_20"": 2.7665}",False,pompa,duze,1.0,1.0,0.0,,0,soft_vote_knn5_ridge_observed_only
test_0040,5,pompa,srednie,1.0,1.0,1.0,0.8188626801800141,51,2–4 kHz,"mV_2,mV_3,mV_4","mV_1,mV_14,mV_20",3,6.254869567135049,obniżona,0.9540769465646182,Podejrzenie pompa: najbardziej nietypowe jest pasmo 2–4 kHz; amplituda jest obniżona względem zdrowej referencji.,"{""mV_0"": 0.0465, ""mV_1"": null, ""mV_2"": 4.8432, ""mV_3"": 6.2549, ""mV_4"": 4.2507, ""mV_5"": 2.3729, ""mV_6"": 2.0802, ""mV_7"": 2.5043, ""mV_8"": 3.2269, ""mV_9"": 3.9943, ""mV_10"": 4.5087, ""mV_11"": 4.9739, ""mV_12"": 5.4986, ""mV_13"": 4.3301, ""mV_14"": null, ""mV_15"": 2.7383, ""mV_16"": 3.3697, ""mV_17"": 2.4003, ""mV_18"": 1.1873, ""mV_19"": 0.3857, ""mV_20"": null}",False,pompa,srednie,1.0,1.0,0.0,,0,soft_vote_knn5_ridge_observed_only
test_0040,6,lejacy,male,1.0,1.0,1.0,0.7072562523829835,51,9–18 kHz,"mV_9,mV_10,mV_11,mV_12,mV_13,mV_14,mV_15,mV_16,mV_17,mV_18","mV_5,mV_20",2,8.598406111966304,obniżona,0.9665086235719536,Podejrzenie lejacy: najbardziej nietypowe jest pasmo 9–18 kHz; amplituda jest obniżona względem zdrowej referencji.,"{""mV_0"": 0.0281, ""mV_1"": 0.2759, ""mV_2"": 0.6561, ""mV_3"": 1.2922, ""mV_4"": 1.6194, ""mV_5"": null, ""mV_6"": 3.0523, ""mV_7"": 4.0023, ""mV_8"": 4.3961, ""mV_9"": 5.1599, ""mV_10"": 5.8114, ""mV_11"": 6.4618, ""mV_12"": 7.0178, ""mV_13"": 7.3687, ""mV_14"": 7.8149, ""mV_15"": 8.3288, ""mV_16"": 8.5984, ""mV_17"": 7.9144, ""mV_18"": 6.1204, ""mV_19"": 3.5602, ""mV_20"": null}",False,lejacy,male,1.0,1.0,0.0,,0,soft_vote_knn5_ridge_observed_only
test_0040,7,ok,nie_dotyczy,1.0,1.0,1.0,0.7210874971504238,51,8–9 kHz,"mV_8,mV_9","mV_6,mV_20",2,2.1779647077579494,podwyższona,0.0,"Werdykt OK, ale najsilniejsze lokalne odstępstwo występuje w paśmie 8–9 kHz; amplituda jest podwyższona.","{""mV_0"": 1.3323, ""mV_1"": 1.7447, ""mV_2"": 1.2908, ""mV_3"": 1.076, ""mV_4"": 1.287, ""mV_5"": 1.1102, ""mV_6"": null, ""mV_7"": 1.6479, ""mV_8"": 2.178, ""mV_9"": 2.024, ""mV_10"": 1.9017, ""mV_11"": 1.8207, ""mV_12"": 1.5786, ""mV_13"": 1.3015, ""mV_14"": 1.1913, ""mV_15"": 1.0906, ""mV_16"": 0.7386, ""mV_17"": 0.3257, ""mV_18"": 0.9284, ""mV_19"": 1.6276, ""mV_20"": null}",False,ok,nie_dotyczy,1.0,1.0,0.0,,0,soft_vote_knn5_ridge_observed_only
test_0040,8,ok,nie_dotyczy,1.0,1.0,1.0,0.8180032538731749,51,brak,,"mV_2,mV_8,mV_16",3,0.5228908007848294,brak istotnego odchylenia,0.0,Werdykt OK: brak zmierzonego pasma przekraczającego próg anomalii.,"{""mV_0"": 0.4179, ""mV_1"": 0.4021, ""mV_2"": null, ""mV_3"": 0.0439, ""mV_4"": 0.046, ""mV_5"": 0.0615, ""mV_6"": 0.0783, ""mV_7"": 0.0553, ""mV_8"": null, ""mV_9"": 0.1601, ""mV_10"": 0.1984, ""mV_11"": 0.1493, ""mV_12"": 0.1347, ""mV_13"": 0.1585, ""mV_14"": 0.1379, ""mV_15"": 0.0721, ""mV_16"": null, ""mV_17"": 0.5229, ""mV_18"": 0.522, ""mV_19"": 0.3312, ""mV_20"": 0.2625}",False,ok,nie_dotyczy,1.0,1.0,0.0,,0,soft_vote_knn5_ridge_observed_only
test_0040,9,ok,nie_dotyczy,1.0,1.0,1.0,0.6997391035631365,51,2–9 kHz,"mV_2,mV_3,mV_4,mV_5,mV_6,mV_7,mV_8,mV_9",mV_1,1,3.7438825994800085,podwyższona,0.0,"Werdykt OK, ale najsilniejsze lokalne odstępstwo występuje w paśmie 2–9 kHz; amplituda jest podwyższona.","{""mV_0"": 0.5696, ""mV_1"": null, ""mV_2"": 2.891, ""mV_3"": 3.7439, ""mV_4"": 3.4646, ""mV_5"": 3.0764, ""mV_6"": 2.7121, ""mV_7"": 2.5433, ""mV_8"": 2.4038, ""mV_9"": 2.1346, ""mV_10"": 1.9849, ""mV_11"": 1.9325, ""mV_12"": 1.8662, ""mV_13"": 1.8997, ""mV_14"": 1.8995, ""mV_15"": 1.6813, ""mV_16"": 1.4145, ""mV_17"": 1.3253, ""mV_18"": 1.991, ""mV_19"": 2.9537, ""mV_20"": 2.2962}",False,ok,nie_dotyczy,1.0,1.0,0.0,,0,soft_vote_knn5_ridge_observed_only
test_0040,10,ok,nie_dotyczy,1.0,1.0,1.0,0.8346871598557931,51,brak,,,0,0.5901453125545745,brak istotnego odchylenia,0.0,Werdykt OK: brak zmierzonego pasma przekraczającego próg anomalii.,"{""mV_0"": 0.2226, ""mV_1"": 0.1218, ""mV_2"": 0.0234, ""mV_3"": 0.0338, ""mV_4"": 0.0623, ""mV_5"": 0.1731, ""mV_6"": 0.2864, ""mV_7"": 0.24, ""mV_8"": 0.1178, ""mV_9"": 0.0748, ""mV_10"": 0.0534, ""mV_11"": 0.0204, ""mV_12"": 0.0239, ""mV_13"": 0.0305, ""mV_14"": 0.0593, ""mV_15"": 0.2272, ""mV_16"": 0.3962, ""mV_17"": 0.5044, ""mV_18"": 0.5901, ""mV_19"": 0.5074, ""mV_20"": 0.3189}",False,ok,nie_dotyczy,1.0,1.0,0.0,,0,soft_vote_knn5_ridge_observed_only
test_0040,11,ok,nie_dotyczy,1.0,1.0,1.0,0.8111779555002904,51,brak,,"mV_6,mV_8,mV_14,mV_19,mV_20",5,1.5598914359468063,brak istotnego odchylenia,0.0,Werdykt OK: brak zmierzonego pasma przekraczającego próg anomalii.,"{""mV_0"": 0.1399, ""mV_1"": 0.3371, ""mV_2"": 0.6348, ""mV_3"": 0.8088, ""mV_4"": 0.7916, ""mV_5"": 0.5528, ""mV_6"": null, ""mV_7"": 0.4327, ""mV_8"": null, ""mV_9"": 0.6768, ""mV_10"": 0.8716, ""mV_11"": 0.7732, ""mV_12"": 0.6417, ""mV_13"": 0.4342, ""mV_14"": null, ""mV_15"": 1.1499, ""mV_16"": 1.5599, ""mV_17"": 1.494, ""mV_18"": 0.9889, ""mV_19"": null, ""mV_20"": null}",False,ok,nie_dotyczy,1.0,1.0,0.0,,0,soft_vote_knn5_ridge_observed_only
test_0040,12,ok,nie_dotyczy,1.0,1.0,1.0,0.8304563246187375,51,brak,,"mV_9,mV_14",2,1.4951019485675427,brak istotnego odchylenia,0.0,Werdykt OK: brak zmierzonego pasma przekraczającego próg anomalii.,"{""mV_0"": 0.3771, ""mV_1"": 0.5358, ""mV_2"": 0.9417, ""mV_3"": 1.2766, ""mV_4"": 1.345, ""mV_5"": 1.4036, ""mV_6"": 1.4579, ""mV_7"": 1.4951, ""mV_8"": 1.1403, ""mV_9"": null, ""mV_10"": 0.7015, ""mV_11"": 0.9341, ""mV_12"": 0.8825, ""mV_13"": 0.6269, ""mV_14"": null, ""mV_15"": 0.3601, ""mV_16"": 0.2318, ""mV_17"": 0.1252, ""mV_18"": 0.1507, ""mV_19"": 0.1533, ""mV_20"": 0.1734}",False,ok,nie_dotyczy,1.0,1.0,0.0,,0,soft_vote_knn5_ridge_observed_only
test_0041,1,ok,nie_dotyczy,1.0,1.0,1.0,0.7895163983894992,51,brak,,mV_18,1,1.595212416033921,brak istotnego odchylenia,0.0,Werdykt OK: brak zmierzonego pasma przekraczającego próg anomalii.,"{""mV_0"": 1.2646, ""mV_1"": 1.4906, ""mV_2"": 1.1666, ""mV_3"": 0.9434, ""mV_4"": 0.8525, ""mV_5"": 0.829, ""mV_6"": 0.92, ""mV_7"": 1.0852, ""mV_8"": 1.2416, ""mV_9"": 1.4296, ""mV_10"": 1.5848, ""mV_11"": 1.5952, ""mV_12"": 1.5698, ""mV_13"": 1.5231, ""mV_14"": 1.3774, ""mV_15"": 1.1932, ""mV_16"": 1.0213, ""mV_17"": 0.703, ""mV_18"": null, ""mV_19"": 0.5206, ""mV_20"": 0.407}",False,ok,nie_dotyczy,1.0,1.0,0.0,,0,soft_vote_knn5_ridge_observed_only
test_0041,2,ok,nie_dotyczy,1.0,1.0,1.0,0.8136506569889034,51,brak,,mV_9,1,0.8148210104104158,brak istotnego odchylenia,0.0,Werdykt OK: brak zmierzonego pasma przekraczającego próg anomalii.,"{""mV_0"": 0.115, ""mV_1"": 0.244, ""mV_2"": 0.3298, ""mV_3"": 0.4504, ""mV_4"": 0.6035, ""mV_5"": 0.7121, ""mV_6"": 0.7887, ""mV_7"": 0.8148, ""mV_8"": 0.5945, ""mV_9"": null, ""mV_10"": 0.4092, ""mV_11"": 0.4424, ""mV_12"": 0.4534, ""mV_13"": 0.5619, ""mV_14"": 0.5844, ""mV_15"": 0.601, ""mV_16"": 0.6494, ""mV_17"": 0.6839, ""mV_18"": 0.6886, ""mV_19"": 0.7006, ""mV_20"": 0.5564}",False,ok,nie_dotyczy,1.0,1.0,0.0,,0,soft_vote_knn5_ridge_observed_only
test_0041,3,ok,nie_dotyczy,1.0,1.0,1.0,0.7644094263626426,51,16–19 kHz,"mV_16,mV_17,mV_18,mV_19","mV_6,mV_13",2,2.864238234332182,podwyższona,0.0,"Werdykt OK, ale najsilniejsze lokalne odstępstwo występuje w paśmie 16–19 kHz; amplituda jest podwyższona.","{""mV_0"": 0.5517, ""mV_1"": 0.8167, ""mV_2"": 0.806, ""mV_3"": 0.7935, ""mV_4"": 0.897, ""mV_5"": 0.7592, ""mV_6"": null, ""mV_7"": 0.9184, ""mV_8"": 1.1698, ""mV_9"": 0.9603, ""mV_10"": 0.5803, ""mV_11"": 0.2732, ""mV_12"": 0.1217, ""mV_13"": null, ""mV_14"": 0.8409, ""mV_15"": 1.689, ""mV_16"": 2.5266, ""mV_17"": 2.8642, ""mV_18"": 2.4826, ""mV_19"": 2.0328, ""mV_20"": 1.4909}",False,ok,nie_dotyczy,1.0,1.0,0.0,,0,soft_vote_knn5_ridge_observed_only
test_0041,4,ok,nie_dotyczy,1.0,1.0,1.0,0.7448264381524943,51,15–19 kHz,"mV_15,mV_16,mV_17,mV_18,mV_19",,0,3.2162086884568453,podwyższona,0.0,"Werdykt OK, ale najsilniejsze lokalne odstępstwo występuje w paśmie 15–19 kHz; amplituda jest podwyższona.","{""mV_0"": 1.6567, ""mV_1"": 2.1904, ""mV_2"": 2.6044, ""mV_3"": 3.0685, ""mV_4"": 3.0863, ""mV_5"": 2.9063, ""mV_6"": 2.6801, ""mV_7"": 2.4459, ""mV_8"": 2.3144, ""mV_9"": 2.1146, ""mV_10"": 1.7944, ""mV_11"": 1.6301, ""mV_12"": 1.5868, ""mV_13"": 1.6185, ""mV_14"": 1.8906, ""mV_15"": 2.4327, ""mV_16"": 3.0506, ""mV_17"": 3.2162, ""mV_18"": 2.7767, ""mV_19"": 2.3128, ""mV_20"": 1.6552}",False,ok,nie_dotyczy,1.0,1.0,0.0,,0,soft_vote_knn5_ridge_observed_only
test_0041,5,ok,nie_dotyczy,1.0,1.0,1.0,0.8040622102430124,51,brak,,mV_4,1,0.7528374579888291,brak istotnego odchylenia,0.0,Werdykt OK: brak zmierzonego pasma przekraczającego próg anomalii.,"{""mV_0"": 0.0296, ""mV_1"": 0.183, ""mV_2"": 0.5978, ""mV_3"": 0.7528, ""mV_4"": null, ""mV_5"": 0.2747, ""mV_6"": 0.207, ""mV_7"": 0.1218, ""mV_8"": 0.1279, ""mV_9"": 0.107, ""mV_10"": 0.1972, ""mV_11"": 0.3765, ""mV_12"": 0.3716, ""mV_13"": 0.2094, ""mV_14"": 0.1806, ""mV_15"": 0.2416, ""mV_16"": 0.1924, ""mV_17"": 0.1002, ""mV_18"": 0.0604, ""mV_19"": 0.0578, ""mV_20"": 0.0548}",False,ok,nie_dotyczy,1.0,1.0,0.0,,0,soft_vote_knn5_ridge_observed_only
test_0041,6,ok,nie_dotyczy,1.0,1.0,1.0,0.7474678999603953,51,brak,,mV_2,1,1.8539712034764535,brak istotnego odchylenia,0.0,Werdykt OK: brak zmierzonego pasma przekraczającego próg anomalii.,"{""mV_0"": 0.8488, ""mV_1"": 0.9753, ""mV_2"": null, ""mV_3"": 0.0428, ""mV_4"": 0.0827, ""mV_5"": 0.0697, ""mV_6"": 0.0415, ""mV_7"": 0.0615, ""mV_8"": 0.1175, ""mV_9"": 0.2754, ""mV_10"": 0.5868, ""mV_11"": 0.8307, ""mV_12"": 0.71, ""mV_13"": 0.3195, ""mV_14"": 0.1058, ""mV_15"": 0.4511, ""mV_16"": 1.2727, ""mV_17"": 1.854, ""mV_18"": 1.6584, ""mV_19"": 1.1173, ""mV_20"": 0.6612}",False,ok,nie_dotyczy,1.0,1.0,0.0,,0,soft_vote_knn5_ridge_observed_only
test_0041,7,ok,nie_dotyczy,1.0,1.0,1.0,0.7873847324441945,51,brak,,"mV_7,mV_9",2,1.2396780810172643,brak istotnego odchylenia,0.0,Werdykt OK: brak zmierzonego pasma przekraczającego próg anomalii.,"{""mV_0"": 1.1122, ""mV_1"": 1.0537, ""mV_2"": 0.5487, ""mV_3"": 0.6111, ""mV_4"": 0.7007, ""mV_5"": 0.4503, ""mV_6"": 0.1765, ""mV_7"": null, ""mV_8"": 0.3973, ""mV_9"": null, ""mV_10"": 0.7055, ""mV_11"": 0.8986, ""mV_12"": 0.9529, ""mV_13"": 1.1332, ""mV_14"": 1.2397, ""mV_15"": 1.0732, ""mV_16"": 0.6358, ""mV_17"": 0.2936, ""mV_18"": 0.2639, ""mV_19"": 0.2603, ""mV_20"": 0.1053}",False,ok,nie_dotyczy,1.0,1.0,0.0,,0,soft_vote_knn5_ridge_observed_only
test_0041,8,ok,nie_dotyczy,1.0,1.0,1.0,0.8202810255059648,51,brak,,mV_20,1,0.4401457083559648,brak istotnego odchylenia,0.0,Werdykt OK: brak zmierzonego pasma przekraczającego próg anomalii.,"{""mV_0"": 0.2447, ""mV_1"": 0.1806, ""mV_2"": 0.0418, ""mV_3"": 0.0101, ""mV_4"": 0.0204, ""mV_5"": 0.0766, ""mV_6"": 0.223, ""mV_7"": 0.375, ""mV_8"": 0.4357, ""mV_9"": 0.4401, ""mV_10"": 0.4198, ""mV_11"": 0.3429, ""mV_12"": 0.2067, ""mV_13"": 0.2165, ""mV_14"": 0.3725, ""mV_15"": 0.3204, ""mV_16"": 0.1291, ""mV_17"": 0.0604, ""mV_18"": 0.0986, ""mV_19"": 0.1054, ""mV_20"": null}",False,ok,nie_dotyczy,1.0,1.0,0.0,,0,soft_vote_knn5_ridge_observed_only
test_0042,1,ok,nie_dotyczy,1.0,1.0,1.0,0.8610838538486851,51,brak,,mV_7,1,1.021992846620109,brak istotnego odchylenia,0.0,Werdykt OK: brak zmierzonego pasma przekraczającego próg anomalii.,"{""mV_0"": 0.6237, ""mV_1"": 0.7525, ""mV_2"": 0.389, ""mV_3"": 0.1244, ""mV_4"": 0.0977, ""mV_5"": 0.1616, ""mV_6"": 0.194, ""mV_7"": null, ""mV_8"": 0.2864, ""mV_9"": 0.3425, ""mV_10"": 0.2914, ""mV_11"": 0.2007, ""mV_12"": 0.0887, ""mV_13"": 0.0454, ""mV_14"": 0.1765, ""mV_15"": 0.3956, ""mV_16"": 0.5685, ""mV_17"": 0.7204, ""mV_18"": 0.9406, ""mV_19"": 1.022, ""mV_20"": 0.6044}",False,ok,nie_dotyczy,1.0,1.0,0.0,,0,soft_vote_knn5_ridge_observed_only
test_0042,2,ok,nie_dotyczy,1.0,1.0,1.0,0.8018343011583053,51,brak,,"mV_6,mV_16",2,0.9879517577155177,brak istotnego odchylenia,0.0,Werdykt OK: brak zmierzonego pasma przekraczającego próg anomalii.,"{""mV_0"": 0.0088, ""mV_1"": 0.015, ""mV_2"": 0.0383, ""mV_3"": 0.1474, ""mV_4"": 0.2851, ""mV_5"": 0.2416, ""mV_6"": null, ""mV_7"": 0.9599, ""mV_8"": 0.988, ""mV_9"": 0.6083, ""mV_10"": 0.3843, ""mV_11"": 0.2721, ""mV_12"": 0.2376, ""mV_13"": 0.2702, ""mV_14"": 0.2676, ""mV_15"": 0.1817, ""mV_16"": null, ""mV_17"": 0.2989, ""mV_18"": 0.6198, ""mV_19"": 0.7106, ""mV_20"": 0.3733}",False,ok,nie_dotyczy,1.0,1.0,0.0,,0,soft_vote_knn5_ridge_observed_only
test_0042,3,ok,nie_dotyczy,1.0,1.0,1.0,0.8331712008890909,51,brak,,,0,1.13893133154312,brak istotnego odchylenia,0.0,Werdykt OK: brak zmierzonego pasma przekraczającego próg anomalii.,"{""mV_0"": 0.8307, ""mV_1"": 0.7359, ""mV_2"": 0.339, ""mV_3"": 0.2332, ""mV_4"": 0.3563, ""mV_5"": 0.4749, ""mV_6"": 0.7572, ""mV_7"": 1.1342, ""mV_8"": 1.1389, ""mV_9"": 0.977, ""mV_10"": 0.9046, ""mV_11"": 0.7857, ""mV_12"": 0.5541, ""mV_13"": 0.3075, ""mV_14"": 0.2296, ""mV_15"": 0.2385, ""mV_16"": 0.1264, ""mV_17"": 0.0176, ""mV_18"": 0.2235, ""mV_19"": 0.6179, ""mV_20"": 0.5735}",False,ok,nie_dotyczy,1.0,1.0,0.0,,0,soft_vote_knn5_ridge_observed_only
test_0042,4,iglica,srednie,1.0,1.0,1.0,0.8451612920329535,51,11–15 kHz,"mV_11,mV_12,mV_13,mV_14,mV_15","mV_0,mV_10,mV_17,mV_18",4,6.277753721319779,obniżona,0.9885940877475067,Podejrzenie iglica: najbardziej nietypowe jest pasmo 11–15 kHz; amplituda jest obniżona względem zdrowej referencji.,"{""mV_0"": null, ""mV_1"": 0.2715, ""mV_2"": 0.4542, ""mV_3"": 0.8291, ""mV_4"": 1.0637, ""mV_5"": 1.5837, ""mV_6"": 2.7661, ""mV_7"": 3.8338, ""mV_8"": 4.859, ""mV_9"": 4.3282, ""mV_10"": null, ""mV_11"": 4.381, ""mV_12"": 5.8326, ""mV_13"": 6.2109, ""mV_14"": 6.2778, ""mV_15"": 4.8681, ""mV_16"": 2.4849, ""mV_17"": null, ""mV_18"": null, ""mV_19"": 2.423, ""mV_20"": 2.8721}",False,iglica,srednie,1.0,1.0,0.0,,0,soft_vote_knn5_ridge_observed_only
test_0042,5,ok,nie_dotyczy,1.0,1.0,1.0,0.7357405853500498,51,18 kHz,mV_18,mV_10,1,2.4245402788862798,obniżona,0.0,"Werdykt OK, ale najsilniejsze lokalne odstępstwo występuje w paśmie 18 kHz; amplituda jest obniżona.","{""mV_0"": 0.1191, ""mV_1"": 0.1484, ""mV_2"": 0.2165, ""mV_3"": 0.4257, ""mV_4"": 0.7049, ""mV_5"": 1.0435, ""mV_6"": 1.0591, ""mV_7"": 0.7025, ""mV_8"": 0.634, ""mV_9"": 0.5891, ""mV_10"": null, ""mV_11"": 0.6659, ""mV_12"": 0.7327, ""mV_13"": 0.5962, ""mV_14"": 0.5124, ""mV_15"": 0.3117, ""mV_16"": 0.6188, ""mV_17"": 1.6699, ""mV_18"": 2.4245, ""mV_19"": 1.9924, ""mV_20"": 0.7353}",False,ok,nie_dotyczy,1.0,1.0,0.0,,0,soft_vote_knn5_ridge_observed_only
test_0042,6,unknown,nie_dotyczy,0.9803921568627451,0.9803921568627451,0.9803921568627451,0.6998407855851573,51,12–15 kHz,"mV_12,mV_13,mV_14,mV_15",mV_1,1,9.981147357546254,obniżona,0.26932385741790127,Podejrzenie unknown: najbardziej nietypowe jest pasmo 12–15 kHz; amplituda jest obniżona względem zdrowej referencji.,"{""mV_0"": 3.2948, ""mV_1"": null, ""mV_2"": 4.7839, ""mV_3"": 7.7969, ""mV_4"": 9.3352, ""mV_5"": 9.6634, ""mV_6"": 7.5881, ""mV_7"": 4.1571, ""mV_8"": 2.3676, ""mV_9"": 2.1921, ""mV_10"": 2.4508, ""mV_11"": 4.5867, ""mV_12"": 8.3377, ""mV_13"": 9.9811, ""mV_14"": 8.7476, ""mV_15"": 6.4451, ""mV_16"": 4.1881, ""mV_17"": 2.7744, ""mV_18"": 2.4878, ""mV_19"": 2.3556, ""mV_20"": 1.4466}",False,unknown,nie_dotyczy,0.9803921568627451,0.9803921568627451,0.0,,0,soft_vote_knn5_ridge_observed_only
test_0042,7,ok,nie_dotyczy,1.0,1.0,1.0,0.7537353464591452,51,18 kHz,mV_18,mV_12,1,2.1965545984358266,obniżona,0.0,"Werdykt OK, ale najsilniejsze lokalne odstępstwo występuje w paśmie 18 kHz; amplituda jest obniżona.","{""mV_0"": 0.2368, ""mV_1"": 0.4373, ""mV_2"": 0.3333, ""mV_3"": 0.1712, ""mV_4"": 0.3684, ""mV_5"": 0.7432, ""mV_6"": 0.716, ""mV_7"": 0.2947, ""mV_8"": 0.0588, ""mV_9"": 0.0377, ""mV_10"": 0.0965, ""mV_11"": 0.1565, ""mV_12"": null, ""mV_13"": 0.0844, ""mV_14"": 0.1464, ""mV_15"": 0.3177, ""mV_16"": 0.8882, ""mV_17"": 1.8515, ""mV_18"": 2.1966, ""mV_19"": 1.6001, ""mV_20"": 0.8041}",False,ok,nie_dotyczy,1.0,1.0,0.0,,0,soft_vote_knn5_ridge_observed_only
test_0042,8,ok,nie_dotyczy,1.0,1.0,1.0,0.8238261142588982,51,brak,,mV_0,1,0.9404236780002394,brak istotnego odchylenia,0.0,Werdykt OK: brak zmierzonego pasma przekraczającego próg anomalii.,"{""mV_0"": null, ""mV_1"": 0.0681, ""mV_2"": 0.0882, ""mV_3"": 0.0892, ""mV_4"": 0.1008, ""mV_5"": 0.07, ""mV_6"": 0.274, ""mV_7"": 0.6529, ""mV_8"": 0.6642, ""mV_9"": 0.4248, ""mV_10"": 0.2409, ""mV_11"": 0.2222, ""mV_12"": 0.3747, ""mV_13"": 0.4463, ""mV_14"": 0.4585, ""mV_15"": 0.5273, ""mV_16"": 0.5224, ""mV_17"": 0.6689, ""mV_18"": 0.9404, ""mV_19"": 0.8569, ""mV_20"": 0.5054}",False,ok,nie_dotyczy,1.0,1.0,0.0,,0,soft_vote_knn5_ridge_observed_only
test_0042,9,ok,nie_dotyczy,1.0,1.0,1.0,0.82146823110326,51,14 kHz,mV_14,,0,2.0162572411378563,podwyższona,0.0,"Werdykt OK, ale najsilniejsze lokalne odstępstwo występuje w paśmie 14 kHz; amplituda jest podwyższona.","{""mV_0"": 0.5734, ""mV_1"": 0.5101, ""mV_2"": 0.348, ""mV_3"": 0.4603, ""mV_4"": 0.7258, ""mV_5"": 1.1406, ""mV_6"": 1.246, ""mV_7"": 0.9279, ""mV_8"": 0.8636, ""mV_9"": 1.0003, ""mV_10"": 1.0398, ""mV_11"": 1.233, ""mV_12"": 1.6084, ""mV_13"": 1.9088, ""mV_14"": 2.0163, ""mV_15"": 1.9125, ""mV_16"": 1.6474, ""mV_17"": 1.5207, ""mV_18"": 1.4113, ""mV_19"": 1.0588, ""mV_20"": 0.6548}",False,ok,nie_dotyczy,1.0,1.0,0.0,,0,soft_vote_knn5_ridge_observed_only
test_0042,10,ok,nie_dotyczy,1.0,1.0,1.0,0.7683738282956414,51,brak,,mV_13,1,1.0494417389718806,brak istotnego odchylenia,0.0,Werdykt OK: brak zmierzonego pasma przekraczającego próg anomalii.,"{""mV_0"": 0.1365, ""mV_1"": 0.2468, ""mV_2"": 0.2714, ""mV_3"": 0.5317, ""mV_4"": 0.7763, ""mV_5"": 0.6281, ""mV_6"": 0.6679, ""mV_7"": 1.0286, ""mV_8"": 1.0494, ""mV_9"": 0.9091, ""mV_10"": 1.0029, ""mV_11"": 1.0338, ""mV_12"": 0.6821, ""mV_13"": null, ""mV_14"": 0.7284, ""mV_15"": 0.7476, ""mV_16"": 0.285, ""mV_17"": 0.0475, ""mV_18"": 0.1879, ""mV_19"": 0.3759, ""mV_20"": 0.2675}",False,ok,nie_dotyczy,1.0,1.0,0.0,,0,soft_vote_knn5_ridge_observed_only
test_0042,11,ok,nie_dotyczy,1.0,1.0,1.0,0.7813224063465181,51,13–18 kHz,"mV_13,mV_14,mV_15,mV_16,mV_17,mV_18",,0,3.3726761773678255,podwyższona,0.0,"Werdykt OK, ale najsilniejsze lokalne odstępstwo występuje w paśmie 13–18 kHz; amplituda jest podwyższona.","{""mV_0"": 0.7912, ""mV_1"": 0.9592, ""mV_2"": 1.0354, ""mV_3"": 1.2351, ""mV_4"": 1.4566, ""mV_5"": 1.9014, ""mV_6"": 2.077, ""mV_7"": 1.7338, ""mV_8"": 1.5782, ""mV_9"": 1.63, ""mV_10"": 1.5913, ""mV_11"": 1.6633, ""mV_12"": 1.8901, ""mV_13"": 2.2237, ""mV_14"": 2.7202, ""mV_15"": 3.2364, ""mV_16"": 3.3727, ""mV_17"": 2.9427, ""mV_18"": 2.1313, ""mV_19"": 1.5567, ""mV_20"": 1.1989}",False,ok,nie_dotyczy,1.0,1.0,0.0,,0,soft_vote_knn5_ridge_observed_only
test_0042,12,ok,nie_dotyczy,1.0,1.0,1.0,0.808220734614051,51,brak,,"mV_12,mV_13,mV_16",3,1.4325227676408934,brak istotnego odchylenia,0.0,Werdykt OK: brak zmierzonego pasma przekraczającego próg anomalii.,"{""mV_0"": 1.0871, ""mV_1"": 1.0967, ""mV_2"": 0.8268, ""mV_3"": 0.8317, ""mV_4"": 0.8765, ""mV_5"": 1.0977, ""mV_6"": 1.2333, ""mV_7"": 1.0922, ""mV_8"": 1.1319, ""mV_9"": 1.187, ""mV_10"": 0.9884, ""mV_11"": 0.6117, ""mV_12"": null, ""mV_13"": null, ""mV_14"": 1.4325, ""mV_15"": 1.3215, ""mV_16"": null, ""mV_17"": 0.3595, ""mV_18"": 0.6868, ""mV_19"": 1.1637, ""mV_20"": 0.9797}",False,ok,nie_dotyczy,1.0,1.0,0.0,,0,soft_vote_knn5_ridge_observed_only
test_0043,1,ok,nie_dotyczy,1.0,1.0,1.0,0.7892128135940933,51,brak,,mV_2,1,1.327731952746852,brak istotnego odchylenia,0.0,Werdykt OK: brak zmierzonego pasma przekraczającego próg anomalii.,"{""mV_0"": 0.1389, ""mV_1"": 0.0983, ""mV_2"": null, ""mV_3"": 0.096, ""mV_4"": 0.0975, ""mV_5"": 0.2449, ""mV_6"": 0.6447, ""mV_7"": 0.8466, ""mV_8"": 0.6248, ""mV_9"": 0.4758, ""mV_10"": 0.6639, ""mV_11"": 0.8407, ""mV_12"": 0.7314, ""mV_13"": 0.6181, ""mV_14"": 0.6419, ""mV_15"": 0.5581, ""mV_16"": 0.4681, ""mV_17"": 0.6334, ""mV_18"": 1.0159, ""mV_19"": 1.3277, ""mV_20"": 1.0744}",False,ok,nie_dotyczy,1.0,1.0,0.0,,0,soft_vote_knn5_ridge_observed_only
test_0043,2,ok,nie_dotyczy,1.0,1.0,1.0,0.7566455102117124,51,brak,,mV_20,1,1.934441039627878,brak istotnego odchylenia,0.0,Werdykt OK: brak zmierzonego pasma przekraczającego próg anomalii.,"{""mV_0"": 0.1587, ""mV_1"": 0.4677, ""mV_2"": 1.0927, ""mV_3"": 1.7419, ""mV_4"": 1.8936, ""mV_5"": 1.7856, ""mV_6"": 1.7356, ""mV_7"": 1.4899, ""mV_8"": 1.0291, ""mV_9"": 0.5615, ""mV_10"": 0.2051, ""mV_11"": 0.1671, ""mV_12"": 0.4651, ""mV_13"": 1.0333, ""mV_14"": 1.6375, ""mV_15"": 1.8915, ""mV_16"": 1.9344, ""mV_17"": 1.9065, ""mV_18"": 1.7284, ""mV_19"": 1.1978, ""mV_20"": null}",False,ok,nie_dotyczy,1.0,1.0,0.0,,0,soft_vote_knn5_ridge_observed_only
test_0043,3,ok,nie_dotyczy,1.0,1.0,1.0,0.7053911997658687,51,13–14 kHz,"mV_13,mV_14",,0,2.163497552039677,obniżona,0.0,"Werdykt OK, ale najsilniejsze lokalne odstępstwo występuje w paśmie 13–14 kHz; amplituda jest obniżona.","{""mV_0"": 0.3992, ""mV_1"": 0.5445, ""mV_2"": 0.8651, ""mV_3"": 1.1547, ""mV_4"": 1.2773, ""mV_5"": 1.4322, ""mV_6"": 1.5961, ""mV_7"": 1.611, ""mV_8"": 1.4418, ""mV_9"": 1.2485, ""mV_10"": 1.1572, ""mV_11"": 1.2569, ""mV_12"": 1.5509, ""mV_13"": 2.0038, ""mV_14"": 2.1635, ""mV_15"": 1.6636, ""mV_16"": 1.1228, ""mV_17"": 1.1252, ""mV_18"": 1.5006, ""mV_19"": 1.8911, ""mV_20"": 1.5876}",False,ok,nie_dotyczy,1.0,1.0,0.0,,0,soft_vote_knn5_ridge_observed_only
test_0043,4,ok,nie_dotyczy,1.0,1.0,1.0,0.7723453725229584,51,brak,,"mV_16,mV_20",2,1.47339137505702,brak istotnego odchylenia,0.0,Werdykt OK: brak zmierzonego pasma przekraczającego próg anomalii.,"{""mV_0"": 0.0371, ""mV_1"": 0.063, ""mV_2"": 0.4402, ""mV_3"": 1.1422, ""mV_4"": 1.4734, ""mV_5"": 1.3782, ""mV_6"": 1.1958, ""mV_7"": 1.1686, ""mV_8"": 1.321, ""mV_9"": 1.2126, ""mV_10"": 0.7004, ""mV_11"": 0.2405, ""mV_12"": 0.1759, ""mV_13"": 0.2638, ""mV_14"": 0.4511, ""mV_15"": 0.55, ""mV_16"": null, ""mV_17"": 1.1734, ""mV_18"": 1.1422, ""mV_19"": 0.6532, ""mV_20"": null}",False,ok,nie_dotyczy,1.0,1.0,0.0,,0,soft_vote_knn5_ridge_observed_only
test_0043,5,ok,nie_dotyczy,1.0,1.0,1.0,0.7644601176793759,51,brak,,,0,1.9261780144712253,brak istotnego odchylenia,0.0,Werdykt OK: brak zmierzonego pasma przekraczającego próg anomalii.,"{""mV_0"": 0.4323, ""mV_1"": 0.5552, ""mV_2"": 1.1695, ""mV_3"": 1.8856, ""mV_4"": 1.9262, ""mV_5"": 1.7004, ""mV_6"": 1.6929, ""mV_7"": 1.6254, ""mV_8"": 1.2706, ""mV_9"": 0.8626, ""mV_10"": 0.6333, ""mV_11"": 0.7206, ""mV_12"": 1.0422, ""mV_13"": 1.468, ""mV_14"": 1.7514, ""mV_15"": 1.6938, ""mV_16"": 1.6218, ""mV_17"": 1.6082, ""mV_18"": 1.4957, ""mV_19"": 1.3794, ""mV_20"": 0.9639}",False,ok,nie_dotyczy,1.0,1.0,0.0,,0,soft_vote_knn5_ridge_observed_only
test_0043,6,ok,nie_dotyczy,1.0,1.0,1.0,0.8016644650731698,51,brak,,"mV_3,mV_15",2,1.184916615493607,brak istotnego odchylenia,0.0,Werdykt OK: brak zmierzonego pasma przekraczającego próg anomalii.,"{""mV_0"": 0.3072, ""mV_1"": 0.6258, ""mV_2"": 0.603, ""mV_3"": null, ""mV_4"": 0.9519, ""mV_5"": 1.1609, ""mV_6"": 0.9316, ""mV_7"": 0.8861, ""mV_8"": 1.1256, ""mV_9"": 1.1849, ""mV_10"": 0.8467, ""mV_11"": 0.399, ""mV_12"": 0.1654, ""mV_13"": 0.1358, ""mV_14"": 0.1049, ""mV_15"": null, ""mV_16"": 0.9922, ""mV_17"": 1.0371, ""mV_18"": 0.5942, ""mV_19"": 0.5258, ""mV_20"": 0.5397}",False,ok,nie_dotyczy,1.0,1.0,0.0,,0,soft_vote_knn5_ridge_observed_only
test_0043,7,ok,nie_dotyczy,1.0,1.0,1.0,0.8100501501579909,51,brak,,"mV_3,mV_14",2,0.8095043295444033,brak istotnego odchylenia,0.0,Werdykt OK: brak zmierzonego pasma przekraczającego próg anomalii.,"{""mV_0"": 0.5591, ""mV_1"": 0.8095, ""mV_2"": 0.4107, ""mV_3"": null, ""mV_4"": 0.5131, ""mV_5"": 0.4167, ""mV_6"": 0.1876, ""mV_7"": 0.1518, ""mV_8"": 0.2104, ""mV_9"": 0.3996, ""mV_10"": 0.6276, ""mV_11"": 0.7167, ""mV_12"": 0.731, ""mV_13"": 0.5486, ""mV_14"": null, ""mV_15"": 0.0324, ""mV_16"": 0.0768, ""mV_17"": 0.0708, ""mV_18"": 0.048, ""mV_19"": 0.1297, ""mV_20"": 0.1951}",False,ok,nie_dotyczy,1.0,1.0,0.0,,0,soft_vote_knn5_ridge_observed_only
test_0043,8,unknown,nie_dotyczy,1.0,1.0,1.0,0.7124272386859022,51,14–20 kHz,"mV_14,mV_15,mV_16,mV_17,mV_18,mV_19,mV_20",,0,9.148749652751807,podwyższona,0.2745216772783835,Podejrzenie unknown: najbardziej nietypowe jest pasmo 14–20 kHz; amplituda jest podwyższona względem zdrowej referencji.,"{""mV_0"": 1.9363, ""mV_1"": 1.2953, ""mV_2"": 0.52, ""mV_3"": 1.3552, ""mV_4"": 3.052, ""mV_5"": 4.7096, ""mV_6"": 5.7975, ""mV_7"": 5.9394, ""mV_8"": 5.296, ""mV_9"": 4.2516, ""mV_10"": 2.7091, ""mV_11"": 1.5152, ""mV_12"": 1.939, ""mV_13"": 3.6649, ""mV_14"": 5.77, ""mV_15"": 7.6763, ""mV_16"": 8.6609, ""mV_17"": 8.4868, ""mV_18"": 8.3424, ""mV_19"": 9.1487, ""mV_20"": 7.4647}",False,unknown,nie_dotyczy,1.0,1.0,0.0,,0,soft_vote_knn5_ridge_observed_only
test_0043,9,ok,nie_dotyczy,1.0,1.0,1.0,0.8519302276158769,51,brak,,,0,0.9398255713208005,brak istotnego odchylenia,0.0,Werdykt OK: brak zmierzonego pasma przekraczającego próg anomalii.,"{""mV_0"": 0.0796, ""mV_1"": 0.1606, ""mV_2"": 0.1859, ""mV_3"": 0.1855, ""mV_4"": 0.2837, ""mV_5"": 0.5293, ""mV_6"": 0.7057, ""mV_7"": 0.7405, ""mV_8"": 0.7912, ""mV_9"": 0.8854, ""mV_10"": 0.9398, ""mV_11"": 0.9098, ""mV_12"": 0.8805, ""mV_13"": 0.7197, ""mV_14"": 0.3712, ""mV_15"": 0.198, ""mV_16"": 0.3391, ""mV_17"": 0.4043, ""mV_18"": 0.1998, ""mV_19"": 0.1064, ""mV_20"": 0.1403}",False,ok,nie_dotyczy,1.0,1.0,0.0,,0,soft_vote_knn5_ridge_observed_only
test_0043,10,zakoksowany,male,1.0,1.0,1.0,0.7257659789424086,51,13–18 kHz,"mV_13,mV_14,mV_15,mV_16,mV_17,mV_18","mV_5,mV_6",2,5.5699038086055666,podwyższona,0.9884766126909429,Podejrzenie zakoksowany: najbardziej nietypowe jest pasmo 13–18 kHz; amplituda jest podwyższona względem zdrowej referencji.,"{""mV_0"": 1.335, ""mV_1"": 1.7152, ""mV_2"": 1.2613, ""mV_3"": 1.1271, ""mV_4"": 0.8975, ""mV_5"": null, ""mV_6"": null, ""mV_7"": 0.3868, ""mV_8"": 1.938, ""mV_9"": 3.1713, ""mV_10"": 2.2903, ""mV_11"": 1.7334, ""mV_12"": 2.6446, ""mV_13"": 3.4915, ""mV_14"": 4.285, ""mV_15"": 5.2953, ""mV_16"": 5.5699, ""mV_17"": 4.5839, ""mV_18"": 3.2636, ""mV_19"": 2.4852, ""mV_20"": 1.7124}",False,zakoksowany,male,1.0,1.0,0.0,,0,soft_vote_knn5_ridge_observed_only
test_0043,11,ok,nie_dotyczy,1.0,1.0,1.0,0.7779105452912922,51,3–5 kHz,"mV_3,mV_4,mV_5",,0,2.7631304868594952,podwyższona,0.0,"Werdykt OK, ale najsilniejsze lokalne odstępstwo występuje w paśmie 3–5 kHz; amplituda jest podwyższona.","{""mV_0"": 0.2718, ""mV_1"": 0.4613, ""mV_2"": 1.236, ""mV_3"": 2.3297, ""mV_4"": 2.7631, ""mV_5"": 2.5342, ""mV_6"": 1.9886, ""mV_7"": 1.5267, ""mV_8"": 1.4123, ""mV_9"": 1.2627, ""mV_10"": 0.9178, ""mV_11"": 0.6862, ""mV_12"": 0.6908, ""mV_13"": 0.6245, ""mV_14"": 0.5126, ""mV_15"": 0.7523, ""mV_16"": 1.1617, ""mV_17"": 1.276, ""mV_18"": 1.0368, ""mV_19"": 0.6933, ""mV_20"": 0.3603}",False,ok,nie_dotyczy,1.0,1.0,0.0,,0,soft_vote_knn5_ridge_observed_only
test_0043,12,ok,nie_dotyczy,1.0,1.0,1.0,0.7596956529051371,51,brak,,,0,1.3326886693713969,brak istotnego odchylenia,0.0,Werdykt OK: brak zmierzonego pasma przekraczającego próg anomalii.,"{""mV_0"": 0.0626, ""mV_1"": 0.2168, ""mV_2"": 0.365, ""mV_3"": 0.275, ""mV_4"": 0.1246, ""mV_5"": 0.0823, ""mV_6"": 0.0801, ""mV_7"": 0.1263, ""mV_8"": 0.1829, ""mV_9"": 0.1805, ""mV_10"": 0.3334, ""mV_11"": 0.6367, ""mV_12"": 0.8331, ""mV_13"": 1.0443, ""mV_14"": 1.0948, ""mV_15"": 0.6406, ""mV_16"": 0.1527, ""mV_17"": 0.2744, ""mV_18"": 0.8606, ""mV_19"": 1.3327, ""mV_20"": 1.1398}",False,ok,nie_dotyczy,1.0,1.0,0.0,,0,soft_vote_knn5_ridge_observed_only
test_0044,1,ok,nie_dotyczy,1.0,1.0,1.0,0.7950722231944175,51,brak,,"mV_2,mV_13",2,1.910384447189498,brak istotnego odchylenia,0.0,Werdykt OK: brak zmierzonego pasma przekraczającego próg anomalii.,"{""mV_0"": 0.2443, ""mV_1"": 0.4323, ""mV_2"": null, ""mV_3"": 1.215, ""mV_4"": 1.7758, ""mV_5"": 1.9104, ""mV_6"": 1.8254, ""mV_7"": 1.5391, ""mV_8"": 1.2366, ""mV_9"": 0.7979, ""mV_10"": 0.3836, ""mV_11"": 0.4019, ""mV_12"": 0.4153, ""mV_13"": null, ""mV_14"": 0.3188, ""mV_15"": 0.4622, ""mV_16"": 0.8493, ""mV_17"": 1.0778, ""mV_18"": 0.7957, ""mV_19"": 0.496, ""mV_20"": 0.3186}",False,ok,nie_dotyczy,1.0,1.0,0.0,,0,soft_vote_knn5_ridge_observed_only
test_0044,2,lejacy,duze,0.9803921568627451,1.0,0.9803921568627451,0.7117603706213923,51,4–20 kHz,"mV_4,mV_5,mV_6,mV_7,mV_8,mV_9,mV_10,mV_11,mV_12,mV_13,mV_14,mV_15,mV_16,mV_17,mV_18,mV_19,mV_20",,0,15.457417360637466,obniżona,0.991996240209037,Podejrzenie lejacy: najbardziej nietypowe jest pasmo 4–20 kHz; amplituda jest obniżona względem zdrowej referencji.,"{""mV_0"": 0.5852, ""mV_1"": 1.0036, ""mV_2"": 3.0985, ""mV_3"": 6.6787, ""mV_4"": 9.4185, ""mV_5"": 10.7833, ""mV_6"": 11.0549, ""mV_7"": 11.2415, ""mV_8"": 12.2144, ""mV_9"": 13.1394, ""mV_10"": 13.7549, ""mV_11"": 14.6054, ""mV_12"": 14.9853, ""mV_13"": 14.7094, ""mV_14"": 14.9269, ""mV_15"": 15.4574, ""mV_16"": 15.2713, ""mV_17"": 14.0291, ""mV_18"": 13.2283, ""mV_19"": 14.594, ""mV_20"": 12.2754}",False,lejacy,duze,0.9803921568627451,0.9803921568627451,0.0,,0,soft_vote_knn5_ridge_observed_only
test_0044,3,ok,nie_dotyczy,1.0,1.0,1.0,0.7667326113168516,51,19 kHz,mV_19,,0,2.225442054228825,obniżona,0.0,"Werdykt OK, ale najsilniejsze lokalne odstępstwo występuje w paśmie 19 kHz; amplituda jest obniżona.","{""mV_0"": 1.0254, ""mV_1"": 1.1978, ""mV_2"": 1.0193, ""mV_3"": 0.9545, ""mV_4"": 1.0226, ""mV_5"": 1.2196, ""mV_6"": 1.5275, ""mV_7"": 1.7857, ""mV_8"": 1.9122, ""mV_9"": 2.009, ""mV_10"": 2.0384, ""mV_11"": 1.9305, ""mV_12"": 1.779, ""mV_13"": 1.8012, ""mV_14"": 1.8783, ""mV_15"": 1.6522, ""mV_16"": 1.2643, ""mV_17"": 1.3052, ""mV_18"": 1.8095, ""mV_19"": 2.2254, ""mV_20"": 1.8227}",False,ok,nie_dotyczy,1.0,1.0,0.0,,0,soft_vote_knn5_ridge_observed_only
test_0044,4,ok,nie_dotyczy,1.0,1.0,1.0,0.8437283752829259,51,brak,,,0,1.6861389660682695,brak istotnego odchylenia,0.0,Werdykt OK: brak zmierzonego pasma przekraczającego próg anomalii.,"{""mV_0"": 0.6131, ""mV_1"": 0.8096, ""mV_2"": 1.1884, ""mV_3"": 1.6521, ""mV_4"": 1.6861, ""mV_5"": 1.5032, ""mV_6"": 1.3589, ""mV_7"": 1.2715, ""mV_8"": 1.2843, ""mV_9"": 1.3761, ""mV_10"": 1.3273, ""mV_11"": 1.0652, ""mV_12"": 0.9061, ""mV_13"": 1.0297, ""mV_14"": 1.0439, ""mV_15"": 0.6465, ""mV_16"": 0.2445, ""mV_17"": 0.3591, ""mV_18"": 0.8966, ""mV_19"": 1.2888, ""mV_20"": 1.014}",False,ok,nie_dotyczy,1.0,1.0,0.0,,0,soft_vote_knn5_ridge_observed_only
test_0044,5,ok,nie_dotyczy,1.0,1.0,1.0,0.8589063556744984,51,brak,,"mV_6,mV_8,mV_10",3,1.2835696183399892,brak istotnego odchylenia,0.0,Werdykt OK: brak zmierzonego pasma przekraczającego próg anomalii.,"{""mV_0"": 0.1243, ""mV_1"": 0.1961, ""mV_2"": 0.3791, ""mV_3"": 0.7211, ""mV_4"": 0.9366, ""mV_5"": 0.7445, ""mV_6"": null, ""mV_7"": 0.5286, ""mV_8"": null, ""mV_9"": 0.6156, ""mV_10"": null, ""mV_11"": 1.0877, ""mV_12"": 1.2836, ""mV_13"": 1.102, ""mV_14"": 0.9477, ""mV_15"": 0.7056, ""mV_16"": 0.3938, ""mV_17"": 0.2577, ""mV_18"": 0.5019, ""mV_19"": 0.8194, ""mV_20"": 0.6797}",False,ok,nie_dotyczy,1.0,1.0,0.0,,0,soft_vote_knn5_ridge_observed_only
test_0044,6,ok,nie_dotyczy,1.0,1.0,1.0,0.8196123179812054,51,brak,,,0,0.6512850593212075,brak istotnego odchylenia,0.0,Werdykt OK: brak zmierzonego pasma przekraczającego próg anomalii.,"{""mV_0"": 0.4998, ""mV_1"": 0.5997, ""mV_2"": 0.4595, ""mV_3"": 0.4985, ""mV_4"": 0.5956, ""mV_5"": 0.6022, ""mV_6"": 0.5477, ""mV_7"": 0.3954, ""mV_8"": 0.2546, ""mV_9"": 0.1938, ""mV_10"": 0.156, ""mV_11"": 0.1105, ""mV_12"": 0.0637, ""mV_13"": 0.0319, ""mV_14"": 0.0698, ""mV_15"": 0.2663, ""mV_16"": 0.5937, ""mV_17"": 0.6513, ""mV_18"": 0.3731, ""mV_19"": 0.2163, ""mV_20"": 0.1448}",False,ok,nie_dotyczy,1.0,1.0,0.0,,0,soft_vote_knn5_ridge_observed_only
test_0044,7,ok,nie_dotyczy,1.0,1.0,1.0,0.8538131513974553,51,brak,,"mV_9,mV_18",2,1.054515042266322,brak istotnego odchylenia,0.0,Werdykt OK: brak zmierzonego pasma przekraczającego próg anomalii.,"{""mV_0"": 0.5174, ""mV_1"": 0.7384, ""mV_2"": 0.8952, ""mV_3"": 1.0333, ""mV_4"": 0.9587, ""mV_5"": 0.7974, ""mV_6"": 0.7026, ""mV_7"": 0.7117, ""mV_8"": 0.5713, ""mV_9"": null, ""mV_10"": 0.5262, ""mV_11"": 0.7246, ""mV_12"": 0.8258, ""mV_13"": 1.0066, ""mV_14"": 1.0545, ""mV_15"": 0.7373, ""mV_16"": 0.2787, ""mV_17"": 0.0478, ""mV_18"": null, ""mV_19"": 0.2992, ""mV_20"": 0.3392}",False,ok,nie_dotyczy,1.0,1.0,0.0,,0,soft_vote_knn5_ridge_observed_only
test_0044,8,ok,nie_dotyczy,1.0,1.0,1.0,0.8141905377033921,51,16–17 kHz,"mV_16,mV_17",mV_15,1,2.4911804492589806,obniżona,0.0,"Werdykt OK, ale najsilniejsze lokalne odstępstwo występuje w paśmie 16–17 kHz; amplituda jest obniżona.","{""mV_0"": 0.6889, ""mV_1"": 0.9596, ""mV_2"": 1.0955, ""mV_3"": 1.2509, ""mV_4"": 1.4135, ""mV_5"": 1.628, ""mV_6"": 1.7853, ""mV_7"": 1.7547, ""mV_8"": 1.5738, ""mV_9"": 1.2321, ""mV_10"": 0.8159, ""mV_11"": 0.653, ""mV_12"": 0.8295, ""mV_13"": 1.1687, ""mV_14"": 1.0802, ""mV_15"": null, ""mV_16"": 2.1247, ""mV_17"": 2.4912, ""mV_18"": 1.8104, ""mV_19"": 1.4717, ""mV_20"": 1.1824}",False,ok,nie_dotyczy,1.0,1.0,0.0,,0,soft_vote_knn5_ridge_observed_only
test_0044,9,ok,nie_dotyczy,1.0,1.0,1.0,0.8326359658640978,51,brak,,mV_20,1,0.7404223775123128,brak istotnego odchylenia,0.0,Werdykt OK: brak zmierzonego pasma przekraczającego próg anomalii.,"{""mV_0"": 0.1668, ""mV_1"": 0.1027, ""mV_2"": 0.0421, ""mV_3"": 0.0983, ""mV_4"": 0.2041, ""mV_5"": 0.2804, ""mV_6"": 0.3189, ""mV_7"": 0.2942, ""mV_8"": 0.2268, ""mV_9"": 0.2454, ""mV_10"": 0.3808, ""mV_11"": 0.5439, ""mV_12"": 0.6628, ""mV_13"": 0.7404, ""mV_14"": 0.7143, ""mV_15"": 0.5006, ""mV_16"": 0.2682, ""mV_17"": 0.1891, ""mV_18"": 0.2419, ""mV_19"": 0.2507, ""mV_20"": null}",False,ok,nie_dotyczy,1.0,1.0,0.0,,0,soft_vote_knn5_ridge_observed_only
test_0044,10,ok,nie_dotyczy,1.0,1.0,1.0,0.804363372358951,51,brak,,"mV_5,mV_9",2,1.9497474022343366,brak istotnego odchylenia,0.0,Werdykt OK: brak zmierzonego pasma przekraczającego próg anomalii.,"{""mV_0"": 1.0152, ""mV_1"": 1.146, ""mV_2"": 1.0162, ""mV_3"": 1.2361, ""mV_4"": 1.1057, ""mV_5"": null, ""mV_6"": 1.3682, ""mV_7"": 1.636, ""mV_8"": 1.0495, ""mV_9"": null, ""mV_10"": 1.0677, ""mV_11"": 1.4308, ""mV_12"": 1.4428, ""mV_13"": 1.6131, ""mV_14"": 1.8659, ""mV_15"": 1.9497, ""mV_16"": 1.8641, ""mV_17"": 1.6806, ""mV_18"": 1.5246, ""mV_19"": 1.5069, ""mV_20"": 1.1418}",False,ok,nie_dotyczy,1.0,1.0,0.0,,0,soft_vote_knn5_ridge_observed_only
test_0044,11,ok,nie_dotyczy,1.0,1.0,1.0,0.8181995748647383,51,brak,,,0,0.6971395120102871,brak istotnego odchylenia,0.0,Werdykt OK: brak zmierzonego pasma przekraczającego próg anomalii.,"{""mV_0"": 0.4171, ""mV_1"": 0.3268, ""mV_2"": 0.1951, ""mV_3"": 0.3241, ""mV_4"": 0.5623, ""mV_5"": 0.6971, ""mV_6"": 0.5457, ""mV_7"": 0.251, ""mV_8"": 0.0918, ""mV_9"": 0.1348, ""mV_10"": 0.2508, ""mV_11"": 0.3481, ""mV_12"": 0.3939, ""mV_13"": 0.3556, ""mV_14"": 0.2464, ""mV_15"": 0.2271, ""mV_16"": 0.5005, ""mV_17"": 0.6664, ""mV_18"": 0.4757, ""mV_19"": 0.3378, ""mV_20"": 0.2337}",False,ok,nie_dotyczy,1.0,1.0,0.0,,0,soft_vote_knn5_ridge_observed_only
test_0044,12,ok,nie_dotyczy,1.0,1.0,1.0,0.8137300073442146,51,brak,,mV_16,1,1.1105157865652509,brak istotnego odchylenia,0.0,Werdykt OK: brak zmierzonego pasma przekraczającego próg anomalii.,"{""mV_0"": 0.7663, ""mV_1"": 1.0231, ""mV_2"": 0.52, ""mV_3"": 0.1278, ""mV_4"": 0.2459, ""mV_5"": 0.4331, ""mV_6"": 0.5114, ""mV_7"": 0.5406, ""mV_8"": 0.5727, ""mV_9"": 0.7162, ""mV_10"": 0.9398, ""mV_11"": 1.0584, ""mV_12"": 1.0316, ""mV_13"": 1.0075, ""mV_14"": 1.1105, ""mV_15"": 0.9238, ""mV_16"": null, ""mV_17"": 0.9485, ""mV_18"": 0.8642, ""mV_19"": 0.425, ""mV_20"": 0.1262}",False,ok,nie_dotyczy,1.0,1.0,0.0,,0,soft_vote_knn5_ridge_observed_only
test_0044,13,pompa,male,1.0,1.0,1.0,0.6437241005066763,51,8–16 kHz,"mV_8,mV_9,mV_10,mV_11,mV_12,mV_13,mV_14,mV_15,mV_16",,0,3.9710623229207687,obniżona,0.9911741534204813,Podejrzenie pompa: najbardziej nietypowe jest pasmo 8–16 kHz; amplituda jest obniżona względem zdrowej referencji.,"{""mV_0"": 0.3207, ""mV_1"": 0.8951, ""mV_2"": 2.0424, ""mV_3"": 3.0058, ""mV_4"": 2.6367, ""mV_5"": 1.911, ""mV_6"": 1.809, ""mV_7"": 2.0344, ""mV_8"": 2.3704, ""mV_9"": 2.6933, ""mV_10"": 3.0288, ""mV_11"": 3.4817, ""mV_12"": 3.907, ""mV_13"": 3.9711, ""mV_14"": 3.5492, ""mV_15"": 2.9079, ""mV_16"": 2.1983, ""mV_17"": 1.2839, ""mV_18"": 0.6632, ""mV_19"": 1.0498, ""mV_20"": 1.3063}",False,pompa,male,1.0,1.0,0.0,,0,soft_vote_knn5_ridge_observed_only
test_0044,14,ok,nie_dotyczy,1.0,1.0,1.0,0.8501481245871578,51,brak,,,0,0.9397375669569221,brak istotnego odchylenia,0.0,Werdykt OK: brak zmierzonego pasma przekraczającego próg anomalii.,"{""mV_0"": 0.1544, ""mV_1"": 0.1631, ""mV_2"": 0.2977, ""mV_3"": 0.4167, ""mV_4"": 0.2774, ""mV_5"": 0.1406, ""mV_6"": 0.1096, ""mV_7"": 0.0958, ""mV_8"": 0.0827, ""mV_9"": 0.053, ""mV_10"": 0.0475, ""mV_11"": 0.0493, ""mV_12"": 0.0235, ""mV_13"": 0.0312, ""mV_14"": 0.1206, ""mV_15"": 0.3083, ""mV_16"": 0.5819, ""mV_17"": 0.7979, ""mV_18"": 0.8612, ""mV_19"": 0.9397, ""mV_20"": 0.8021}",False,ok,nie_dotyczy,1.0,1.0,0.0,,0,soft_vote_knn5_ridge_observed_only
test_0044,15,ok,nie_dotyczy,1.0,1.0,1.0,0.8144081167932118,51,brak,,mV_2,1,1.8331037861189998,brak istotnego odchylenia,0.0,Werdykt OK: brak zmierzonego pasma przekraczającego próg anomalii.,"{""mV_0"": 1.0129, ""mV_1"": 0.973, ""mV_2"": null, ""mV_3"": 1.6658, ""mV_4"": 1.8331, ""mV_5"": 1.3914, ""mV_6"": 1.1, ""mV_7"": 0.8889, ""mV_8"": 0.6151, ""mV_9"": 0.2802, ""mV_10"": 0.0997, ""mV_11"": 0.0445, ""mV_12"": 0.0827, ""mV_13"": 0.2972, ""mV_14"": 0.5227, ""mV_15"": 0.5638, ""mV_16"": 0.5496, ""mV_17"": 0.5764, ""mV_18"": 0.5482, ""mV_19"": 0.4792, ""mV_20"": 0.3119}",False,ok,nie_dotyczy,1.0,1.0,0.0,,0,soft_vote_knn5_ridge_observed_only
test_0044,16,ok,nie_dotyczy,1.0,1.0,1.0,0.805924855032462,51,19 kHz,mV_19,mV_17,1,2.1571213964121605,obniżona,0.0,"Werdykt OK, ale najsilniejsze lokalne odstępstwo występuje w paśmie 19 kHz; amplituda jest obniżona.","{""mV_0"": 1.1448, ""mV_1"": 1.0493, ""mV_2"": 0.3729, ""mV_3"": 0.1936, ""mV_4"": 0.4703, ""mV_5"": 0.7354, ""mV_6"": 0.9505, ""mV_7"": 1.1637, ""mV_8"": 1.3535, ""mV_9"": 1.528, ""mV_10"": 1.6129, ""mV_11"": 1.5632, ""mV_12"": 1.3725, ""mV_13"": 1.0846, ""mV_14"": 0.8731, ""mV_15"": 0.9369, ""mV_16"": 0.8593, ""mV_17"": null, ""mV_18"": 1.6907, ""mV_19"": 2.1571, ""mV_20"": 1.5655}",False,ok,nie_dotyczy,1.0,1.0,0.0,,0,soft_vote_knn5_ridge_observed_only
test_0045,1,ok,nie_dotyczy,1.0,1.0,1.0,0.7971498757168277,51,brak,,mV_17,1,1.3052466949982418,brak istotnego odchylenia,0.0,Werdykt OK: brak zmierzonego pasma przekraczającego próg anomalii.,"{""mV_0"": 0.2593, ""mV_1"": 0.4437, ""mV_2"": 0.706, ""mV_3"": 0.8141, ""mV_4"": 0.6044, ""mV_5"": 0.4057, ""mV_6"": 0.4289, ""mV_7"": 0.4558, ""mV_8"": 0.3919, ""mV_9"": 0.5099, ""mV_10"": 0.9001, ""mV_11"": 1.2457, ""mV_12"": 1.2776, ""mV_13"": 1.1763, ""mV_14"": 1.1531, ""mV_15"": 1.3052, ""mV_16"": 1.1897, ""mV_17"": null, ""mV_18"": 0.2032, ""mV_19"": 0.2404, ""mV_20"": 0.1125}",False,ok,nie_dotyczy,1.0,1.0,0.0,,0,soft_vote_knn5_ridge_observed_only
test_0045,2,zakoksowany,male,1.0,1.0,1.0,0.7183009538733807,51,14–19 kHz,"mV_14,mV_15,mV_16,mV_17,mV_18,mV_19",mV_6,1,6.29682797720972,podwyższona,0.9752371422827961,Podejrzenie zakoksowany: najbardziej nietypowe jest pasmo 14–19 kHz; amplituda jest podwyższona względem zdrowej referencji.,"{""mV_0"": 0.6766, ""mV_1"": 1.1059, ""mV_2"": 1.3991, ""mV_3"": 0.956, ""mV_4"": 0.4808, ""mV_5"": 0.3731, ""mV_6"": null, ""mV_7"": 0.4475, ""mV_8"": 1.9808, ""mV_9"": 2.8992, ""mV_10"": 1.8884, ""mV_11"": 1.3738, ""mV_12"": 2.2127, ""mV_13"": 3.1732, ""mV_14"": 4.2961, ""mV_15"": 5.6098, ""mV_16"": 6.2968, ""mV_17"": 5.7611, ""mV_18"": 4.5929, ""mV_19"": 3.8145, ""mV_20"": 2.6983}",False,zakoksowany,male,1.0,1.0,0.0,,0,soft_vote_knn5_ridge_observed_only
test_0045,3,ok,nie_dotyczy,1.0,1.0,1.0,0.8220374151144945,51,brak,,,0,1.348997763817275,brak istotnego odchylenia,0.0,Werdykt OK: brak zmierzonego pasma przekraczającego próg anomalii.,"{""mV_0"": 0.7956, ""mV_1"": 1.0379, ""mV_2"": 0.8472, ""mV_3"": 0.4284, ""mV_4"": 0.2509, ""mV_5"": 0.3695, ""mV_6"": 0.549, ""mV_7"": 0.6463, ""mV_8"": 0.6247, ""mV_9"": 0.6716, ""mV_10"": 0.865, ""mV_11"": 1.0721, ""mV_12"": 1.1535, ""mV_13"": 1.2437, ""mV_14"": 1.349, ""mV_15"": 1.2476, ""mV_16"": 0.8494, ""mV_17"": 0.425, ""mV_18"": 0.3639, ""mV_19"": 0.5557, ""mV_20"": 0.5565}",False,ok,nie_dotyczy,1.0,1.0,0.0,,0,soft_vote_knn5_ridge_observed_only
test_0045,4,ok,nie_dotyczy,1.0,1.0,1.0,0.7609388421045061,51,brak,,"mV_10,mV_14",2,1.3001471477181026,brak istotnego odchylenia,0.0,Werdykt OK: brak zmierzonego pasma przekraczającego próg anomalii.,"{""mV_0"": 0.2025, ""mV_1"": 0.2832, ""mV_2"": 0.3986, ""mV_3"": 0.6032, ""mV_4"": 0.9003, ""mV_5"": 1.135, ""mV_6"": 1.1022, ""mV_7"": 0.9118, ""mV_8"": 0.7327, ""mV_9"": 0.4773, ""mV_10"": null, ""mV_11"": 0.2004, ""mV_12"": 0.1907, ""mV_13"": 0.1545, ""mV_14"": null, ""mV_15"": 0.2147, ""mV_16"": 0.9033, ""mV_17"": 1.3001, ""mV_18"": 0.7231, ""mV_19"": 0.5197, ""mV_20"": 0.6294}",False,ok,nie_dotyczy,1.0,1.0,0.0,,0,soft_vote_knn5_ridge_observed_only
test_0045,5,ok,nie_dotyczy,1.0,1.0,1.0,0.7904830123874659,51,1–2 kHz,"mV_1,mV_2",,0,2.501729559829081,podwyższona,0.0,"Werdykt OK, ale najsilniejsze lokalne odstępstwo występuje w paśmie 1–2 kHz; amplituda jest podwyższona.","{""mV_0"": 1.8223, ""mV_1"": 2.5017, ""mV_2"": 2.1714, ""mV_3"": 1.3484, ""mV_4"": 1.0177, ""mV_5"": 1.2035, ""mV_6"": 1.3024, ""mV_7"": 1.3868, ""mV_8"": 1.6108, ""mV_9"": 1.876, ""mV_10"": 1.9081, ""mV_11"": 1.6906, ""mV_12"": 1.5054, ""mV_13"": 1.4721, ""mV_14"": 1.6263, ""mV_15"": 1.8547, ""mV_16"": 1.8706, ""mV_17"": 1.4979, ""mV_18"": 1.1328, ""mV_19"": 1.2408, ""mV_20"": 1.0559}",False,ok,nie_dotyczy,1.0,1.0,0.0,,0,soft_vote_knn5_ridge_observed_only
test_0045,6,ok,nie_dotyczy,1.0,1.0,1.0,0.7773800012262233,51,brak,,,0,1.375758463438688,brak istotnego odchylenia,0.0,Werdykt OK: brak zmierzonego pasma przekraczającego próg anomalii.,"{""mV_0"": 0.3007, ""mV_1"": 0.2603, ""mV_2"": 0.3268, ""mV_3"": 0.5306, ""mV_4"": 0.5282, ""mV_5"": 0.4461, ""mV_6"": 0.4728, ""mV_7"": 0.5553, ""mV_8"": 0.6455, ""mV_9"": 0.609, ""mV_10"": 0.5233, ""mV_11"": 0.5562, ""mV_12"": 0.4663, ""mV_13"": 0.2082, ""mV_14"": 0.3342, ""mV_15"": 0.8876, ""mV_16"": 1.3758, ""mV_17"": 1.3424, ""mV_18"": 0.9675, ""mV_19"": 0.855, ""mV_20"": 0.5567}",False,ok,nie_dotyczy,1.0,1.0,0.0,,0,soft_vote_knn5_ridge_observed_only
test_0045,7,ok,nie_dotyczy,1.0,1.0,1.0,0.8542513455262059,51,brak,,mV_2,1,0.6513484089521351,brak istotnego odchylenia,0.0,Werdykt OK: brak zmierzonego pasma przekraczającego próg anomalii.,"{""mV_0"": 0.0649, ""mV_1"": 0.0527, ""mV_2"": null, ""mV_3"": 0.1265, ""mV_4"": 0.1982, ""mV_5"": 0.2783, ""mV_6"": 0.2666, ""mV_7"": 0.2742, ""mV_8"": 0.462, ""mV_9"": 0.6513, ""mV_10"": 0.6227, ""mV_11"": 0.4142, ""mV_12"": 0.2097, ""mV_13"": 0.1371, ""mV_14"": 0.1211, ""mV_15"": 0.0619, ""mV_16"": 0.0567, ""mV_17"": 0.1579, ""mV_18"": 0.1949, ""mV_19"": 0.1052, ""mV_20"": 0.0468}",False,ok,nie_dotyczy,1.0,1.0,0.0,,0,soft_vote_knn5_ridge_observed_only
test_0045,8,lejacy,duze,1.0,1.0,1.0,0.7026216077529438,51,14–17 kHz,"mV_14,mV_15,mV_16,mV_17","mV_1,mV_6,mV_13",3,16.254993618709083,obniżona,0.9869419763964566,Podejrzenie lejacy: najbardziej nietypowe jest pasmo 14–17 kHz; amplituda jest obniżona względem zdrowej referencji.,"{""mV_0"": 0.0845, ""mV_1"": null, ""mV_2"": 0.7227, ""mV_3"": 3.5523, ""mV_4"": 8.3117, ""mV_5"": 8.3026, ""mV_6"": null, ""mV_7"": 8.0591, ""mV_8"": 11.4945, ""mV_9"": 12.4145, ""mV_10"": 13.2597, ""mV_11"": 14.471, ""mV_12"": 11.5332, ""mV_13"": null, ""mV_14"": 12.5894, ""mV_15"": 16.255, ""mV_16"": 14.5214, ""mV_17"": 10.5647, ""mV_18"": 7.6232, ""mV_19"": 8.324, ""mV_20"": 7.1065}",False,lejacy,duze,1.0,1.0,0.0,,0,soft_vote_knn5_ridge_observed_only
test_0045,9,ok,nie_dotyczy,1.0,1.0,1.0,0.8315587405840261,51,brak,,mV_12,1,0.6140828950199126,brak istotnego odchylenia,0.0,Werdykt OK: brak zmierzonego pasma przekraczającego próg anomalii.,"{""mV_0"": 0.6141, ""mV_1"": 0.5042, ""mV_2"": 0.3782, ""mV_3"": 0.5356, ""mV_4"": 0.513, ""mV_5"": 0.3008, ""mV_6"": 0.2418, ""mV_7"": 0.3563, ""mV_8"": 0.4511, ""mV_9"": 0.4773, ""mV_10"": 0.5504, ""mV_11"": 0.4927, ""mV_12"": null, ""mV_13"": 0.3529, ""mV_14"": 0.4842, ""mV_15"": 0.3121, ""mV_16"": 0.2765, ""mV_17"": 0.3938, ""mV_18"": 0.2589, ""mV_19"": 0.2164, ""mV_20"": 0.2859}",False,ok,nie_dotyczy,1.0,1.0,0.0,,0,soft_vote_knn5_ridge_observed_only
test_0045,10,ok,nie_dotyczy,1.0,1.0,1.0,0.7769635838435315,51,brak,,"mV_4,mV_12",2,1.6919723157743205,brak istotnego odchylenia,0.0,Werdykt OK: brak zmierzonego pasma przekraczającego próg anomalii.,"{""mV_0"": 0.9143, ""mV_1"": 1.4646, ""mV_2"": 1.3937, ""mV_3"": 0.5709, ""mV_4"": null, ""mV_5"": 0.1175, ""mV_6"": 0.2028, ""mV_7"": 0.1787, ""mV_8"": 0.1582, ""mV_9"": 0.3033, ""mV_10"": 0.3566, ""mV_11"": 0.1624, ""mV_12"": null, ""mV_13"": 0.3991, ""mV_14"": 0.8128, ""mV_15"": 1.2608, ""mV_16"": 1.6713, ""mV_17"": 1.692, ""mV_18"": 1.2151, ""mV_19"": 1.0096, ""mV_20"": 0.801}",False,ok,nie_dotyczy,1.0,1.0,0.0,,0,soft_vote_knn5_ridge_observed_only
test_0045,11,ok,nie_dotyczy,1.0,1.0,1.0,0.789018017817964,51,brak,,mV_9,1,1.0991486801762684,brak istotnego odchylenia,0.0,Werdykt OK: brak zmierzonego pasma przekraczającego próg anomalii.,"{""mV_0"": 0.8392, ""mV_1"": 1.0991, ""mV_2"": 1.0467, ""mV_3"": 0.9471, ""mV_4"": 0.7715, ""mV_5"": 0.5805, ""mV_6"": 0.3642, ""mV_7"": 0.1801, ""mV_8"": 0.0821, ""mV_9"": null, ""mV_10"": 0.0594, ""mV_11"": 0.0617, ""mV_12"": 0.0362, ""mV_13"": 0.0502, ""mV_14"": 0.1935, ""mV_15"": 0.4608, ""mV_16"": 0.8529, ""mV_17"": 1.0621, ""mV_18"": 0.8837, ""mV_19"": 0.6817, ""mV_20"": 0.409}",False,ok,nie_dotyczy,1.0,1.0,0.0,,0,soft_vote_knn5_ridge_observed_only
test_0045,12,ok,nie_dotyczy,1.0,1.0,1.0,0.8043832214396529,51,brak,,,0,1.0719421454388471,brak istotnego odchylenia,0.0,Werdykt OK: brak zmierzonego pasma przekraczającego próg anomalii.,"{""mV_0"": 0.3389, ""mV_1"": 0.7642, ""mV_2"": 1.0406, ""mV_3"": 0.7804, ""mV_4"": 0.3808, ""mV_5"": 0.1331, ""mV_6"": 0.0771, ""mV_7"": 0.1846, ""mV_8"": 0.265, ""mV_9"": 0.356, ""mV_10"": 0.5097, ""mV_11"": 0.6548, ""mV_12"": 0.7688, ""mV_13"": 0.9442, ""mV_14"": 1.0435, ""mV_15"": 0.9095, ""mV_16"": 0.9688, ""mV_17"": 1.0719, ""mV_18"": 0.8926, ""mV_19"": 1.0145, ""mV_20"": 0.9926}",False,ok,nie_dotyczy,1.0,1.0,0.0,,0,soft_vote_knn5_ridge_observed_only
test_0045,13,ok,nie_dotyczy,1.0,1.0,1.0,0.743302973252521,51,3–12 kHz,"mV_3,mV_4,mV_5,mV_6,mV_7,mV_8,mV_9,mV_10,mV_11,mV_12",,0,2.5598493499809596,obniżona,0.0,"Werdykt OK, ale najsilniejsze lokalne odstępstwo występuje w paśmie 3–12 kHz; amplituda jest obniżona.","{""mV_0"": 1.4443, ""mV_1"": 1.7945, ""mV_2"": 1.9413, ""mV_3"": 2.3609, ""mV_4"": 2.5598, ""mV_5"": 2.5379, ""mV_6"": 2.3947, ""mV_7"": 2.1408, ""mV_8"": 2.0133, ""mV_9"": 2.0627, ""mV_10"": 2.2293, ""mV_11"": 2.3841, ""mV_12"": 2.2397, ""mV_13"": 1.9365, ""mV_14"": 1.6414, ""mV_15"": 1.4407, ""mV_16"": 1.3457, ""mV_17"": 1.3976, ""mV_18"": 1.8743, ""mV_19"": 2.2929, ""mV_20"": 1.7785}",False,ok,nie_dotyczy,1.0,1.0,0.0,,0,soft_vote_knn5_ridge_observed_only
test_0045,14,ok,nie_dotyczy,1.0,1.0,1.0,0.8200233974520005,51,brak,,"mV_3,mV_4",2,1.27579742314725,brak istotnego odchylenia,0.0,Werdykt OK: brak zmierzonego pasma przekraczającego próg anomalii.,"{""mV_0"": 0.7124, ""mV_1"": 1.2707, ""mV_2"": 1.2758, ""mV_3"": null, ""mV_4"": null, ""mV_5"": 0.2112, ""mV_6"": 0.2211, ""mV_7"": 0.1451, ""mV_8"": 0.1899, ""mV_9"": 0.3128, ""mV_10"": 0.3562, ""mV_11"": 0.3842, ""mV_12"": 0.5145, ""mV_13"": 0.4637, ""mV_14"": 0.1993, ""mV_15"": 0.1482, ""mV_16"": 0.3866, ""mV_17"": 0.5395, ""mV_18"": 0.4224, ""mV_19"": 0.4401, ""mV_20"": 0.4705}",False,ok,nie_dotyczy,1.0,1.0,0.0,,0,soft_vote_knn5_ridge_observed_only
test_0045,15,ok,nie_dotyczy,1.0,1.0,1.0,0.8401021227093796,51,brak,,"mV_14,mV_18",2,1.3965218845783622,brak istotnego odchylenia,0.0,Werdykt OK: brak zmierzonego pasma przekraczającego próg anomalii.,"{""mV_0"": 0.5545, ""mV_1"": 1.2493, ""mV_2"": 1.3601, ""mV_3"": 0.6213, ""mV_4"": 0.2124, ""mV_5"": 0.4048, ""mV_6"": 0.6612, ""mV_7"": 0.8601, ""mV_8"": 0.9466, ""mV_9"": 1.0073, ""mV_10"": 1.0878, ""mV_11"": 1.2001, ""mV_12"": 1.3965, ""mV_13"": 1.1495, ""mV_14"": null, ""mV_15"": 0.9689, ""mV_16"": 1.2213, ""mV_17"": 0.9072, ""mV_18"": null, ""mV_19"": 0.4074, ""mV_20"": 0.437}",False,ok,nie_dotyczy,1.0,1.0,0.0,,0,soft_vote_knn5_ridge_observed_only
test_0045,16,ok,nie_dotyczy,1.0,1.0,1.0,0.8269661538062779,51,brak,,mV_8,1,1.6606555917878745,brak istotnego odchylenia,0.0,Werdykt OK: brak zmierzonego pasma przekraczającego próg anomalii.,"{""mV_0"": 0.8512, ""mV_1"": 0.7757, ""mV_2"": 0.3803, ""mV_3"": 0.4526, ""mV_4"": 0.8454, ""mV_5"": 1.34, ""mV_6"": 1.6607, ""mV_7"": 1.278, ""mV_8"": null, ""mV_9"": 1.1542, ""mV_10"": 1.3379, ""mV_11"": 1.1203, ""mV_12"": 1.0979, ""mV_13"": 1.1606, ""mV_14"": 1.1034, ""mV_15"": 0.8896, ""mV_16"": 0.5831, ""mV_17"": 0.3216, ""mV_18"": 0.1892, ""mV_19"": 0.1621, ""mV_20"": 0.1254}",False,ok,nie_dotyczy,1.0,1.0,0.0,,0,soft_vote_knn5_ridge_observed_only
test_0046,1,ok,nie_dotyczy,1.0,1.0,1.0,0.7856442855771262,51,brak,,mV_9,1,1.8294416698202085,brak istotnego odchylenia,0.0,Werdykt OK: brak zmierzonego pasma przekraczającego próg anomalii.,"{""mV_0"": 0.5698, ""mV_1"": 0.4389, ""mV_2"": 0.2231, ""mV_3"": 0.3795, ""mV_4"": 0.5997, ""mV_5"": 0.578, ""mV_6"": 0.3451, ""mV_7"": 0.1613, ""mV_8"": 0.0916, ""mV_9"": null, ""mV_10"": 0.4566, ""mV_11"": 0.739, ""mV_12"": 0.8325, ""mV_13"": 0.8871, ""mV_14"": 1.0741, ""mV_15"": 1.4933, ""mV_16"": 1.8294, ""mV_17"": 1.785, ""mV_18"": 1.2852, ""mV_19"": 0.6457, ""mV_20"": 0.383}",False,ok,nie_dotyczy,1.0,1.0,0.0,,0,soft_vote_knn5_ridge_observed_only
test_0046,2,ok,nie_dotyczy,1.0,1.0,1.0,0.7799694021169734,51,19 kHz,mV_19,,0,2.4537737268789934,podwyższona,0.0,"Werdykt OK, ale najsilniejsze lokalne odstępstwo występuje w paśmie 19 kHz; amplituda jest podwyższona.","{""mV_0"": 0.8452, ""mV_1"": 0.7352, ""mV_2"": 0.7613, ""mV_3"": 1.0655, ""mV_4"": 1.1398, ""mV_5"": 1.0712, ""mV_6"": 1.0093, ""mV_7"": 1.019, ""mV_8"": 0.9722, ""mV_9"": 0.8072, ""mV_10"": 0.6596, ""mV_11"": 0.5784, ""mV_12"": 0.4761, ""mV_13"": 0.3239, ""mV_14"": 0.1868, ""mV_15"": 0.103, ""mV_16"": 0.0906, ""mV_17"": 0.3222, ""mV_18"": 1.321, ""mV_19"": 2.4538, ""mV_20"": 1.9735}",False,ok,nie_dotyczy,1.0,1.0,0.0,,0,soft_vote_knn5_ridge_observed_only
test_0046,3,ok,nie_dotyczy,1.0,1.0,1.0,0.7594795346806529,51,brak,,mV_15,1,1.5691455875340166,brak istotnego odchylenia,0.0,Werdykt OK: brak zmierzonego pasma przekraczającego próg anomalii.,"{""mV_0"": 0.7178, ""mV_1"": 1.1152, ""mV_2"": 0.5915, ""mV_3"": 0.2405, ""mV_4"": 0.3828, ""mV_5"": 0.6506, ""mV_6"": 1.0323, ""mV_7"": 1.3145, ""mV_8"": 1.4891, ""mV_9"": 1.5691, ""mV_10"": 1.47, ""mV_11"": 1.3286, ""mV_12"": 1.3763, ""mV_13"": 1.5379, ""mV_14"": 1.2231, ""mV_15"": null, ""mV_16"": 0.9785, ""mV_17"": 0.9157, ""mV_18"": 0.398, ""mV_19"": 0.198, ""mV_20"": 0.1514}",False,ok,nie_dotyczy,1.0,1.0,0.0,,0,soft_vote_knn5_ridge_observed_only
test_0046,4,ok,nie_dotyczy,1.0,1.0,1.0,0.7490751361469973,51,brak,,,0,1.9510674768396143,brak istotnego odchylenia,0.0,Werdykt OK: brak zmierzonego pasma przekraczającego próg anomalii.,"{""mV_0"": 0.6025, ""mV_1"": 1.3185, ""mV_2"": 0.9959, ""mV_3"": 0.3835, ""mV_4"": 0.2541, ""mV_5"": 0.252, ""mV_6"": 0.2167, ""mV_7"": 0.1778, ""mV_8"": 0.2428, ""mV_9"": 0.3843, ""mV_10"": 0.4533, ""mV_11"": 0.5222, ""mV_12"": 0.7443, ""mV_13"": 0.9681, ""mV_14"": 1.042, ""mV_15"": 1.0393, ""mV_16"": 0.8984, ""mV_17"": 0.7988, ""mV_18"": 1.4017, ""mV_19"": 1.9511, ""mV_20"": 1.2575}",False,ok,nie_dotyczy,1.0,1.0,0.0,,0,soft_vote_knn5_ridge_observed_only
test_0046,5,iglica,male,0.9607843137254902,1.0,0.9607843137254902,0.8040757918456007,51,7–14 kHz,"mV_7,mV_8,mV_9,mV_10,mV_11,mV_12,mV_13,mV_14",,0,4.908351512341627,obniżona,0.9710429976129303,Podejrzenie iglica: najbardziej nietypowe jest pasmo 7–14 kHz; amplituda jest obniżona względem zdrowej referencji.,"{""mV_0"": 0.2256, ""mV_1"": 0.644, ""mV_2"": 1.0586, ""mV_3"": 1.0237, ""mV_4"": 0.7363, ""mV_5"": 1.1063, ""mV_6"": 2.2873, ""mV_7"": 3.4659, ""mV_8"": 4.4434, ""mV_9"": 4.9084, ""mV_10"": 4.6421, ""mV_11"": 4.2591, ""mV_12"": 4.0855, ""mV_13"": 4.113, ""mV_14"": 3.8275, ""mV_15"": 2.678, ""mV_16"": 1.5424, ""mV_17"": 1.0627, ""mV_18"": 1.0153, ""mV_19"": 1.5896, ""mV_20"": 1.6299}",False,iglica,male,0.9607843137254902,0.9607843137254902,0.0,,0,soft_vote_knn5_ridge_observed_only
test_0046,6,ok,nie_dotyczy,1.0,1.0,1.0,0.7126455229996058,51,brak,,"mV_0,mV_3",2,1.4012676217695659,brak istotnego odchylenia,0.0,Werdykt OK: brak zmierzonego pasma przekraczającego próg anomalii.,"{""mV_0"": null, ""mV_1"": 0.9349, ""mV_2"": 1.2854, ""mV_3"": null, ""mV_4"": 0.5341, ""mV_5"": 0.8507, ""mV_6"": 1.1895, ""mV_7"": 1.4013, ""mV_8"": 1.3269, ""mV_9"": 1.1069, ""mV_10"": 0.7721, ""mV_11"": 0.435, ""mV_12"": 0.27, ""mV_13"": 0.2573, ""mV_14"": 0.2665, ""mV_15"": 0.2031, ""mV_16"": 0.1469, ""mV_17"": 0.2808, ""mV_18"": 0.5058, ""mV_19"": 0.4685, ""mV_20"": 0.192}",False,ok,nie_dotyczy,1.0,1.0,0.0,,0,soft_vote_knn5_ridge_observed_only
test_0046,7,ok,nie_dotyczy,1.0,1.0,1.0,0.7204736000770496,51,brak,,mV_8,1,1.580259987870661,brak istotnego odchylenia,0.0,Werdykt OK: brak zmierzonego pasma przekraczającego próg anomalii.,"{""mV_0"": 0.4152, ""mV_1"": 1.1836, ""mV_2"": 1.5803, ""mV_3"": 1.2325, ""mV_4"": 0.7207, ""mV_5"": 0.475, ""mV_6"": 0.4182, ""mV_7"": 0.2846, ""mV_8"": null, ""mV_9"": 0.1082, ""mV_10"": 0.1921, ""mV_11"": 0.2076, ""mV_12"": 0.1592, ""mV_13"": 0.1474, ""mV_14"": 0.2716, ""mV_15"": 0.6091, ""mV_16"": 0.9908, ""mV_17"": 1.2056, ""mV_18"": 1.1291, ""mV_19"": 0.6324, ""mV_20"": 0.143}",False,ok,nie_dotyczy,1.0,1.0,0.0,,0,soft_vote_knn5_ridge_observed_only
test_0046,8,ok,nie_dotyczy,1.0,1.0,1.0,0.7929334926960228,51,brak,,mV_18,1,1.4480119938552367,brak istotnego odchylenia,0.0,Werdykt OK: brak zmierzonego pasma przekraczającego próg anomalii.,"{""mV_0"": 1.0168, ""mV_1"": 0.9092, ""mV_2"": 0.6378, ""mV_3"": 0.9791, ""mV_4"": 1.333, ""mV_5"": 1.3234, ""mV_6"": 1.1059, ""mV_7"": 0.932, ""mV_8"": 0.9136, ""mV_9"": 0.9369, ""mV_10"": 0.9357, ""mV_11"": 0.9319, ""mV_12"": 0.9771, ""mV_13"": 1.1539, ""mV_14"": 1.3338, ""mV_15"": 1.2355, ""mV_16"": 0.9073, ""mV_17"": 0.5072, ""mV_18"": null, ""mV_19"": 1.448, ""mV_20"": 1.2448}",False,ok,nie_dotyczy,1.0,1.0,0.0,,0,soft_vote_knn5_ridge_observed_only
test_0047,1,ok,nie_dotyczy,1.0,1.0,1.0,0.7815452618327816,51,brak,,"mV_9,mV_15",2,1.2629305903858778,brak istotnego odchylenia,0.0,Werdykt OK: brak zmierzonego pasma przekraczającego próg anomalii.,"{""mV_0"": 0.1252, ""mV_1"": 0.3232, ""mV_2"": 0.3588, ""mV_3"": 0.4061, ""mV_4"": 0.6702, ""mV_5"": 0.7771, ""mV_6"": 0.5198, ""mV_7"": 0.2897, ""mV_8"": 0.1922, ""mV_9"": null, ""mV_10"": 0.1782, ""mV_11"": 0.3333, ""mV_12"": 0.4441, ""mV_13"": 0.6309, ""mV_14"": 0.6511, ""mV_15"": null, ""mV_16"": 1.0605, ""mV_17"": 1.2629, ""mV_18"": 0.6884, ""mV_19"": 0.5093, ""mV_20"": 0.5438}",False,ok,nie_dotyczy,1.0,1.0,0.0,,0,soft_vote_knn5_ridge_observed_only
test_0047,2,ok,nie_dotyczy,1.0,1.0,1.0,0.8387237918242572,51,brak,,"mV_4,mV_8",2,0.9839102595668185,brak istotnego odchylenia,0.0,Werdykt OK: brak zmierzonego pasma przekraczającego próg anomalii.,"{""mV_0"": 0.2453, ""mV_1"": 0.2206, ""mV_2"": 0.0709, ""mV_3"": 0.0067, ""mV_4"": null, ""mV_5"": 0.3112, ""mV_6"": 0.4877, ""mV_7"": 0.4646, ""mV_8"": null, ""mV_9"": 0.6902, ""mV_10"": 0.5669, ""mV_11"": 0.2057, ""mV_12"": 0.0643, ""mV_13"": 0.058, ""mV_14"": 0.1072, ""mV_15"": 0.2661, ""mV_16"": 0.6596, ""mV_17"": 0.9839, ""mV_18"": 0.8636, ""mV_19"": 0.6386, ""mV_20"": 0.4913}",False,ok,nie_dotyczy,1.0,1.0,0.0,,0,soft_vote_knn5_ridge_observed_only
test_0047,3,ok,nie_dotyczy,1.0,1.0,1.0,0.8114243640306997,51,brak,,mV_11,1,0.9655124062393616,brak istotnego odchylenia,0.0,Werdykt OK: brak zmierzonego pasma przekraczającego próg anomalii.,"{""mV_0"": 0.7936, ""mV_1"": 0.6605, ""mV_2"": 0.2392, ""mV_3"": 0.2622, ""mV_4"": 0.6621, ""mV_5"": 0.8911, ""mV_6"": 0.7534, ""mV_7"": 0.6486, ""mV_8"": 0.7804, ""mV_9"": 0.9631, ""mV_10"": 0.7751, ""mV_11"": null, ""mV_12"": 0.8731, ""mV_13"": 0.9655, ""mV_14"": 0.7621, ""mV_15"": 0.6409, ""mV_16"": 0.5438, ""mV_17"": 0.4439, ""mV_18"": 0.3147, ""mV_19"": 0.4661, ""mV_20"": 0.5569}",False,ok,nie_dotyczy,1.0,1.0,0.0,,0,soft_vote_knn5_ridge_observed_only
test_0047,4,ok,nie_dotyczy,1.0,1.0,1.0,0.859734184448103,51,brak,,,0,1.240196913140744,brak istotnego odchylenia,0.0,Werdykt OK: brak zmierzonego pasma przekraczającego próg anomalii.,"{""mV_0"": 0.2007, ""mV_1"": 0.2613, ""mV_2"": 0.4113, ""mV_3"": 0.5252, ""mV_4"": 0.3896, ""mV_5"": 0.1643, ""mV_6"": 0.1133, ""mV_7"": 0.3234, ""mV_8"": 0.6902, ""mV_9"": 0.9515, ""mV_10"": 0.9345, ""mV_11"": 0.8329, ""mV_12"": 0.8503, ""mV_13"": 1.0184, ""mV_14"": 1.2402, ""mV_15"": 1.1736, ""mV_16"": 1.0279, ""mV_17"": 1.1944, ""mV_18"": 1.2044, ""mV_19"": 0.9163, ""mV_20"": 0.5598}",False,ok,nie_dotyczy,1.0,1.0,0.0,,0,soft_vote_knn5_ridge_observed_only
test_0047,5,ok,nie_dotyczy,1.0,1.0,1.0,0.8019125008934708,51,brak,,mV_7,1,0.7952145687065059,brak istotnego odchylenia,0.0,Werdykt OK: brak zmierzonego pasma przekraczającego próg anomalii.,"{""mV_0"": 0.0893, ""mV_1"": 0.2174, ""mV_2"": 0.2521, ""mV_3"": 0.1615, ""mV_4"": 0.0907, ""mV_5"": 0.1882, ""mV_6"": 0.2771, ""mV_7"": null, ""mV_8"": 0.2026, ""mV_9"": 0.1736, ""mV_10"": 0.0966, ""mV_11"": 0.0905, ""mV_12"": 0.1665, ""mV_13"": 0.377, ""mV_14"": 0.4735, ""mV_15"": 0.3316, ""mV_16"": 0.4526, ""mV_17"": 0.7952, ""mV_18"": 0.7277, ""mV_19"": 0.3603, ""mV_20"": 0.1366}",False,ok,nie_dotyczy,1.0,1.0,0.0,,0,soft_vote_knn5_ridge_observed_only
test_0047,6,ok,nie_dotyczy,1.0,1.0,1.0,0.837299345844759,51,brak,,mV_17,1,0.49147189408657754,brak istotnego odchylenia,0.0,Werdykt OK: brak zmierzonego pasma przekraczającego próg anomalii.,"{""mV_0"": 0.2901, ""mV_1"": 0.4657, ""mV_2"": 0.4745, ""mV_3"": 0.3873, ""mV_4"": 0.252, ""mV_5"": 0.2166, ""mV_6"": 0.2767, ""mV_7"": 0.3704, ""mV_8"": 0.4915, ""mV_9"": 0.475, ""mV_10"": 0.2638, ""mV_11"": 0.0825, ""mV_12"": 0.0554, ""mV_13"": 0.0587, ""mV_14"": 0.103, ""mV_15"": 0.218, ""mV_16"": 0.1986, ""mV_17"": null, ""mV_18"": 0.4553, ""mV_19"": 0.2601, ""mV_20"": 0.0369}",False,ok,nie_dotyczy,1.0,1.0,0.0,,0,soft_vote_knn5_ridge_observed_only
test_0047,7,zakoksowany,male,0.8235294117647058,1.0,0.8235294117647058,0.7550710616197601,51,14–18 kHz,"mV_14,mV_15,mV_16,mV_17,mV_18",mV_1,1,7.88781283592793,podwyższona,0.9820004396209668,Podejrzenie zakoksowany: najbardziej nietypowe jest pasmo 14–18 kHz; amplituda jest podwyższona względem zdrowej referencji.,"{""mV_0"": 0.1952, ""mV_1"": null, ""mV_2"": 0.4183, ""mV_3"": 0.6481, ""mV_4"": 0.4247, ""mV_5"": 0.2292, ""mV_6"": 0.2761, ""mV_7"": 0.5514, ""mV_8"": 2.0037, ""mV_9"": 3.1836, ""mV_10"": 1.9892, ""mV_11"": 1.2069, ""mV_12"": 2.5568, ""mV_13"": 4.1878, ""mV_14"": 5.7627, ""mV_15"": 7.3312, ""mV_16"": 7.8878, ""mV_17"": 6.7891, ""mV_18"": 5.0845, ""mV_19"": 4.272, ""mV_20"": 3.1035}",False,zakoksowany,male,0.8235294117647058,0.8235294117647058,0.0,,0,soft_vote_knn5_ridge_observed_only
test_0047,8,zakoksowany,male,0.5294117647058824,1.0,0.5294117647058824,0.5143140789365394,51,14–19 kHz,"mV_14,mV_15,mV_16,mV_17,mV_18,mV_19",,0,7.5863385715629885,podwyższona,0.976345055311411,Podejrzenie zakoksowany: najbardziej nietypowe jest pasmo 14–19 kHz; amplituda jest podwyższona względem zdrowej referencji.,"{""mV_0"": 0.1573, ""mV_1"": 0.1757, ""mV_2"": 0.2273, ""mV_3"": 0.3507, ""mV_4"": 0.3972, ""mV_5"": 0.5047, ""mV_6"": 0.6607, ""mV_7"": 1.1402, ""mV_8"": 2.686, ""mV_9"": 3.7593, ""mV_10"": 2.3759, ""mV_11"": 1.3625, ""mV_12"": 2.6216, ""mV_13"": 4.0991, ""mV_14"": 5.3875, ""mV_15"": 6.8273, ""mV_16"": 7.5863, ""mV_17"": 6.932, ""mV_18"": 5.4915, ""mV_19"": 4.274, ""mV_20"": 2.6369}",False,zakoksowany,male,0.5294117647058824,0.5294117647058824,0.0,,0,soft_vote_knn5_ridge_observed_only
test_0047,9,ok,nie_dotyczy,1.0,1.0,1.0,0.7836459921763076,51,brak,,mV_19,1,1.4915175466569033,brak istotnego odchylenia,0.0,Werdykt OK: brak zmierzonego pasma przekraczającego próg anomalii.,"{""mV_0"": 0.5531, ""mV_1"": 0.6128, ""mV_2"": 0.5759, ""mV_3"": 0.738, ""mV_4"": 0.905, ""mV_5"": 1.1253, ""mV_6"": 1.4037, ""mV_7"": 1.3844, ""mV_8"": 1.0973, ""mV_9"": 0.9839, ""mV_10"": 1.1765, ""mV_11"": 1.4068, ""mV_12"": 1.4897, ""mV_13"": 1.4915, ""mV_14"": 1.3028, ""mV_15"": 0.8669, ""mV_16"": 0.5141, ""mV_17"": 0.4022, ""mV_18"": 0.3154, ""mV_19"": null, ""mV_20"": 0.0508}",False,ok,nie_dotyczy,1.0,1.0,0.0,,0,soft_vote_knn5_ridge_observed_only
test_0047,10,ok,nie_dotyczy,1.0,1.0,1.0,0.8127958630118428,51,15–17 kHz,"mV_15,mV_16,mV_17",,0,2.570029090650442,podwyższona,0.0,"Werdykt OK, ale najsilniejsze lokalne odstępstwo występuje w paśmie 15–17 kHz; amplituda jest podwyższona.","{""mV_0"": 1.0593, ""mV_1"": 1.2216, ""mV_2"": 1.0421, ""mV_3"": 1.0233, ""mV_4"": 1.1057, ""mV_5"": 1.1364, ""mV_6"": 1.0266, ""mV_7"": 0.9315, ""mV_8"": 0.9636, ""mV_9"": 1.0038, ""mV_10"": 1.0193, ""mV_11"": 1.1905, ""mV_12"": 1.4551, ""mV_13"": 1.6385, ""mV_14"": 1.8739, ""mV_15"": 2.2002, ""mV_16"": 2.57, ""mV_17"": 2.1679, ""mV_18"": 0.9514, ""mV_19"": 0.6373, ""mV_20"": 0.7729}",False,ok,nie_dotyczy,1.0,1.0,0.0,,0,soft_vote_knn5_ridge_observed_only
test_0047,11,iglica,duze,1.0,1.0,1.0,0.7489266883566976,51,7–15 kHz,"mV_7,mV_8,mV_9,mV_10,mV_11,mV_12,mV_13,mV_14,mV_15",,0,7.835186237507946,obniżona,0.9562771651028972,Podejrzenie iglica: najbardziej nietypowe jest pasmo 7–15 kHz; amplituda jest obniżona względem zdrowej referencji.,"{""mV_0"": 0.3163, ""mV_1"": 2.1215, ""mV_2"": 4.1948, ""mV_3"": 3.1676, ""mV_4"": 1.7224, ""mV_5"": 2.5913, ""mV_6"": 4.2191, ""mV_7"": 5.2836, ""mV_8"": 6.6137, ""mV_9"": 7.8352, ""mV_10"": 7.5972, ""mV_11"": 6.8476, ""mV_12"": 6.7265, ""mV_13"": 7.5506, ""mV_14"": 7.611, ""mV_15"": 5.2254, ""mV_16"": 2.768, ""mV_17"": 2.3976, ""mV_18"": 3.3267, ""mV_19"": 4.9272, ""mV_20"": 4.6808}",False,iglica,duze,1.0,1.0,0.0,,0,soft_vote_knn5_ridge_observed_only
test_0047,12,ok,nie_dotyczy,1.0,1.0,1.0,0.7694839116234082,51,3–4 kHz,"mV_3,mV_4",,0,2.1812496525994014,obniżona,0.0,"Werdykt OK, ale najsilniejsze lokalne odstępstwo występuje w paśmie 3–4 kHz; amplituda jest obniżona.","{""mV_0"": 0.2608, ""mV_1"": 0.3656, ""mV_2"": 1.0175, ""mV_3"": 2.0695, ""mV_4"": 2.1812, ""mV_5"": 1.7012, ""mV_6"": 1.3559, ""mV_7"": 1.0471, ""mV_8"": 0.847, ""mV_9"": 0.7655, ""mV_10"": 0.7907, ""mV_11"": 0.8429, ""mV_12"": 0.8608, ""mV_13"": 0.9229, ""mV_14"": 0.9247, ""mV_15"": 0.8116, ""mV_16"": 0.5946, ""mV_17"": 0.6894, ""mV_18"": 1.2383, ""mV_19"": 1.4916, ""mV_20"": 1.1181}",False,ok,nie_dotyczy,1.0,1.0,0.0,,0,soft_vote_knn5_ridge_observed_only
test_0047,13,ok,nie_dotyczy,1.0,1.0,1.0,0.7479746286889364,51,3–5 kHz,"mV_3,mV_4,mV_5",,0,2.709849931472451,obniżona,0.0,"Werdykt OK, ale najsilniejsze lokalne odstępstwo występuje w paśmie 3–5 kHz; amplituda jest obniżona.","{""mV_0"": 0.4663, ""mV_1"": 0.3825, ""mV_2"": 1.1205, ""mV_3"": 2.4706, ""mV_4"": 2.7098, ""mV_5"": 2.3212, ""mV_6"": 1.9686, ""mV_7"": 1.4092, ""mV_8"": 0.8639, ""mV_9"": 0.6077, ""mV_10"": 0.72, ""mV_11"": 0.9425, ""mV_12"": 1.0072, ""mV_13"": 1.0209, ""mV_14"": 0.9897, ""mV_15"": 0.853, ""mV_16"": 0.6708, ""mV_17"": 0.6105, ""mV_18"": 0.6822, ""mV_19"": 0.6884, ""mV_20"": 0.5443}",False,ok,nie_dotyczy,1.0,1.0,0.0,,0,soft_vote_knn5_ridge_observed_only
test_0047,14,unknown,nie_dotyczy,1.0,1.0,1.0,0.6978480325621312,51,6–14 kHz,"mV_6,mV_7,mV_8,mV_9,mV_10,mV_11,mV_12,mV_13,mV_14",,0,15.81429274918223,obniżona,0.9737375691952832,Podejrzenie unknown: najbardziej nietypowe jest pasmo 6–14 kHz; amplituda jest obniżona względem zdrowej referencji.,"{""mV_0"": 5.0703, ""mV_1"": 5.5687, ""mV_2"": 7.8668, ""mV_3"": 9.4414, ""mV_4"": 6.5421, ""mV_5"": 5.6567, ""mV_6"": 9.575, ""mV_7"": 13.2146, ""mV_8"": 14.4946, ""mV_9"": 14.9633, ""mV_10"": 15.378, ""mV_11"": 15.8143, ""mV_12"": 15.394, ""mV_13"": 13.3483, ""mV_14"": 8.8309, ""mV_15"": 4.6314, ""mV_16"": 5.491, ""mV_17"": 7.7638, ""mV_18"": 6.2514, ""mV_19"": 4.2134, ""mV_20"": 3.4303}",False,unknown,nie_dotyczy,1.0,1.0,0.0,,0,soft_vote_knn5_ridge_observed_only
test_0047,15,ok,nie_dotyczy,1.0,1.0,1.0,0.804391627672179,51,brak,,mV_7,1,1.1909071723052924,brak istotnego odchylenia,0.0,Werdykt OK: brak zmierzonego pasma przekraczającego próg anomalii.,"{""mV_0"": 0.2535, ""mV_1"": 0.4774, ""mV_2"": 0.5104, ""mV_3"": 0.4822, ""mV_4"": 0.5436, ""mV_5"": 0.4404, ""mV_6"": 0.1491, ""mV_7"": null, ""mV_8"": 0.2268, ""mV_9"": 0.3275, ""mV_10"": 0.2267, ""mV_11"": 0.1321, ""mV_12"": 0.1285, ""mV_13"": 0.1154, ""mV_14"": 0.0701, ""mV_15"": 0.2632, ""mV_16"": 0.956, ""mV_17"": 1.1909, ""mV_18"": 0.4912, ""mV_19"": 0.0233, ""mV_20"": 0.0095}",False,ok,nie_dotyczy,1.0,1.0,0.0,,0,soft_vote_knn5_ridge_observed_only
test_0047,16,ok,nie_dotyczy,1.0,1.0,1.0,0.8019190092317339,51,brak,,,0,1.6208783421200372,brak istotnego odchylenia,0.0,Werdykt OK: brak zmierzonego pasma przekraczającego próg anomalii.,"{""mV_0"": 0.1377, ""mV_1"": 0.0802, ""mV_2"": 0.0249, ""mV_3"": 0.0256, ""mV_4"": 0.0211, ""mV_5"": 0.0683, ""mV_6"": 0.1354, ""mV_7"": 0.106, ""mV_8"": 0.0515, ""mV_9"": 0.0641, ""mV_10"": 0.0798, ""mV_11"": 0.0952, ""mV_12"": 0.1098, ""mV_13"": 0.0824, ""mV_14"": 0.3162, ""mV_15"": 0.9391, ""mV_16"": 1.6145, ""mV_17"": 1.6209, ""mV_18"": 0.7527, ""mV_19"": 0.4099, ""mV_20"": 0.6145}",False,ok,nie_dotyczy,1.0,1.0,0.0,,0,soft_vote_knn5_ridge_observed_only
test_0048,1,ok,nie_dotyczy,1.0,1.0,1.0,0.8113229497627039,51,brak,,mV_5,1,1.693420190112228,brak istotnego odchylenia,0.0,Werdykt OK: brak zmierzonego pasma przekraczającego próg anomalii.,"{""mV_0"": 0.3686, ""mV_1"": 0.5008, ""mV_2"": 0.7714, ""mV_3"": 1.2191, ""mV_4"": 1.0636, ""mV_5"": null, ""mV_6"": 0.6757, ""mV_7"": 1.0405, ""mV_8"": 1.0844, ""mV_9"": 0.9413, ""mV_10"": 0.8156, ""mV_11"": 0.7807, ""mV_12"": 0.78, ""mV_13"": 0.6763, ""mV_14"": 0.4551, ""mV_15"": 0.57, ""mV_16"": 1.2291, ""mV_17"": 1.6934, ""mV_18"": 1.405, ""mV_19"": 0.7735, ""mV_20"": 0.2938}",False,ok,nie_dotyczy,1.0,1.0,0.0,,0,soft_vote_knn5_ridge_observed_only
test_0048,2,ok,nie_dotyczy,1.0,1.0,1.0,0.8086879007547091,51,5–6 kHz,"mV_5,mV_6","mV_14,mV_20",2,2.022645144967899,obniżona,0.0,"Werdykt OK, ale najsilniejsze lokalne odstępstwo występuje w paśmie 5–6 kHz; amplituda jest obniżona.","{""mV_0"": 0.9947, ""mV_1"": 0.5827, ""mV_2"": 0.3749, ""mV_3"": 0.9868, ""mV_4"": 1.6603, ""mV_5"": 2.0136, ""mV_6"": 2.0226, ""mV_7"": 1.8265, ""mV_8"": 1.6339, ""mV_9"": 1.4798, ""mV_10"": 1.159, ""mV_11"": 0.7372, ""mV_12"": 0.3921, ""mV_13"": 0.1647, ""mV_14"": null, ""mV_15"": 0.785, ""mV_16"": 1.0079, ""mV_17"": 1.0579, ""mV_18"": 1.2642, ""mV_19"": 1.0416, ""mV_20"": null}",False,ok,nie_dotyczy,1.0,1.0,0.0,,0,soft_vote_knn5_ridge_observed_only
test_0048,3,ok,nie_dotyczy,1.0,1.0,1.0,0.8156727834587478,51,brak,,,0,1.4787310780658491,brak istotnego odchylenia,0.0,Werdykt OK: brak zmierzonego pasma przekraczającego próg anomalii.,"{""mV_0"": 0.2906, ""mV_1"": 0.7952, ""mV_2"": 0.8786, ""mV_3"": 0.7967, ""mV_4"": 1.1585, ""mV_5"": 1.4787, ""mV_6"": 1.4248, ""mV_7"": 1.1647, ""mV_8"": 0.8737, ""mV_9"": 0.5863, ""mV_10"": 0.3141, ""mV_11"": 0.3845, ""mV_12"": 0.7319, ""mV_13"": 0.9435, ""mV_14"": 0.8522, ""mV_15"": 0.554, ""mV_16"": 0.4108, ""mV_17"": 0.6183, ""mV_18"": 0.6811, ""mV_19"": 0.3503, ""mV_20"": 0.1046}",False,ok,nie_dotyczy,1.0,1.0,0.0,,0,soft_vote_knn5_ridge_observed_only
test_0048,4,ok,nie_dotyczy,1.0,1.0,1.0,0.8525262027255565,51,brak,,,0,1.1692245781992465,brak istotnego odchylenia,0.0,Werdykt OK: brak zmierzonego pasma przekraczającego próg anomalii.,"{""mV_0"": 0.3744, ""mV_1"": 0.6339, ""mV_2"": 0.5075, ""mV_3"": 0.1714, ""mV_4"": 0.0319, ""mV_5"": 0.0849, ""mV_6"": 0.2302, ""mV_7"": 0.4699, ""mV_8"": 0.7399, ""mV_9"": 0.9937, ""mV_10"": 1.1692, ""mV_11"": 1.1492, ""mV_12"": 1.0538, ""mV_13"": 0.9495, ""mV_14"": 0.7084, ""mV_15"": 0.3995, ""mV_16"": 0.2044, ""mV_17"": 0.1268, ""mV_18"": 0.2362, ""mV_19"": 0.7457, ""mV_20"": 0.9418}",False,ok,nie_dotyczy,1.0,1.0,0.0,,0,soft_vote_knn5_ridge_observed_only
test_0048,5,ok,nie_dotyczy,1.0,1.0,1.0,0.8426960504690906,51,brak,,mV_6,1,0.708448673994178,brak istotnego odchylenia,0.0,Werdykt OK: brak zmierzonego pasma przekraczającego próg anomalii.,"{""mV_0"": 0.1679, ""mV_1"": 0.2332, ""mV_2"": 0.2444, ""mV_3"": 0.3848, ""mV_4"": 0.4804, ""mV_5"": 0.3604, ""mV_6"": null, ""mV_7"": 0.1574, ""mV_8"": 0.3869, ""mV_9"": 0.5758, ""mV_10"": 0.7084, ""mV_11"": 0.6424, ""mV_12"": 0.3578, ""mV_13"": 0.1664, ""mV_14"": 0.2343, ""mV_15"": 0.328, ""mV_16"": 0.2884, ""mV_17"": 0.3007, ""mV_18"": 0.4029, ""mV_19"": 0.3306, ""mV_20"": 0.1147}",False,ok,nie_dotyczy,1.0,1.0,0.0,,0,soft_vote_knn5_ridge_observed_only
test_0048,6,ok,nie_dotyczy,1.0,1.0,1.0,0.7826099309407564,51,brak,,,0,1.706786183781827,brak istotnego odchylenia,0.0,Werdykt OK: brak zmierzonego pasma przekraczającego próg anomalii.,"{""mV_0"": 0.4985, ""mV_1"": 1.4637, ""mV_2"": 1.7068, ""mV_3"": 1.0595, ""mV_4"": 0.8664, ""mV_5"": 0.9604, ""mV_6"": 0.6356, ""mV_7"": 0.4485, ""mV_8"": 0.7738, ""mV_9"": 1.1774, ""mV_10"": 1.4882, ""mV_11"": 1.6829, ""mV_12"": 1.6792, ""mV_13"": 1.4707, ""mV_14"": 1.0461, ""mV_15"": 0.6094, ""mV_16"": 0.4969, ""mV_17"": 0.6505, ""mV_18"": 0.7637, ""mV_19"": 0.87, ""mV_20"": 0.7346}",False,ok,nie_dotyczy,1.0,1.0,0.0,,0,soft_vote_knn5_ridge_observed_only
test_0048,7,ok,nie_dotyczy,1.0,1.0,1.0,0.8369270805058147,51,brak,,mV_4,1,1.0982960384251226,brak istotnego odchylenia,0.0,Werdykt OK: brak zmierzonego pasma przekraczającego próg anomalii.,"{""mV_0"": 0.7182, ""mV_1"": 1.0983, ""mV_2"": 1.0129, ""mV_3"": 0.6181, ""mV_4"": null, ""mV_5"": 0.1301, ""mV_6"": 0.1907, ""mV_7"": 0.2912, ""mV_8"": 0.3633, ""mV_9"": 0.3694, ""mV_10"": 0.4171, ""mV_11"": 0.4938, ""mV_12"": 0.4185, ""mV_13"": 0.1937, ""mV_14"": 0.0622, ""mV_15"": 0.1136, ""mV_16"": 0.2876, ""mV_17"": 0.3915, ""mV_18"": 0.278, ""mV_19"": 0.1147, ""mV_20"": 0.0326}",False,ok,nie_dotyczy,1.0,1.0,0.0,,0,soft_vote_knn5_ridge_observed_only
test_0048,8,ok,nie_dotyczy,1.0,1.0,1.0,0.851061620134357,51,brak,,"mV_6,mV_8",2,0.7221130813717468,brak istotnego odchylenia,0.0,Werdykt OK: brak zmierzonego pasma przekraczającego próg anomalii.,"{""mV_0"": 0.0605, ""mV_1"": 0.0698, ""mV_2"": 0.122, ""mV_3"": 0.1382, ""mV_4"": 0.0989, ""mV_5"": 0.0749, ""mV_6"": null, ""mV_7"": 0.0763, ""mV_8"": null, ""mV_9"": 0.2836, ""mV_10"": 0.3761, ""mV_11"": 0.2454, ""mV_12"": 0.1765, ""mV_13"": 0.2423, ""mV_14"": 0.4462, ""mV_15"": 0.7214, ""mV_16"": 0.7221, ""mV_17"": 0.3894, ""mV_18"": 0.0945, ""mV_19"": 0.0333, ""mV_20"": 0.047}",False,ok,nie_dotyczy,1.0,1.0,0.0,,0,soft_vote_knn5_ridge_observed_only
test_0048,9,ok,nie_dotyczy,1.0,1.0,1.0,0.8049254557221334,51,brak,,"mV_16,mV_20",2,1.513613083927502,brak istotnego odchylenia,0.0,Werdykt OK: brak zmierzonego pasma przekraczającego próg anomalii.,"{""mV_0"": 0.1638, ""mV_1"": 0.3362, ""mV_2"": 0.7238, ""mV_3"": 1.5006, ""mV_4"": 1.5136, ""mV_5"": 0.7208, ""mV_6"": 0.1911, ""mV_7"": 0.0958, ""mV_8"": 0.2116, ""mV_9"": 0.3369, ""mV_10"": 0.3488, ""mV_11"": 0.2476, ""mV_12"": 0.2406, ""mV_13"": 0.4031, ""mV_14"": 0.4737, ""mV_15"": 0.3187, ""mV_16"": null, ""mV_17"": 0.8742, ""mV_18"": 0.9, ""mV_19"": 0.475, ""mV_20"": null}",False,ok,nie_dotyczy,1.0,1.0,0.0,,0,soft_vote_knn5_ridge_observed_only
test_0048,10,ok,nie_dotyczy,1.0,1.0,1.0,0.8142839569746255,51,brak,,"mV_11,mV_13",2,1.0391919500376299,brak istotnego odchylenia,0.0,Werdykt OK: brak zmierzonego pasma przekraczającego próg anomalii.,"{""mV_0"": 0.2917, ""mV_1"": 0.6314, ""mV_2"": 0.8303, ""mV_3"": 1.0392, ""mV_4"": 0.907, ""mV_5"": 0.4527, ""mV_6"": 0.3659, ""mV_7"": 0.64, ""mV_8"": 0.8418, ""mV_9"": 0.7977, ""mV_10"": 0.4967, ""mV_11"": null, ""mV_12"": 0.2588, ""mV_13"": null, ""mV_14"": 0.3219, ""mV_15"": 0.482, ""mV_16"": 0.4892, ""mV_17"": 0.5398, ""mV_18"": 0.6638, ""mV_19"": 0.7263, ""mV_20"": 0.5684}",False,ok,nie_dotyczy,1.0,1.0,0.0,,0,soft_vote_knn5_ridge_observed_only
test_0048,11,ok,nie_dotyczy,1.0,1.0,1.0,0.8113509386287115,51,brak,,"mV_8,mV_19",2,0.9280659794611492,brak istotnego odchylenia,0.0,Werdykt OK: brak zmierzonego pasma przekraczającego próg anomalii.,"{""mV_0"": 0.102, ""mV_1"": 0.1498, ""mV_2"": 0.177, ""mV_3"": 0.1222, ""mV_4"": 0.0787, ""mV_5"": 0.0668, ""mV_6"": 0.076, ""mV_7"": 0.0856, ""mV_8"": null, ""mV_9"": 0.0776, ""mV_10"": 0.2226, ""mV_11"": 0.3596, ""mV_12"": 0.3313, ""mV_13"": 0.2102, ""mV_14"": 0.1273, ""mV_15"": 0.2452, ""mV_16"": 0.6687, ""mV_17"": 0.9281, ""mV_18"": 0.6324, ""mV_19"": null, ""mV_20"": 0.0333}",False,ok,nie_dotyczy,1.0,1.0,0.0,,0,soft_vote_knn5_ridge_observed_only
test_0048,12,ok,nie_dotyczy,1.0,1.0,1.0,0.8338279074675407,51,1 kHz,mV_1,"mV_4,mV_20",2,2.0960403598687205,obniżona,0.0,"Werdykt OK, ale najsilniejsze lokalne odstępstwo występuje w paśmie 1 kHz; amplituda jest obniżona.","{""mV_0"": 1.8125, ""mV_1"": 2.096, ""mV_2"": 1.5947, ""mV_3"": 0.8962, ""mV_4"": null, ""mV_5"": 1.3659, ""mV_6"": 1.9517, ""mV_7"": 1.907, ""mV_8"": 1.6992, ""mV_9"": 1.6093, ""mV_10"": 1.6271, ""mV_11"": 1.5903, ""mV_12"": 1.4407, ""mV_13"": 1.401, ""mV_14"": 1.6597, ""mV_15"": 1.8728, ""mV_16"": 1.7003, ""mV_17"": 1.4651, ""mV_18"": 1.6146, ""mV_19"": 1.4288, ""mV_20"": null}",False,ok,nie_dotyczy,1.0,1.0,0.0,,0,soft_vote_knn5_ridge_observed_only
test_0049,1,ok,nie_dotyczy,1.0,1.0,1.0,0.8103635723127494,51,brak,,"mV_7,mV_20",2,1.0536899720027024,brak istotnego odchylenia,0.0,Werdykt OK: brak zmierzonego pasma przekraczającego próg anomalii.,"{""mV_0"": 0.701, ""mV_1"": 0.9287, ""mV_2"": 0.6277, ""mV_3"": 0.6264, ""mV_4"": 0.7529, ""mV_5"": 0.5462, ""mV_6"": 0.2655, ""mV_7"": null, ""mV_8"": 0.5185, ""mV_9"": 0.7055, ""mV_10"": 0.569, ""mV_11"": 0.3429, ""mV_12"": 0.2297, ""mV_13"": 0.3871, ""mV_14"": 0.6923, ""mV_15"": 0.9245, ""mV_16"": 1.0537, ""mV_17"": 0.9311, ""mV_18"": 0.7029, ""mV_19"": 0.5049, ""mV_20"": null}",False,ok,nie_dotyczy,1.0,1.0,0.0,,0,soft_vote_knn5_ridge_observed_only
test_0049,2,ok,nie_dotyczy,1.0,1.0,1.0,0.8341033520657859,51,brak,,mV_20,1,0.6068268997935813,brak istotnego odchylenia,0.0,Werdykt OK: brak zmierzonego pasma przekraczającego próg anomalii.,"{""mV_0"": 0.1166, ""mV_1"": 0.15, ""mV_2"": 0.2897, ""mV_3"": 0.3996, ""mV_4"": 0.2674, ""mV_5"": 0.1091, ""mV_6"": 0.1131, ""mV_7"": 0.2013, ""mV_8"": 0.2243, ""mV_9"": 0.1956, ""mV_10"": 0.239, ""mV_11"": 0.2524, ""mV_12"": 0.2339, ""mV_13"": 0.325, ""mV_14"": 0.433, ""mV_15"": 0.4436, ""mV_16"": 0.3647, ""mV_17"": 0.4669, ""mV_18"": 0.6068, ""mV_19"": 0.3397, ""mV_20"": null}",False,ok,nie_dotyczy,1.0,1.0,0.0,,0,soft_vote_knn5_ridge_observed_only
test_0049,3,ok,nie_dotyczy,1.0,1.0,1.0,0.8123533545787884,51,brak,,"mV_5,mV_19",2,1.2400291557262304,brak istotnego odchylenia,0.0,Werdykt OK: brak zmierzonego pasma przekraczającego próg anomalii.,"{""mV_0"": 0.1564, ""mV_1"": 0.1852, ""mV_2"": 0.1631, ""mV_3"": 0.1141, ""mV_4"": 0.0676, ""mV_5"": null, ""mV_6"": 0.8673, ""mV_7"": 1.24, ""mV_8"": 1.2007, ""mV_9"": 1.0095, ""mV_10"": 0.9099, ""mV_11"": 0.826, ""mV_12"": 0.6187, ""mV_13"": 0.3639, ""mV_14"": 0.16, ""mV_15"": 0.2189, ""mV_16"": 0.4361, ""mV_17"": 0.4648, ""mV_18"": 0.2934, ""mV_19"": null, ""mV_20"": 0.2457}",False,ok,nie_dotyczy,1.0,1.0,0.0,,0,soft_vote_knn5_ridge_observed_only
test_0049,4,ok,nie_dotyczy,1.0,1.0,1.0,0.8007809909676613,51,brak,,mV_13,1,1.6032636447314057,brak istotnego odchylenia,0.0,Werdykt OK: brak zmierzonego pasma przekraczającego próg anomalii.,"{""mV_0"": 0.5553, ""mV_1"": 1.0165, ""mV_2"": 1.1331, ""mV_3"": 1.4264, ""mV_4"": 1.6033, ""mV_5"": 1.2009, ""mV_6"": 0.7325, ""mV_7"": 0.6076, ""mV_8"": 0.5947, ""mV_9"": 0.5783, ""mV_10"": 0.6387, ""mV_11"": 0.6345, ""mV_12"": 0.4414, ""mV_13"": null, ""mV_14"": 0.0832, ""mV_15"": 0.3919, ""mV_16"": 0.8076, ""mV_17"": 0.7825, ""mV_18"": 0.421, ""mV_19"": 0.2574, ""mV_20"": 0.2515}",False,ok,nie_dotyczy,1.0,1.0,0.0,,0,soft_vote_knn5_ridge_observed_only
test_0049,5,ok,nie_dotyczy,1.0,1.0,1.0,0.8072972067898158,51,brak,,mV_20,1,0.6527696715774395,brak istotnego odchylenia,0.0,Werdykt OK: brak zmierzonego pasma przekraczającego próg anomalii.,"{""mV_0"": 0.2805, ""mV_1"": 0.2735, ""mV_2"": 0.2456, ""mV_3"": 0.3186, ""mV_4"": 0.5323, ""mV_5"": 0.6528, ""mV_6"": 0.5311, ""mV_7"": 0.335, ""mV_8"": 0.1967, ""mV_9"": 0.1656, ""mV_10"": 0.1528, ""mV_11"": 0.1081, ""mV_12"": 0.0733, ""mV_13"": 0.0799, ""mV_14"": 0.0799, ""mV_15"": 0.0849, ""mV_16"": 0.2619, ""mV_17"": 0.3834, ""mV_18"": 0.3502, ""mV_19"": 0.3414, ""mV_20"": null}",False,ok,nie_dotyczy,1.0,1.0,0.0,,0,soft_vote_knn5_ridge_observed_only
test_0049,6,ok,nie_dotyczy,1.0,1.0,1.0,0.8373833223315413,51,brak,,mV_3,1,1.302543333144926,brak istotnego odchylenia,0.0,Werdykt OK: brak zmierzonego pasma przekraczającego próg anomalii.,"{""mV_0"": 0.6636, ""mV_1"": 0.7774, ""mV_2"": 0.3774, ""mV_3"": null, ""mV_4"": 0.3146, ""mV_5"": 0.27, ""mV_6"": 0.3183, ""mV_7"": 0.5624, ""mV_8"": 0.9042, ""mV_9"": 1.2242, ""mV_10"": 1.3025, ""mV_11"": 1.2722, ""mV_12"": 1.1832, ""mV_13"": 1.03, ""mV_14"": 0.9421, ""mV_15"": 0.856, ""mV_16"": 0.6755, ""mV_17"": 0.5097, ""mV_18"": 0.3786, ""mV_19"": 0.2607, ""mV_20"": 0.2114}",False,ok,nie_dotyczy,1.0,1.0,0.0,,0,soft_vote_knn5_ridge_observed_only
test_0049,7,ok,nie_dotyczy,1.0,1.0,1.0,0.8196227308466625,51,brak,,mV_11,1,1.307287565096527,brak istotnego odchylenia,0.0,Werdykt OK: brak zmierzonego pasma przekraczającego próg anomalii.,"{""mV_0"": 0.3524, ""mV_1"": 0.2719, ""mV_2"": 0.4887, ""mV_3"": 1.142, ""mV_4"": 1.3073, ""mV_5"": 1.1759, ""mV_6"": 1.1573, ""mV_7"": 1.1141, ""mV_8"": 0.9749, ""mV_9"": 0.7472, ""mV_10"": 0.4792, ""mV_11"": null, ""mV_12"": 0.2926, ""mV_13"": 0.3526, ""mV_14"": 0.1962, ""mV_15"": 0.0916, ""mV_16"": 0.226, ""mV_17"": 0.7608, ""mV_18"": 1.2246, ""mV_19"": 1.1004, ""mV_20"": 0.6407}",False,ok,nie_dotyczy,1.0,1.0,0.0,,0,soft_vote_knn5_ridge_observed_only
test_0049,8,ok,nie_dotyczy,1.0,1.0,1.0,0.6705224694552279,51,5–6 kHz,"mV_5,mV_6",mV_18,1,2.046703507707263,obniżona,0.0,"Werdykt OK, ale najsilniejsze lokalne odstępstwo występuje w paśmie 5–6 kHz; amplituda jest obniżona.","{""mV_0"": 0.9256, ""mV_1"": 1.0848, ""mV_2"": 1.2722, ""mV_3"": 1.7421, ""mV_4"": 1.9522, ""mV_5"": 2.0108, ""mV_6"": 2.0467, ""mV_7"": 1.9281, ""mV_8"": 1.6986, ""mV_9"": 1.5801, ""mV_10"": 1.72, ""mV_11"": 1.7925, ""mV_12"": 1.6296, ""mV_13"": 1.2301, ""mV_14"": 0.6952, ""mV_15"": 0.3669, ""mV_16"": 0.1692, ""mV_17"": 0.0345, ""mV_18"": null, ""mV_19"": 1.1743, ""mV_20"": 1.2298}",False,ok,nie_dotyczy,1.0,1.0,0.0,,0,soft_vote_knn5_ridge_observed_only
test_0049,9,ok,nie_dotyczy,1.0,1.0,1.0,0.8255548618546087,51,brak,,"mV_0,mV_14",2,0.8159198224901434,brak istotnego odchylenia,0.0,Werdykt OK: brak zmierzonego pasma przekraczającego próg anomalii.,"{""mV_0"": null, ""mV_1"": 0.1129, ""mV_2"": 0.0695, ""mV_3"": 0.0526, ""mV_4"": 0.0891, ""mV_5"": 0.1556, ""mV_6"": 0.2971, ""mV_7"": 0.3218, ""mV_8"": 0.2345, ""mV_9"": 0.2205, ""mV_10"": 0.2275, ""mV_11"": 0.1593, ""mV_12"": 0.1527, ""mV_13"": 0.1848, ""mV_14"": null, ""mV_15"": 0.1144, ""mV_16"": 0.3186, ""mV_17"": 0.6457, ""mV_18"": 0.8159, ""mV_19"": 0.6108, ""mV_20"": 0.3451}",False,ok,nie_dotyczy,1.0,1.0,0.0,,0,soft_vote_knn5_ridge_observed_only
test_0049,10,ok,nie_dotyczy,1.0,1.0,1.0,0.7831410182623377,51,brak,,,0,1.2899034708880155,brak istotnego odchylenia,0.0,Werdykt OK: brak zmierzonego pasma przekraczającego próg anomalii.,"{""mV_0"": 0.1804, ""mV_1"": 0.2672, ""mV_2"": 0.3224, ""mV_3"": 0.4896, ""mV_4"": 0.7236, ""mV_5"": 0.7329, ""mV_6"": 0.5232, ""mV_7"": 0.3085, ""mV_8"": 0.189, ""mV_9"": 0.1758, ""mV_10"": 0.2126, ""mV_11"": 0.3111, ""mV_12"": 0.4402, ""mV_13"": 0.6554, ""mV_14"": 0.8866, ""mV_15"": 1.165, ""mV_16"": 1.2899, ""mV_17"": 0.7466, ""mV_18"": 0.327, ""mV_19"": 0.594, ""mV_20"": 0.6386}",False,ok,nie_dotyczy,1.0,1.0,0.0,,0,soft_vote_knn5_ridge_observed_only
test_0049,11,ok,nie_dotyczy,1.0,1.0,1.0,0.8297115395084723,51,brak,,,0,1.7590359487428557,brak istotnego odchylenia,0.0,Werdykt OK: brak zmierzonego pasma przekraczającego próg anomalii.,"{""mV_0"": 0.5733, ""mV_1"": 0.7043, ""mV_2"": 0.6458, ""mV_3"": 0.7522, ""mV_4"": 0.5515, ""mV_5"": 0.2221, ""mV_6"": 0.235, ""mV_7"": 0.4137, ""mV_8"": 0.6576, ""mV_9"": 0.8997, ""mV_10"": 1.016, ""mV_11"": 1.1621, ""mV_12"": 1.3217, ""mV_13"": 1.4447, ""mV_14"": 1.6557, ""mV_15"": 1.759, ""mV_16"": 1.3337, ""mV_17"": 0.5673, ""mV_18"": 0.1686, ""mV_19"": 0.1163, ""mV_20"": 0.0903}",False,ok,nie_dotyczy,1.0,1.0,0.0,,0,soft_vote_knn5_ridge_observed_only
test_0049,12,ok,nie_dotyczy,1.0,1.0,1.0,0.7653064672921414,51,16–17 kHz,"mV_16,mV_17",mV_3,1,2.3998401417305804,podwyższona,0.0,"Werdykt OK, ale najsilniejsze lokalne odstępstwo występuje w paśmie 16–17 kHz; amplituda jest podwyższona.","{""mV_0"": 0.4243, ""mV_1"": 0.7306, ""mV_2"": 0.6575, ""mV_3"": null, ""mV_4"": 0.0702, ""mV_5"": 0.1057, ""mV_6"": 0.143, ""mV_7"": 0.2551, ""mV_8"": 0.3862, ""mV_9"": 0.3741, ""mV_10"": 0.2761, ""mV_11"": 0.3359, ""mV_12"": 0.5556, ""mV_13"": 0.8078, ""mV_14"": 1.1474, ""mV_15"": 1.7111, ""mV_16"": 2.3998, ""mV_17"": 2.381, ""mV_18"": 1.3755, ""mV_19"": 0.4067, ""mV_20"": 0.0715}",False,ok,nie_dotyczy,1.0,1.0,0.0,,0,soft_vote_knn5_ridge_observed_only
test_0049,13,ok,nie_dotyczy,1.0,1.0,1.0,0.8461918907788717,51,brak,,,0,1.7290913637642116,brak istotnego odchylenia,0.0,Werdykt OK: brak zmierzonego pasma przekraczającego próg anomalii.,"{""mV_0"": 0.1267, ""mV_1"": 0.2362, ""mV_2"": 0.3678, ""mV_3"": 0.5021, ""mV_4"": 0.3627, ""mV_5"": 0.1425, ""mV_6"": 0.1543, ""mV_7"": 0.2872, ""mV_8"": 0.4947, ""mV_9"": 0.7658, ""mV_10"": 0.9938, ""mV_11"": 1.2606, ""mV_12"": 1.4537, ""mV_13"": 1.5665, ""mV_14"": 1.6974, ""mV_15"": 1.7291, ""mV_16"": 1.6541, ""mV_17"": 1.5209, ""mV_18"": 1.157, ""mV_19"": 0.4684, ""mV_20"": 0.066}",False,ok,nie_dotyczy,1.0,1.0,0.0,,0,soft_vote_knn5_ridge_observed_only
test_0049,14,ok,nie_dotyczy,1.0,1.0,1.0,0.7551675740813002,51,brak,,"mV_8,mV_17",2,0.5015039028395005,brak istotnego odchylenia,0.0,Werdykt OK: brak zmierzonego pasma przekraczającego próg anomalii.,"{""mV_0"": 0.2613, ""mV_1"": 0.3583, ""mV_2"": 0.3318, ""mV_3"": 0.2802, ""mV_4"": 0.4276, ""mV_5"": 0.4736, ""mV_6"": 0.2789, ""mV_7"": 0.1374, ""mV_8"": null, ""mV_9"": 0.3727, ""mV_10"": 0.4134, ""mV_11"": 0.211, ""mV_12"": 0.0726, ""mV_13"": 0.0919, ""mV_14"": 0.1867, ""mV_15"": 0.4039, ""mV_16"": 0.5015, ""mV_17"": null, ""mV_18"": 0.4428, ""mV_19"": 0.2644, ""mV_20"": 0.0548}",False,ok,nie_dotyczy,1.0,1.0,0.0,,0,soft_vote_knn5_ridge_observed_only
test_0049,15,ok,nie_dotyczy,1.0,1.0,1.0,0.8408085980645205,51,brak,,mV_3,1,0.6550476990556507,brak istotnego odchylenia,0.0,Werdykt OK: brak zmierzonego pasma przekraczającego próg anomalii.,"{""mV_0"": 0.3333, ""mV_1"": 0.3624, ""mV_2"": 0.1331, ""mV_3"": null, ""mV_4"": 0.1234, ""mV_5"": 0.2478, ""mV_6"": 0.2735, ""mV_7"": 0.1674, ""mV_8"": 0.1839, ""mV_9"": 0.271, ""mV_10"": 0.1891, ""mV_11"": 0.0586, ""mV_12"": 0.023, ""mV_13"": 0.0682, ""mV_14"": 0.2064, ""mV_15"": 0.5107, ""mV_16"": 0.655, ""mV_17"": 0.4381, ""mV_18"": 0.2619, ""mV_19"": 0.3101, ""mV_20"": 0.3582}",False,ok,nie_dotyczy,1.0,1.0,0.0,,0,soft_vote_knn5_ridge_observed_only
test_0049,16,ok,nie_dotyczy,1.0,1.0,1.0,0.7066003391517937,51,15 kHz,mV_15,,0,2.172554521724893,obniżona,0.0,"Werdykt OK, ale najsilniejsze lokalne odstępstwo występuje w paśmie 15 kHz; amplituda jest obniżona.","{""mV_0"": 0.8694, ""mV_1"": 0.9383, ""mV_2"": 0.6371, ""mV_3"": 0.3263, ""mV_4"": 0.1548, ""mV_5"": 0.3891, ""mV_6"": 0.8511, ""mV_7"": 1.184, ""mV_8"": 1.3882, ""mV_9"": 1.5197, ""mV_10"": 1.6222, ""mV_11"": 1.7282, ""mV_12"": 1.7299, ""mV_13"": 1.7502, ""mV_14"": 1.8821, ""mV_15"": 2.1726, ""mV_16"": 1.917, ""mV_17"": 0.7289, ""mV_18"": 0.2085, ""mV_19"": 0.6098, ""mV_20"": 0.6209}",False,ok,nie_dotyczy,1.0,1.0,0.0,,0,soft_vote_knn5_ridge_observed_only
